t_imu_ms,pc_timestamp_iso,pc_timestamp_s,qw,qx,qy,qz,ax_lin_mps2,ay_lin_mps2,az_lin_mps2,gx_rads,gy_rads,gz_rads,roll_deg,pitch_deg,yaw_deg
14607.0,2025-12-17T11:05:23.779597,0.078689,0.901218,0.021612,0.010041,-0.432710,0.032121,0.002686,0.108970,-0.001339,0.001661,0.007233,1.735491,2.109067,-51.262968
14642.0,2025-12-17T11:05:23.824690,0.123782,0.901226,0.030849,0.001866,-0.432246,-0.191824,-0.080129,0.108827,-0.002090,0.003226,0.007184,3.096312,1.720903,-51.200085
14681.0,2025-12-17T11:05:23.857161,0.156253,0.898325,0.034820,0.009580,-0.437845,-0.082238,-0.224812,0.098797,-0.001470,0.002003,0.008773,3.108814,2.734286,-51.895201
14722.0,2025-12-17T11:05:23.901261,0.200354,0.898697,0.022328,0.008193,-0.437924,0.001174,0.003617,0.132427,-0.002124,0.003314,0.007553,1.889687,1.964555,-51.926370
14760.0,2025-12-17T11:05:23.929255,0.228348,0.898568,0.033387,0.005302,-0.437530,-0.138798,-0.159359,0.108328,-0.002277,0.003622,0.007267,3.176019,2.220425,-51.863060
14803.0,2025-12-17T11:05:23.974748,0.273841,0.895340,0.037352,0.012069,-0.443651,-0.068742,-0.294721,0.104009,-0.003121,0.002095,0.007193,3.225188,3.138713,-52.629481
14846.0,2025-12-17T11:05:24.022868,0.321961,0.895742,0.026106,0.009280,-0.443710,-0.015709,-0.068017,0.107845,-0.002532,0.000932,0.007968,2.210059,2.280514,-52.659444
14879.0,2025-12-17T11:05:24.051835,0.350927,0.892585,0.030328,0.015569,-0.449589,0.062958,-0.197455,0.114286,-0.001584,0.001430,0.007370,2.304078,3.156495,-53.404691
14922.0,2025-12-17T11:05:24.096309,0.395401,0.893014,0.021437,0.006736,-0.449467,-0.013002,0.037221,0.111768,-0.002151,0.002367,0.008026,1.847986,1.793715,-53.404615
14966.0,2025-12-17T11:05:24.140069,0.439161,0.892760,0.029638,0.014892,-0.449311,0.057397,-0.182705,0.112731,-0.002284,0.001795,0.007388,2.269101,3.050931,-53.370235
15003.0,2025-12-17T11:05:24.186742,0.485835,0.889372,0.033794,0.020877,-0.455455,0.130540,-0.314151,0.100566,-0.002319,0.002448,0.007223,2.360574,3.894394,-54.154488
15039.0,2025-12-17T11:05:24.214721,0.513813,0.889836,0.026233,0.012171,-0.455363,0.041672,-0.106341,0.102552,-0.001534,0.001815,0.007975,2.042411,2.610786,-54.154532
15083.0,2025-12-17T11:05:24.261916,0.561008,0.886854,0.030865,0.019764,-0.460593,0.134299,-0.246625,0.104033,-0.001332,0.001652,0.008170,2.098216,3.639992,-54.824051
15119.0,2025-12-17T11:05:24.291959,0.591051,0.887284,0.024301,0.010303,-0.460468,0.023498,-0.047356,0.110854,-0.001282,0.002404,0.007424,1.929146,2.330497,-54.816106
15160.0,2025-12-17T11:05:24.336385,0.635477,0.887623,0.017816,-0.000549,-0.460226,-0.104581,0.167374,0.106962,-0.002080,0.002601,0.008041,1.841581,0.883806,-54.798656
15203.0,2025-12-17T11:05:24.379709,0.678801,0.884328,0.022447,0.006608,-0.466280,-0.011853,0.029409,0.117861,-0.001461,0.002648,0.007378,1.923027,1.869402,-55.571378
15247.0,2025-12-17T11:05:24.426275,0.725368,0.884061,0.027684,0.018123,-0.466199,0.134122,-0.177110,0.111230,-0.001312,0.001850,0.008029,1.839801,3.316831,-55.555543
15290.0,2025-12-17T11:05:24.471307,0.770400,0.880802,0.031888,0.023716,-0.471814,0.199437,-0.303035,0.096636,-0.002070,0.001662,0.007389,1.941652,4.121303,-56.282806
15325.0,2025-12-17T11:05:24.501890,0.800982,0.881269,0.026267,0.013653,-0.471687,0.073226,-0.115577,0.099356,-0.002264,0.002408,0.007225,1.917237,2.799672,-56.267772
15362.0,2025-12-17T11:05:24.544829,0.843921,0.881623,0.021090,0.003306,-0.471471,-0.055426,0.076226,0.114775,-0.001520,0.001804,0.007976,1.953082,1.473621,-56.248463
15403.0,2025-12-17T11:05:24.574930,0.874022,0.878548,0.025340,0.009737,-0.476882,0.016342,-0.058210,0.113425,-0.001330,0.002443,0.008168,2.021096,2.365715,-56.945052
15439.0,2025-12-17T11:05:24.621884,0.920976,0.878877,0.016735,0.002047,-0.476751,-0.039221,0.160740,0.114976,-0.001282,0.001814,0.008217,1.574053,1.120421,-56.940252
15475.0,2025-12-17T11:05:24.651445,0.950538,0.878677,0.025686,0.009993,-0.476620,0.014166,-0.065955,0.104688,-0.002068,0.002451,0.006631,2.042680,2.409802,-56.910444
15517.0,2025-12-17T11:05:24.694716,0.993808,0.875372,0.029942,0.016417,-0.482243,0.091997,-0.202658,0.111212,-0.002265,0.001010,0.007835,2.100198,3.303252,-57.640196
15561.0,2025-12-17T11:05:24.739163,1.038256,0.875784,0.022997,0.007208,-0.482102,-0.000808,-0.001071,0.125177,-0.002314,0.001448,0.008132,1.911261,1.994212,-57.630581
15596.0,2025-12-17T11:05:24.772058,1.071151,0.872412,0.027019,0.013192,-0.487845,0.069056,-0.123990,0.110485,-0.001529,0.001560,0.008208,1.966402,2.830395,-58.378446
15636.0,2025-12-17T11:05:24.817860,1.116952,0.872772,0.020988,0.003364,-0.487665,-0.044184,0.076357,0.108743,-0.001332,0.002381,0.007434,1.912125,1.509516,-58.363740
15681.0,2025-12-17T11:05:24.861551,1.160644,0.869235,0.025730,0.010785,-0.493611,0.043486,-0.079881,0.119943,-0.002098,0.001780,0.007230,1.955092,2.530482,-59.138524
15716.0,2025-12-17T11:05:24.890167,1.189259,0.869562,0.019498,0.000988,-0.493438,-0.066121,0.121911,0.117627,-0.001477,0.001644,0.006390,1.887767,1.200986,-59.126249
15757.0,2025-12-17T11:05:24.937468,1.236560,0.869360,0.025567,0.010861,-0.493399,0.040576,-0.076387,0.107292,-0.002905,0.001610,0.006177,1.935234,2.528391,-59.110808
15798.0,2025-12-17T11:05:25.024717,1.323809,0.866078,0.029806,0.017178,-0.498724,0.104081,-0.214896,0.117047,-0.002475,0.001601,0.007716,1.980249,3.410224,-59.811287
15838.0,2025-12-17T11:05:25.024717,1.323809,0.866518,0.023101,0.006600,-0.498566,-0.001296,-0.000298,0.115512,-0.001556,0.001599,0.007300,1.918290,1.975518,-59.796350
15877.0,2025-12-17T11:05:25.087207,1.386299,0.866407,0.034215,0.003476,-0.498154,-0.160665,-0.154540,0.124981,-0.001339,0.002391,0.007995,3.202770,2.298806,-59.730523
15921.0,2025-12-17T11:05:25.145622,1.444715,0.863020,0.038245,0.011945,-0.503578,-0.053825,-0.305918,0.110107,-0.001282,0.001783,0.007362,3.099879,3.390238,-60.435954
15959.0,2025-12-17T11:05:25.145622,1.444715,0.863444,0.027355,0.008051,-0.503638,-0.015512,-0.078042,0.119099,-0.002063,0.001645,0.007218,2.244443,2.376033,-60.462562
16000.0,2025-12-17T11:05:25.204903,1.503995,0.860142,0.031633,0.015774,-0.508828,0.068753,-0.232780,0.112224,-0.000652,0.001609,0.007987,2.202570,3.401133,-61.148488
16039.0,2025-12-17T11:05:25.265816,1.564908,0.860570,0.023862,0.007232,-0.508722,0.002752,-0.013561,0.123872,-0.001901,0.001601,0.008171,1.933160,2.104667,-61.142996
16077.0,2025-12-17T11:05:25.267892,1.566984,0.860868,0.018024,-0.002719,-0.508502,-0.105227,0.187233,0.115573,-0.002220,0.000806,0.007425,1.936975,0.782081,-61.126291
16117.0,2025-12-17T11:05:25.333063,1.632155,0.857882,0.022583,0.005538,-0.513320,-0.011745,0.029187,0.118481,-0.001499,0.002208,0.007231,1.895669,1.873088,-61.758014
16157.0,2025-12-17T11:05:25.333840,1.632932,0.857647,0.027984,0.015801,-0.513233,0.106504,-0.179162,0.104700,-0.001325,0.001754,0.007977,1.824140,3.200346,-61.743333
16197.0,2025-12-17T11:05:25.389163,1.688256,0.854370,0.032228,0.021979,-0.518200,0.176957,-0.315510,0.114319,-0.002074,0.002431,0.006581,1.855059,4.068991,-62.410125
16236.0,2025-12-17T11:05:25.446773,1.745865,0.854832,0.026572,0.011975,-0.518085,0.061231,-0.111222,0.109066,-0.002265,0.002604,0.007018,1.894511,2.751640,-62.391767
16273.0,2025-12-17T11:05:25.446773,1.745865,0.855184,0.020795,0.001973,-0.517903,-0.052222,0.092330,0.129469,-0.002314,0.002648,0.007130,1.921667,1.427627,-62.374540
16317.0,2025-12-17T11:05:25.504641,1.803734,0.851751,0.025582,0.009934,-0.523228,0.039413,-0.071605,0.118876,-0.001511,0.001844,0.007159,1.903386,2.504225,-63.082962
16353.0,2025-12-17T11:05:25.567023,1.866115,0.852091,0.021008,-0.000645,-0.522971,-0.081898,0.114217,0.124614,-0.001328,0.002454,0.008752,2.090893,1.196056,-63.057266
16397.0,2025-12-17T11:05:25.567329,1.866421,0.848915,0.025395,0.007547,-0.527866,0.003774,-0.048479,0.133028,-0.002087,0.003419,0.008359,2.015844,2.270915,-63.707792
16435.0,2025-12-17T11:05:25.624960,1.924052,0.849228,0.015762,0.000969,-0.527791,-0.008961,0.181624,0.126545,-0.002269,0.003650,0.006675,1.475678,1.047650,-63.708014
16476.0,2025-12-17T11:05:25.684395,1.983487,0.849046,0.026045,0.007731,-0.527620,0.000166,-0.058969,0.114626,-0.001511,0.002905,0.007048,2.068777,2.327540,-63.673794
16522.0,2025-12-17T11:05:25.744767,2.043859,0.845810,0.030093,0.014313,-0.532443,0.070336,-0.197400,0.103180,-0.002121,0.002725,0.007931,2.047048,3.224992,-64.323775
16557.0,2025-12-17T11:05:25.748079,2.047171,0.846256,0.022302,0.004341,-0.532292,-0.014688,0.038091,0.104932,-0.002280,0.001867,0.008161,1.899224,1.781587,-64.309976
16596.0,2025-12-17T11:05:25.804847,2.103940,0.842804,0.026702,0.010804,-0.537450,0.048863,-0.106663,0.116866,-0.002318,0.001664,0.008216,1.915908,2.688882,-65.005737
16640.0,2025-12-17T11:05:25.867311,2.166404,0.843181,0.020781,-0.000259,-0.537227,-0.067555,0.117581,0.116208,-0.001518,0.002423,0.007420,2.024754,1.254403,-64.983782
16679.0,2025-12-17T11:05:25.867311,2.166404,0.842997,0.025797,0.010209,-0.537202,0.049429,-0.082770,0.116631,-0.002123,0.001016,0.007233,1.865750,2.575143,-64.972907
16723.0,2025-12-17T11:05:25.925706,2.224798,0.839536,0.029597,0.016036,-0.542259,0.107289,-0.212429,0.127502,-0.002277,0.002242,0.007978,1.854437,3.383749,-65.662325
16758.0,2025-12-17T11:05:25.986385,2.285477,0.839967,0.023596,0.005469,-0.542097,-0.001536,0.000582,0.115164,-0.002317,0.001756,0.007367,1.933009,1.992567,-65.641043
16804.0,2025-12-17T11:05:25.994539,2.293631,0.836480,0.027319,0.011163,-0.547202,0.049789,-0.117456,0.123678,-0.000740,0.000845,0.008012,1.921271,2.784122,-66.336436
16837.0,2025-12-17T11:05:26.044664,2.343757,0.836890,0.020704,0.000029,-0.546979,-0.054969,0.109313,0.121424,-0.001957,0.001421,0.008182,1.984641,1.300552,-66.313537
16882.0,2025-12-17T11:05:26.107463,2.406556,0.836690,0.026593,0.011198,-0.546916,0.060014,-0.112260,0.121405,-0.002241,0.001556,0.008221,1.850288,2.741296,-66.298257
16924.0,2025-12-17T11:05:26.107463,2.406556,0.832934,0.030490,0.016977,-0.552271,0.120152,-0.250462,0.128579,-0.001504,0.001588,0.007426,1.839678,3.552231,-67.035197
16964.0,2025-12-17T11:05:26.166486,2.465578,0.833382,0.024086,0.006509,-0.552134,0.008749,-0.022031,0.128253,-0.002128,0.001595,0.007231,1.890024,2.146072,-67.015268
17007.0,2025-12-17T11:05:26.226722,2.525815,0.830032,0.027922,0.013086,-0.556863,0.074689,-0.158280,0.128072,-0.002279,0.002390,0.007977,1.823657,3.027803,-67.666557
17041.0,2025-12-17T11:05:26.226722,2.525815,0.830421,0.022485,0.002920,-0.556675,-0.027081,0.047518,0.128756,-0.001525,0.001008,0.008168,1.954645,1.712463,-67.642883
17084.0,2025-12-17T11:05:26.286231,2.585323,0.830174,0.027004,0.014980,-0.556648,0.113868,-0.163051,0.121943,-0.002140,0.000645,0.006591,1.616047,3.149201,-67.640859
17126.0,2025-12-17T11:05:26.344904,2.643996,0.826410,0.030981,0.020249,-0.561851,0.164749,-0.286197,0.124387,-0.001479,0.002974,0.007832,1.634268,3.915303,-68.365293
17165.0,2025-12-17T11:05:26.349870,2.648962,0.826877,0.025818,0.009501,-0.561709,0.050538,-0.090123,0.126137,-0.002118,0.002740,0.007333,1.836941,2.562936,-68.336551
17207.0,2025-12-17T11:05:26.404730,2.703822,0.823362,0.030002,0.015681,-0.566506,0.098127,-0.221921,0.106896,-0.002278,0.001880,0.008011,1.816343,3.429172,-69.004684
17244.0,2025-12-17T11:05:26.467067,2.766159,0.823799,0.024364,0.005547,-0.566330,0.005109,-0.013317,0.124909,-0.002317,0.000876,0.008971,1.941684,2.105290,-68.978374
17287.0,2025-12-17T11:05:26.467067,2.766159,0.824138,0.014874,-0.002642,-0.566188,-0.026866,0.232534,0.117342,-0.002327,0.001424,0.007602,1.576389,0.715534,-68.968826
17329.0,2025-12-17T11:05:26.524435,2.823528,0.821070,0.019242,0.004670,-0.570485,0.052089,0.073368,0.134342,-0.003123,0.001554,0.007279,1.505949,1.697540,-69.561344
17364.0,2025-12-17T11:05:26.584979,2.884071,0.820933,0.031272,0.004891,-0.570147,-0.083540,-0.122040,0.127501,-0.002527,0.002388,0.007196,2.625729,2.504008,-69.503409
17411.0,2025-12-17T11:05:26.584979,2.884071,0.817626,0.034803,0.011648,-0.574579,-0.009187,-0.255039,0.122291,-0.003173,0.002593,0.007968,2.499020,3.384775,-70.120705
17439.0,2025-12-17T11:05:26.647254,2.946347,0.818050,0.025028,0.005494,-0.574576,-0.002919,-0.030343,0.128948,-0.001753,0.001852,0.007373,1.986235,2.163427,-70.128800
17481.0,2025-12-17T11:05:26.704719,3.003811,0.818358,0.015501,-0.001129,-0.574499,-0.000441,0.200450,0.130046,-0.001389,0.001663,0.006427,1.528340,0.914668,-70.126592
17527.0,2025-12-17T11:05:26.707773,3.006865,0.815019,0.019617,0.004678,-0.579083,0.046446,0.067070,0.125621,-0.001297,0.000029,0.007771,1.522538,1.738900,-70.765613
17556.0,2025-12-17T11:05:26.766628,3.065720,0.814873,0.032652,0.004479,-0.578702,-0.101323,-0.134500,0.140969,-0.001272,0.002048,0.007309,2.755803,2.584356,-70.700658
17603.0,2025-12-17T11:05:26.824612,3.123704,0.811522,0.035996,0.011649,-0.583095,-0.026435,-0.279285,0.120094,-0.001267,0.000918,0.006410,2.574697,3.490640,-71.317532
17641.0,2025-12-17T11:05:26.824612,3.123704,0.811951,0.026034,0.005804,-0.583116,-0.005537,-0.049446,0.116454,-0.002059,0.002217,0.006975,2.036460,2.280224,-71.328704
17684.0,2025-12-17T11:05:26.886661,3.185754,0.812313,0.014743,-0.000634,-0.583035,0.020982,0.213348,0.135678,-0.001451,0.000927,0.007939,1.415049,0.926082,-71.326155
17726.0,2025-12-17T11:05:26.947687,3.246779,0.809010,0.019504,0.006778,-0.587432,0.090731,0.046143,0.134883,-0.001310,0.001434,0.008161,1.352784,1.941647,-71.944847
17764.0,2025-12-17T11:05:26.949329,3.248421,0.809001,0.029920,0.001853,-0.587042,-0.116876,-0.062929,0.128074,-0.001277,0.001556,0.007423,2.651956,2.184970,-71.881548
17808.0,2025-12-17T11:05:27.008447,3.307539,0.805271,0.033669,0.009269,-0.591877,-0.033988,-0.215226,0.136378,-0.002081,0.001588,0.008042,2.482772,3.140451,-72.563990
17845.0,2025-12-17T11:05:27.066497,3.365589,0.805681,0.023468,0.003928,-0.591872,0.000110,0.007935,0.129837,-0.002266,0.002388,0.008184,1.901742,1.954743,-72.571285
17887.0,2025-12-17T11:05:27.066497,3.365589,0.805422,0.033444,0.011695,-0.591642,0.003543,-0.232404,0.120955,-0.001504,0.000976,0.008222,2.298416,3.348680,-72.532891
17929.0,2025-12-17T11:05:27.124798,3.423890,0.801872,0.036585,0.016546,-0.596146,0.041088,-0.337128,0.105736,-0.001326,0.001439,0.007437,2.237533,4.022919,-73.178801
17965.0,2025-12-17T11:05:27.184808,3.483901,0.802362,0.028428,0.008288,-0.596103,0.016668,-0.116569,0.131397,-0.002868,0.000764,0.008031,2.050383,2.704914,-73.171454
18005.0,2025-12-17T11:05:27.184808,3.483901,0.802762,0.020590,-0.000994,-0.595943,-0.028935,0.116764,0.120342,-0.001661,-0.000213,0.008184,1.962891,1.314735,-73.155387
18047.0,2025-12-17T11:05:27.247976,3.547068,0.799204,0.024661,0.005906,-0.600525,0.016937,-0.030073,0.130095,-0.002167,0.000351,0.008221,1.853853,2.238518,-73.806431
18084.0,2025-12-17T11:05:27.304430,3.603522,0.799518,0.020625,-0.005654,-0.600262,-0.115960,0.170453,0.137802,-0.001486,0.001293,0.006621,2.279408,0.900719,-73.779032
18131.0,2025-12-17T11:05:27.304430,3.603522,0.795738,0.024652,0.001066,-0.605138,-0.053110,0.024507,0.127094,-0.002131,0.001526,0.007854,2.175557,1.806901,-74.469782
18169.0,2025-12-17T11:05:27.365960,3.665052,0.795614,0.023331,0.012617,-0.605223,0.148584,-0.090522,0.125594,-0.001486,0.000786,0.007343,1.253633,2.769425,-74.490166
18206.0,2025-12-17T11:05:27.424531,3.723624,0.795935,0.024034,0.000262,-0.604904,-0.062682,0.041177,0.124999,-0.002125,0.000594,0.007211,2.175411,1.690093,-74.436950
18253.0,2025-12-17T11:05:27.424531,3.723624,0.792060,0.027576,0.006038,-0.609791,-0.008134,-0.084794,0.140846,-0.002281,0.002166,0.008797,2.083372,2.475661,-75.138844
18294.0,2025-12-17T11:05:27.486610,3.785702,0.792439,0.016685,-0.000220,-0.609723,0.021627,0.170353,0.133926,-0.001509,0.001734,0.008369,1.530941,1.145913,-75.135878
18335.0,2025-12-17T11:05:27.607482,3.906574,0.788885,0.021006,0.006173,-0.614151,0.074021,0.023215,0.135787,-0.002129,0.000826,0.008267,1.465585,2.036757,-75.775798
18379.0,2025-12-17T11:05:27.607482,3.906574,0.788913,0.030587,-0.000242,-0.613743,-0.149505,-0.048430,0.140077,-0.001486,0.000608,0.007449,2.785146,2.129787,-75.711247
18419.0,2025-12-17T11:05:27.607482,3.906574,0.785401,0.033482,0.005109,-0.618060,-0.088895,-0.172443,0.131740,-0.001322,0.001345,0.008033,2.655768,2.832353,-76.335327
18456.0,2025-12-17T11:05:27.667426,3.966518,0.785742,0.022024,0.003523,-0.618152,0.017840,0.032640,0.129594,-0.001279,0.001533,0.007389,1.734690,1.877672,-76.356557
18491.0,2025-12-17T11:05:27.667938,3.967031,0.785576,0.033811,0.006036,-0.617811,-0.091384,-0.179846,0.138153,-0.001269,0.001582,0.008825,2.620715,2.938378,-76.298817
18535.0,2025-12-17T11:05:27.724841,4.023933,0.781666,0.037181,0.012759,-0.622457,-0.011972,-0.315196,0.141389,-0.002080,0.001594,0.007559,2.426370,3.797722,-76.981632
18574.0,2025-12-17T11:05:27.784826,4.083918,0.782160,0.027183,0.005667,-0.622459,-0.005468,-0.077720,0.123186,-0.002269,0.001597,0.008069,2.034495,2.447577,-76.983537
18621.0,2025-12-17T11:05:27.844744,4.143836,0.778505,0.030174,0.010270,-0.626828,0.033483,-0.176450,0.122135,-0.001521,0.001598,0.007398,1.957381,3.085115,-77.627146
18655.0,2025-12-17T11:05:27.844744,4.143836,0.778932,0.022517,0.000631,-0.626704,-0.014822,0.057585,0.133665,-0.001327,0.002404,0.007224,1.965740,1.673550,-77.609379
18696.0,2025-12-17T11:05:27.904826,4.203919,0.778701,0.029071,0.011056,-0.626623,0.057743,-0.176505,0.140712,-0.002085,0.000990,0.007182,1.803149,3.075478,-77.599039
18738.0,2025-12-17T11:05:27.966264,4.265356,0.774958,0.032445,0.015911,-0.630979,0.091851,-0.290702,0.124306,-0.003075,0.001449,0.007172,1.734776,3.761517,-78.248766
18776.0,2025-12-17T11:05:27.968398,4.267491,0.775418,0.026114,0.006249,-0.630877,0.022289,-0.076000,0.127964,-0.001727,0.001560,0.007962,1.870731,2.443853,-78.223447
18817.0,2025-12-17T11:05:28.025669,4.324761,0.771419,0.029912,0.012480,-0.635501,0.078441,-0.211465,0.130305,-0.001373,0.001589,0.008170,1.738479,3.283331,-78.914122
18861.0,2025-12-17T11:05:28.085665,4.384757,0.771864,0.023052,0.001947,-0.635366,-0.008828,0.021584,0.143067,-0.001291,0.000786,0.007409,1.898559,1.850912,-78.888897
18900.0,2025-12-17T11:05:28.085665,4.384757,0.771645,0.030971,0.010390,-0.635214,0.023075,-0.201445,0.133833,-0.002857,0.001390,0.008023,1.985729,3.174667,-78.867077
18937.0,2025-12-17T11:05:28.144595,4.443688,0.768120,0.034129,0.015725,-0.639203,0.061542,-0.322827,0.124829,-0.001672,0.001545,0.008180,1.856801,3.886942,-79.469099
18980.0,2025-12-17T11:05:28.206794,4.505886,0.768620,0.026465,0.005866,-0.639131,0.016390,-0.082411,0.139192,-0.002172,0.001585,0.007412,1.903403,2.455686,-79.448322
19021.0,2025-12-17T11:05:28.206794,4.505886,0.765198,0.030055,0.011980,-0.642981,0.067712,-0.203935,0.134998,-0.002290,0.002388,0.007231,1.755822,3.266645,-80.029288
19057.0,2025-12-17T11:05:28.268867,4.567959,0.765612,0.024094,0.002101,-0.642848,-0.003912,0.006450,0.136102,-0.002320,0.001800,0.007184,1.960622,1.959554,-80.003652
19100.0,2025-12-17T11:05:28.324533,4.623626,0.765394,0.026296,0.014779,-0.642855,0.153788,-0.186925,0.139835,-0.001515,0.002459,0.007172,1.219697,3.235012,-80.019372
19146.0,2025-12-17T11:05:28.324533,4.623626,0.761953,0.030052,0.019775,-0.646632,0.177361,-0.307985,0.113171,-0.001329,0.001818,0.007962,1.161523,3.956628,-80.599102
19179.0,2025-12-17T11:05:28.386662,4.685755,0.762473,0.025602,0.007578,-0.646469,0.048664,-0.088158,0.108856,-0.002096,0.001649,0.008170,1.677435,2.559496,-80.549011
19225.0,2025-12-17T11:05:28.444864,4.743957,0.758732,0.029206,0.012651,-0.650625,0.078479,-0.203959,0.124623,-0.000655,0.001610,0.007409,1.598894,3.279139,-81.181486
19268.0,2025-12-17T11:05:28.447631,4.746723,0.759142,0.024328,0.002155,-0.650467,-0.003994,0.004072,0.128457,-0.001109,0.001601,0.007230,1.957278,2.001231,-81.148708
19299.0,2025-12-17T11:05:28.504860,4.803952,0.758919,0.028715,0.012934,-0.650424,0.100141,-0.200555,0.127958,-0.001225,0.000805,0.007184,1.535938,3.266807,-81.151990
19343.0,2025-12-17T11:05:28.566800,4.865892,0.755280,0.032216,0.018466,-0.654349,0.134417,-0.331776,0.143108,-0.001255,0.002197,0.007172,1.407167,4.017135,-81.759732
19382.0,2025-12-17T11:05:28.569524,4.868616,0.755783,0.026793,0.007506,-0.654231,0.040538,-0.102881,0.148087,-0.001263,0.000940,0.007974,1.759934,2.659705,-81.720285
19421.0,2025-12-17T11:05:28.624814,4.923906,0.756165,0.021233,-0.003441,-0.654028,-0.051448,0.120601,0.152326,-0.000459,0.001437,0.007365,2.098746,1.293325,-81.691145
19466.0,2025-12-17T11:05:28.686914,4.986006,0.752839,0.024581,0.001826,-0.657743,-0.021269,0.001991,0.132092,-0.001059,0.000764,0.008011,1.984597,2.010639,-82.251571
19501.0,2025-12-17T11:05:28.686914,4.986006,0.752815,0.018449,0.011718,-0.657869,0.217155,-0.036986,0.127262,-0.001212,0.000592,0.007383,0.708786,2.402385,-82.284175
19546.0,2025-12-17T11:05:28.744509,5.043601,0.749388,0.021852,0.015105,-0.661598,0.223243,-0.134634,0.134853,-0.002045,0.000548,0.008017,0.732365,2.955079,-82.860520
19582.0,2025-12-17T11:05:28.806703,5.105795,0.749752,0.024538,0.002552,-0.661259,0.004457,-0.003743,0.137219,-0.003077,0.001350,0.008182,1.916453,2.079019,-82.787940
19621.0,2025-12-17T11:05:28.806703,5.105795,0.750020,0.023781,-0.008970,-0.660926,-0.156691,0.155895,0.147422,-0.002521,0.001535,0.007427,2.724729,1.030264,-82.749252
19665.0,2025-12-17T11:05:28.865309,5.164402,0.746236,0.027297,-0.001991,-0.665118,-0.098801,0.010592,0.140423,-0.002375,0.000767,0.008861,2.488172,1.910578,-83.379587
19703.0,2025-12-17T11:05:28.924619,5.223711,0.746284,0.020123,0.008048,-0.665275,0.143517,-0.016391,0.123278,-0.003146,0.001395,0.008387,1.108243,2.222936,-83.409321
19745.0,2025-12-17T11:05:28.924619,5.223711,0.742762,0.023860,0.013034,-0.669003,0.173473,-0.146913,0.132860,-0.002537,0.000751,0.007478,1.033045,2.939866,-83.991993
19785.0,2025-12-17T11:05:28.987082,5.286174,0.743132,0.023934,0.000796,-0.668716,-0.022410,0.018014,0.143739,-0.002381,0.001391,0.008049,1.978632,1.902126,-83.932822
19824.0,2025-12-17T11:05:29.047052,5.346144,0.742968,0.025000,0.012376,-0.668745,0.136511,-0.151395,0.136230,-0.001550,0.002338,0.007393,1.181706,2.970833,-83.950087
19868.0,2025-12-17T11:05:29.047903,5.346995,0.739116,0.028737,0.017005,-0.672750,0.159638,-0.276104,0.125964,-0.001332,0.001771,0.007221,1.125359,3.658156,-84.581612
19907.0,2025-12-17T11:05:29.104429,5.403521,0.739553,0.025405,0.005732,-0.672594,0.040419,-0.070562,0.134693,-0.001282,0.000845,0.007182,1.712993,2.444564,-84.533962
19950.0,2025-12-17T11:05:29.165766,5.464859,0.736104,0.028063,0.009495,-0.676220,0.052830,-0.163270,0.124967,-0.001269,0.000612,0.007172,1.633818,2.976815,-85.101657
19984.0,2025-12-17T11:05:29.165766,5.464859,0.736503,0.023096,-0.000981,-0.676039,-0.021222,0.046834,0.148718,-0.001266,0.001347,0.007963,2.026575,1.706654,-85.067706
20025.0,2025-12-17T11:05:29.225963,5.525055,0.736305,0.027349,0.010438,-0.676016,0.079875,-0.162258,0.135695,-0.002871,0.000733,0.007364,1.501222,3.000667,-85.071950
20066.0,2025-12-17T11:05:29.286675,5.585767,0.732963,0.029997,0.013774,-0.679467,0.097681,-0.251382,0.145459,-0.001675,0.002170,0.007218,1.449879,3.494717,-85.617657
20102.0,2025-12-17T11:05:29.286675,5.585767,0.733394,0.024891,0.003307,-0.679340,0.011606,-0.035065,0.121564,-0.001369,0.001743,0.007181,1.836091,2.216165,-85.582107
20143.0,2025-12-17T11:05:29.344618,5.643710,0.729924,0.028055,0.007943,-0.682906,0.033620,-0.142168,0.132304,-0.001290,0.001633,0.007977,1.727407,2.861029,-86.144716
20183.0,2025-12-17T11:05:29.407787,5.706879,0.730333,0.022130,-0.002445,-0.682728,-0.027033,0.081720,0.123732,-0.001271,0.000807,0.008170,2.044490,1.526925,-86.113699
20224.0,2025-12-17T11:05:29.408670,5.707762,0.730148,0.027673,0.008542,-0.682674,0.052651,-0.150774,0.134856,-0.002071,0.000600,0.008218,1.649398,2.880744,-86.109429
20266.0,2025-12-17T11:05:29.464635,5.763727,0.726758,0.030418,0.012157,-0.686112,0.070376,-0.246349,0.131076,-0.002267,0.001354,0.008230,1.580365,3.406007,-86.657241
20305.0,2025-12-17T11:05:29.584764,5.883857,0.727221,0.024297,0.001550,-0.685972,0.003003,-0.016350,0.134007,-0.001510,0.000734,0.008233,1.904494,2.039478,-86.622306
20352.0,2025-12-17T11:05:29.584764,5.883857,0.723818,0.027282,0.006383,-0.689422,0.029098,-0.117132,0.133165,-0.002915,0.000584,0.007440,1.760798,2.685803,-87.170274
20385.0,2025-12-17T11:05:29.584764,5.883857,0.724209,0.021438,-0.003936,-0.689236,-0.034291,0.106361,0.147308,-0.000882,-0.000252,0.008034,2.091009,1.366640,-87.140333
20423.0,2025-12-17T11:05:29.648068,5.947161,0.724060,0.025901,0.006773,-0.689217,0.042893,-0.103110,0.142082,-0.001960,0.000332,0.008183,1.616062,2.608496,-87.138582
20469.0,2025-12-17T11:05:29.648068,5.947161,0.720744,0.029194,0.011856,-0.692484,0.078312,-0.216926,0.152134,-0.001443,-0.000312,0.007427,1.472947,3.297701,-87.666421
20505.0,2025-12-17T11:05:29.706159,6.005251,0.721147,0.024390,0.001364,-0.692351,0.000343,-0.005943,0.135691,-0.001310,0.000316,0.006442,1.908822,2.048186,-87.631707
20542.0,2025-12-17T11:05:29.765633,6.064725,0.717674,0.027260,0.005757,-0.695822,0.016202,-0.104163,0.147500,-0.001276,0.000480,0.007795,1.784960,2.647990,-88.187320
20582.0,2025-12-17T11:05:29.765633,6.064725,0.718079,0.020304,-0.004334,-0.695651,-0.027364,0.126921,0.159849,-0.002073,0.001324,0.008126,2.017127,1.262080,-88.160014
20618.0,2025-12-17T11:05:29.824830,6.123922,0.717907,0.027416,0.005762,-0.695575,0.018522,-0.111264,0.147732,-0.002267,0.001531,0.008207,1.798405,2.660240,-88.147957
20665.0,2025-12-17T11:05:29.885038,6.184130,0.714532,0.029987,0.009814,-0.698890,0.040498,-0.208606,0.146679,-0.002314,0.001581,0.007434,1.672259,3.206794,-88.685084
20702.0,2025-12-17T11:05:29.888348,6.187440,0.714972,0.022945,-0.000002,-0.698776,-0.006646,0.029195,0.117979,-0.001525,-0.000009,0.008036,1.881297,1.837417,-88.657137
20743.0,2025-12-17T11:05:29.947296,6.246388,0.711577,0.025968,0.004516,-0.702114,0.023964,-0.076019,0.135193,-0.001328,0.001205,0.008185,1.756004,2.458215,-89.195261
20784.0,2025-12-17T11:05:30.007356,6.306448,0.711954,0.021011,-0.005970,-0.701886,-0.054603,0.144320,0.144656,-0.002075,0.000704,0.009015,2.195331,1.202975,-89.160986
20821.0,2025-12-17T11:05:30.007356,6.306448,0.711801,0.026296,0.004384,-0.701875,0.023915,-0.077934,0.134608,-0.003058,0.000576,0.007640,1.794188,2.473306,-89.156739
20860.0,2025-12-17T11:05:30.067053,6.366145,0.708354,0.029248,0.009164,-0.705191,0.045976,-0.185404,0.134327,-0.001714,0.002140,0.007286,1.636257,3.108886,-89.699184
20903.0,2025-12-17T11:05:30.127184,6.426277,0.708772,0.023305,-0.000788,-0.705052,-0.010377,0.032920,0.137783,-0.001380,0.000943,0.007992,1.957923,1.819186,-89.667397
20940.0,2025-12-17T11:05:30.127184,6.426277,0.705584,0.026134,0.003458,-0.708136,0.011609,-0.064424,0.134325,-0.002094,-0.000166,0.008174,1.834316,2.400970,-90.168436
20977.0,2025-12-17T11:05:30.186338,6.485430,0.705963,0.019314,-0.006740,-0.707954,-0.035523,0.171641,0.138713,-0.001468,0.001167,0.007414,2.110100,1.021658,-90.142569
21022.0,2025-12-17T11:05:30.248064,6.547157,0.705803,0.026439,0.003670,-0.707905,0.011607,-0.071971,0.119900,-0.002123,0.000685,0.008037,1.842714,2.442301,-90.131169
21064.0,2025-12-17T11:05:30.248064,6.547157,0.702280,0.029460,0.008792,-0.711237,0.037571,-0.190548,0.131279,-0.002280,0.000570,0.007381,1.656938,3.110068,-90.681096
21104.0,2025-12-17T11:05:30.304733,6.603825,0.702723,0.022967,-0.001634,-0.711091,-0.011185,0.041944,0.145170,-0.002318,0.000542,0.008025,1.983863,1.740116,-90.648076
21146.0,2025-12-17T11:05:30.364980,6.664072,0.699412,0.025630,0.002507,-0.714255,0.004652,-0.050177,0.149702,-0.002327,-0.000270,0.008183,1.850790,2.299239,-91.166009
21189.0,2025-12-17T11:05:30.367433,6.666526,0.699776,0.019344,-0.007224,-0.714064,-0.038032,0.177426,0.141886,-0.001536,0.000328,0.008221,2.143092,1.003642,-91.139232
21221.0,2025-12-17T11:05:30.424859,6.723951,0.699637,0.025832,0.002400,-0.714027,0.007636,-0.051800,0.121959,-0.001334,-0.000313,0.008230,1.876458,2.306665,-91.128681
21265.0,2025-12-17T11:05:30.487721,6.786813,0.696108,0.028861,0.007726,-0.717315,0.034522,-0.163926,0.131900,-0.002086,0.000325,0.007429,1.669645,2.990014,-91.675597
21307.0,2025-12-17T11:05:30.487721,6.786813,0.696510,0.022489,-0.001979,-0.717192,-0.012216,0.055256,0.136619,-0.002268,0.000480,0.007235,1.958821,1.690606,-91.647436
21345.0,2025-12-17T11:05:30.546997,6.846089,0.692968,0.025910,0.003868,-0.720492,0.029627,-0.073010,0.144726,-0.002315,-0.000290,0.007184,1.739933,2.447119,-92.193970
21383.0,2025-12-17T11:05:30.607660,6.906753,0.693341,0.021428,-0.006821,-0.720259,-0.057551,0.144016,0.143066,-0.001533,0.000323,0.008759,2.266581,1.226792,-92.157528
21425.0,2025-12-17T11:05:30.608817,6.907909,0.693177,0.026370,0.004858,-0.720268,0.038535,-0.103047,0.045928,0.000293,-0.000329,0.007548,1.695595,2.563257,-92.158161
21469.0,2025-12-17T11:05:30.667686,6.966779,0.689928,0.029209,0.009445,-0.723227,0.048071,-0.200027,0.104712,-0.002469,0.000316,0.008061,1.529019,3.169131,-92.657345
21504.0,2025-12-17T11:05:30.724588,7.023681,0.690359,0.023032,-0.000591,-0.723100,-0.009064,0.032949,0.163911,-0.002365,0.000478,0.008190,1.872310,1.862076,-92.623495
21548.0,2025-12-17T11:05:30.724588,7.023681,0.690152,0.031286,0.007435,-0.722949,-0.009718,-0.196637,0.114492,-0.003924,-0.001859,0.007430,1.861521,3.181507,-92.607428
21586.0,2025-12-17T11:05:30.785893,7.084986,0.686903,0.033247,0.010648,-0.725911,0.011834,-0.269264,0.184942,-0.002710,0.000775,0.008042,1.734924,3.606078,-93.108466
21624.0,2025-12-17T11:05:30.847797,7.146889,0.687379,0.025421,0.001197,-0.725853,-0.000082,-0.030389,0.170333,-0.002423,-0.000213,0.007382,1.904569,2.209269,-93.082229
21671.0,2025-12-17T11:05:30.847797,7.146889,0.684477,0.027739,0.004727,-0.728492,0.013607,-0.113793,0.134038,-0.001562,-0.000451,0.008015,1.783355,2.687375,-93.526626
21706.0,2025-12-17T11:05:30.906470,7.205562,0.684885,0.021581,-0.006097,-0.728306,-0.034782,0.135814,0.134944,-0.000529,0.000295,0.007373,2.203702,1.322739,-93.494313
21743.0,2025-12-17T11:05:30.965757,7.264849,0.684677,0.033936,-0.006998,-0.728022,0.022320,0.021767,0.121994,0.005352,0.003693,0.004805,3.250725,2.282630,-93.450083
21793.0,2025-12-17T11:05:30.965757,7.264849,0.681260,0.033567,-0.005877,-0.731248,-0.763944,-0.143328,0.174212,-0.006732,-0.005814,-0.203158,3.117136,2.354607,-93.989647
21818.0,2025-12-17T11:05:31.024789,7.323881,0.675396,0.032028,-0.016379,-0.736577,-0.032452,-0.085760,0.365715,0.173151,0.019838,-0.507249,3.865434,1.435883,-94.913684
21844.0,2025-12-17T11:05:31.024789,7.323881,0.666876,0.034609,-0.018783,-0.744128,-0.239565,-0.016130,0.783510,0.878674,0.134656,-0.916399,4.251794,1.515933,-96.211276
21866.0,2025-12-17T11:05:31.084753,7.383845,0.653142,0.051206,-0.033022,-0.754780,-1.060419,-0.859049,3.082839,1.843204,0.188192,-1.418908,6.707810,1.957760,-98.143291
21885.0,2025-12-17T11:05:31.084753,7.383845,0.645315,0.062224,-0.042157,-0.760210,-2.035969,-1.729342,5.870601,1.312204,0.166221,-0.857273,8.309614,2.303788,-99.179226
21900.0,2025-12-17T11:05:31.084753,7.383845,0.642646,0.069023,-0.044754,-0.761734,-2.856208,-2.277157,6.731161,0.629281,0.319936,-0.305443,9.037124,2.730238,-99.478111
21927.0,2025-12-17T11:05:31.146799,7.445892,0.641581,0.074487,-0.044370,-0.762139,-3.793847,-3.221069,7.696504,0.392546,0.519432,-0.160963,9.408548,3.244950,-99.550489
21952.0,2025-12-17T11:05:31.146799,7.445892,0.642099,0.079291,-0.040414,-0.761438,-4.733972,-3.906725,7.750404,0.004861,0.508967,0.027330,9.425203,3.948000,-99.394438
21977.0,2025-12-17T11:05:31.146799,7.445892,0.642587,0.081169,-0.035038,-0.761095,-5.329972,-3.982632,5.309010,-0.226808,0.383712,0.007008,9.098829,4.503766,-99.293083
22005.0,2025-12-17T11:05:31.205823,7.504915,0.642362,0.083925,-0.034354,-0.761017,-4.875732,-4.111454,5.664947,0.109113,0.217557,-0.023445,9.245841,4.795665,-99.277622
22024.0,2025-12-17T11:05:31.205823,7.504915,0.643146,0.090000,-0.036694,-0.759550,-3.810500,-3.927775,6.052026,0.403839,0.232946,0.108758,9.915775,5.135989,-99.041884
22047.0,2025-12-17T11:05:31.267357,7.566450,0.646749,0.098538,-0.038329,-0.755339,-3.845710,-3.749615,5.795406,0.637543,0.577510,0.512804,10.735823,5.697748,-98.321497
22072.0,2025-12-17T11:05:31.267357,7.566450,0.655398,0.111509,-0.036669,-0.746106,-4.014237,-3.656512,5.989624,0.627939,1.145966,1.120518,11.671768,6.795719,-96.710862
22096.0,2025-12-17T11:05:31.267357,7.566450,0.669676,0.128485,-0.032302,-0.730741,-3.718003,-3.589515,6.115901,0.536364,1.393200,1.538152,12.804327,8.309213,-94.059664
22118.0,2025-12-17T11:05:31.324647,7.623740,0.684841,0.144400,-0.027648,-0.713707,-4.865995,-3.575872,4.333244,0.484277,1.440446,1.767181,13.926511,9.686059,-91.179072
22142.0,2025-12-17T11:05:31.324647,7.623740,0.698021,0.162457,-0.026398,-0.696906,-5.258300,-4.005826,2.547194,0.865351,1.425740,1.744688,15.572553,10.928411,-88.409601
22165.0,2025-12-17T11:05:31.384915,7.684008,0.710884,0.180049,-0.027768,-0.679305,-5.480230,-4.319522,0.708076,1.055557,1.284410,1.857091,17.463298,11.837497,-85.573078
22190.0,2025-12-17T11:05:31.384915,7.684008,0.727192,0.188159,-0.029451,-0.659485,-5.379276,-4.048974,-0.723105,0.862007,1.025134,2.190245,18.620936,11.849581,-82.459826
22209.0,2025-12-17T11:05:31.384915,7.684008,0.745846,0.184605,-0.032905,-0.639181,-4.411089,-4.352242,-2.546289,0.189426,0.285290,2.264567,18.852466,10.772326,-79.398810
22228.0,2025-12-17T11:05:31.446462,7.745555,0.761917,0.176126,-0.038375,-0.622084,-4.303650,-4.429265,-3.608412,-0.044944,-0.263054,2.367806,18.680660,9.244811,-76.937583
22253.0,2025-12-17T11:05:31.457024,7.756117,0.775245,0.165461,-0.045265,-0.607922,-3.841933,-3.753217,-4.961373,-0.125582,-0.712765,2.273001,18.317864,7.526911,-74.989500
22279.0,2025-12-17T11:05:31.505871,7.804964,0.790200,0.157786,-0.054912,-0.589637,-3.035319,-2.525793,-5.816110,-0.104378,-0.691632,2.076147,18.402011,5.698282,-72.535884
22298.0,2025-12-17T11:05:31.505871,7.804964,0.805743,0.145186,-0.061900,-0.570848,-2.748279,-1.652400,-7.373627,-0.562058,-0.707288,1.998562,17.776334,3.784744,-70.041106
22313.0,2025-12-17T11:05:31.505871,7.804964,0.818647,0.133030,-0.067242,-0.554616,-2.813047,-1.938396,-6.369176,-0.731612,-0.777269,2.111534,17.013818,2.147152,-67.912415
22340.0,2025-12-17T11:05:31.505871,7.804964,0.828386,0.123383,-0.071923,-0.541646,-2.942027,-2.296324,-5.579619,-0.686141,-0.815171,2.072095,16.401127,0.830815,-66.238188
22369.0,2025-12-17T11:05:31.566921,7.866014,0.838171,0.119014,-0.075597,-0.526868,-2.819712,-2.374371,-5.108939,-0.088782,-0.212867,1.303784,16.210489,-0.075429,-64.317063
22393.0,2025-12-17T11:05:31.567757,7.866849,0.843280,0.122144,-0.079231,-0.517380,-3.081651,-1.233568,-5.702958,0.368606,0.009368,0.859645,16.738033,-0.414721,-63.122046
22415.0,2025-12-17T11:05:31.624569,7.923662,0.846652,0.122007,-0.084825,-0.510978,-3.344314,-0.684672,-5.803262,0.246999,-0.321297,0.673547,17.057784,-1.085733,-62.387146
22434.0,2025-12-17T11:05:31.624569,7.923662,0.851419,0.117842,-0.088538,-0.503348,-3.301889,-0.877985,-4.105863,-0.108403,-0.375945,0.903281,16.854760,-1.841440,-61.454918
22449.0,2025-12-17T11:05:31.624569,7.923662,0.857153,0.108839,-0.084287,-0.496325,-3.098621,-1.521256,-1.713643,-0.381057,-0.005374,0.881094,15.689850,-2.089162,-60.432914
22480.0,2025-12-17T11:05:31.684927,7.984019,0.859864,0.104928,-0.074728,-0.494004,-2.623932,-1.437882,-2.217539,-0.409511,0.422944,0.532966,14.735555,-1.423524,-59.940058
22504.0,2025-12-17T11:05:31.684927,7.984019,0.860654,0.103085,-0.066816,-0.494149,-1.923450,-1.314414,-3.516604,-0.393860,0.457061,-0.033390,14.092959,-0.752434,-59.818075
22524.0,2025-12-17T11:05:31.747733,8.046826,0.860320,0.100610,-0.063784,-0.495640,-1.027309,-1.493833,-3.853001,-0.265928,0.109165,-0.134007,13.671357,-0.573928,-59.962243
22543.0,2025-12-17T11:05:31.748378,8.047470,0.860001,0.098658,-0.065330,-0.496384,-0.304164,-1.895237,-3.833060,-0.059667,-0.203031,-0.056100,13.566522,-0.826383,-60.084471
22570.0,2025-12-17T11:05:31.748378,8.047470,0.859697,0.096779,-0.068369,-0.496870,-0.284940,-2.140554,-3.413428,0.019416,-0.389645,0.006999,13.555990,-1.225110,-60.197965
22592.0,2025-12-17T11:05:31.808205,8.107297,0.858851,0.093116,-0.074433,-0.498161,-0.533660,-2.002191,-2.742741,0.018421,-0.533053,-0.060466,13.547384,-2.010292,-60.469081
22617.0,2025-12-17T11:05:31.808205,8.107297,0.857338,0.088901,-0.081961,-0.500350,-0.765471,-1.798788,-2.657681,0.042075,-0.781514,-0.152703,13.577932,-2.956219,-60.888412
22636.0,2025-12-17T11:05:31.808205,8.107297,0.855926,0.074661,-0.091803,-0.503377,-1.623887,-1.515163,-1.702467,-0.040070,-1.137866,-0.169953,12.766359,-4.702802,-61.446637
22660.0,2025-12-17T11:05:31.867559,8.166651,0.854398,0.067199,-0.094429,-0.506528,-1.598651,-1.244548,-0.371588,-0.078722,-0.904514,0.054715,12.205147,-5.352511,-61.895656
22685.0,2025-12-17T11:05:31.868070,8.167162,0.855884,0.060538,-0.095231,-0.504707,-1.646723,-0.676376,1.059244,0.151055,-0.330195,0.195698,11.583714,-5.848928,-61.648757
22706.0,2025-12-17T11:05:31.926010,8.225102,0.854507,0.051543,-0.089538,-0.509062,-1.765848,0.324336,1.558510,-0.438764,-0.315626,-0.323526,10.379214,-5.770543,-62.092210
22726.0,2025-12-17T11:05:31.926010,8.225102,0.853019,0.045578,-0.081011,-0.513534,-0.622289,1.909606,1.785312,-0.945720,-0.224826,-0.305447,9.301971,-5.243963,-62.524429
22750.0,2025-12-17T11:05:31.926010,8.225102,0.852976,0.034364,-0.069045,-0.516220,-0.667697,0.789530,1.636289,-1.250771,-0.094123,-0.132003,7.489870,-4.721240,-62.673772
22776.0,2025-12-17T11:05:31.984614,8.283707,0.849495,0.024592,-0.060818,-0.523502,-1.100198,-0.773273,0.892002,-0.784736,-0.215833,-0.316361,6.071964,-4.449596,-63.523077
22801.0,2025-12-17T11:05:31.984614,8.283707,0.846909,0.018152,-0.063558,-0.527614,-0.001332,-0.538277,-0.272536,-0.045123,0.063059,-0.417250,5.635568,-5.077414,-64.094842
22820.0,2025-12-17T11:05:31.984614,8.283707,0.844926,0.015527,-0.067544,-0.530374,0.444605,-0.654279,-0.511034,-0.110106,0.187240,-0.305458,5.644470,-5.604957,-64.510818
22848.0,2025-12-17T11:05:32.046211,8.345303,0.844904,0.011632,-0.067769,-0.530480,0.372987,-0.719395,-0.305537,-0.237518,0.410928,-0.047294,5.280851,-5.864461,-64.516662
22874.0,2025-12-17T11:05:32.049051,8.348143,0.843192,0.014310,-0.058203,-0.534261,0.669661,-1.135030,0.735582,-0.086119,0.515157,0.034963,4.969238,-4.753160,-64.924407
22896.0,2025-12-17T11:05:32.105186,8.404278,0.843259,0.017797,-0.057345,-0.534143,1.841087,-2.217289,1.949066,0.182391,0.239302,-0.008721,5.252997,-4.456441,-64.907105
22915.0,2025-12-17T11:05:32.105186,8.404278,0.842359,0.028051,-0.072356,-0.533300,2.315343,-2.184543,0.832885,1.264961,-0.120852,-0.037343,7.178639,-5.277517,-65.007366
22939.0,2025-12-17T11:05:32.166106,8.465199,0.847034,0.050704,-0.086825,-0.521942,1.486933,-2.551821,1.411141,2.685073,0.092194,1.057618,10.213647,-5.402871,-63.765868
22965.0,2025-12-17T11:05:32.166106,8.465199,0.859141,0.063692,-0.101513,-0.497510,-1.352682,-3.752920,1.386442,1.784612,-0.297296,2.334117,12.225377,-6.376058,-60.831921
22990.0,2025-12-17T11:05:32.166106,8.465199,0.873559,0.071740,-0.109484,-0.468786,-0.995615,-4.337066,2.111657,1.005875,0.035113,2.463698,13.283038,-7.124131,-57.270059
23009.0,2025-12-17T11:05:32.225069,8.524161,0.886910,0.075821,-0.117971,-0.440141,-2.123038,-4.849178,6.936263,0.789510,-0.161187,2.553705,13.933629,-8.193482,-53.789869
23033.0,2025-12-17T11:05:32.229480,8.528573,0.896264,0.080188,-0.129350,-0.416592,-4.356674,-6.065228,7.095856,1.058717,-0.510581,2.450793,14.774137,-9.500297,-51.093414
23058.0,2025-12-17T11:05:32.284989,8.584081,0.903145,0.084819,-0.147444,-0.394202,-7.453303,-7.633714,8.742370,1.230482,-1.017336,2.085707,15.960728,-11.505108,-48.778561
23084.0,2025-12-17T11:05:32.288512,8.587604,0.905096,0.092723,-0.177699,-0.375003,-10.572004,-8.961479,7.704404,1.774918,-1.820801,1.593468,18.130073,-14.603359,-47.353114
23103.0,2025-12-17T11:05:32.288512,8.587604,0.896861,0.110488,-0.225819,-0.363920,-12.956237,-9.626394,2.745979,2.858515,-2.894978,0.639739,22.538626,-18.943743,-47.979835
23127.0,2025-12-17T11:05:32.349727,8.648819,0.883223,0.136405,-0.272668,-0.356319,-13.565750,-10.207303,-2.088293,4.241114,-3.394094,0.114770,28.131776,-22.609356,-49.675878
23152.0,2025-12-17T11:05:32.351751,8.650843,0.858021,0.183928,-0.333237,-0.344852,-13.219473,-10.816297,-9.069820,6.063542,-3.620732,-0.306860,37.523963,-26.422936,-52.910702
23177.0,2025-12-17T11:05:32.406460,8.705552,0.819885,0.253589,-0.393675,-0.329395,-6.214306,-10.183302,-18.412365,7.667640,-3.102725,-0.986954,50.255684,-28.585893,-57.404482
23197.0,2025-12-17T11:05:32.406460,8.705552,0.774851,0.335993,-0.441566,-0.302876,-0.345918,-6.170574,-19.405622,8.298653,-1.828599,-1.058322,64.009382,-28.735499,-60.890331
23221.0,2025-12-17T11:05:32.406460,8.705552,0.745750,0.389158,-0.462220,-0.280652,-0.046072,-0.770918,-17.380016,6.431396,-0.507002,-0.779928,72.189902,-28.096969,-61.924331
23246.0,2025-12-17T11:05:32.524645,8.823737,0.736028,0.413692,-0.460395,-0.274149,-4.350055,3.070574,-11.312958,2.136163,0.546228,-0.863139,74.815522,-26.801481,-61.510421
23272.0,2025-12-17T11:05:32.529265,8.828357,0.735851,0.425995,-0.450448,-0.272302,-6.963547,4.272307,-8.449485,0.589802,0.925287,-0.688752,75.151478,-25.526382,-60.387675
23291.0,2025-12-17T11:05:32.529265,8.828357,0.747406,0.422832,-0.429978,-0.278775,-8.356377,4.045850,-7.580922,-1.209666,1.283023,-0.676602,72.632283,-24.015686,-58.680886
23309.0,2025-12-17T11:05:32.529265,8.828357,0.762990,0.412253,-0.406832,-0.287023,-10.266645,3.058457,-4.039844,-2.105221,1.516423,-0.495189,69.119423,-22.591903,-56.898847
23378.0,2025-12-17T11:05:32.585651,8.884743,0.815336,0.318865,-0.363867,-0.318046,-7.233409,-0.448067,-6.170684,-3.951295,-0.110098,0.505820,54.709235,-22.986845,-54.629624
23402.0,2025-12-17T11:05:32.585651,8.884743,0.834093,0.279683,-0.347267,-0.324764,-5.380244,-1.959687,-9.532726,-3.595658,0.453327,0.744461,48.966391,-23.430970,-53.337179
23424.0,2025-12-17T11:05:32.648080,8.947172,0.850494,0.251419,-0.331027,-0.322288,-5.802529,-3.441611,-7.657348,-2.753693,0.904497,1.078529,44.407948,-23.641688,-51.273043
23449.0,2025-12-17T11:05:32.648080,8.947172,0.862334,0.234911,-0.316498,-0.317846,-7.116519,-2.796554,-9.887939,-1.831514,1.090959,0.863374,41.336694,-23.361021,-49.385316
23475.0,2025-12-17T11:05:32.648080,8.947172,0.867880,0.232921,-0.301562,-0.318737,-5.761845,-1.387265,-9.343299,-0.651729,1.116868,-0.152577,40.051769,-22.021753,-48.445713
23498.0,2025-12-17T11:05:32.707796,9.006889,0.856697,0.231963,-0.326886,-0.324668,-6.792269,-0.896738,-7.024820,0.647009,-2.114433,-0.191309,41.935488,-24.171062,-50.892681
23522.0,2025-12-17T11:05:32.707796,9.006889,0.841973,0.242737,-0.368540,-0.310384,-6.997683,-3.802069,-11.167004,2.552857,-2.778101,1.114700,46.240276,-28.028990,-52.637255
23547.0,2025-12-17T11:05:32.766597,9.065690,0.837122,0.241606,-0.402116,-0.281346,-11.710676,-5.810665,-12.643099,1.836561,-2.009722,2.710847,48.408646,-32.499451,-52.082109
23566.0,2025-12-17T11:05:32.766597,9.065690,0.859751,0.225718,-0.375230,-0.262835,-9.576594,-0.373394,-8.424230,-1.278550,2.283346,1.834375,43.515907,-31.773056,-46.958853
23582.0,2025-12-17T11:05:32.766597,9.065690,0.881025,0.221670,-0.339827,-0.243257,-7.217201,-0.213921,-8.012505,-0.973981,4.046518,1.562056,39.651874,-29.402871,-41.677887
23608.0,2025-12-17T11:05:32.824646,9.123739,0.891999,0.232589,-0.322024,-0.215732,-5.366297,-4.425970,-9.514381,1.464697,3.379385,2.310655,38.982750,-28.303122,-37.391705
23632.0,2025-12-17T11:05:32.829122,9.128215,0.896014,0.266173,-0.295461,-0.197519,-6.645780,-5.384139,-7.772952,2.709124,2.699086,-0.027069,40.969795,-25.107966,-34.374190
23656.0,2025-12-17T11:05:32.829599,9.128691,0.902274,0.298447,-0.268698,-0.156952,-3.945403,-8.838106,-11.116289,3.285774,3.532351,1.686011,42.597592,-23.028825,-28.817648
23685.0,2025-12-17T11:05:32.886049,9.185141,0.908718,0.310184,-0.261754,-0.097481,-0.176345,-9.845690,-11.461953,2.342404,2.367349,3.879735,42.515518,-24.534905,-21.916294
23704.0,2025-12-17T11:05:32.886049,9.185141,0.916247,0.313678,-0.246015,-0.039683,1.010380,-10.085714,-9.726892,1.404054,2.368212,3.134397,41.064084,-25.209215,-14.534350
23728.0,2025-12-17T11:05:32.946887,9.245980,0.918391,0.315769,-0.237983,-0.014556,3.482483,-11.519095,-9.851825,1.084538,1.542871,1.708443,40.495712,-25.336334,-11.295662
23753.0,2025-12-17T11:05:32.946887,9.245980,0.920322,0.310995,-0.237054,0.009725,3.312714,-12.168696,-8.731270,0.467880,0.744277,1.760576,39.282412,-26.255874,-8.305365
23779.0,2025-12-17T11:05:33.005355,9.304447,0.925273,0.296668,-0.233151,0.038698,2.180335,-10.215586,-7.426778,-0.244418,1.237250,2.038213,36.587380,-27.027536,-4.295751
23798.0,2025-12-17T11:05:33.007692,9.306785,0.930467,0.280185,-0.225127,0.071025,4.076736,-9.901781,-6.870110,-0.270278,1.454057,2.139834,33.422243,-27.306308,0.388072
23813.0,2025-12-17T11:05:33.007692,9.306785,0.933244,0.266892,-0.219501,0.098200,6.145883,-9.530488,-5.910964,-0.210051,1.457654,2.225095,30.871480,-27.523643,4.276079
23840.0,2025-12-17T11:05:33.007692,9.306785,0.934966,0.257559,-0.215716,0.113878,6.479243,-9.402326,-5.404715,-0.205902,1.167632,1.538651,29.186877,-27.518471,6.592940
23868.0,2025-12-17T11:05:33.067545,9.366638,0.941087,0.240766,-0.201346,0.125880,5.407442,-8.866108,-5.457054,-0.455015,1.421484,0.428494,26.621089,-26.077369,8.965370
23894.0,2025-12-17T11:05:33.067545,9.366638,0.947633,0.228995,-0.182150,0.127960,6.043760,-8.595514,-5.912964,-0.482950,2.060555,-0.501432,25.052864,-23.817599,10.014958
23916.0,2025-12-17T11:05:33.124851,9.423944,0.955468,0.214457,-0.161765,0.122149,7.278917,-8.697867,-6.620320,-0.627023,1.806761,-0.958328,23.400497,-21.193166,10.133082
23935.0,2025-12-17T11:05:33.128984,9.428076,0.961644,0.203735,-0.142099,0.116364,5.496147,-8.440053,-6.693178,-0.446189,1.953337,-1.068808,22.258135,-18.706043,10.087491
23959.0,2025-12-17T11:05:33.186910,9.486002,0.967917,0.194227,-0.118113,0.107061,5.185457,-7.629699,-6.918812,-0.369298,2.385422,-1.520403,21.361638,-15.678239,9.648687
23989.0,2025-12-17T11:05:33.186910,9.486002,0.974336,0.186130,-0.088647,0.090365,5.512963,-7.746419,-6.934063,-0.224898,2.564982,-2.108927,20.751359,-11.910546,8.409157
24013.0,2025-12-17T11:05:33.186910,9.486002,0.979399,0.185596,-0.040844,0.068293,6.238048,-8.270230,-8.287834,0.559154,3.170367,-2.312669,21.098385,-6.047565,6.850227
24031.0,2025-12-17T11:05:33.246610,9.545703,0.980638,0.189113,0.001776,0.050815,6.685034,-7.866242,-9.981121,0.918494,3.416198,-2.230779,21.785258,-0.901622,5.759094
24055.0,2025-12-17T11:05:33.247888,9.546980,0.979192,0.196126,0.039868,0.033583,6.487988,-7.265714,-11.615451,1.412287,3.861092,-2.659726,22.804278,3.721345,4.679304
24081.0,2025-12-17T11:05:33.305413,9.604505,0.974259,0.198917,0.105984,-0.004251,6.100180,-9.441117,-13.399288,0.669038,4.948814,-4.269603,23.288209,12.017020,1.985170
24106.0,2025-12-17T11:05:33.305413,9.604505,0.964021,0.192097,0.177577,-0.047202,3.298972,-12.077194,-15.882029,-0.027858,4.811217,-4.393187,22.277888,21.131613,-1.399630
24125.0,2025-12-17T11:05:33.305413,9.604505,0.959484,0.185585,0.205420,-0.052450,1.840093,-12.798607,-15.762852,-0.471333,2.144323,-0.959208,21.561555,24.435054,-1.536029
24149.0,2025-12-17T11:05:33.364698,9.663790,0.958318,0.177118,0.219993,-0.043116,2.343495,-12.384217,-15.303120,-1.028971,1.507181,0.432517,20.873761,25.907478,-0.299891
24174.0,2025-12-17T11:05:33.364698,9.663790,0.957689,0.161768,0.235847,-0.032226,2.838869,-12.057605,-14.387461,-1.543910,1.449604,0.368904,19.405990,27.526732,0.942091
24199.0,2025-12-17T11:05:33.427943,9.727035,0.958818,0.154576,0.237734,-0.016019,3.284392,-11.761172,-13.846073,-0.895969,0.321536,1.108907,18.991018,27.441266,2.762828
24219.0,2025-12-17T11:05:33.428594,9.727686,0.963948,0.152548,0.217833,0.009117,4.153500,-10.958494,-14.304811,-0.623877,-1.262492,2.089113,19.145684,24.656525,5.305592
24234.0,2025-12-17T11:05:33.428594,9.727686,0.970774,0.144502,0.188951,0.031856,5.119828,-8.775753,-13.254837,-0.925928,-2.202373,2.449860,18.259488,20.956032,7.163850
24261.0,2025-12-17T11:05:33.428594,9.727686,0.976287,0.135464,0.161838,0.048178,5.648064,-7.079479,-11.564030,-1.207155,-2.651551,2.204796,17.092182,17.634751,8.321023
24291.0,2025-12-17T11:05:33.487454,9.786547,0.983431,0.121866,0.115671,0.068064,6.234315,-7.869213,-10.353170,-0.868417,-2.853623,1.749521,15.148254,12.176235,9.543369
24315.0,2025-12-17T11:05:33.488669,9.787761,0.986985,0.108719,0.068805,0.096475,6.987459,-8.277570,-9.818371,-1.049506,-2.960530,2.486910,13.261828,6.594536,11.932981
24338.0,2025-12-17T11:05:33.545763,9.844855,0.984947,0.103457,0.019299,0.137127,7.040019,-5.727674,-8.775799,-0.612383,-3.420276,3.868953,12.069756,0.552486,15.910235
24357.0,2025-12-17T11:05:33.547559,9.846651,0.976245,0.111175,-0.028215,0.183820,6.177385,-3.641483,-7.195325,0.126440,-3.786288,4.641397,11.984917,-5.506640,20.748554
24378.0,2025-12-17T11:05:33.547559,9.846651,0.962067,0.130782,-0.066832,0.229906,4.981782,-2.167933,-6.529553,1.451207,-3.558280,4.993757,13.000216,-10.878591,25.636742
24406.0,2025-12-17T11:05:33.604522,9.903614,0.940034,0.177540,-0.104539,0.271822,6.446149,-1.657885,-6.680249,3.461361,-3.490679,3.848801,16.838365,-17.041183,29.715165
24430.0,2025-12-17T11:05:33.604522,9.903614,0.915832,0.243534,-0.133920,0.289843,6.382413,-1.398271,-6.183119,5.200152,-3.830134,1.860176,23.545612,-22.735015,30.324413
24450.0,2025-12-17T11:05:33.666188,9.965281,0.891128,0.311685,-0.158296,0.289284,6.117973,-3.563148,-6.845459,5.096318,-3.748872,0.265974,31.549187,-27.545674,28.047413
24474.0,2025-12-17T11:05:33.666188,9.965281,0.873638,0.352711,-0.174248,0.286337,5.040027,-4.628489,-6.736314,3.573133,-2.880451,0.088128,36.798055,-30.427503,25.955381
24500.0,2025-12-17T11:05:33.726939,10.026032,0.859277,0.383524,-0.188753,0.280936,6.387770,-5.640808,-6.356523,2.332967,-2.217767,-0.104608,41.073645,-32.674968,23.676438
24525.0,2025-12-17T11:05:33.727902,10.026995,0.856105,0.394271,-0.200314,0.267411,8.093447,-6.946177,-7.205153,0.725110,-1.427419,-0.949849,43.009178,-33.631168,21.112360
24544.0,2025-12-17T11:05:33.728437,10.027529,0.854492,0.397287,-0.213628,0.257625,8.663497,-7.292150,-7.383287,0.165055,-1.328329,-0.595264,43.808458,-34.735430,19.220214
24559.0,2025-12-17T11:05:33.728437,10.027529,0.852922,0.401027,-0.224021,0.248023,10.447170,-8.180663,-6.754872,0.251768,-1.331926,-0.782122,44.750162,-35.526027,17.402769
24589.0,2025-12-17T11:05:33.784488,10.083580,0.853311,0.408379,-0.230372,0.228071,11.262682,-8.685583,-7.020767,0.023886,-1.589047,-1.743136,46.568819,-35.410905,14.282910
24609.0,2025-12-17T11:05:33.788475,10.087567,0.856196,0.414065,-0.241326,0.192976,7.600390,-9.017773,-9.131135,-0.232852,-2.001097,-2.511341,48.724157,-34.963473,9.169986
24633.0,2025-12-17T11:05:33.845366,10.144458,0.860383,0.412789,-0.252637,0.159753,5.661674,-9.458182,-9.995396,-1.018241,-2.344500,-2.734228,49.825950,-34.514672,4.616950
24652.0,2025-12-17T11:05:33.848106,10.147198,0.865331,0.405148,-0.270393,0.118088,5.925321,-10.335558,-9.700864,-1.488411,-2.517895,-2.509977,50.493314,-34.308244,-1.021629
24677.0,2025-12-17T11:05:33.848106,10.147198,0.863039,0.406196,-0.283918,0.097769,5.622880,-9.633972,-9.425533,-0.194105,-2.038372,-1.449294,51.759118,-34.714808,-4.318398
24706.0,2025-12-17T11:05:33.964419,10.263511,0.850571,0.410659,-0.318496,0.080307,6.103543,-9.911658,-10.401580,0.306902,-3.413725,-0.497392,54.615699,-37.427992,-9.054419
24731.0,2025-12-17T11:05:33.964419,10.263511,0.825000,0.423272,-0.372453,0.038651,0.788255,-9.559238,-11.018312,0.266324,-4.932944,-1.050315,61.455641,-40.335944,-19.266944
24749.0,2025-12-17T11:05:33.964419,10.263511,0.804096,0.443664,-0.394746,-0.027700,-1.599134,-6.328473,-12.212328,0.007927,-4.483428,-4.242449,68.163061,-37.607436,-29.892432
24768.0,2025-12-17T11:05:33.964419,10.263511,0.781611,0.462766,-0.408861,-0.088115,-0.130859,-7.052359,-15.155660,0.211622,-4.937152,-5.358514,73.385178,-33.889184,-38.446783
24811.0,2025-12-17T11:05:34.027756,10.326848,0.698409,0.496267,-0.484758,-0.175936,-4.065391,-2.780779,-21.056946,1.778768,-5.577925,-2.096796,87.516911,-30.165310,-57.218734
24836.0,2025-12-17T11:05:34.028463,10.327555,0.672602,0.505108,-0.499122,-0.208208,-4.169258,0.458430,-20.175819,0.652187,-4.081531,-2.666211,90.549712,-27.457186,-62.112155
24855.0,2025-12-17T11:05:34.028463,10.327555,0.640125,0.510475,-0.514089,-0.255671,-2.134048,2.391296,-19.020103,0.004527,-4.054691,-2.660293,93.107113,-23.399255,-68.209218
24878.0,2025-12-17T11:05:34.087293,10.386385,0.611103,0.508150,-0.535919,-0.284827,-1.168652,2.427126,-20.807409,0.382494,-4.298785,-1.323741,95.601382,-21.440458,-73.566302
24904.0,2025-12-17T11:05:34.087293,10.386385,0.579097,0.500506,-0.558126,-0.320368,1.175267,2.912586,-20.824593,-0.059933,-4.498423,-1.300288,97.537571,-19.009523,-79.535611
24926.0,2025-12-17T11:05:34.148107,10.447200,0.545841,0.488836,-0.577858,-0.359413,1.740842,5.934169,-19.432301,-0.434696,-4.138149,-1.298633,98.731776,-16.227331,-85.591431
24951.0,2025-12-17T11:05:34.174804,10.473896,0.527383,0.480291,-0.585516,-0.385174,2.668348,6.317193,-18.211376,-0.730521,-2.715178,-0.856813,98.727861,-14.335054,-88.957695
24970.0,2025-12-17T11:05:34.174804,10.473896,0.514832,0.473150,-0.594125,-0.397609,3.825830,6.710679,-17.584967,-0.187248,-1.603552,0.014729,99.100040,-13.620570,-91.306241
24995.0,2025-12-17T11:05:34.207197,10.506289,0.511740,0.468088,-0.602708,-0.394663,4.309052,5.604914,-18.619831,0.399638,-0.455321,0.957355,99.788508,-14.322866,-92.249538
25019.0,2025-12-17T11:05:34.207197,10.506289,0.513645,0.462986,-0.606895,-0.391780,5.672798,3.931999,-19.965630,-0.072669,-0.083725,0.833719,99.862122,-15.110417,-92.589983
25038.0,2025-12-17T11:05:34.207197,10.506289,0.518473,0.457255,-0.607849,-0.390670,5.545660,3.712481,-20.467764,-0.349968,0.062874,0.548928,99.400314,-15.844998,-92.633902
25066.0,2025-12-17T11:05:34.264611,10.563704,0.524561,0.456052,-0.601783,-0.393331,5.157120,2.248488,-20.820623,-0.648199,0.465752,0.105320,98.382021,-15.818120,-92.007478
25092.0,2025-12-17T11:05:34.264611,10.563704,0.534957,0.454992,-0.588317,-0.400858,4.348194,0.342503,-21.552118,-1.291603,0.993510,-0.328566,96.326745,-15.347623,-90.808514
25114.0,2025-12-17T11:05:34.444573,10.743665,0.552466,0.456312,-0.564046,-0.410381,3.266995,-0.068284,-21.319014,-1.735279,1.514666,-0.621788,93.121226,-14.401107,-88.409750
25133.0,2025-12-17T11:05:34.447892,10.746984,0.568568,0.459826,-0.541424,-0.414910,2.378548,0.889688,-20.417032,-1.554551,1.913937,-0.585068,90.539885,-13.538611,-85.905400
25148.0,2025-12-17T11:05:34.447892,10.746984,0.584329,0.464712,-0.522332,-0.412034,1.480544,0.890132,-19.650764,-1.011317,2.193492,-0.150057,88.680488,-13.148341,-83.229907
25172.0,2025-12-17T11:05:34.447892,10.746984,0.599113,0.471034,-0.504234,-0.406127,-0.104048,1.811971,-19.487331,-0.840969,2.807090,-0.093352,87.193269,-12.802203,-80.459851
25266.0,2025-12-17T11:05:34.504637,10.803729,0.694681,0.505449,-0.329009,-0.392037,-7.826577,1.442931,-14.526778,-3.172392,1.660776,-2.519428,74.153893,-3.485891,-61.510130
25308.0,2025-12-17T11:05:34.504637,10.803729,0.699533,0.510825,-0.293113,-0.404718,-12.466208,6.069831,-9.089594,-0.938971,1.249966,-1.487761,72.164364,0.194513,-59.961673
25328.0,2025-12-17T11:05:34.504637,10.803729,0.700263,0.516837,-0.274721,-0.408705,-10.376862,2.749548,-10.383917,-0.125893,0.956246,-0.818699,71.636730,2.161377,-58.979515
25349.0,2025-12-17T11:05:34.565694,10.864786,0.698243,0.525367,-0.254875,-0.414108,-10.073221,2.155373,-10.245999,-0.000511,1.284874,-1.434411,71.393971,4.541933,-58.077855
25374.0,2025-12-17T11:05:34.565694,10.864786,0.698500,0.535982,-0.241454,-0.408070,-7.393218,-0.069771,-11.634532,0.333061,1.644424,-0.514522,71.916267,5.746354,-56.417555
25395.0,2025-12-17T11:05:34.565694,10.864786,0.710741,0.537042,-0.237598,-0.387273,-7.938513,-1.743622,-12.253071,0.096848,1.425255,1.610801,71.867220,4.486396,-53.918298
25418.0,2025-12-17T11:05:34.628005,10.927097,0.719646,0.535583,-0.238091,-0.372254,-10.159967,0.491332,-9.683881,0.069455,0.841353,1.612503,71.734544,3.213828,-52.378702
25442.0,2025-12-17T11:05:34.628005,10.927097,0.734713,0.540708,-0.237200,-0.334016,-10.283113,-1.089540,-11.156473,0.620690,2.105580,2.703050,72.376201,0.725521,-48.364322
25467.0,2025-12-17T11:05:34.684778,10.983871,0.749864,0.526255,-0.231341,-0.327476,-7.426441,-4.146461,-13.440354,-1.397056,0.547202,0.960433,70.179435,-0.130483,-47.274819
25486.0,2025-12-17T11:05:34.684778,10.983871,0.769185,0.501336,-0.211912,-0.334829,-11.461278,-2.072968,-11.109766,-2.718019,0.512476,-0.146085,65.950168,0.557159,-46.685896
25502.0,2025-12-17T11:05:34.684778,10.983871,0.787379,0.475935,-0.187579,-0.343996,-10.631299,-2.396835,-10.033021,-3.446292,0.863711,-0.524332,61.520523,1.836531,-46.106735
25528.0,2025-12-17T11:05:34.747432,11.046524,0.802822,0.453780,-0.169307,-0.347701,-9.397757,-2.028040,-8.401675,-3.476568,0.862943,-0.084183,57.903540,2.505327,-45.448554
25552.0,2025-12-17T11:05:34.747956,11.047048,0.824738,0.422640,-0.158053,-0.340885,-7.875589,-3.234646,-8.341647,-2.690203,0.336171,1.208727,53.628936,1.572280,-44.118334
25576.0,2025-12-17T11:05:34.747956,11.047048,0.847545,0.382582,-0.148814,-0.336383,-7.953790,-4.123406,-7.288139,-3.476609,-0.114495,1.302417,48.472478,0.294184,-43.162934
25605.0,2025-12-17T11:05:34.807834,11.106926,0.872676,0.331417,-0.133176,-0.332960,-10.602013,-2.381712,-4.150577,-4.364771,-0.094535,1.302490,41.849015,-0.672802,-42.024891
25624.0,2025-12-17T11:05:34.807834,11.106926,0.898441,0.300231,-0.077920,-0.310795,-9.515085,-1.636238,-1.341245,-3.590753,3.417926,0.985990,36.054368,2.671434,-37.294265
25639.0,2025-12-17T11:05:34.807834,11.106926,0.912722,0.284888,-0.019884,-0.292203,-4.667655,-2.281698,-2.919095,-2.939289,5.058249,0.662802,32.427466,7.480749,-33.326283
25661.0,2025-12-17T11:05:34.924962,11.224055,0.921308,0.272350,0.019176,-0.276855,-2.677273,-2.501507,-2.963959,-2.748576,4.056405,0.637989,29.997105,10.727444,-30.569329
25686.0,2025-12-17T11:05:34.924962,11.224055,0.930620,0.253859,0.041107,-0.260407,-2.659537,-2.764076,-1.640164,-2.345570,2.053425,1.414369,27.467371,12.047576,-28.310790
25708.0,2025-12-17T11:05:34.924962,11.224055,0.942133,0.233685,0.047778,-0.235573,-2.709471,-2.454381,-0.748016,-1.515188,0.294701,2.083283,25.241902,11.544303,-25.483808
25727.0,2025-12-17T11:05:34.924962,11.224055,0.951403,0.208687,0.047766,-0.221362,-2.539662,-1.426204,-0.589509,-1.924493,-0.485808,1.526183,22.483712,10.560853,-24.090996
25775.0,2025-12-17T11:05:35.044668,11.343760,0.960516,0.143539,0.054622,-0.231996,-2.788905,-0.190916,1.254459,-2.608528,-0.831094,-0.700866,14.724207,9.876858,-25.878181
25801.0,2025-12-17T11:05:35.044668,11.343760,0.963048,0.107118,0.070157,-0.236944,-1.529512,0.802631,0.795953,-2.844442,0.015568,-0.563733,10.145158,10.713079,-26.690808
25821.0,2025-12-17T11:05:35.044668,11.343760,0.964008,0.087766,0.088351,-0.234902,0.362089,3.669106,-1.768726,-2.315440,0.732779,-0.132427,7.508047,12.214631,-26.584544
25845.0,2025-12-17T11:05:35.044668,11.343760,0.966471,0.065345,0.090934,-0.231072,1.253884,2.947086,-3.993397,-2.170250,-0.253273,0.196637,4.940987,11.886201,-26.377940
25894.0,2025-12-17T11:05:35.105563,11.404656,0.974160,0.013653,0.085704,-0.208519,0.334691,5.368631,-0.030245,-1.541001,-0.748837,1.049471,-0.531768,9.943285,-24.209911
25920.0,2025-12-17T11:05:35.105563,11.404656,0.976565,0.009723,0.087911,-0.196211,-0.402285,4.869664,-1.653287,-0.965912,-0.177139,0.916781,-0.902612,10.108799,-22.800998
25939.0,2025-12-17T11:05:35.105563,11.404656,0.977562,0.003144,0.093895,-0.188535,-0.104272,4.841058,-2.012711,-1.177446,0.103627,0.446557,-1.705946,10.647298,-21.991353
25966.0,2025-12-17T11:05:35.166048,11.465140,0.975931,-0.000599,0.104091,-0.191635,-0.248246,6.027911,-2.749647,-0.973811,0.530691,-0.421251,-2.403544,11.709039,-22.465203
25991.0,2025-12-17T11:05:35.166048,11.465140,0.974124,0.000981,0.111783,-0.196434,-0.945503,6.467520,-1.908987,-0.443805,0.378314,-0.539295,-2.466816,12.601319,-23.074223
26017.0,2025-12-17T11:05:35.227456,11.526548,0.972788,0.008924,0.117570,-0.199451,0.420115,5.581535,-1.838298,0.016867,0.399303,-0.321561,-1.740185,13.432636,-23.378557
26036.0,2025-12-17T11:05:35.227456,11.526548,0.970759,0.019858,0.119730,-0.207119,1.603426,4.663193,-1.827364,0.282703,0.290051,-0.652405,-0.651889,13.926901,-24.167419
26055.0,2025-12-17T11:05:35.229621,11.528713,0.967862,0.034929,0.120499,-0.217952,1.691884,5.143699,-1.927114,0.959584,0.308988,-1.049576,0.892415,14.387467,-25.268710
26078.0,2025-12-17T11:05:35.284396,11.583488,0.962347,0.059240,0.118553,-0.237327,1.829481,4.600887,-2.086941,2.343265,0.301874,-2.016543,3.425107,14.850420,-27.260337
26104.0,2025-12-17T11:05:35.284396,11.583488,0.961324,0.099566,0.075024,-0.245591,0.370404,0.964851,-4.508499,4.426809,-2.883778,-0.073813,9.064551,11.136626,-27.776316
26123.0,2025-12-17T11:05:35.346295,11.645387,0.957773,0.147522,0.038029,-0.243847,-3.393238,-1.303658,2.078543,4.372272,-1.861815,0.644155,15.476984,8.325195,-27.434555
26147.0,2025-12-17T11:05:35.346295,11.645387,0.953493,0.175560,0.031125,-0.243025,-4.359130,-1.367711,3.229892,2.797922,0.048849,0.175505,18.848186,8.319089,-27.214921
26172.0,2025-12-17T11:05:35.346295,11.645387,0.952969,0.184823,0.032026,-0.238045,-2.756548,-0.661190,0.670075,1.100486,-0.087526,0.619613,19.926905,8.570795,-26.541853
26194.0,2025-12-17T11:05:35.404930,11.704023,0.951800,0.203583,0.033642,-0.226934,-1.816624,-0.234151,-0.930892,1.634122,0.147339,1.086404,22.142548,9.000369,-25.056261
26220.0,2025-12-17T11:05:35.404930,11.704023,0.948884,0.223882,0.035065,-0.219697,-2.279243,-1.301754,-0.005408,2.136487,0.269926,0.786828,24.528974,9.492471,-24.004171
26239.0,2025-12-17T11:05:35.404930,11.704023,0.946190,0.237666,0.035909,-0.216682,-3.309311,-2.581328,-0.330881,1.533178,0.141997,0.387407,26.147206,9.842982,-23.506057
26266.0,2025-12-17T11:05:35.527678,11.826770,0.945714,0.241064,0.037516,-0.214723,-3.155550,-2.171072,-1.065430,0.727320,0.001741,0.332243,26.531927,10.048569,-23.209313
26291.0,2025-12-17T11:05:35.542897,11.841990,0.944873,0.245748,0.042583,-0.212156,-3.329917,-1.895865,-1.305848,0.746977,0.275679,0.333489,27.010300,10.646249,-22.746019
26314.0,2025-12-17T11:05:35.542897,11.841990,0.944262,0.248463,0.051088,-0.209822,-3.503601,-3.274274,-0.784407,0.517891,0.444839,0.202613,27.199720,11.580679,-22.245359
26328.0,2025-12-17T11:05:35.544418,11.843510,0.945247,0.244763,0.060438,-0.207236,-3.085602,-2.921248,-0.396945,-0.001921,0.596127,0.207024,26.629862,12.456921,-21.772612
26361.0,2025-12-17T11:05:35.584755,11.883847,0.946360,0.242133,0.064595,-0.203964,-2.509578,-3.617096,0.278698,0.217479,0.296260,0.325414,26.288707,12.769688,-21.331483
26388.0,2025-12-17T11:05:35.584755,11.883847,0.948249,0.236351,0.067971,-0.200851,-2.716735,-3.553672,-0.288168,0.008982,0.134325,0.327718,25.587861,12.935256,-20.969150
26423.0,2025-12-17T11:05:35.705517,12.004609,0.950581,0.228576,0.073924,-0.196680,-2.286752,-3.570156,-0.294972,-0.181573,0.088906,0.380751,24.626302,13.323850,-20.458859
26437.0,2025-12-17T11:05:35.709987,12.009080,0.953608,0.217873,0.076620,-0.193114,-2.168725,-2.935349,-0.332514,-0.251351,0.003498,0.341940,23.365619,13.313493,-20.131317
26472.0,2025-12-17T11:05:35.711300,12.010392,0.955913,0.208535,0.082061,-0.189765,-2.798109,-2.594832,-0.822926,-0.293548,0.110505,0.338904,22.223689,13.652391,-19.762692
26503.0,2025-12-17T11:05:35.711300,12.010392,0.959037,0.194525,0.092603,-0.183938,-2.461413,-2.320385,-0.641293,-0.764485,0.448223,0.428199,20.492788,14.429049,-19.092672
26548.0,2025-12-17T11:05:35.766361,12.065453,0.956770,0.201221,0.131957,-0.163368,1.138045,-0.597612,0.451770,0.831088,2.208199,0.496160,21.142048,18.557219,-15.886903
26573.0,2025-12-17T11:05:35.766361,12.065453,0.955024,0.205687,0.143607,-0.158108,0.346564,-6.069809,-0.725168,0.679928,1.487774,0.374486,21.677260,19.836503,-14.965760
26597.0,2025-12-17T11:05:35.827445,12.126537,0.957501,0.193873,0.149894,-0.152108,0.227702,-5.143146,-0.577912,-0.681004,0.644689,0.369858,20.310651,20.244461,-14.389923
26624.0,2025-12-17T11:05:35.827445,12.126537,0.959918,0.179731,0.160640,-0.143003,0.885866,-3.715807,-0.275369,-0.849519,0.695819,0.537427,18.697964,21.088343,-13.436072
26644.0,2025-12-17T11:05:35.830540,12.129632,0.962942,0.154226,0.176479,-0.133464,1.356787,-3.466463,-2.426565,-2.100493,0.964866,0.200845,15.682592,22.398447,-12.658092
26667.0,2025-12-17T11:05:35.884455,12.183548,0.963493,0.142615,0.185975,-0.129440,2.679469,-2.989115,0.064721,-0.964689,1.224723,0.053773,14.286502,23.284149,-12.344860
26691.0,2025-12-17T11:05:35.884455,12.183548,0.964364,0.131777,0.190997,-0.127114,2.919451,-2.794202,-0.617090,-0.769264,0.787652,-0.027321,12.975581,23.695948,-12.284632
26717.0,2025-12-17T11:05:35.944639,12.243731,0.965607,0.114628,0.197632,-0.124117,3.699238,-2.130826,-0.224223,-0.967598,0.565328,-0.041521,10.890464,24.212576,-12.306271
26744.0,2025-12-17T11:05:35.948288,12.247380,0.966897,0.109570,0.194328,-0.123857,3.131200,-1.046254,-0.677718,-0.286030,0.222351,-0.083793,10.306573,23.761588,-12.425387
26763.0,2025-12-17T11:05:35.948288,12.247380,0.968007,0.111784,0.187003,-0.124482,3.661716,-0.347484,-0.415451,0.173049,0.024308,-0.064874,10.629339,22.946506,-12.492236
26788.0,2025-12-17T11:05:36.005018,12.304110,0.968692,0.119109,0.178533,-0.124798,3.588343,-0.240639,-0.746834,0.709895,-0.178344,0.068551,11.590240,22.062360,-12.415192
26808.0,2025-12-17T11:05:36.008365,12.307458,0.968983,0.129693,0.170050,-0.123834,2.602607,-0.408978,-1.443720,0.902261,-0.032632,0.199591,12.968514,21.202859,-12.128290
26833.0,2025-12-17T11:05:36.064467,12.363559,0.969019,0.130077,0.172680,-0.119434,2.247022,-0.835035,-1.328999,0.509277,0.279591,0.386726,13.093513,21.452587,-11.562115
26851.0,2025-12-17T11:05:36.068519,12.367612,0.970656,0.124092,0.173655,-0.110778,2.876709,-1.530885,-0.446036,-0.419477,0.604582,0.526886,12.555974,21.383742,-10.641794
26876.0,2025-12-17T11:05:36.068519,12.367612,0.971847,0.116867,0.176517,-0.103430,4.423882,-1.826978,0.454835,-0.887347,0.310158,0.574550,11.827364,21.547372,-9.891464
26901.0,2025-12-17T11:05:36.126734,12.425827,0.974901,0.105974,0.170243,-0.096717,6.041192,-1.590821,1.474713,-0.981310,-0.596569,0.483024,10.696569,20.636622,-9.378244
26927.0,2025-12-17T11:05:36.126734,12.425827,0.980928,0.084865,0.151045,-0.088107,4.104601,0.681548,0.565916,-1.205376,-1.432817,0.421491,8.464072,18.136575,-8.911717
26951.0,2025-12-17T11:05:36.126734,12.425827,0.981957,0.098917,0.141460,-0.077231,2.111264,-0.418228,0.356500,0.965361,-0.012110,0.970299,10.389249,17.043347,-7.433247
26968.0,2025-12-17T11:05:36.184843,12.483936,0.982620,0.107052,0.135736,-0.067632,3.247534,-1.035765,-1.740233,0.667801,0.218864,0.843990,11.542787,16.333929,-6.212663
26992.0,2025-12-17T11:05:36.184843,12.483936,0.981195,0.121934,0.135561,-0.063340,1.793418,0.166353,-1.689358,1.389653,0.703656,0.513885,13.383477,16.347950,-5.456054
27018.0,2025-12-17T11:05:36.188790,12.487883,0.979677,0.127858,0.142791,-0.059126,1.855412,-2.207841,-1.946098,1.012787,0.615778,0.357333,14.152774,17.151386,-4.762547
27046.0,2025-12-17T11:05:36.247917,12.547009,0.980919,0.122967,0.139840,-0.055873,2.095474,-3.820521,0.155520,0.037730,0.114106,0.281499,13.627173,16.743321,-4.505316
27066.0,2025-12-17T11:05:36.247917,12.547009,0.982913,0.119020,0.130681,-0.051365,3.902910,-2.068990,1.089156,-0.285242,-0.598087,0.357947,13.238021,15.612118,-4.160127
27088.0,2025-12-17T11:05:36.306578,12.605670,0.985108,0.113290,0.120946,-0.045817,1.568273,-1.803224,0.751074,-0.222716,-0.495832,0.586943,12.650409,14.398851,-3.721375
27113.0,2025-12-17T11:05:36.306578,12.605670,0.986274,0.104828,0.122011,-0.037262,1.135661,-2.610368,0.383748,-0.365490,-0.059335,0.697045,11.775980,14.387826,-2.835764
27137.0,2025-12-17T11:05:36.364736,12.663828,0.986080,0.100393,0.130693,-0.022082,-0.330004,0.008117,0.471585,-0.468603,0.217008,1.190838,11.489407,15.199518,-1.027729
27157.0,2025-12-17T11:05:36.364736,12.663828,0.983850,0.122138,0.130793,-0.003784,0.598217,0.730675,-0.434958,1.083596,0.472155,1.530666,14.344287,14.968379,1.453492
27176.0,2025-12-17T11:05:36.364736,12.663828,0.981181,0.138128,0.133919,0.016466,0.047182,-0.776602,-1.836557,1.319276,0.575311,2.078043,16.567193,14.966109,4.114039
27201.0,2025-12-17T11:05:36.426722,12.725814,0.977922,0.150421,0.139292,0.040497,-0.157458,-1.538601,-2.382214,1.072880,0.969800,2.721342,18.444352,15.084899,7.205772
27227.0,2025-12-17T11:05:36.428742,12.727835,0.971483,0.158878,0.153898,0.085408,0.878570,-2.290829,-2.726144,0.324601,1.727641,3.482650,20.370889,15.776125,12.900368
27246.0,2025-12-17T11:05:36.429163,12.728256,0.962823,0.162416,0.163172,0.141309,3.322324,-1.815169,-2.404387,0.142710,1.852971,4.123354,21.871729,15.563781,19.723944
27261.0,2025-12-17T11:05:36.484619,12.783711,0.954326,0.167213,0.164087,0.185409,5.571903,-0.953983,-2.135993,0.186470,1.312498,4.251060,23.115414,14.547349,24.979532
27288.0,2025-12-17T11:05:36.484619,12.783711,0.947632,0.170693,0.156598,0.219851,6.745687,-1.162710,-2.261728,0.012502,0.314856,4.213751,23.727111,12.811246,28.825113
27313.0,2025-12-17T11:05:36.484619,12.783711,0.937710,0.173360,0.137430,0.267879,4.951017,-0.739554,-0.460817,-0.091895,-0.583735,3.961368,23.846241,9.489104,33.894592
27332.0,2025-12-17T11:05:36.544759,12.843852,0.926821,0.182472,0.123658,0.303999,3.212585,-0.717787,-0.217670,0.525214,-0.202757,3.027736,24.603997,6.792588,37.802088
27356.0,2025-12-17T11:05:36.606793,12.905885,0.918980,0.190632,0.117612,0.324504,4.163871,-0.139135,-0.184182,0.900149,0.014384,2.603151,25.374895,5.304263,40.092548
27375.0,2025-12-17T11:05:36.608809,12.907901,0.904321,0.217071,0.121001,0.347050,4.933898,-0.276230,1.401754,2.135504,0.072199,2.298969,28.535355,3.909387,42.984970
27391.0,2025-12-17T11:05:36.608809,12.907901,0.887515,0.249308,0.130100,0.365015,5.087950,-1.777247,0.807467,3.752570,0.516785,2.236474,32.557901,2.804558,45.531656
27407.0,2025-12-17T11:05:36.608809,12.907901,0.872199,0.276739,0.141557,0.377685,6.957487,-3.622008,-1.825089,4.172774,0.759703,2.049721,36.163704,2.171535,47.536772
27458.0,2025-12-17T11:05:36.666571,12.965663,0.844800,0.327175,0.158480,0.392624,7.744355,-4.266885,-1.795365,2.765405,-0.225074,1.030524,42.631471,0.621912,50.096384
27478.0,2025-12-17T11:05:36.666571,12.965663,0.837744,0.344149,0.160898,0.392248,8.954367,-6.171963,-5.663559,1.530766,-0.305615,0.367846,44.655448,-0.022925,50.170390
27502.0,2025-12-17T11:05:36.726930,13.026023,0.839324,0.343285,0.161725,0.389275,7.705969,-4.892003,-4.504236,0.402813,0.015879,-0.402371,44.601610,0.241493,49.862455
27528.0,2025-12-17T11:05:36.726930,13.026023,0.844012,0.336792,0.164275,0.383703,6.232268,-5.132926,-4.829629,0.071189,-0.003003,-0.811319,44.003478,1.079749,49.331108
27547.0,2025-12-17T11:05:36.726930,13.026023,0.849735,0.329426,0.163511,0.377748,7.501001,-3.697615,-4.839527,-0.128819,0.030320,-0.703333,43.131064,1.661895,48.591756
27568.0,2025-12-17T11:05:36.784460,13.083552,0.867170,0.314196,0.149892,0.356132,7.139941,-2.696736,-5.469341,-1.642532,-1.468614,-2.462390,40.701032,2.073064,45.423207
27593.0,2025-12-17T11:05:36.784460,13.083552,0.886494,0.296540,0.131425,0.330029,3.504711,-6.309419,-3.560296,-1.803518,-2.016285,-2.434768,37.802152,2.136505,41.570807
27619.0,2025-12-17T11:05:36.846538,13.145630,0.894836,0.287748,0.130506,0.315337,2.538737,-6.677160,-1.611701,-0.239565,-0.611698,-1.366027,36.733492,2.985721,39.816080
27638.0,2025-12-17T11:05:36.848552,13.147644,0.896636,0.293247,0.146191,0.297790,3.055811,-6.411635,-3.705816,1.388519,0.483018,-1.472939,37.973736,5.020299,38.473009
27662.0,2025-12-17T11:05:36.848552,13.147644,0.893103,0.305936,0.170030,0.282596,3.920731,-6.560586,-4.497959,2.564545,1.302735,-1.636725,40.400921,7.515623,37.885602
27687.0,2025-12-17T11:05:36.904635,13.203727,0.883916,0.325517,0.202608,0.267734,4.932707,-7.018925,-6.232643,3.262216,1.844881,-1.472191,44.092031,10.595411,38.003591
27706.0,2025-12-17T11:05:36.904635,13.203727,0.876897,0.337268,0.226073,0.257280,5.782398,-8.186351,-8.770722,2.132616,1.339220,-0.982889,46.560471,12.881780,38.264800
27722.0,2025-12-17T11:05:36.904635,13.203727,0.873555,0.340182,0.239709,0.252422,6.249717,-8.253784,-9.212740,1.286293,0.915025,-0.756193,47.581415,14.303575,38.566634
27748.0,2025-12-17T11:05:36.964351,13.263443,0.873753,0.338672,0.245956,0.247714,6.587721,-8.127145,-8.903055,0.555797,0.607278,-0.760589,47.690802,15.190118,38.402485
27772.0,2025-12-17T11:05:36.964351,13.263443,0.877763,0.329884,0.253024,0.238091,6.845886,-8.034446,-8.292677,-0.000926,0.448299,-1.095260,46.916132,16.684720,37.634377
27796.0,2025-12-17T11:05:36.964351,13.263443,0.883874,0.316729,0.255869,0.230174,6.788899,-8.296782,-7.847274,-0.533168,0.248563,-1.040370,45.394098,17.848808,36.708390
27825.0,2025-12-17T11:05:37.026992,13.326084,0.890554,0.296171,0.255129,0.232606,6.148038,-7.313758,-7.015566,-1.235501,0.205284,-0.375455,42.941614,18.459258,36.590357
27844.0,2025-12-17T11:05:37.029016,13.328108,0.898900,0.272832,0.245888,0.238917,7.227509,-6.563773,-5.272990,-1.484793,-0.048965,0.064630,39.781837,18.161080,36.387991
27866.0,2025-12-17T11:05:37.088021,13.387113,0.903311,0.261283,0.238005,0.243133,8.414600,-7.227838,-4.595513,-1.415830,-0.415991,0.199829,38.079454,17.633767,36.257284
27890.0,2025-12-17T11:05:37.089852,13.388945,0.907156,0.250511,0.226931,0.250627,6.734785,-5.902963,-3.385386,-1.034798,-0.438672,0.635461,36.374040,16.627840,36.385823
27909.0,2025-12-17T11:05:37.089852,13.388945,0.906737,0.246992,0.219680,0.261847,7.401085,-4.255877,-3.549578,-0.189316,-0.001677,0.915999,35.768360,15.606882,37.279482
27932.0,2025-12-17T11:05:37.144687,13.443779,0.906456,0.247874,0.221783,0.260209,8.510645,-5.565311,-5.199176,0.210248,0.131230,-0.175348,35.952046,15.847299,37.204827
27956.0,2025-12-17T11:05:37.147844,13.446937,0.908561,0.245116,0.228569,0.249384,6.517679,-6.301137,-4.828501,0.552862,0.485835,-1.071856,35.810109,17.042530,36.240263
27981.0,2025-12-17T11:05:37.206931,13.506023,0.907923,0.244158,0.237726,0.244027,5.451426,-4.498517,-3.366350,0.686412,0.819964,-0.579978,36.076873,18.210671,36.063788
28000.0,2025-12-17T11:05:37.208445,13.507537,0.907195,0.241124,0.243180,0.244377,5.745516,-4.527762,-3.651084,0.329816,0.679814,-0.093350,36.010747,18.867064,36.334834
28026.0,2025-12-17T11:05:37.208445,13.507537,0.908525,0.232242,0.243737,0.247466,5.967379,-3.801804,-3.056782,-0.326305,0.275288,-0.058203,35.057079,19.143658,36.570971
28046.0,2025-12-17T11:05:37.327520,13.626612,0.912091,0.226425,0.240849,0.242515,7.282913,-4.290393,-3.922455,-0.030021,-0.008978,-0.478489,34.139275,19.240235,35.738357
28080.0,2025-12-17T11:05:37.328784,13.627877,0.917170,0.213593,0.239104,0.236659,5.954207,-5.524205,-5.800466,-0.484501,0.116708,-0.668215,32.442286,19.724652,34.727944
28100.0,2025-12-17T11:05:37.328784,13.627877,0.924741,0.188572,0.232106,0.235416,4.875971,-5.524130,-6.102916,-1.399676,-0.007536,-0.450135,29.153568,19.906685,33.791155
28130.0,2025-12-17T11:05:37.328784,13.627877,0.928634,0.164696,0.228119,0.241819,5.126735,-4.604558,-4.611857,-1.474692,0.161930,-0.007865,26.312581,20.122238,33.941370
28178.0,2025-12-17T11:05:37.387213,13.686305,0.929436,0.143588,0.229500,0.250720,5.562160,-3.646630,-3.230634,-0.034144,0.631767,0.245026,24.113202,20.769526,34.676092
28198.0,2025-12-17T11:05:37.387213,13.686305,0.929933,0.135514,0.226688,0.255878,6.076909,-3.614300,-3.772575,-0.341716,0.284604,0.317908,23.157109,20.625533,35.039335
28229.0,2025-12-17T11:05:37.445633,13.744725,0.933497,0.106840,0.219551,0.262614,6.313431,-3.044487,-3.117945,-1.920871,0.143246,-0.047251,19.666815,20.718934,35.054690
28253.0,2025-12-17T11:05:37.445633,13.744725,0.936472,0.087026,0.216395,0.261953,5.466685,-0.615496,-2.535674,-1.161826,0.528423,-0.426714,17.228899,21.081990,34.484526
28272.0,2025-12-17T11:05:37.445633,13.744725,0.936008,0.088036,0.215843,0.263725,4.684975,0.311867,-1.705618,0.295426,0.431421,0.124244,17.360681,20.954546,34.705273
28305.0,2025-12-17T11:05:37.507421,13.806513,0.934284,0.095252,0.212776,0.269754,5.494825,-1.021623,-1.535823,0.675953,0.147582,0.552099,18.184552,20.254922,35.484686
28331.0,2025-12-17T11:05:37.509697,13.808790,0.932045,0.101802,0.217057,0.271688,7.534973,-2.325324,-1.758938,0.655217,0.260929,0.291916,19.171518,20.444378,35.991169
28353.0,2025-12-17T11:05:37.566246,13.865338,0.933409,0.096655,0.214151,0.271190,6.832648,-1.994426,-2.511204,-0.042050,0.235973,-0.099790,18.438304,20.325783,35.734255
28385.0,2025-12-17T11:05:37.566246,13.865338,0.935074,0.090541,0.206217,0.273702,5.795615,-1.773240,-2.431783,-0.160863,-0.015482,0.119966,17.435930,19.639058,35.670787
28417.0,2025-12-17T11:05:37.626637,13.925730,0.936171,0.089249,0.202786,0.272939,6.442689,-2.161005,-2.599795,0.275909,0.165959,-0.021301,17.121100,19.327395,35.444515
28450.0,2025-12-17T11:05:37.628478,13.927570,0.938082,0.085545,0.201178,0.268723,7.170283,-2.295696,-3.247090,0.364804,0.067644,-0.376159,16.541772,19.357883,34.810310
28475.0,2025-12-17T11:05:37.684799,13.983892,0.941526,0.083642,0.195942,0.261036,6.919620,-2.259278,-2.893490,0.239444,-0.089887,-0.614994,15.946547,18.983873,33.674921
28494.0,2025-12-17T11:05:37.684799,13.983892,0.944749,0.081972,0.192352,0.252451,6.096875,-2.044804,-1.951896,0.306462,0.014620,-0.716134,15.437519,18.787581,32.490544
28515.0,2025-12-17T11:05:37.684799,13.983892,0.947095,0.081371,0.190110,0.245456,5.711569,-1.875991,-2.135657,0.392660,0.101242,-0.647640,15.141742,18.672452,31.562623
28546.0,2025-12-17T11:05:37.747272,14.046364,0.949373,0.071604,0.187341,0.241802,5.351326,-2.587120,-1.906521,-0.296910,-0.048450,-0.569244,13.840691,18.728486,30.871756
28571.0,2025-12-17T11:05:37.747272,14.046364,0.953772,0.058305,0.174450,0.237668,5.048489,-0.832974,-0.850933,-0.690096,-0.254063,-0.430392,11.762668,17.761612,29.829057
28590.0,2025-12-17T11:05:37.806951,14.106043,0.956350,0.051296,0.165798,0.235107,3.923949,-0.665897,-0.262960,-0.347028,-0.146517,-0.288545,10.611946,17.037769,29.217184
28624.0,2025-12-17T11:05:37.806951,14.106043,0.956025,0.044643,0.169242,0.235329,3.785490,-1.004153,-1.231138,0.208938,0.305440,-0.186699,9.969899,17.613137,29.205645
28647.0,2025-12-17T11:05:37.867068,14.166160,0.957382,0.033753,0.162316,0.236505,4.282052,-0.915855,-1.996712,-0.554228,0.125974,-0.016689,8.510110,17.147387,29.037647
28674.0,2025-12-17T11:05:37.867068,14.166160,0.958275,0.022035,0.157522,0.237510,4.597745,-0.851659,-1.939653,-0.692208,0.288216,-0.040454,7.028814,16.943657,28.888926
28698.0,2025-12-17T11:05:37.868582,14.167675,0.959052,0.014639,0.153642,0.237483,5.211361,-0.586736,-1.978111,-0.351793,0.303287,-0.069505,6.056948,16.723252,28.707059
28728.0,2025-12-17T11:05:37.926178,14.225270,0.959171,0.001998,0.148194,0.240884,5.656509,-0.705554,-1.861155,-0.453236,0.017409,-0.040733,4.498994,16.458713,28.846127
28752.0,2025-12-17T11:05:37.926178,14.225270,0.960186,0.003416,0.135939,0.244033,3.597698,0.323103,0.136327,0.059986,-0.402933,0.252501,4.329457,15.033678,29.091412
28771.0,2025-12-17T11:05:37.984622,14.283715,0.960296,0.004800,0.126375,0.248671,4.013655,-0.598597,-0.951399,0.200792,-0.264764,0.413810,4.257955,13.905869,29.555397
28805.0,2025-12-17T11:05:37.984622,14.283715,0.960553,-0.002248,0.113551,0.253847,2.632317,-0.417687,-0.169947,-0.415671,-0.311398,0.351546,3.133345,12.666991,29.954310
28827.0,2025-12-17T11:05:38.047462,14.346554,0.960961,-0.002982,0.104577,0.256143,3.538087,0.391615,0.050195,-0.048735,-0.191473,0.194006,2.800202,11.684129,30.136752
28865.0,2025-12-17T11:05:38.047462,14.346554,0.960310,-0.011337,0.101662,0.259502,3.265773,-0.453086,-0.753055,-0.016478,-0.061710,0.073019,1.812932,11.603538,30.427656
28897.0,2025-12-17T11:05:38.106948,14.406041,0.960965,-0.012772,0.090104,0.261274,3.136834,-0.212101,-0.377537,0.063888,-0.105729,0.119071,1.312809,10.360820,30.539647
28934.0,2025-12-17T11:05:38.106948,14.406041,0.960431,-0.039183,0.070886,0.266482,4.010675,-1.187595,-0.312185,-1.259917,-0.673646,0.104556,-2.175227,9.035470,30.842665
28957.0,2025-12-17T11:05:38.164799,14.463892,0.961077,-0.037879,0.055319,0.268021,0.367232,1.651431,-1.101812,-0.579394,-0.591565,0.011069,-2.493544,7.275302,31.006425
28982.0,2025-12-17T11:05:38.164799,14.463892,0.961347,-0.037625,0.046125,0.268829,1.418328,-0.257344,-0.411700,0.168430,-0.314715,0.099577,-2.741306,6.252640,31.096284
29001.0,2025-12-17T11:05:38.284699,14.583791,0.961621,-0.055533,0.041397,0.265494,1.499387,-1.099010,0.103787,-0.928830,0.224082,-0.277922,-4.895051,6.263591,30.600555
29026.0,2025-12-17T11:05:38.284699,14.583791,0.962336,-0.065601,0.034331,0.261585,2.073828,1.083694,-0.636702,-1.006734,0.215686,-0.393786,-6.249046,5.761953,30.098949
29052.0,2025-12-17T11:05:38.284699,14.583791,0.961373,-0.070397,0.038078,0.263356,1.542592,1.100499,0.157103,-0.115596,0.043428,-0.180550,-6.661659,6.332233,30.270352
29072.0,2025-12-17T11:05:38.284699,14.583791,0.962268,-0.066244,0.031127,0.262075,1.495879,0.604026,-0.378108,0.235281,-0.014266,-0.065385,-6.411842,5.429810,30.165758
29141.0,2025-12-17T11:05:38.344570,14.643662,0.962244,-0.054464,0.025967,0.265417,1.409400,0.448150,1.003343,0.561255,-0.262338,-0.025493,-5.239335,4.524478,30.633984
29166.0,2025-12-17T11:05:38.344570,14.643662,0.963534,-0.042665,0.017269,0.263598,1.279427,0.310374,1.281416,0.785836,-0.293485,-0.114454,-4.199376,3.197118,30.483288
29185.0,2025-12-17T11:05:38.407645,14.706737,0.965056,-0.025823,0.006781,0.260681,1.288777,-0.027105,1.233726,1.275588,-0.614418,-0.226595,-2.655082,1.521436,30.196750
29205.0,2025-12-17T11:05:38.408910,14.708002,0.966237,-0.015456,0.000155,0.257190,0.889641,-1.314668,1.026357,1.385144,-0.733962,-0.341476,-1.707113,0.472713,29.803348
29229.0,2025-12-17T11:05:38.408910,14.708002,0.967601,-0.008901,-0.001814,0.252322,0.559059,-1.960701,0.448814,1.219880,-0.504181,-0.549067,-1.039469,0.056205,29.230629
29255.0,2025-12-17T11:05:38.466239,14.765331,0.968699,-0.002808,0.006682,0.248132,0.135719,-2.666502,-1.543675,0.928522,0.040264,-0.495528,-0.121731,0.821609,28.733907
29274.0,2025-12-17T11:05:38.466239,14.765331,0.969210,-0.004005,0.012038,0.245909,0.307494,-2.455103,-2.933276,0.051266,0.412766,-0.176935,-0.105658,1.450049,28.472173
29298.0,2025-12-17T11:05:38.466239,14.765331,0.969308,-0.013478,0.012065,0.245181,1.238308,-1.695661,-1.548656,-0.297042,0.293726,-0.067052,-1.158748,1.719023,28.372445
29326.0,2025-12-17T11:05:38.527153,14.826245,0.969714,-0.019844,0.005777,0.243369,2.724239,-1.597930,-0.823498,-0.151658,-0.078261,-0.152612,-2.044890,1.195433,28.155732
29352.0,2025-12-17T11:05:38.527153,14.826245,0.969355,-0.020869,0.005622,0.244712,1.852943,-1.260670,-0.131334,0.282467,-0.374126,-0.172148,-2.161511,1.209745,28.313590
29370.0,2025-12-17T11:05:38.592483,14.891575,0.969613,-0.009432,-0.001251,0.244458,1.637358,-1.846898,0.257542,1.299754,-0.542282,-0.010994,-1.083087,0.125206,28.299684
29385.0,2025-12-17T11:05:38.594684,14.893777,0.969224,0.000413,-0.005965,0.246108,1.048166,-3.092250,0.036270,1.477733,-0.817349,0.172230,-0.122414,-0.674174,28.495844
29406.0,2025-12-17T11:05:38.767314,15.066406,0.968547,0.007791,-0.014355,0.248295,1.607393,-2.737645,0.302114,1.208672,-1.136165,0.262464,0.456452,-1.815220,28.750026
29434.0,2025-12-17T11:05:38.767314,15.066406,0.967349,0.018566,-0.015815,0.252273,0.286635,-2.730625,-1.717481,1.335926,-0.966202,0.270120,1.602382,-2.290413,29.200955
29459.0,2025-12-17T11:05:38.767314,15.066406,0.967109,0.031370,-0.008350,0.252281,-0.748152,-4.143950,-1.027698,1.451060,-0.122271,-0.025701,3.238499,-1.832556,29.188980
29478.0,2025-12-17T11:05:38.767314,15.066406,0.967938,0.035929,0.006327,0.248528,0.575554,-4.743295,-2.043343,1.209146,0.818458,-0.361116,4.169111,-0.321415,28.788717
29550.0,2025-12-17T11:05:38.828375,15.127467,0.973112,0.018206,0.027934,0.227905,2.536485,-3.670918,1.166218,0.254679,0.419813,-0.779218,2.763682,2.640412,26.426154
29625.0,2025-12-17T11:05:38.828375,15.127467,0.968027,0.049025,0.025118,0.244722,1.790575,-5.695836,0.547054,0.767619,-0.240923,0.465571,6.156348,1.411625,28.450673
29651.0,2025-12-17T11:05:38.829472,15.128564,0.967204,0.051619,0.021217,0.247793,3.174754,-5.670852,0.110671,0.177625,-0.433310,0.321887,6.337205,0.885881,28.788645
29676.0,2025-12-17T11:05:38.884554,15.183646,0.966290,0.045419,0.005262,0.253366,2.396429,-5.197978,-0.137007,-0.176783,-1.065933,0.497751,5.189451,-0.736051,29.351582
29695.0,2025-12-17T11:05:38.884554,15.183646,0.964557,0.041709,-0.011280,0.260312,1.707944,-4.824983,-0.318585,-0.068169,-1.333023,0.672791,4.281640,-2.491695,30.112862
29715.0,2025-12-17T11:05:38.884554,15.183646,0.963887,0.043075,-0.022457,0.261844,1.036445,-4.694966,-1.334755,0.417596,-1.294422,0.202226,4.096312,-3.775635,30.260733
29738.0,2025-12-17T11:05:39.005033,15.304125,0.962236,0.054901,-0.027924,0.265158,0.708204,-5.485532,-4.183222,1.000717,-0.827680,0.337902,5.230320,-4.752573,30.595402
29763.0,2025-12-17T11:05:39.008100,15.307192,0.959892,0.068454,-0.026470,0.270592,0.606351,-5.321146,-4.822861,1.204494,-0.183507,0.458048,6.750508,-5.040693,31.188626
29784.0,2025-12-17T11:05:39.008489,15.307581,0.957110,0.087380,-0.016894,0.275718,1.160879,-5.393999,-4.782081,1.832952,0.356891,0.382985,9.117641,-4.618645,31.772098
29809.0,2025-12-17T11:05:39.066746,15.365838,0.955687,0.096904,-0.008817,0.277837,2.858456,-5.872944,-4.706323,1.666353,0.430053,0.108128,10.414817,-4.054151,32.050667
29851.0,2025-12-17T11:05:39.066746,15.365838,0.960515,0.085917,-0.011390,0.264385,2.574575,-6.164288,-3.371265,-0.514380,-0.542010,-0.914140,9.171325,-3.859513,30.469812
29875.0,2025-12-17T11:05:39.066746,15.365838,0.962720,0.074307,-0.023661,0.259014,1.621381,-6.766731,-3.385427,-0.739795,-0.970156,-0.422399,7.543682,-4.821484,29.798903
29899.0,2025-12-17T11:05:39.184520,15.483612,0.963605,0.067219,-0.028987,0.257114,1.387000,-6.556098,-2.933866,-0.146271,-0.465608,-0.153398,6.610074,-5.188302,29.579985
29919.0,2025-12-17T11:05:39.184520,15.483612,0.963782,0.065620,-0.023993,0.257375,1.028663,-7.217348,-3.106207,0.528560,0.206088,-0.031343,6.574960,-4.590012,29.639651
29940.0,2025-12-17T11:05:39.184520,15.483612,0.962973,0.067866,-0.011249,0.260673,-0.058862,-6.357782,-4.234505,0.873791,0.670417,0.109670,7.183382,-3.270264,30.088160
29964.0,2025-12-17T11:05:39.184520,15.483612,0.962143,0.068361,-0.001334,0.263828,1.133827,-6.183646,-3.589478,0.863152,0.728097,0.245386,7.523902,-2.214383,30.522597
30029.0,2025-12-17T11:05:39.244544,15.543636,0.959926,0.065822,0.018164,0.271810,2.667519,-6.254070,-3.186871,0.544379,0.479618,0.127622,7.830458,-0.052165,31.616097
30054.0,2025-12-17T11:05:39.244544,15.543636,0.959181,0.062185,0.023894,0.274835,3.163072,-6.212110,-3.341046,0.274293,0.344813,0.111022,7.610381,0.667898,32.021709
30078.0,2025-12-17T11:05:39.305818,15.604911,0.959483,0.054762,0.024916,0.275269,3.903335,-6.569476,-3.732985,0.056534,0.229731,0.015353,6.824095,1.012135,32.076004
30098.0,2025-12-17T11:05:39.308215,15.607308,0.960408,0.046389,0.022133,0.273815,3.835770,-6.569789,-3.158490,-0.131580,-0.047807,-0.128996,5.810563,0.980354,31.875795
30133.0,2025-12-17T11:05:39.308755,15.607847,0.961188,0.031435,0.016990,0.273569,2.243999,-5.945279,-2.673794,-0.413329,-0.160023,-0.013630,3.998665,0.885927,31.805235
30166.0,2025-12-17T11:05:39.365021,15.664114,0.960346,0.016216,0.015639,0.277900,2.034971,-5.632822,-2.341745,-0.725467,-0.188587,0.199475,2.283660,1.204669,32.302276
30186.0,2025-12-17T11:05:39.365021,15.664114,0.956874,-0.012269,0.005086,0.290199,0.981485,-4.764382,-3.166371,-1.486381,-0.339911,0.861927,-1.176447,0.965718,33.732925
30207.0,2025-12-17T11:05:39.546575,15.845667,0.951795,-0.039631,-0.013151,0.303879,1.002540,-3.937070,-4.200439,-3.010318,-0.943939,1.369896,-4.785996,-0.054275,35.415662
30232.0,2025-12-17T11:05:39.546575,15.845667,0.942753,-0.090364,-0.047297,0.317512,0.862420,-2.968555,-2.947789,-5.694992,-1.739499,1.464297,-11.567214,-1.822045,37.410878
30253.0,2025-12-17T11:05:39.548699,15.847791,0.921088,-0.166666,-0.110019,0.334240,-2.923903,0.964690,-1.751710,-7.907648,-3.579913,1.555637,-22.467997,-5.236200,40.929861
30270.0,2025-12-17T11:05:39.548699,15.847791,0.890354,-0.233833,-0.165912,0.353646,-10.839098,1.812477,-1.317156,-8.065742,-3.441935,2.531756,-32.568562,-7.472634,45.511370
30364.0,2025-12-17T11:05:39.607180,15.906272,0.670323,-0.518950,-0.380559,0.369503,-9.835413,-1.167769,-13.623445,-9.355689,-3.504786,2.194420,-80.030399,-7.278236,63.842699
30406.0,2025-12-17T11:05:39.636419,15.935512,0.601679,-0.569079,-0.378090,0.413738,-15.126326,-5.210646,-14.786199,-2.155248,-1.209975,3.155683,-86.192610,0.912292,68.174197
30431.0,2025-12-17T11:05:39.636419,15.935512,0.597508,-0.570851,-0.348612,0.442248,-11.553850,-4.367547,-11.398113,1.688275,0.056514,3.342565,-83.937646,5.066818,68.456474
30456.0,2025-12-17T11:05:39.844625,16.143718,0.598094,-0.564479,-0.307667,0.478527,-7.603680,-3.789268,-11.077992,2.895810,-0.000231,3.434897,-79.860842,9.916268,69.019241
30481.0,2025-12-17T11:05:39.844625,16.143718,0.582164,-0.555534,-0.301620,0.511364,1.263081,-1.100780,-9.257127,0.731623,-1.884965,2.184111,-78.128612,12.531495,72.406207
30500.0,2025-12-17T11:05:39.844625,16.143718,0.547104,-0.551203,-0.323771,0.540393,3.910365,-2.234966,-11.180172,-1.602014,-3.430388,1.740594,-79.148368,13.972696,77.726092
30525.0,2025-12-17T11:05:39.844625,16.143718,0.510312,-0.549874,-0.346026,0.563459,3.428121,-4.091707,-13.590293,-2.304732,-3.586465,1.893081,-80.696958,15.456140,82.514714
30613.0,2025-12-17T11:05:39.904388,16.203481,0.414413,-0.549095,-0.379823,0.618458,-4.318511,-11.813521,-6.165394,-0.200924,0.113533,1.383118,-83.311832,21.369244,93.294216
30712.0,2025-12-17T11:05:39.908638,16.207730,0.315843,-0.577406,-0.139757,0.739807,6.608448,-1.204025,-9.208580,2.798164,0.280990,5.518340,-62.766903,50.000910,102.004724
30731.0,2025-12-17T11:05:39.909373,16.208465,0.273930,-0.564055,-0.045581,0.777641,8.467217,0.183378,-9.645957,4.311543,-0.638308,7.450411,-46.579320,58.461984,114.102982
30756.0,2025-12-17T11:05:39.964900,16.263992,0.240783,-0.539981,0.038319,0.805591,6.456441,1.650140,-5.233993,6.096714,-1.352459,8.098921,-25.598514,62.680346,130.964911
30781.0,2025-12-17T11:05:39.964900,16.263992,0.218043,-0.510785,0.133765,0.820770,9.650896,2.370872,-4.875032,5.663836,-0.649307,5.953330,-0.409887,63.741401,149.990422
30800.0,2025-12-17T11:05:39.964900,16.263992,0.213500,-0.502384,0.194461,0.814992,15.915120,0.622244,-13.861202,4.131519,0.788493,2.869505,13.721271,64.410780,159.308142
30827.0,2025-12-17T11:05:40.026702,16.325795,0.217285,-0.496123,0.229783,0.808609,17.640915,-0.314182,-20.020681,3.044320,0.095378,1.716915,21.204486,64.448306,163.376256
30853.0,2025-12-17T11:05:40.026702,16.325795,0.223121,-0.486801,0.257727,0.804250,18.495132,-2.078880,-21.211960,2.593037,-0.422969,1.148144,26.649164,63.900154,165.793741
30875.0,2025-12-17T11:05:40.086648,16.385740,0.234058,-0.480666,0.283115,0.796256,19.854605,-2.954918,-23.158979,2.387690,-0.193522,0.739316,30.884342,63.895897,166.786911
30900.0,2025-12-17T11:05:40.088372,16.387464,0.242375,-0.474500,0.303923,0.789769,18.823072,-3.801133,-22.595673,2.406844,-0.260502,0.831616,34.415991,63.742809,167.677036
30914.0,2025-12-17T11:05:40.090121,16.389213,0.253832,-0.461659,0.338516,0.779645,18.433044,-5.079298,-22.958828,3.299318,-0.356458,1.214910,40.422945,63.089375,169.402215
30938.0,2025-12-17T11:05:40.144820,16.443912,0.261434,-0.453836,0.363210,0.770561,19.281942,-6.797987,-24.603352,3.420716,-0.111371,1.190143,44.843353,62.788765,170.785175
30964.0,2025-12-17T11:05:40.149278,16.448370,0.263849,-0.445302,0.397420,0.757725,21.521091,-10.235964,-27.188829,3.025630,0.154382,1.494742,51.944633,62.196240,174.351964
30985.0,2025-12-17T11:05:40.204841,16.503934,0.257284,-0.432745,0.435777,0.746080,22.016867,-11.474854,-29.474581,2.727155,0.353791,2.384732,60.120622,60.454191,179.215944
31010.0,2025-12-17T11:05:40.208004,16.507096,0.247934,-0.419333,0.466703,0.738158,21.248749,-12.855885,-30.882168,2.489686,0.244168,2.800233,66.148107,58.265084,-177.234496
31029.0,2025-12-17T11:05:40.208472,16.507564,0.238634,-0.405945,0.497981,0.728201,19.563457,-15.400385,-31.401249,2.161480,0.205095,2.397197,71.829879,55.984897,-174.176629
31048.0,2025-12-17T11:05:40.265228,16.564320,0.231879,-0.398288,0.522587,0.717288,18.947632,-16.554600,-31.789061,2.096826,0.494023,2.003376,76.413717,54.461721,-171.727360
31074.0,2025-12-17T11:05:40.265228,16.564320,0.224182,-0.394591,0.542780,0.706704,20.298372,-18.468700,-32.876060,1.815975,0.821233,1.881980,80.443130,53.233450,-169.264947
31098.0,2025-12-17T11:05:40.325636,16.624728,0.209918,-0.390915,0.563904,0.696514,21.444389,-20.724167,-34.262955,1.059117,0.801259,1.801895,84.631561,51.380046,-166.240311
31118.0,2025-12-17T11:05:40.325636,16.624728,0.195912,-0.386417,0.580745,0.689228,20.775583,-21.403193,-34.316658,0.751074,0.656903,1.800676,87.632744,49.482626,-164.028720
31142.0,2025-12-17T11:05:40.325636,16.624728,0.182615,-0.380028,0.597200,0.682336,19.592697,-21.240871,-34.136208,0.913112,0.652892,2.057570,90.181227,47.453583,-162.378894
31168.0,2025-12-17T11:05:40.387811,16.686903,0.162673,-0.367295,0.621874,0.672239,19.397076,-23.252899,-34.731949,1.306605,0.790637,2.866835,93.455130,44.118397,-160.629344
31193.0,2025-12-17T11:05:40.389839,16.688931,0.138429,-0.350222,0.650481,0.659588,19.379618,-26.094475,-35.440388,1.368775,0.773239,3.024294,96.859578,39.948228,-159.137666
31207.0,2025-12-17T11:05:40.389839,16.688931,0.118114,-0.334712,0.676948,0.644793,17.265879,-26.284382,-34.264252,1.523772,0.764679,2.743731,100.041526,36.267393,-158.090851
31230.0,2025-12-17T11:05:40.444508,16.743600,0.105532,-0.327545,0.694482,0.631879,15.657008,-25.646358,-32.744171,1.716806,1.062876,2.293528,102.495810,34.091707,-157.150168
31256.0,2025-12-17T11:05:40.507742,16.806835,0.090972,-0.324951,0.715799,0.611362,14.999182,-26.202293,-30.938946,1.733543,1.462055,1.686007,106.123769,31.840760,-155.375626
31280.0,2025-12-17T11:05:40.509380,16.808472,0.078851,-0.324728,0.736114,0.588617,16.226227,-28.618612,-30.895666,1.619996,1.244089,1.155044,109.866852,29.892094,-153.617350
31305.0,2025-12-17T11:05:40.509380,16.808472,0.067697,-0.324863,0.744907,0.578788,16.356165,-28.267174,-29.842215,0.399017,0.896044,0.931428,111.409442,28.483718,-152.517247
31348.0,2025-12-17T11:05:40.624342,16.923434,0.053267,-0.319489,0.753544,0.572067,15.434416,-28.414871,-28.236170,-0.030981,0.214297,0.880251,112.309886,26.475655,-151.976925
31374.0,2025-12-17T11:05:40.684558,16.983650,0.048200,-0.317055,0.757857,0.568160,16.003284,-28.164295,-28.698624,-0.087140,0.324670,0.725102,112.834435,25.679314,-151.806198
31398.0,2025-12-17T11:05:40.684558,16.983650,0.046493,-0.316470,0.759138,0.566916,15.354547,-26.519222,-28.499809,-0.245545,0.018046,0.333669,113.001105,25.430353,-151.727348
31467.0,2025-12-17T11:05:40.684558,16.983650,0.075108,-0.326323,0.724712,0.602216,17.446842,-32.545513,-34.068691,-2.074868,-1.041623,-1.421684,107.729423,30.125565,-153.752159
31511.0,2025-12-17T11:05:40.804345,17.103437,0.110092,-0.351107,0.689776,0.623548,18.723255,-30.304062,-33.508141,-1.089689,-0.872525,-2.011546,104.201940,36.138680,-154.547374
31544.0,2025-12-17T11:05:40.804345,17.103437,0.168727,-0.336591,0.686126,0.622470,16.736607,-29.430099,-28.803471,0.821795,-3.288803,-1.472366,102.789955,40.584733,-160.634113
31569.0,2025-12-17T11:05:40.810010,17.109102,0.220869,-0.319103,0.680006,0.622079,14.567732,-24.610804,-28.637430,1.262934,-4.799290,-1.835419,100.326496,44.218667,-167.166465
31592.0,2025-12-17T11:05:40.810010,17.109102,0.302335,-0.325096,0.668748,0.596391,15.969908,-28.076628,-28.980949,2.408811,-3.836511,-4.678790,99.984690,52.386014,-173.017555
31653.0,2025-12-17T11:05:40.864426,17.163518,0.587507,-0.408488,0.524212,0.461708,13.893705,-21.535387,-18.844294,1.255810,-4.567424,-9.133508,2.005763,83.295391,78.109772
31679.0,2025-12-17T11:05:40.864426,17.163518,0.625693,-0.412675,0.493732,0.440948,13.127846,-17.910419,-17.714434,1.203638,-3.611943,-4.859774,-25.234322,79.048030,49.420639
31703.0,2025-12-17T11:05:40.926995,17.226088,0.659630,-0.406932,0.473530,0.418406,9.858453,-14.382437,-16.379681,1.607565,-1.835135,-2.803980,-32.539669,74.847877,39.595832
31728.0,2025-12-17T11:05:40.926995,17.226088,0.682964,-0.403862,0.467238,0.390057,7.363907,-15.952349,-15.452673,1.994532,-0.930277,-2.206151,-38.276535,72.415425,30.953670
31747.0,2025-12-17T11:05:40.926995,17.226088,0.708700,-0.391275,0.465799,0.357324,5.961394,-15.560114,-15.314270,2.900973,-0.904103,-1.964578,-40.469485,70.025829,24.555547
31769.0,2025-12-17T11:05:40.987132,17.286224,0.726025,-0.371483,0.471459,0.335580,5.026057,-15.113811,-15.687366,3.196155,-0.283173,-0.965891,-38.587805,69.052315,22.532256
31794.0,2025-12-17T11:05:41.004427,17.303519,0.738263,-0.351056,0.484587,0.311291,1.974227,-13.162690,-15.454386,3.213755,0.501541,-0.649137,-37.350774,69.077924,19.532872
31818.0,2025-12-17T11:05:41.046007,17.345099,0.747403,-0.338480,0.502415,0.272762,-2.313513,-11.263020,-14.181869,3.280924,0.992112,-1.663902,-41.077823,69.335320,11.045434
31838.0,2025-12-17T11:05:41.046007,17.345099,0.758624,-0.323409,0.518350,0.226297,-4.305564,-11.752188,-12.779078,3.681346,0.904149,-2.068736,-45.298019,68.881588,1.283363
31864.0,2025-12-17T11:05:41.046007,17.345099,0.768689,-0.310041,0.527895,0.185252,-7.128307,-10.310206,-11.011540,3.537408,1.141716,-2.233702,-48.301753,67.887396,-6.488224
31888.0,2025-12-17T11:05:41.106991,17.406083,0.767988,-0.311096,0.538579,0.152793,-7.159670,-6.393917,-11.615423,1.541044,0.888714,-1.824847,-54.154598,67.266416,-15.060376
31913.0,2025-12-17T11:05:41.107834,17.406926,0.770206,-0.321465,0.533438,0.137430,-6.832376,-7.049438,-13.072193,0.188498,-0.462438,-1.743432,-57.249662,65.515318,-18.464526
31932.0,2025-12-17T11:05:41.108653,17.407745,0.779810,-0.319223,0.523727,0.125309,-8.952655,-3.579080,-10.912643,0.965047,-1.272610,-1.220116,-55.964522,63.743058,-18.303708
31956.0,2025-12-17T11:05:41.164730,17.463822,0.797127,-0.307041,0.507211,0.114244,-7.160024,-2.139918,-9.986228,1.828202,-1.968417,-0.954148,-51.524034,61.495299,-15.724411
31982.0,2025-12-17T11:05:41.164730,17.463822,0.807299,-0.290839,0.503524,0.100724,-7.877332,-2.823259,-13.805968,2.029085,-0.923342,-0.341664,-48.671674,60.642422,-15.408286
32002.0,2025-12-17T11:05:41.226527,17.525619,0.818632,-0.263282,0.501930,0.092683,-7.441242,-4.768157,-15.943872,2.479549,-1.112881,0.360663,-43.396020,60.527939,-13.224321
32021.0,2025-12-17T11:05:41.226527,17.525619,0.828937,-0.244227,0.494961,0.090725,-7.718991,-3.429752,-15.093738,2.064961,-1.789736,0.399505,-38.882571,59.870965,-10.486268
32036.0,2025-12-17T11:05:41.226527,17.525619,0.841108,-0.235228,0.478669,0.089892,-6.853869,-5.247677,-17.497589,1.071457,-2.470925,-0.178854,-35.689385,57.942492,-8.011520
32065.0,2025-12-17T11:05:41.284956,17.584049,0.853469,-0.235082,0.456315,0.090025,-6.939658,-4.293074,-17.969059,0.119832,-2.985597,-0.729392,-34.004289,55.207844,-6.124441
32085.0,2025-12-17T11:05:41.284956,17.584049,0.870141,-0.249055,0.416338,0.086542,-4.269221,-4.209831,-17.797432,-0.608313,-3.538806,-1.613437,-34.323679,50.143555,-5.082455
32109.0,2025-12-17T11:05:41.284956,17.584049,0.878826,-0.269895,0.385034,0.081054,-1.638060,-5.583168,-16.836733,-1.572067,-2.713600,-2.127486,-36.447356,46.096443,-5.409496
32132.0,2025-12-17T11:05:41.347728,17.646821,0.879896,-0.309998,0.353313,0.069671,-2.384759,-5.277808,-16.607111,-2.536233,-2.342041,-2.883829,-41.643483,41.678753,-7.419327
32151.0,2025-12-17T11:05:41.348268,17.647361,0.874683,-0.357809,0.323450,0.047768,-4.228785,-4.207020,-16.566422,-3.081008,-1.745692,-4.079899,-48.056865,36.871068,-10.654177
32167.0,2025-12-17T11:05:41.348268,17.647361,0.866252,-0.404413,0.292627,0.020659,-4.755485,-3.965253,-16.836304,-3.288386,-1.354612,-4.749531,-53.925216,31.579905,-13.639582
32190.0,2025-12-17T11:05:41.408843,17.707935,0.854251,-0.443926,0.270495,-0.004290,-3.072660,-5.542686,-17.589064,-3.461887,-0.879037,-5.023628,-58.866839,27.279497,-16.168202
32209.0,2025-12-17T11:05:41.408843,17.707935,0.833549,-0.494213,0.244223,-0.036124,-0.913270,-8.240972,-16.746197,-3.455495,-0.469933,-4.621912,-65.011271,21.804267,-18.957052
32234.0,2025-12-17T11:05:41.410649,17.709741,0.818970,-0.523857,0.226221,-0.060714,-1.218125,-9.472172,-16.505363,-2.762608,-0.050464,-4.104229,-68.500965,17.874025,-20.703031
32250.0,2025-12-17T11:05:41.464867,17.763959,0.801285,-0.551232,0.211324,-0.097100,-3.171136,-8.808243,-15.373610,-1.295040,0.609559,-3.537080,-71.853945,13.391972,-23.543729
32275.0,2025-12-17T11:05:41.464867,17.763959,0.790117,-0.563060,0.202728,-0.132592,-0.727144,-10.428817,-11.149782,-0.303997,1.490522,-3.154516,-73.263333,9.848505,-26.383085
32300.0,2025-12-17T11:05:41.524366,17.823458,0.776543,-0.577383,0.196586,-0.157998,0.404923,-11.359978,-7.818257,-0.665232,0.928754,-2.298296,-75.053393,7.057460,-28.424643
32325.0,2025-12-17T11:05:41.527839,17.826932,0.762178,-0.591923,0.189379,-0.181241,-2.691646,-10.469025,-9.006548,-0.559835,0.654023,-1.972106,-76.811638,4.250629,-30.122597
32349.0,2025-12-17T11:05:41.527839,17.826932,0.748038,-0.606030,0.181548,-0.200519,-4.124621,-9.986068,-8.350424,-0.651355,0.476998,-1.925200,-78.485331,1.637033,-31.349058
32375.0,2025-12-17T11:05:41.585116,17.884208,0.736718,-0.616648,0.173940,-0.216187,-4.179922,-8.963798,-6.549124,-0.426647,0.527775,-1.342544,-79.689124,-0.592088,-32.214173
32395.0,2025-12-17T11:05:41.587952,17.887044,0.721418,-0.630259,0.173427,-0.228590,-4.526585,-8.011663,-5.904950,-0.800522,0.574315,-1.021973,-81.633825,-2.172889,-33.286095
32419.0,2025-12-17T11:05:41.644714,17.943806,0.705262,-0.645602,0.171869,-0.237203,-5.975892,-7.052742,-6.628246,-1.338433,0.385669,-1.204959,-83.826579,-3.661018,-33.892477
32445.0,2025-12-17T11:05:41.644714,17.943806,0.688788,-0.660181,0.167567,-0.248301,-6.741194,-8.102795,-8.021574,-0.967143,0.347779,-1.310794,-85.841971,-5.567005,-34.469828
32471.0,2025-12-17T11:05:41.644714,17.943806,0.678993,-0.664758,0.162570,-0.265776,-8.798510,-6.678227,-7.606444,0.028461,0.982069,-1.228125,-86.336317,-7.619034,-35.605334
32490.0,2025-12-17T11:05:41.707080,18.006172,0.662134,-0.675740,0.170485,-0.275479,-9.827736,-5.663434,-6.504850,-0.953176,0.980380,-0.584243,-88.341970,-8.426308,-36.992501
32514.0,2025-12-17T11:05:41.707080,18.006172,0.647248,-0.688428,0.175425,-0.276339,-11.431085,-5.782490,-7.785850,-1.345045,0.362896,-0.343840,-90.545822,-8.823545,-37.331989
32539.0,2025-12-17T11:05:41.764486,18.063578,0.634822,-0.699717,0.175367,-0.276845,-10.960202,-5.833680,-6.981795,-0.819742,0.031031,-0.497553,-92.365789,-9.484080,-37.241894
32558.0,2025-12-17T11:05:41.764486,18.063578,0.628235,-0.706879,0.169529,-0.277313,-10.336949,-5.049953,-6.749829,-0.062521,-0.251720,-0.614631,-93.311862,-10.314181,-36.710151
32574.0,2025-12-17T11:05:41.764486,18.063578,0.624339,-0.711080,0.161295,-0.280268,-12.193296,-3.718217,-6.954649,0.161314,0.068189,-0.914779,-93.702173,-11.372125,-36.224761
32607.0,2025-12-17T11:05:41.826054,18.125146,0.615096,-0.719224,0.161148,-0.280008,-11.872049,-4.331425,-6.659365,-0.680528,0.001105,-0.470457,-95.069935,-11.802267,-36.065698
32632.0,2025-12-17T11:05:41.826054,18.125146,0.597807,-0.733530,0.158806,-0.281676,-12.136649,-4.879357,-6.592904,-0.885033,0.015252,-0.735498,-97.461056,-12.906737,-35.769246
32651.0,2025-12-17T11:05:41.826054,18.125146,0.586946,-0.742557,0.156145,-0.282352,-11.290250,-3.591872,-5.201390,-0.500112,-0.024803,-0.643244,-98.971849,-13.652139,-35.431087
32677.0,2025-12-17T11:05:41.886596,18.185688,0.581588,-0.748545,0.150692,-0.280586,-11.302658,-3.634433,-5.423557,-0.248216,-0.054137,-0.462529,-99.861366,-14.168912,-34.700711
32701.0,2025-12-17T11:05:41.886596,18.185688,0.579972,-0.750557,0.148531,-0.279706,-10.610872,-4.105048,-4.883472,0.362211,-0.038668,-0.212403,-100.153355,-14.334520,-34.401963
32720.0,2025-12-17T11:05:41.886596,18.185688,0.586219,-0.748084,0.142705,-0.276322,-9.946476,-4.619877,-4.947610,1.129343,-0.375173,-0.060237,-99.500995,-14.247479,-33.678907
32748.0,2025-12-17T11:05:41.944814,18.243906,0.599078,-0.740472,0.133656,-0.273756,-11.319018,-4.745942,-6.127092,1.935843,-0.456599,-0.121638,-97.845156,-14.198245,-32.854785
32773.0,2025-12-17T11:05:41.944814,18.243906,0.613226,-0.731795,0.118323,-0.272817,-11.397392,-5.291111,-6.382721,1.974988,-0.301512,-0.420627,-95.878082,-14.724716,-31.669371
32798.0,2025-12-17T11:05:42.005877,18.304969,0.619399,-0.727866,0.105822,-0.274514,-12.630595,-5.803069,-6.469255,1.351292,-0.325738,-0.707044,-94.881750,-15.576608,-30.860944
32822.0,2025-12-17T11:05:42.007961,18.307053,0.622945,-0.726313,0.098679,-0.273261,-12.076154,-5.886685,-7.640028,1.000911,-0.297010,-0.347991,-94.445021,-15.902532,-30.201922
32842.0,2025-12-17T11:05:42.064773,18.363866,0.625160,-0.726881,0.096116,-0.267545,-11.312261,-6.033990,-8.258917,0.662685,-0.341681,0.138448,-94.477090,-15.591170,-29.496040
32861.0,2025-12-17T11:05:42.064773,18.363866,0.626920,-0.727865,0.097118,-0.260292,-11.855398,-6.211123,-7.870147,0.517124,-0.328481,0.475348,-94.655757,-14.900684,-28.948168
32879.0,2025-12-17T11:05:42.064773,18.363866,0.631874,-0.725791,0.096211,-0.254373,-11.298000,-6.617039,-7.603051,0.837668,-0.018078,0.448223,-94.265340,-14.338898,-28.421109
32908.0,2025-12-17T11:05:42.126074,18.425167,0.636075,-0.723803,0.099628,-0.248176,-10.691152,-6.765790,-7.576167,0.851136,-0.091821,0.772589,-93.987548,-13.445408,-28.222735
32927.0,2025-12-17T11:05:42.127625,18.426718,0.640820,-0.724296,0.105985,-0.231326,-9.176507,-6.862518,-7.386938,0.545104,-0.588100,1.348218,-94.194463,-11.493826,-27.336481
32951.0,2025-12-17T11:05:42.127625,18.426718,0.639542,-0.728099,0.113466,-0.219051,-8.990082,-7.304155,-6.366834,-0.066090,-0.356968,1.216703,-95.010343,-10.011694,-26.891348
32977.0,2025-12-17T11:05:42.184677,18.483769,0.641561,-0.727879,0.114301,-0.213370,-7.874238,-8.207045,-6.016513,0.492898,0.062414,0.561886,-94.986588,-9.436370,-26.500955
33002.0,2025-12-17T11:05:42.184677,18.483769,0.640151,-0.730182,0.115821,-0.208870,-7.616073,-7.241018,-6.628336,0.304242,-0.112300,0.293761,-95.412557,-9.017751,-26.232938
33021.0,2025-12-17T11:05:42.244790,18.543883,0.633910,-0.736428,0.117808,-0.204823,-8.097853,-7.483977,-6.668887,-0.199687,-0.095738,0.185029,-96.530820,-8.761143,-25.995920
33042.0,2025-12-17T11:05:42.244790,18.543883,0.626869,-0.742909,0.119969,-0.201818,-7.443422,-7.635571,-6.399616,-0.359709,-0.039886,0.159898,-97.707599,-8.595349,-25.860193
33081.0,2025-12-17T11:05:42.306757,18.605850,0.617641,-0.752015,0.120643,-0.196060,-7.522264,-7.535315,-6.439617,-0.535924,0.031846,0.237863,-99.316743,-8.386613,-25.354554
33100.0,2025-12-17T11:05:42.367642,18.666734,0.605925,-0.761844,0.125629,-0.191484,-7.215881,-7.319092,-5.784981,-0.531569,0.020488,0.243352,-101.202475,-8.019941,-25.318585
33133.0,2025-12-17T11:05:42.367642,18.666734,0.603418,-0.763794,0.126963,-0.190751,-7.139302,-7.284587,-5.488866,0.278257,0.090447,0.098522,-101.591230,-7.941721,-25.357133
33151.0,2025-12-17T11:05:42.367642,18.666734,0.603857,-0.762952,0.126875,-0.192780,-7.365896,-7.159778,-5.461213,0.645462,0.187473,-0.047282,-101.441406,-8.102001,-25.513319
33201.0,2025-12-17T11:05:42.425278,18.724370,0.620090,-0.750913,0.123307,-0.190823,-5.769585,-5.656022,-5.772847,1.133139,-0.166230,0.584845,-99.182642,-7.681177,-25.192482
33226.0,2025-12-17T11:05:42.425278,18.724370,0.624596,-0.748499,0.120463,-0.187399,-6.745812,-7.290434,-6.721046,1.049467,-0.349043,0.152900,-98.673516,-7.472767,-24.707162
33250.0,2025-12-17T11:05:42.425278,18.724370,0.626534,-0.748042,0.118330,-0.184082,-6.388222,-7.910310,-6.695302,0.726138,-0.273594,0.137422,-98.530799,-7.303531,-24.269789
33270.0,2025-12-17T11:05:42.486879,18.785971,0.626597,-0.749121,0.116363,-0.180704,-6.340908,-7.487373,-6.842318,0.522363,-0.260278,0.095217,-98.663109,-7.175745,-23.826003
33296.0,2025-12-17T11:05:42.486879,18.785971,0.625613,-0.751490,0.112638,-0.176589,-5.789438,-7.754508,-6.747400,0.262095,-0.201257,0.086994,-98.978488,-7.150392,-23.160294
33320.0,2025-12-17T11:05:42.544363,18.843455,0.620855,-0.756244,0.111449,-0.173819,-5.565164,-8.051146,-6.123394,0.056031,-0.181983,0.028009,-99.786409,-7.152618,-22.793584
33345.0,2025-12-17T11:05:42.544363,18.843455,0.616438,-0.760662,0.109650,-0.171389,-5.439389,-7.947381,-6.104647,0.062314,-0.213124,-0.024202,-100.527363,-7.212779,-22.403725
33364.0,2025-12-17T11:05:42.544363,18.843455,0.612767,-0.764414,0.107894,-0.168956,-5.372052,-7.968514,-5.886033,0.159996,-0.198217,-0.003155,-101.156194,-7.243007,-22.024625
33400.0,2025-12-17T11:05:42.607870,18.906962,0.607427,-0.770396,0.101465,-0.165004,-5.036840,-8.086657,-5.533400,-0.007166,-0.126271,-0.090549,-102.088100,-7.525749,-21.093544
33433.0,2025-12-17T11:05:42.607870,18.906962,0.595107,-0.780048,0.097971,-0.166657,-5.181522,-8.264331,-6.002497,-0.265523,-0.007640,-0.308711,-103.804652,-8.244330,-20.785355
33453.0,2025-12-17T11:05:42.666743,18.965835,0.582440,-0.789288,0.098480,-0.167603,-4.266372,-7.908528,-5.985869,-0.556671,0.115186,-0.129467,-105.567689,-8.618659,-20.775093
33488.0,2025-12-17T11:05:42.666743,18.965835,0.576003,-0.794913,0.094564,-0.165506,-4.557383,-7.874320,-5.334557,-0.147183,0.032751,-0.059412,-106.562810,-8.869641,-20.189818
33521.0,2025-12-17T11:05:42.725999,19.025091,0.565941,-0.802496,0.093331,-0.164318,-5.305169,-8.089196,-5.473271,-0.149492,-0.043853,-0.085775,-108.017623,-9.096058,-19.880564
33554.0,2025-12-17T11:05:42.725999,19.025091,0.559226,-0.807941,0.091030,-0.161898,-5.260676,-7.704059,-5.176280,0.079320,-0.134825,-0.059666,-109.044558,-9.194964,-19.417012
33590.0,2025-12-17T11:05:42.784955,19.084047,0.560813,-0.809059,0.082793,-0.155102,-4.958223,-8.086102,-4.893137,0.540306,-0.256865,-0.001509,-109.085368,-9.097289,-18.171245
33615.0,2025-12-17T11:05:42.784955,19.084047,0.561792,-0.809354,0.078978,-0.151977,-3.829204,-8.375978,-4.965896,0.652321,-0.303033,0.002831,-109.065510,-9.048387,-17.599701
33638.0,2025-12-17T11:05:42.844520,19.143612,0.559885,-0.811336,0.076063,-0.149919,-3.728717,-8.069223,-5.109223,0.376281,-0.229543,-0.046809,-109.407462,-9.096443,-17.158230
33665.0,2025-12-17T11:05:42.844520,19.143612,0.554378,-0.815508,0.073863,-0.148851,-2.946542,-8.110605,-5.013927,0.079724,-0.117573,-0.061927,-110.213402,-9.258154,-16.814811
33699.0,2025-12-17T11:05:42.906084,19.205176,0.549663,-0.819624,0.068729,-0.146162,-2.674285,-8.072948,-5.018953,0.155884,0.029246,-0.016170,-110.968953,-9.441486,-16.086982
33734.0,2025-12-17T11:05:42.908588,19.207680,0.546386,-0.821778,0.067977,-0.146704,-2.917573,-7.741477,-4.673703,0.354288,0.057572,0.016639,-111.407393,-9.603727,-16.015968
33766.0,2025-12-17T11:05:42.965312,19.264404,0.541043,-0.825095,0.068581,-0.147604,-3.514450,-7.549096,-4.698763,0.134230,0.136140,0.020340,-112.111406,-9.750888,-16.074819
33798.0,2025-12-17T11:05:43.024916,19.324008,0.538950,-0.828042,0.061574,-0.141734,-4.074115,-7.711534,-4.176503,0.287101,-0.149267,0.012330,-112.604922,-9.692004,-14.977264
33826.0,2025-12-17T11:05:43.024916,19.324008,0.532795,-0.832489,0.061297,-0.139045,-4.662908,-7.540650,-4.087574,0.050358,-0.093228,0.049743,-113.524582,-9.566361,-14.699718
33862.0,2025-12-17T11:05:43.084566,19.383658,0.525827,-0.837674,0.059718,-0.135063,-3.859007,-7.627410,-4.066692,0.089466,-0.175239,0.037388,-114.590298,-9.408636,-14.204776
33896.0,2025-12-17T11:05:43.084566,19.383658,0.521148,-0.842021,0.052745,-0.128930,-2.309993,-7.530686,-4.471498,0.131397,-0.215006,-0.015664,-115.419629,-9.331589,-13.073547
33927.0,2025-12-17T11:05:43.146585,19.445677,0.515710,-0.846077,0.047607,-0.126216,-0.793721,-7.974512,-4.435777,0.177956,-0.299727,-0.104782,-116.247411,-9.466705,-12.336369
33954.0,2025-12-17T11:05:43.146585,19.445677,0.511822,-0.850233,0.037875,-0.117085,1.155829,-8.642990,-4.094543,0.241463,-0.912763,-0.123531,-117.035328,-9.225978,-10.758649
33979.0,2025-12-17T11:05:43.207186,19.506278,0.509956,-0.853437,0.026550,-0.104334,2.015215,-8.443983,-4.259322,0.364727,-1.455957,-0.116295,-117.608852,-8.685201,-8.829212
34005.0,2025-12-17T11:05:43.209201,19.508293,0.508937,-0.856003,0.013953,-0.089706,1.275187,-7.874518,-3.854389,0.371243,-1.280276,-0.056942,-118.064464,-8.011694,-6.680530
34024.0,2025-12-17T11:05:43.209603,19.508696,0.504347,-0.859558,0.006688,-0.082159,1.673624,-7.390578,-3.956710,0.173214,-0.796365,-0.073686,-118.825848,-7.729401,-5.464885
34048.0,2025-12-17T11:05:43.264803,19.563895,0.501687,-0.861536,0.003713,-0.077799,1.766018,-5.546618,-4.111072,-0.260661,-0.524249,-0.046544,-119.254021,-7.488521,-4.886733
34073.0,2025-12-17T11:05:43.264803,19.563895,0.490240,-0.867310,0.001257,-0.086234,2.621729,-8.111539,-2.783349,-0.509675,0.479699,-0.461625,-120.670527,-8.531320,-5.031363
34098.0,2025-12-17T11:05:43.325572,19.624665,0.482534,-0.871136,-0.002592,-0.090973,1.929022,-7.200507,-2.139906,-0.207107,0.426671,-0.302097,-121.642256,-9.265013,-4.840362
34118.0,2025-12-17T11:05:43.325572,19.624665,0.474071,-0.874908,0.001259,-0.098950,0.048258,-6.810860,-2.001006,-0.179586,0.700235,0.015906,-122.612714,-9.901272,-5.593738
34144.0,2025-12-17T11:05:43.325572,19.624665,0.465305,-0.878752,0.005394,-0.106096,-1.745317,-6.122609,-2.190666,-0.345952,0.796883,0.010483,-123.618440,-10.453899,-6.317590
34168.0,2025-12-17T11:05:43.387400,19.686492,0.458287,-0.881352,0.007284,-0.114625,-0.086615,-7.201099,-2.801324,-0.036222,0.700303,-0.114159,-124.370942,-11.266536,-6.904742
34194.0,2025-12-17T11:05:43.389452,19.688544,0.455918,-0.882613,0.004534,-0.114507,-1.064375,-6.983593,-2.899422,0.245964,0.193571,-0.006068,-124.703139,-11.419787,-6.585455
34218.0,2025-12-17T11:05:43.444357,19.743449,0.451347,-0.884928,0.004448,-0.114756,-1.250790,-6.977970,-2.433345,0.177248,0.067315,0.043272,-125.295952,-11.483513,-6.530880
34238.0,2025-12-17T11:05:43.444357,19.743449,0.446021,-0.887710,0.005006,-0.114068,-0.297081,-7.054918,-2.391676,0.080919,0.001273,0.139968,-125.997520,-11.423160,-6.481173
34279.0,2025-12-17T11:05:43.506098,19.805190,0.442351,-0.890287,0.002491,-0.108203,3.850750,-7.531754,-2.403325,0.306176,-0.419642,0.213070,-126.594549,-10.979664,-5.856066
34306.0,2025-12-17T11:05:43.508142,19.807234,0.439203,-0.892866,-0.002170,-0.099430,3.672605,-7.137677,-2.064296,0.227045,-0.460858,0.210675,-127.174068,-10.338393,-4.866920
34325.0,2025-12-17T11:05:43.508142,19.807234,0.434070,-0.895550,-0.000556,-0.097842,3.485930,-6.912977,-2.094634,0.110817,-0.097917,0.324526,-127.847943,-10.121033,-4.891695
34356.0,2025-12-17T11:05:43.565492,19.864584,0.426617,-0.899429,-0.000353,-0.095001,4.967166,-6.656796,-1.340517,-0.018714,-0.246095,0.275339,-128.844210,-9.857255,-4.682192
34392.0,2025-12-17T11:05:43.565492,19.864584,0.421554,-0.902263,-0.005193,-0.090477,4.781464,-6.206452,-1.764902,0.069687,-0.229829,0.097106,-129.585628,-9.651049,-3.891766
34414.0,2025-12-17T11:05:43.626678,19.925770,0.412987,-0.906363,-0.008152,-0.088776,3.481792,-6.606287,-1.726685,-0.063296,-0.248686,0.000866,-130.719460,-9.651763,-3.404816
34450.0,2025-12-17T11:05:43.626678,19.925770,0.402070,-0.910970,-0.008640,-0.091640,0.778416,-5.642852,-2.036476,-0.099404,0.126492,-0.016956,-132.074395,-10.015290,-3.373676
34482.0,2025-12-17T11:05:43.687440,19.986533,0.387890,-0.916565,-0.010264,-0.096664,0.139696,-4.986903,-1.504395,-0.325521,0.226421,-0.166252,-133.817776,-10.670437,-3.277004
34515.0,2025-12-17T11:05:43.718936,20.018028,0.374614,-0.922158,-0.014614,-0.095269,-0.594564,-5.537607,-1.974209,-0.475792,0.070633,-0.087786,-135.538401,-10.757671,-2.591750
34544.0,2025-12-17T11:05:43.744859,20.043952,0.360482,-0.927795,-0.014609,-0.095058,0.064832,-5.000925,-1.625574,-0.433355,-0.019334,0.032708,-137.306112,-10.773200,-2.416821
34571.0,2025-12-17T11:05:43.744859,20.043952,0.345191,-0.933633,-0.013940,-0.094754,1.247000,-4.675674,-0.887370,-0.660984,-0.055107,0.093828,-139.202130,-10.751801,-2.297645
34595.0,2025-12-17T11:05:43.806599,20.105691,0.331193,-0.938971,-0.014813,-0.091790,1.967624,-4.329630,-0.680229,-0.833949,-0.044723,0.163130,-140.965935,-10.497234,-1.922256
34620.0,2025-12-17T11:05:43.806599,20.105691,0.317854,-0.943573,-0.013601,-0.091947,2.649060,-4.114091,-0.629027,-0.621650,-0.062902,0.174506,-142.590971,-10.495867,-1.910717
34639.0,2025-12-17T11:05:43.806599,20.105691,0.309306,-0.946406,-0.014105,-0.091899,3.155406,-3.617636,-0.367449,-0.183453,-0.142525,0.101342,-143.641083,-10.525564,-1.757388
34667.0,2025-12-17T11:05:43.865170,20.164262,0.302342,-0.948751,-0.014667,-0.090807,2.980289,-3.352242,-0.558049,-0.040867,-0.222603,0.134282,-144.504480,-10.438199,-1.577843
34703.0,2025-12-17T11:05:43.924603,20.223696,0.296330,-0.951086,-0.018392,-0.085351,3.993248,-3.063496,-0.577550,0.077346,-0.182113,0.112422,-145.309832,-9.977043,-0.907525
34738.0,2025-12-17T11:05:43.924603,20.223696,0.283660,-0.954546,-0.020431,-0.089232,2.816704,-2.917866,-0.024405,-0.175543,0.027688,-0.032248,-146.837452,-10.482959,-0.677034
34774.0,2025-12-17T11:05:43.985059,20.284152,0.261250,-0.960424,-0.025350,-0.093222,3.804989,-2.457394,-1.068130,-0.744215,-0.107389,-0.191855,-149.565600,-11.087678,-0.000842
34800.0,2025-12-17T11:05:43.988543,20.287635,0.249388,-0.963776,-0.029755,-0.089752,2.511752,-1.880859,0.226749,-0.674252,-0.157234,-0.099302,-151.054098,-10.826958,0.734269
34819.0,2025-12-17T11:05:43.988543,20.287635,0.237550,-0.966559,-0.031001,-0.091500,3.008096,-1.639299,0.024529,-0.431416,-0.150842,0.023570,-152.477208,-11.046705,0.960811
34847.0,2025-12-17T11:05:44.044654,20.343746,0.229039,-0.968378,-0.031635,-0.093726,3.200633,-1.371635,-0.086139,-0.240009,-0.140438,0.091509,-153.492105,-11.304036,1.071365
34882.0,2025-12-17T11:05:44.106724,20.405816,0.220593,-0.969923,-0.032174,-0.097737,3.690004,-1.040742,0.090285,-0.172090,-0.128395,0.120136,-154.490195,-11.758619,1.129157
34910.0,2025-12-17T11:05:44.109195,20.408287,0.213218,-0.971887,-0.034838,-0.093591,4.304403,-1.109857,0.315025,-0.117893,-0.107401,0.112611,-155.413828,-11.348504,1.625137
34944.0,2025-12-17T11:05:44.164954,20.464046,0.209086,-0.972274,-0.036306,-0.098227,5.114648,-1.091052,-0.067598,0.108506,-0.187153,0.107188,-155.907146,-11.899166,1.728903
34980.0,2025-12-17T11:05:44.164954,20.464046,0.214242,-0.971113,-0.040353,-0.097008,5.732294,-1.014001,-1.147696,0.597398,-0.536576,0.083916,-155.342073,-11.870588,2.155587
35005.0,2025-12-17T11:05:44.285993,20.585085,0.214375,-0.971138,-0.038538,-0.097205,2.587226,-0.285288,-2.983094,-0.005282,0.050711,0.150776,-155.305260,-11.848360,1.942584
35029.0,2025-12-17T11:05:44.285993,20.585085,0.204638,-0.972464,-0.038264,-0.104755,2.573328,-1.536662,0.244334,-0.319489,0.346093,0.034516,-156.438746,-12.673850,1.852990
35048.0,2025-12-17T11:05:44.285993,20.585085,0.197530,-0.973026,-0.038624,-0.112744,2.332642,-1.285595,-0.074238,-0.111014,0.353400,0.007884,-157.263979,-13.571819,1.805294
35079.0,2025-12-17T11:05:44.285993,20.585085,0.194448,-0.973778,-0.034981,-0.112795,-2.439377,-0.067086,-1.563703,-0.207494,0.586297,-0.011914,-157.584066,-13.490126,1.429703
35131.0,2025-12-17T11:05:44.408432,20.707525,0.170468,-0.977246,-0.036589,-0.120796,2.400750,-0.381708,1.139779,-0.758637,0.044952,0.099244,-160.436682,-14.392826,1.794401
35155.0,2025-12-17T11:05:44.410447,20.709539,0.160368,-0.978406,-0.036234,-0.125266,3.703232,-0.377717,1.253142,-0.598237,-0.127498,0.104386,-161.620985,-14.876969,1.821827
35175.0,2025-12-17T11:05:44.410447,20.709539,0.156446,-0.978477,-0.035952,-0.129670,3.844186,0.178054,0.971339,-0.319783,-0.188652,0.105583,-162.070861,-15.367376,1.770075
35208.0,2025-12-17T11:05:44.411462,20.710555,0.150272,-0.980226,-0.038745,-0.122775,4.400991,0.629289,0.791423,-0.224081,-0.260179,0.134807,-162.865126,-14.615994,2.313389
35260.0,2025-12-17T11:05:44.464482,20.763574,0.148259,-0.980131,-0.037498,-0.126315,4.024080,0.460431,1.142665,-0.163507,-0.484210,0.106497,-163.078344,-14.994694,2.138856
35286.0,2025-12-17T11:05:44.464482,20.763574,0.150087,-0.979924,-0.038078,-0.125593,4.413594,0.785235,0.685839,-0.054167,-0.543262,0.070878,-162.871177,-14.926089,2.190212
35308.0,2025-12-17T11:05:44.525597,20.824689,0.148525,-0.981099,-0.040565,-0.117218,4.512476,1.072184,0.240882,0.031512,-0.520066,0.041219,-163.108139,-14.007882,2.645056
35340.0,2025-12-17T11:05:44.525597,20.824689,0.151423,-0.980912,-0.042080,-0.114509,4.819942,1.170016,-0.487187,-0.005142,-0.671003,0.009292,-162.789274,-13.732516,2.824885
35359.0,2025-12-17T11:05:44.525597,20.824689,0.147615,-0.982275,-0.044320,-0.106680,11.047600,1.229635,0.167337,-0.316561,-1.066736,0.030331,-163.275744,-12.865466,3.267961
35387.0,2025-12-17T11:05:44.587832,20.886924,0.145872,-0.984406,-0.048509,-0.085514,9.925283,0.886732,-0.127623,-0.099845,-2.277470,0.051905,-163.521018,-10.516140,4.115169
35413.0,2025-12-17T11:05:44.589856,20.888948,0.146815,-0.985578,-0.051334,-0.066676,6.150390,1.863546,-1.367915,0.053704,-1.810872,0.088348,-163.403338,-8.424224,4.732195
35437.0,2025-12-17T11:05:44.644643,20.943735,0.150502,-0.985135,-0.052539,-0.064008,7.160286,1.564221,-1.007795,0.084938,-0.665281,0.060767,-162.976233,-8.159364,4.882433
35457.0,2025-12-17T11:05:44.644643,20.943735,0.150823,-0.984614,-0.053527,-0.070159,9.257090,1.859522,-0.972663,-0.163532,0.027986,-0.041338,-162.962127,-8.876514,4.891223
35487.0,2025-12-17T11:05:44.706208,21.005301,0.152252,-0.984117,-0.053674,-0.073841,8.560240,1.674622,-2.177887,0.075271,0.217233,-0.034296,-162.804623,-9.304447,4.833899
35514.0,2025-12-17T11:05:44.764538,21.063630,0.161980,-0.982671,-0.057347,-0.069504,12.334831,1.014119,0.746680,1.206394,-0.661420,0.083469,-161.688682,-8.927058,5.238112
35538.0,2025-12-17T11:05:44.767837,21.066930,0.177001,-0.980875,-0.058759,-0.055704,11.311815,1.016664,1.631806,1.237524,-1.031924,0.149742,-159.903398,-7.474147,5.530196
35558.0,2025-12-17T11:05:44.768422,21.067515,0.179592,-0.980379,-0.060520,-0.054234,11.019542,0.263178,0.686997,0.307224,-0.641207,0.085903,-159.608002,-7.358465,5.739659
35608.0,2025-12-17T11:05:44.825314,21.124406,0.197020,-0.977743,-0.064794,-0.031677,17.262342,0.026887,-1.394897,1.591685,-2.089195,0.357109,-157.503225,-5.018366,6.584145
35632.0,2025-12-17T11:05:44.825314,21.124406,0.204282,-0.976405,-0.065530,-0.024661,14.319714,1.330120,-0.717609,0.589256,-0.987149,0.258780,-156.621295,-4.297217,6.789595
35652.0,2025-12-17T11:05:44.825314,21.124406,0.203823,-0.976418,-0.067339,-0.023032,16.922415,1.147922,-1.630022,0.004515,-0.618269,0.080811,-156.673488,-4.153415,7.032652
35676.0,2025-12-17T11:05:44.886512,21.185604,0.202050,-0.976678,-0.068910,-0.022978,18.102316,0.940214,-2.049204,-0.113201,-0.491168,0.046338,-156.886863,-4.170865,7.218470
35700.0,2025-12-17T11:05:44.887863,21.186956,0.198300,-0.977240,-0.070634,-0.026277,18.395399,1.096102,-1.459211,-0.287289,-0.226844,-0.008605,-157.351591,-4.552460,7.356007
35724.0,2025-12-17T11:05:44.944710,21.243803,0.189181,-0.978550,-0.073572,-0.035181,18.707790,1.135709,-0.783015,-0.661981,0.092073,-0.143613,-158.482333,-5.548567,7.544192
35743.0,2025-12-17T11:05:44.944710,21.243803,0.180502,-0.979644,-0.076249,-0.043623,17.132517,1.174094,-1.133647,-0.737834,0.151165,-0.195503,-159.559207,-6.488050,7.730103
35763.0,2025-12-17T11:05:44.950864,21.249956,0.175121,-0.980047,-0.077866,-0.052700,15.246124,1.443848,-1.045958,-0.551391,0.310929,-0.150268,-160.248592,-7.502496,7.777448
35790.0,2025-12-17T11:05:45.006475,21.305568,0.170331,-0.979898,-0.077689,-0.068933,13.015495,2.037464,-1.000435,-0.587459,0.903750,-0.101266,-160.888636,-9.297520,7.497621
35816.0,2025-12-17T11:05:45.009290,21.308382,0.162892,-0.979580,-0.077738,-0.088571,11.842365,1.753021,-0.443023,-0.679385,1.053697,-0.112409,-161.845262,-11.469775,7.236334
35840.0,2025-12-17T11:05:45.067782,21.366874,0.163616,-0.977751,-0.076182,-0.106904,6.196067,1.042886,-1.087560,-0.137913,0.957602,0.021812,-161.800121,-13.531462,6.733206
35865.0,2025-12-17T11:05:45.084719,21.383812,0.167351,-0.975815,-0.073140,-0.120119,3.167041,0.889386,-1.638105,0.209357,1.147553,0.096993,-161.340384,-15.005322,6.093909
35884.0,2025-12-17T11:05:45.086236,21.385329,0.169276,-0.974336,-0.073009,-0.129170,7.070627,1.460003,-0.474317,-0.032485,0.276396,0.013095,-161.118479,-16.047100,5.885134
35920.0,2025-12-17T11:05:45.134593,21.433686,0.168736,-0.973872,-0.073480,-0.133049,7.686845,1.481017,-0.441789,0.004755,0.046205,0.106690,-161.193705,-16.495723,5.879482
35949.0,2025-12-17T11:05:45.134593,21.433686,0.171488,-0.972361,-0.073421,-0.140409,8.645669,1.105381,0.513382,0.090484,0.009138,0.084078,-160.864914,-17.351801,5.689582
35987.0,2025-12-17T11:05:45.187840,21.486932,0.173712,-0.970603,-0.074214,-0.149152,8.836784,0.813912,0.742968,0.093475,0.012939,0.044534,-160.609185,-18.380020,5.578221
36024.0,2025-12-17T11:05:45.245763,21.544856,0.180098,-0.969111,-0.076678,-0.150028,8.959886,0.537633,-0.452479,0.616113,-0.166886,0.163001,-159.881409,-18.566584,5.726037
36049.0,2025-12-17T11:05:45.245763,21.544856,0.185473,-0.967151,-0.076597,-0.156048,6.895695,0.238618,0.939545,0.396519,-0.050209,0.175987,-159.221215,-19.284351,5.488298
36075.0,2025-12-17T11:05:45.245763,21.544856,0.184050,-0.966283,-0.076968,-0.162785,8.918210,-0.024555,2.027538,0.002077,0.013446,0.084746,-159.391978,-20.055147,5.425896
36097.0,2025-12-17T11:05:45.364745,21.663838,0.181045,-0.965914,-0.077813,-0.167865,7.551541,-0.037460,1.084609,-0.117932,-0.096215,0.044206,-159.768352,-20.638007,5.490415
36135.0,2025-12-17T11:05:45.364745,21.663838,0.175783,-0.966653,-0.079619,-0.168357,6.259434,0.731460,-0.108822,-0.147113,-0.080784,-0.009334,-160.449567,-20.700064,5.812743
36168.0,2025-12-17T11:05:45.364745,21.663838,0.176505,-0.964863,-0.080104,-0.177394,5.849376,1.064858,-0.170429,-0.086239,0.063444,0.000943,-160.359351,-21.752607,5.681936
36199.0,2025-12-17T11:05:45.369223,21.668315,0.176416,-0.962912,-0.080267,-0.187713,5.631205,0.811817,0.104612,-0.099883,0.168173,0.008310,-160.353922,-22.943413,5.505316
36237.0,2025-12-17T11:05:45.424770,21.723863,0.170841,-0.963299,-0.081749,-0.190225,5.632478,0.120142,0.961845,-0.107292,0.190681,-0.036558,-161.074811,-23.229795,5.777328
36270.0,2025-12-17T11:05:45.485862,21.784955,0.168162,-0.960725,-0.082543,-0.204734,5.568308,0.199140,1.507334,-0.095978,0.291509,-0.015499,-161.398446,-24.906983,5.678567
36306.0,2025-12-17T11:05:45.488872,21.787964,0.160560,-0.961261,-0.084595,-0.207462,5.383488,0.747640,0.506444,-0.276895,0.296715,-0.020606,-162.398584,-25.215015,6.092127
36329.0,2025-12-17T11:05:45.544522,21.843614,0.158448,-0.959761,-0.084480,-0.215907,4.799809,0.850400,0.395605,-0.270638,0.122070,-0.021270,-162.646574,-26.181138,5.996007
36363.0,2025-12-17T11:05:45.544522,21.843614,0.160761,-0.957235,-0.083600,-0.225538,3.459916,1.166492,-0.150978,-0.117264,0.212893,-0.002126,-162.307059,-27.301002,5.653256
36399.0,2025-12-17T11:05:45.606744,21.905836,0.164568,-0.954208,-0.080935,-0.236336,0.658589,0.405336,-0.127911,-0.156005,0.251280,0.047916,-161.703229,-28.533070,5.006583
36435.0,2025-12-17T11:05:45.606744,21.905836,0.161818,-0.953858,-0.077861,-0.240638,-0.449479,-0.280266,0.184644,-0.141093,0.676421,0.152983,-161.940351,-28.964530,4.632156
36457.0,2025-12-17T11:05:45.664571,21.963664,0.170387,-0.945984,-0.071336,-0.266447,1.270475,0.782553,0.249875,0.097290,1.506797,0.191299,-160.431637,-31.898623,2.982131
36477.0,2025-12-17T11:05:45.664571,21.963664,0.173294,-0.943484,-0.065680,-0.274759,-1.635455,0.053813,0.217742,-0.116093,1.315210,0.103639,-159.759720,-32.767173,1.956526
36501.0,2025-12-17T11:05:45.727649,22.026742,0.175745,-0.941962,-0.061484,-0.279357,-3.310081,0.016138,-1.054702,-0.008592,1.044090,0.099385,-159.223809,-33.223001,1.208317
36527.0,2025-12-17T11:05:45.727649,22.026742,0.175199,-0.942330,-0.061965,-0.278353,-1.341371,-0.345298,0.208614,0.059435,0.353715,0.078566,-159.327089,-33.114406,1.316922
36552.0,2025-12-17T11:05:45.729212,22.028304,0.174149,-0.944061,-0.061182,-0.273271,-1.943784,-0.416572,-0.482559,0.086931,0.091893,0.050362,-159.499316,-32.498613,1.381904
36575.0,2025-12-17T11:05:45.788093,22.087185,0.173441,-0.945887,-0.060581,-0.267480,-1.482838,-0.227565,-0.065993,0.046903,0.029030,0.007041,-159.638190,-31.804812,1.471380
36617.0,2025-12-17T11:05:45.788093,22.087185,0.174865,-0.951031,-0.068095,-0.245614,1.381993,0.308894,0.134544,0.293341,-0.868240,-0.001450,-159.916249,-29.405542,2.870228
36645.0,2025-12-17T11:05:45.844420,22.143512,0.173076,-0.955478,-0.069686,-0.228582,-2.259106,-0.641360,-0.616331,0.149919,-0.710890,0.036020,-160.318357,-27.447285,3.491391
36670.0,2025-12-17T11:05:45.844420,22.143512,0.173476,-0.956916,-0.074002,-0.220774,-0.086487,-0.650175,-0.853367,0.628291,-0.483376,0.046044,-160.436901,-26.628256,4.171612
36687.0,2025-12-17T11:05:45.906469,22.205561,0.175666,-0.955286,-0.075760,-0.225458,1.614770,0.013663,0.193580,0.248445,-0.124827,0.035304,-160.184280,-27.217551,4.226166
36730.0,2025-12-17T11:05:45.907991,22.207083,0.175625,-0.955824,-0.075854,-0.223163,0.534842,0.236436,-0.434783,0.101658,0.164942,0.080128,-160.204610,-26.952552,4.286229
36755.0,2025-12-17T11:05:45.965521,22.264613,0.171908,-0.953788,-0.076617,-0.234235,0.811424,-0.253999,-0.126390,0.062727,0.261229,0.079759,-160.640784,-28.239859,4.271668
36790.0,2025-12-17T11:05:45.965521,22.264613,0.162005,-0.953718,-0.078015,-0.241018,0.608740,-0.400085,0.379882,-0.069580,0.158580,0.051806,-161.919452,-29.012716,4.638172
36828.0,2025-12-17T11:05:46.025291,22.324383,0.158710,-0.955795,-0.081180,-0.233833,-0.712995,-0.699667,-0.329298,0.032563,-0.063703,-0.003423,-162.469780,-28.213622,5.271531
36866.0,2025-12-17T11:05:46.087318,22.386410,0.147215,-0.957364,-0.085296,-0.233467,0.495675,-0.654485,1.028457,0.014257,-0.028065,-0.051738,-164.062942,-28.173227,6.159071
36895.0,2025-12-17T11:05:46.087318,22.386410,0.144443,-0.958255,-0.086346,-0.231145,-0.814471,-0.961400,1.427047,-0.142295,-0.180719,-0.081025,-164.450646,-27.900403,6.412845
36916.0,2025-12-17T11:05:46.087318,22.386410,0.139641,-0.960440,-0.087583,-0.224466,0.543560,0.376281,1.355508,-0.266133,-0.257578,-0.063144,-165.098456,-27.105650,6.809607
36948.0,2025-12-17T11:05:46.144671,22.443764,0.143488,-0.960081,-0.086269,-0.224083,0.519553,1.328558,-0.981051,-0.204256,-0.193781,-0.030627,-164.574178,-27.067098,6.534926
36976.0,2025-12-17T11:05:46.144671,22.443764,0.149259,-0.958613,-0.085334,-0.226940,0.645352,1.047592,-1.089966,-0.039700,-0.008451,-0.028122,-163.813922,-27.423816,6.199722
37000.0,2025-12-17T11:05:46.206719,22.505811,0.154918,-0.956895,-0.084387,-0.230721,0.145655,0.202310,-0.443582,0.002155,0.001066,0.004558,-163.059904,-27.884911,5.844970
37036.0,2025-12-17T11:05:46.206719,22.505811,0.153633,-0.959201,-0.086929,-0.220848,-1.708370,-0.319415,0.070862,0.095433,-0.243164,0.006419,-163.315554,-26.768467,6.360146
37068.0,2025-12-17T11:05:46.264943,22.564035,0.160279,-0.957785,-0.089360,-0.221298,3.379786,0.915808,-0.859966,0.242321,-0.400700,-0.023454,-162.545399,-26.907838,6.454031
37094.0,2025-12-17T11:05:46.264943,22.564035,0.160773,-0.956913,-0.092284,-0.223504,2.833786,0.082841,0.442810,0.179905,-0.348852,-0.033488,-162.565024,-27.220806,6.764829
37126.0,2025-12-17T11:05:46.324593,22.623685,0.156505,-0.958866,-0.096207,-0.216392,4.470903,-0.619370,1.346682,0.019033,-0.343841,-0.049164,-163.221763,-26.429468,7.492466
37146.0,2025-12-17T11:05:46.324593,22.623685,0.153804,-0.958828,-0.097992,-0.217692,3.331272,0.315987,1.166364,-0.111978,-0.454353,0.002125,-163.613296,-26.589950,7.773494
37179.0,2025-12-17T11:05:46.387838,22.686930,0.154507,-0.959902,-0.092850,-0.214696,1.763687,0.639780,0.176425,-0.315482,-0.577734,0.353749,-163.378121,-26.159146,7.162341
37203.0,2025-12-17T11:05:46.387838,22.686930,0.151002,-0.961009,-0.088730,-0.213981,3.246501,0.403624,-0.093219,-0.379552,-0.557404,0.434593,-163.703163,-25.980898,6.766617
37226.0,2025-12-17T11:05:46.444753,22.743845,0.146155,-0.963864,-0.086454,-0.205259,3.987056,0.869151,0.003380,-0.300186,-0.451394,0.416502,-164.247603,-24.894927,6.752844
37246.0,2025-12-17T11:05:46.454476,22.753568,0.143917,-0.964115,-0.084993,-0.206267,5.128416,0.195102,0.325951,-0.135204,-0.409243,0.251081,-164.487546,-24.973148,6.620682
37279.0,2025-12-17T11:05:46.507560,22.806653,0.143720,-0.965873,-0.083831,-0.198509,8.627084,1.869848,2.663917,-0.012186,-0.545244,0.160353,-164.479640,-24.051943,6.595102
37304.0,2025-12-17T11:05:46.507560,22.806653,0.147289,-0.966228,-0.081434,-0.195137,5.561984,1.600027,1.197611,0.038048,-0.668145,0.316093,-163.977022,-23.645835,6.259963
37330.0,2025-12-17T11:05:46.507560,22.806653,0.150766,-0.968642,-0.079485,-0.180791,4.027976,1.080283,-0.717990,0.330331,-0.986813,0.461166,-163.502878,-21.975502,6.157657
37349.0,2025-12-17T11:05:46.567471,22.866563,0.153521,-0.969739,-0.074434,-0.174633,6.999899,0.850768,-0.873578,0.104021,-0.877733,0.611075,-163.053933,-21.195453,5.585346
37374.0,2025-12-17T11:05:46.567471,22.866563,0.155255,-0.970564,-0.069613,-0.170456,9.706758,1.311209,-0.055724,0.022199,-0.778600,0.654050,-162.741709,-20.639829,5.039221
37398.0,2025-12-17T11:05:46.624704,22.923796,0.154923,-0.970952,-0.065614,-0.170136,9.254720,0.386564,-0.089647,-0.050441,-0.453227,0.495741,-162.697914,-20.531252,4.575148
37424.0,2025-12-17T11:05:46.624704,22.923796,0.151162,-0.971457,-0.062740,-0.171714,9.850728,0.432020,0.477693,-0.180363,-0.153282,0.368019,-163.092579,-20.646029,4.289042
37444.0,2025-12-17T11:05:46.624704,22.923796,0.152768,-0.971397,-0.059197,-0.171891,8.367775,-0.958345,-2.100509,0.086205,0.035221,0.297703,-162.821365,-20.611822,3.828012
37467.0,2025-12-17T11:05:46.744518,23.043610,0.158253,-0.969676,-0.057445,-0.177155,13.684013,1.733472,0.267900,0.395840,0.151320,0.265343,-162.099098,-21.207568,3.402860
37491.0,2025-12-17T11:05:46.744518,23.043610,0.150791,-0.969179,-0.055257,-0.186817,12.195765,0.159076,1.762053,-0.667001,0.392936,0.105557,-162.931714,-22.258261,3.144520
37510.0,2025-12-17T11:05:46.744518,23.043610,0.145336,-0.967461,-0.053129,-0.200187,8.362820,0.226753,1.006369,-0.462312,0.613264,0.077047,-163.500927,-23.752608,2.793700
37542.0,2025-12-17T11:05:46.744518,23.043610,0.140482,-0.966635,-0.052229,-0.207734,8.574913,0.238512,1.898702,-0.301585,0.656949,0.058347,-164.047852,-24.600012,2.685893
37593.0,2025-12-17T11:05:46.807554,23.106646,0.146242,-0.961551,-0.051066,-0.226772,4.225251,-0.108522,-1.755084,0.530780,0.309819,0.080441,-163.192281,-26.810501,2.046956
37613.0,2025-12-17T11:05:46.866864,23.165956,0.135249,-0.961395,-0.054624,-0.233333,26.263376,0.087301,0.206832,-0.729507,0.361326,-0.492245,-164.650546,-27.608379,2.711063
37639.0,2025-12-17T11:05:46.866864,23.165956,0.112853,-0.962949,-0.055425,-0.238583,17.416840,0.119853,-0.986503,-1.926468,0.018309,-0.372758,-167.494475,-28.164000,3.439659
37665.0,2025-12-17T11:05:46.868621,23.167713,0.103758,-0.960705,-0.054892,-0.251530,5.698050,0.766536,0.218878,-0.711610,0.407231,-0.151832,-168.602036,-29.648846,3.514330
37690.0,2025-12-17T11:05:46.868621,23.167713,0.100667,-0.958943,-0.054244,-0.259522,5.716102,1.091005,1.149098,-0.424358,0.227519,-0.075926,-168.957208,-30.574274,3.448127
37709.0,2025-12-17T11:05:46.924666,23.223758,0.100506,-0.957485,-0.052638,-0.265236,3.529006,1.465717,0.965258,-0.357869,0.099563,-0.035134,-168.905410,-31.231645,3.183438
37742.0,2025-12-17T11:05:46.924666,23.223758,0.098804,-0.959253,-0.052986,-0.259353,3.190214,1.829167,0.810572,-0.190689,-0.034296,0.012680,-169.154409,-30.533442,3.354823
37778.0,2025-12-17T11:05:47.044713,23.343805,0.104714,-0.957720,-0.051176,-0.263039,2.881524,1.228143,1.199977,-0.053886,-0.117011,0.021882,-168.315839,-30.967521,2.870308
37812.0,2025-12-17T11:05:47.044713,23.343805,0.108909,-0.956471,-0.050004,-0.266086,3.416342,1.238988,0.945790,-0.045504,-0.152798,0.025697,-167.717163,-31.325451,2.529217
37834.0,2025-12-17T11:05:47.044713,23.343805,0.106853,-0.958968,-0.050142,-0.257777,3.565008,1.615239,1.275684,-0.177595,-0.139140,0.007123,-168.023907,-30.338992,2.728320
37870.0,2025-12-17T11:05:47.048308,23.347400,0.110070,-0.958250,-0.047706,-0.259548,2.730370,1.599757,0.020802,-0.189666,-0.172031,0.056983,-167.517394,-30.525730,2.281434
37900.0,2025-12-17T11:05:47.165502,23.464595,0.115898,-0.957757,-0.044449,-0.259410,2.423752,1.691293,0.351583,-0.083448,-0.237467,0.123333,-166.653478,-30.477977,1.663142
37935.0,2025-12-17T11:05:47.169696,23.468789,0.116193,-0.960203,-0.044169,-0.250119,5.084892,1.618449,0.027782,-0.071045,-0.147277,0.204716,-166.660788,-29.379583,1.755701
37968.0,2025-12-17T11:05:47.169696,23.468789,0.119553,-0.958448,-0.040378,-0.255840,5.203586,1.483704,0.631574,-0.094461,0.010161,0.202155,-166.067579,-30.004836,1.073787
37997.0,2025-12-17T11:05:47.170709,23.469801,0.124244,-0.955688,-0.038440,-0.264095,3.953599,1.223892,-0.252651,0.010345,0.152142,0.082656,-165.330881,-30.953148,0.524428
38031.0,2025-12-17T11:05:47.224694,23.523787,0.152771,-0.953068,-0.049585,-0.256639,10.125482,2.280736,0.678925,1.290268,-0.295094,0.088874,-162.075810,-30.287528,1.068404
38056.0,2025-12-17T11:05:47.286238,23.585330,0.155103,-0.950395,-0.052743,-0.264407,2.992254,0.030437,-1.102396,0.270165,0.158820,-0.142511,-161.804151,-31.261422,1.222178
38079.0,2025-12-17T11:05:47.346133,23.645225,0.159922,-0.947142,-0.054862,-0.272647,2.142960,0.652333,-0.686872,0.216493,0.263273,-0.167685,-161.160203,-32.277419,1.133096
38098.0,2025-12-17T11:05:47.346133,23.645225,0.161181,-0.944217,-0.057146,-0.281441,3.070261,0.293798,0.666883,0.089226,0.240055,-0.151025,-160.978973,-33.360526,1.179366
38132.0,2025-12-17T11:05:47.350006,23.649098,0.160107,-0.945518,-0.058589,-0.277361,2.593020,0.376684,0.763082,0.006043,0.094344,-0.060069,-161.221206,-32.905929,1.500048
38168.0,2025-12-17T11:05:47.350006,23.649098,0.166941,-0.942872,-0.056412,-0.282737,1.551458,0.528933,0.009894,0.068743,-0.039390,0.122389,-160.166774,-33.504699,0.823037
38194.0,2025-12-17T11:05:47.405427,23.704519,0.165346,-0.941495,-0.054365,-0.288603,1.989443,0.035660,0.603271,-0.097589,-0.124217,0.219738,-160.225861,-34.153705,0.479754
38239.0,2025-12-17T11:05:47.525571,23.824663,0.163627,-0.944568,-0.052205,-0.279806,2.283048,0.226166,0.024747,-0.084663,-0.157525,0.270526,-160.487674,-33.070851,0.482409
38263.0,2025-12-17T11:05:47.527608,23.826700,0.163848,-0.943297,-0.049807,-0.284365,2.989897,0.067402,0.310796,-0.030164,-0.135242,0.274764,-160.308601,-33.559468,0.053674
38291.0,2025-12-17T11:05:47.527608,23.826700,0.163043,-0.942137,-0.048721,-0.288827,3.099966,-0.097066,0.682825,-0.003629,-0.152534,0.218063,-160.313265,-34.063920,-0.164474
38319.0,2025-12-17T11:05:47.527608,23.826700,0.161885,-0.940961,-0.049058,-0.293221,3.094122,-0.084186,1.533257,0.018814,-0.183215,0.135646,-160.419872,-34.590137,-0.181903
38378.0,2025-12-17T11:05:47.586811,23.885903,0.148810,-0.944085,-0.050627,-0.289822,1.240789,0.053236,1.899712,-0.571983,-0.193325,-0.217003,-162.284178,-34.215044,0.646832
38403.0,2025-12-17T11:05:47.588191,23.887283,0.138618,-0.946878,-0.050709,-0.285718,-0.337967,0.647502,2.061185,-0.816918,-0.397308,-0.207021,-163.693815,-33.720278,1.158596
38422.0,2025-12-17T11:05:47.704612,24.003705,0.132637,-0.949690,-0.048088,-0.279615,1.100829,1.359246,1.657387,-0.994522,-0.596541,-0.164015,-164.445093,-32.946176,1.171894
38448.0,2025-12-17T11:05:47.709020,24.008112,0.121476,-0.954167,-0.047889,-0.269287,6.466036,1.604439,1.958788,-1.089472,-0.651652,-0.095738,-165.985897,-31.703578,1.748877
38473.0,2025-12-17T11:05:47.709020,24.008112,0.109552,-0.955848,-0.044457,-0.269030,8.616883,2.181750,1.134725,-1.147439,-0.475054,0.000285,-167.419446,-31.603886,1.752316
38496.0,2025-12-17T11:05:47.709020,24.008112,0.100311,-0.956474,-0.041208,-0.270921,9.812451,2.203277,0.927938,-1.000799,-0.270358,0.027760,-168.495487,-31.770921,1.649838
38541.0,2025-12-17T11:05:47.710468,24.009560,0.092787,-0.957292,-0.040622,-0.270801,7.655545,2.635592,0.532468,-0.568995,0.009200,-0.230334,-169.454759,-31.736253,1.854347
38569.0,2025-12-17T11:05:47.765611,24.064703,0.087946,-0.956228,-0.041403,-0.276005,6.079493,3.028475,1.258702,-0.611050,0.002465,-0.304820,-170.093273,-32.352762,2.078233
38594.0,2025-12-17T11:05:47.765611,24.064703,0.082588,-0.955878,-0.041886,-0.278787,5.434150,3.414829,1.569474,-0.779967,-0.075556,-0.360628,-170.803071,-32.676208,2.316861
38612.0,2025-12-17T11:05:47.824717,24.123810,0.074592,-0.956312,-0.041818,-0.279561,4.145223,3.836958,1.093756,-1.012958,-0.203161,-0.392940,-171.846448,-32.747283,2.608341
38637.0,2025-12-17T11:05:47.824717,24.123810,0.064783,-0.959324,-0.041234,-0.271663,4.096123,4.198737,0.962075,-1.187581,-0.341751,-0.335968,-173.116246,-31.773805,2.961000
38657.0,2025-12-17T11:05:47.824717,24.123810,0.054338,-0.960770,-0.039227,-0.269126,4.537353,4.566851,0.783493,-1.347221,-0.488322,-0.280767,-174.397961,-31.426217,3.098766
38680.0,2025-12-17T11:05:47.888088,24.187180,0.043072,-0.962388,-0.037241,-0.265644,5.065082,4.899649,0.415553,-1.598778,-0.651535,-0.306639,-175.778767,-30.964963,3.262349
38704.0,2025-12-17T11:05:47.888588,24.187680,0.026787,-0.964681,-0.034170,-0.259817,5.018070,5.290470,-0.087722,-1.822722,-0.781109,-0.306920,-177.750240,-30.206074,3.450056
38724.0,2025-12-17T11:05:47.944424,24.243516,0.005942,-0.967134,-0.029938,-0.252429,5.990752,5.772204,-0.666782,-2.090142,-0.883937,-0.291869,179.762207,-29.249985,3.608093
38750.0,2025-12-17T11:05:47.944424,24.243516,-0.015371,-0.969750,-0.024156,-0.242416,8.510269,5.984481,-0.861756,-2.472763,-0.949577,-0.282930,177.304579,-27.996903,3.525863
38774.0,2025-12-17T11:05:47.948897,24.247989,-0.045366,-0.971054,-0.017541,-0.233854,9.703906,6.316577,-1.652813,-2.658562,-0.958799,-0.251021,173.799708,-26.909263,3.554477
38798.0,2025-12-17T11:05:48.004592,24.303685,-0.071555,-0.971923,-0.010643,-0.223903,12.794011,6.679500,-2.620259,-2.559133,-1.143712,-0.149640,170.813119,-25.703220,3.354978
38817.0,2025-12-17T11:05:48.004592,24.303685,-0.092345,-0.973941,-0.003506,-0.207121,17.704159,5.603073,-4.295470,-1.991368,-1.727628,-0.033654,168.573481,-23.753270,2.823252
38833.0,2025-12-17T11:05:48.004592,24.303685,-0.102103,-0.976444,0.003804,-0.190048,17.096079,5.909679,-4.634842,-1.244429,-1.848025,0.127977,167.687237,-21.833984,1.937290
38858.0,2025-12-17T11:05:48.067300,24.366392,-0.111024,-0.978421,0.010572,-0.173937,16.189838,6.346916,-4.970255,-1.402837,-2.222804,0.249360,166.859024,-20.042395,1.093953
38883.0,2025-12-17T11:05:48.067300,24.366392,-0.125679,-0.980210,0.022211,-0.151324,15.465799,5.544725,-6.586369,-1.531262,-2.107668,0.380107,165.438406,-17.592296,-0.330989
38907.0,2025-12-17T11:05:48.124879,24.423971,-0.133932,-0.981850,0.031334,-0.130577,17.247372,4.726823,-7.436323,-1.003559,-2.038893,0.313339,164.677426,-15.355525,-1.577946
38927.0,2025-12-17T11:05:48.124879,24.423971,-0.134910,-0.984251,0.036829,-0.108130,17.445711,4.196628,-8.662256,-0.180120,-1.911073,0.173160,164.677803,-12.873008,-2.547073
38953.0,2025-12-17T11:05:48.124879,24.423971,-0.138418,-0.985339,0.042018,-0.090459,17.013172,4.825053,-9.476590,-0.608531,-1.865394,0.053391,164.330364,-10.946836,-3.372792
38977.0,2025-12-17T11:05:48.188492,24.487584,-0.152294,-0.985105,0.044208,-0.066487,17.763786,3.923229,-10.959082,-1.165649,-1.819943,-0.191697,162.705086,-8.305905,-3.873711
39001.0,2025-12-17T11:05:48.188492,24.487584,-0.165159,-0.984178,0.045096,-0.045631,18.522045,3.630786,-11.679318,-1.188727,-1.726182,-0.271440,161.170644,-6.010647,-4.249472
39021.0,2025-12-17T11:05:48.246933,24.546026,-0.176874,-0.982927,0.044699,-0.023934,18.988689,3.434703,-11.972355,-1.058194,-1.722792,-0.372902,159.741722,-3.604167,-4.563437
39051.0,2025-12-17T11:05:48.247721,24.546813,-0.183317,-0.982052,0.044334,-0.001764,18.860962,3.296323,-13.196291,-0.716928,-1.844312,-0.495780,158.901782,-1.129843,-4.959266
39075.0,2025-12-17T11:05:48.247721,24.546813,-0.184658,-0.981637,0.042165,0.022655,17.306911,3.543450,-14.708570,-0.303986,-1.947707,-0.561720,158.617210,1.656381,-5.231877
39096.0,2025-12-17T11:05:48.305220,24.604312,-0.183722,-0.981175,0.038274,0.045577,16.237852,3.516319,-15.899208,-0.120581,-1.971548,-0.726654,158.589054,4.322770,-5.285337
39115.0,2025-12-17T11:05:48.305220,24.604312,-0.182477,-0.980427,0.033799,0.065748,15.971383,3.629896,-17.043072,-0.083018,-1.937706,-0.815461,158.608315,6.695225,-5.214830
39141.0,2025-12-17T11:05:48.364400,24.663493,-0.182144,-0.979130,0.029467,0.085205,15.651648,3.663719,-18.844984,-0.170050,-1.824591,-0.823739,158.518743,8.981750,-5.154726
39165.0,2025-12-17T11:05:48.364400,24.663493,-0.185180,-0.976593,0.020350,0.107521,15.409924,3.766687,-18.932659,-0.453364,-1.627530,-0.982485,158.049263,11.681532,-4.660526
39190.0,2025-12-17T11:05:48.369402,24.668495,-0.189050,-0.973679,0.010403,0.126890,15.631224,4.200752,-18.945267,-0.587052,-1.568454,-1.115753,157.526112,14.073551,-4.033880
39209.0,2025-12-17T11:05:48.424622,24.723714,-0.193267,-0.969917,-0.001194,0.148008,15.333183,4.578789,-19.711765,-0.616147,-1.596884,-1.198595,156.978746,16.712724,-3.285775
39224.0,2025-12-17T11:05:48.424622,24.723714,-0.197029,-0.966151,-0.011540,0.166131,13.159092,4.709604,-20.095234,-0.654839,-1.618531,-1.253672,156.509277,18.999620,-2.616636
39257.0,2025-12-17T11:05:48.486892,24.785985,-0.200638,-0.962565,-0.020306,0.181107,11.575947,4.749381,-20.479469,-0.751219,-1.604964,-1.313236,156.071496,20.904038,-2.060171
39277.0,2025-12-17T11:05:48.487918,24.787010,-0.208766,-0.955279,-0.036624,0.206197,8.997614,4.782600,-21.567795,-0.852892,-1.514238,-1.275284,155.128192,24.157320,-1.012411
39301.0,2025-12-17T11:05:48.487918,24.787010,-0.214448,-0.949823,-0.048161,0.222549,8.180820,4.672730,-22.199129,-0.853903,-1.392222,-1.251215,154.495285,26.322353,-0.253298
39325.0,2025-12-17T11:05:48.544934,24.844026,-0.220376,-0.943410,-0.061724,0.240003,8.223976,5.170753,-21.229576,-0.857027,-1.327403,-1.296530,153.881865,28.688540,0.697522
39351.0,2025-12-17T11:05:48.544934,24.844026,-0.226763,-0.935856,-0.075331,0.258994,5.954792,5.240523,-19.778557,-0.908273,-1.390147,-1.280178,153.200246,31.260287,1.577794
39370.0,2025-12-17T11:05:48.544934,24.844026,-0.236946,-0.926021,-0.089520,0.279872,1.728701,3.904214,-19.771667,-1.137928,-1.501989,-1.199918,151.999104,34.108153,2.295717
39392.0,2025-12-17T11:05:48.606630,24.905723,-0.247628,-0.917463,-0.100810,0.294584,-1.539341,3.173515,-20.757143,-1.340644,-1.387042,-1.135061,150.698064,36.190125,2.775722
39416.0,2025-12-17T11:05:48.608647,24.907739,-0.259643,-0.908921,-0.112194,0.306368,-3.238267,2.891875,-20.882151,-1.498144,-1.141714,-1.039887,149.237148,37.965652,3.261792
39435.0,2025-12-17T11:05:48.608647,24.907739,-0.275164,-0.898350,-0.125882,0.318443,-3.796700,2.507991,-19.819624,-1.638892,-0.948184,-0.905300,147.322250,39.897984,3.805892
39461.0,2025-12-17T11:05:48.664723,24.963816,-0.289493,-0.888997,-0.136983,0.327284,-4.605471,1.323292,-19.278093,-1.776768,-0.847155,-0.801708,145.487217,41.392942,4.132591
39485.0,2025-12-17T11:05:48.668977,24.968069,-0.310223,-0.876648,-0.150827,0.335412,-6.422363,-0.508248,-18.905666,-1.997938,-0.706070,-0.684702,142.763957,42.973218,4.416181
39507.0,2025-12-17T11:05:48.725110,25.024202,-0.329949,-0.865539,-0.163309,0.339568,-7.463330,-2.017689,-18.293579,-2.090612,-0.550560,-0.623340,140.160969,44.073896,4.680156
39526.0,2025-12-17T11:05:48.725110,25.024202,-0.347827,-0.854885,-0.174945,0.342902,-7.987967,-2.865417,-17.705196,-2.046201,-0.409871,-0.567363,137.762822,45.071170,4.920362
39552.0,2025-12-17T11:05:48.725110,25.024202,-0.364694,-0.844619,-0.185494,0.345267,-8.440105,-3.305951,-17.294422,-2.015311,-0.348118,-0.476391,135.443490,45.933673,5.073881
39576.0,2025-12-17T11:05:48.786071,25.085163,-0.385568,-0.832073,-0.196189,0.347134,-8.946352,-3.426510,-16.968613,-1.964367,-0.345811,-0.298337,132.408948,46.800102,4.927444
39600.0,2025-12-17T11:05:48.789739,25.088831,-0.404555,-0.821079,-0.201693,0.348547,-8.996859,-4.561713,-15.930313,-1.804085,-0.437479,0.016197,129.366882,47.354692,4.164661
39620.0,2025-12-17T11:05:48.789739,25.088831,-0.423987,-0.809891,-0.204699,0.349872,-8.157116,-6.056747,-15.137999,-1.686894,-0.497890,0.184398,126.051898,47.756626,2.974524
39643.0,2025-12-17T11:05:48.844766,25.143859,-0.440789,-0.800186,-0.205806,0.350787,-7.746231,-6.807624,-14.270123,-1.425520,-0.460566,0.316071,123.069225,47.972526,1.722152
39663.0,2025-12-17T11:05:48.844766,25.143859,-0.453617,-0.793170,-0.205046,0.350812,-8.219490,-7.344625,-13.860476,-1.161666,-0.371409,0.404038,120.735580,47.947530,0.599098
39685.0,2025-12-17T11:05:48.905932,25.205024,-0.462813,-0.788551,-0.203524,0.350098,-8.199150,-7.484045,-13.884657,-0.880562,-0.242329,0.467566,119.065043,47.776468,-0.262684
39709.0,2025-12-17T11:05:48.905932,25.205024,-0.470505,-0.785128,-0.200686,0.349175,-7.744912,-7.364676,-13.970444,-0.539359,-0.161232,0.487223,117.632221,47.488577,-1.140397
39729.0,2025-12-17T11:05:48.905932,25.205024,-0.475706,-0.783287,-0.196389,0.348707,-6.538714,-7.285879,-13.696877,-0.187384,-0.122004,0.459180,116.571186,47.148731,-2.031300
39751.0,2025-12-17T11:05:48.967419,25.266511,-0.476749,-0.783100,-0.192583,0.349823,-5.487686,-7.125988,-13.347976,0.190740,-0.138856,0.349309,116.166474,47.013999,-2.684249
39775.0,2025-12-17T11:05:48.967419,25.266511,-0.474854,-0.784237,-0.188007,0.352333,-5.240748,-6.459821,-13.425004,0.478040,-0.153596,0.220099,116.158779,46.985206,-3.338743
39799.0,2025-12-17T11:05:49.025982,25.325074,-0.469954,-0.787443,-0.183719,0.354011,-5.629692,-5.053435,-12.936914,0.624001,-0.101549,0.128552,116.761163,46.903627,-3.642170
39819.0,2025-12-17T11:05:49.025982,25.325074,-0.464550,-0.791086,-0.180426,0.354715,-5.405543,-4.839407,-13.307737,0.600554,0.024688,0.087851,117.556281,46.790433,-3.693072
39838.0,2025-12-17T11:05:49.025982,25.325074,-0.460318,-0.794202,-0.179178,0.353901,-5.481829,-4.671482,-13.930556,0.496623,0.195791,0.045784,118.323187,46.643433,-3.441060
39869.0,2025-12-17T11:05:49.087341,25.386433,-0.457774,-0.796011,-0.181120,0.352144,-5.087189,-4.957249,-14.628897,0.258876,0.430390,-0.023679,118.971660,46.589198,-2.840607
39888.0,2025-12-17T11:05:49.087884,25.386976,-0.457432,-0.797109,-0.185589,0.347751,-5.039154,-4.969791,-15.156414,-0.039540,0.590088,-0.053325,119.506644,46.400594,-1.851046
39920.0,2025-12-17T11:05:49.146737,25.445829,-0.461182,-0.795581,-0.191737,0.342928,-3.783889,-6.405371,-17.163780,-0.478410,0.578189,-0.108749,119.402831,46.261689,-0.929812
39940.0,2025-12-17T11:05:49.168853,25.467945,-0.476397,-0.786784,-0.201751,0.336622,-0.516176,-7.891416,-18.892408,-1.476607,0.271324,-0.108883,117.495024,46.213564,-0.270135
39966.0,2025-12-17T11:05:49.168853,25.467945,-0.501164,-0.771343,-0.212218,0.329892,1.375854,-7.279066,-18.381002,-2.894898,0.103687,0.046853,113.858478,46.189330,-0.271059
39987.0,2025-12-17T11:05:49.204361,25.503453,-0.518583,-0.758318,-0.215803,0.330839,-2.376122,-8.619422,-15.698266,-1.535855,-0.411507,-0.008486,110.699687,46.517596,-1.319045
40012.0,2025-12-17T11:05:49.204361,25.503453,-0.527921,-0.750135,-0.216380,0.334331,-2.256583,-8.732092,-14.576149,-0.915832,-0.539843,-0.081203,108.694601,46.890577,-2.379511
40031.0,2025-12-17T11:05:49.204361,25.503453,-0.534489,-0.743246,-0.215540,0.339778,-1.381733,-9.396322,-14.081186,-0.439919,-0.518230,-0.132381,106.969185,47.348160,-3.623136
40050.0,2025-12-17T11:05:49.264914,25.564007,-0.537293,-0.738717,-0.215414,0.345267,-1.919259,-9.614762,-13.689554,-0.141732,-0.472196,-0.228365,105.937902,47.867107,-4.510704
40083.0,2025-12-17T11:05:49.268525,25.567618,-0.541053,-0.732656,-0.216459,0.351599,-3.065021,-10.062167,-13.203422,-0.219031,-0.338891,-0.294667,104.634881,48.541384,-5.485231
40105.0,2025-12-17T11:05:49.324353,25.623446,-0.544609,-0.730052,-0.219623,0.349558,-7.326618,-12.677228,-11.249529,-0.449757,0.122891,-0.042596,104.204938,48.556495,-5.207357
40130.0,2025-12-17T11:05:49.326930,25.626023,-0.548880,-0.727712,-0.222106,0.346172,-7.029558,-12.372961,-11.812439,-0.589137,0.203000,0.099191,103.745145,48.386852,-4.902588
40156.0,2025-12-17T11:05:49.326930,25.626023,-0.554716,-0.724935,-0.225755,0.340285,-5.629186,-11.824799,-11.783142,-0.684442,0.330587,0.162396,103.232582,48.058618,-4.308119
40178.0,2025-12-17T11:05:49.385425,25.684517,-0.562206,-0.721138,-0.227337,0.334966,-3.172265,-10.299905,-11.460156,-0.561060,0.310296,0.275194,102.288107,47.623647,-4.148418
40202.0,2025-12-17T11:05:49.388054,25.687146,-0.567031,-0.718855,-0.227251,0.331784,-2.030421,-9.703943,-11.923816,-0.309841,0.205059,0.250307,101.633411,47.284001,-4.188126
40224.0,2025-12-17T11:05:49.444661,25.743753,-0.569816,-0.717463,-0.225106,0.331488,-1.789108,-8.993614,-12.362792,-0.031889,-0.010694,0.202649,101.076644,47.071018,-4.611791
40261.0,2025-12-17T11:05:49.444661,25.743753,-0.574164,-0.715085,-0.219360,0.332973,-1.793858,-8.535362,-11.637130,0.064497,-0.212711,0.277979,99.991530,46.727775,-5.747079
40287.0,2025-12-17T11:05:49.505616,25.804708,-0.577425,-0.712543,-0.213388,0.336644,-2.640008,-8.922169,-11.777365,0.086441,-0.363387,0.203142,98.911666,46.566929,-7.074828
40320.0,2025-12-17T11:05:49.505616,25.804708,-0.580472,-0.709927,-0.206129,0.341419,-3.574911,-8.926452,-12.203228,0.138781,-0.402736,0.207674,97.746612,46.391483,-8.646836
40345.0,2025-12-17T11:05:49.564553,25.863645,-0.583793,-0.706816,-0.201025,0.345232,-4.267345,-9.389261,-11.582228,0.033910,-0.392450,0.174319,96.647251,46.281578,-9.907603
40380.0,2025-12-17T11:05:49.564553,25.863645,-0.588137,-0.701856,-0.198722,0.349287,-4.812935,-9.624681,-11.399191,-0.122547,-0.367628,0.068428,95.339511,46.389964,-11.025326
40399.0,2025-12-17T11:05:49.568404,25.867496,-0.593582,-0.696050,-0.195602,0.353431,-4.955275,-9.700765,-11.395745,-0.196186,-0.353948,0.069526,93.782702,46.404280,-12.332800
40435.0,2025-12-17T11:05:49.627857,25.926950,-0.598552,-0.689391,-0.195258,0.358260,-4.756048,-10.152840,-10.544316,-0.295572,-0.324807,-0.132459,92.236799,46.694425,-13.460423
40461.0,2025-12-17T11:05:49.685424,25.984516,-0.603009,-0.681844,-0.197452,0.363982,-4.991028,-10.434375,-10.358183,-0.291740,-0.288919,-0.257340,90.658204,47.263966,-14.481941
40480.0,2025-12-17T11:05:49.685424,25.984516,-0.606293,-0.675829,-0.198902,0.368921,-4.618638,-10.181653,-10.665788,-0.244767,-0.223602,-0.275443,89.370822,47.717795,-15.385861
40511.0,2025-12-17T11:05:49.685424,25.984516,-0.610214,-0.668567,-0.202012,0.373961,-4.862649,-10.321883,-10.192322,-0.363800,-0.181367,-0.354152,87.896656,48.294860,-16.259508
40529.0,2025-12-17T11:05:49.744734,26.043826,-0.614170,-0.661191,-0.205481,0.378681,-4.626701,-9.876445,-10.234044,-0.424736,-0.173892,-0.381130,86.408533,48.864965,-17.099481
40564.0,2025-12-17T11:05:49.744734,26.043826,-0.618777,-0.653192,-0.209682,0.382739,-4.386442,-9.429183,-10.815020,-0.403441,-0.142348,-0.280516,84.818561,49.419815,-17.881102
40586.0,2025-12-17T11:05:49.804509,26.103601,-0.623290,-0.646132,-0.212353,0.385913,-4.093287,-9.129513,-10.774739,-0.462850,-0.140199,-0.242685,83.346462,49.766331,-18.659586
40613.0,2025-12-17T11:05:49.804509,26.103601,-0.629732,-0.637488,-0.214517,0.388624,-4.480552,-9.013960,-9.970181,-0.604660,-0.204172,-0.142054,81.490432,49.966027,-19.616874
40637.0,2025-12-17T11:05:49.864999,26.164091,-0.636679,-0.628903,-0.215685,0.390642,-3.804669,-8.544069,-10.187443,-0.658159,-0.251042,-0.047356,79.611292,49.995635,-20.595861
40666.0,2025-12-17T11:05:49.868900,26.167992,-0.644368,-0.619385,-0.218073,0.391915,-3.420223,-8.601765,-10.012800,-0.707401,-0.217114,-0.013413,77.626592,50.043343,-21.458024
40686.0,2025-12-17T11:05:49.869809,26.168901,-0.654275,-0.607772,-0.219794,0.392720,-3.334476,-8.600573,-9.053570,-0.777711,-0.198600,0.029245,75.191950,49.905086,-22.524568
40708.0,2025-12-17T11:05:49.925105,26.224197,-0.661939,-0.598942,-0.220731,0.392916,-2.933070,-8.529557,-7.979863,-0.826051,-0.211035,0.071815,73.364211,49.719538,-23.302973
40732.0,2025-12-17T11:05:49.925105,26.224197,-0.669207,-0.590068,-0.221274,0.393725,-2.200963,-8.194750,-7.482144,-0.798770,-0.267460,0.028114,71.519446,49.535249,-24.180860
40758.0,2025-12-17T11:05:49.988447,26.287539,-0.676697,-0.579629,-0.223011,0.395446,-1.960660,-8.258535,-7.020262,-0.681751,-0.282239,-0.054427,69.397744,49.485782,-25.206382
40777.0,2025-12-17T11:05:49.988447,26.287539,-0.682731,-0.570258,-0.223046,0.398666,-1.743618,-8.112846,-6.542334,-0.501695,-0.280523,-0.133784,67.398895,49.397756,-26.459600
40809.0,2025-12-17T11:05:49.988447,26.287539,-0.687377,-0.561938,-0.222810,0.402610,-1.606680,-7.616221,-5.962643,-0.402820,-0.302490,-0.200499,65.590913,49.357813,-27.730967
40829.0,2025-12-17T11:05:50.044915,26.344007,-0.691689,-0.552475,-0.222316,0.408550,-1.782155,-7.742230,-5.332433,-0.308158,-0.328182,-0.281501,63.483758,49.373801,-29.389237
40863.0,2025-12-17T11:05:50.044915,26.344007,-0.693966,-0.545026,-0.223057,0.414250,-2.192930,-7.642249,-5.191537,-0.137557,-0.302133,-0.314788,61.810460,49.565014,-30.769616
40888.0,2025-12-17T11:05:50.104777,26.403869,-0.696104,-0.537336,-0.222239,0.421093,-2.587005,-7.650712,-4.381449,-0.089159,-0.258740,-0.310948,60.006623,49.635506,-32.440571
40914.0,2025-12-17T11:05:50.104777,26.403869,-0.698267,-0.530245,-0.222469,0.426346,-2.902825,-8.035591,-4.087985,-0.145939,-0.169177,-0.288358,58.412265,49.713518,-33.776035
40941.0,2025-12-17T11:05:50.167271,26.466363,-0.701140,-0.523403,-0.223335,0.429619,-2.869535,-7.893107,-4.356449,-0.195998,-0.048125,-0.170845,56.975978,49.721120,-34.766249
40979.0,2025-12-17T11:05:50.168841,26.467933,-0.705533,-0.515337,-0.226599,0.430470,-2.526705,-7.647945,-4.067450,-0.284579,0.032637,-0.048147,55.465699,49.766604,-35.368685
41003.0,2025-12-17T11:05:50.224532,26.523624,-0.711064,-0.507799,-0.227254,0.429982,-1.878260,-7.374675,-3.988721,-0.346618,0.049514,0.069907,54.120882,49.452930,-35.846259
41031.0,2025-12-17T11:05:50.224532,26.523624,-0.715867,-0.502266,-0.226403,0.428957,-1.346055,-7.228782,-4.061718,-0.217958,0.058967,0.148401,53.180285,49.029847,-36.144061
41066.0,2025-12-17T11:05:50.285693,26.584785,-0.719755,-0.497764,-0.225988,0.427917,-0.970411,-7.059412,-4.158006,-0.038000,0.044408,0.184640,52.437351,48.704439,-36.334248
41091.0,2025-12-17T11:05:50.289850,26.588942,-0.723646,-0.494669,-0.221403,0.427340,-0.732450,-6.759352,-4.449392,0.061731,-0.035229,0.243824,51.928289,48.006313,-36.657706
41117.0,2025-12-17T11:05:50.346422,26.645514,-0.727192,-0.491744,-0.216284,0.427318,-1.207996,-6.801863,-4.128631,0.098330,-0.126566,0.273352,51.436133,47.292265,-37.061901
41147.0,2025-12-17T11:05:50.347545,26.646637,-0.731431,-0.487884,-0.210130,0.427579,-1.372341,-6.903251,-4.045166,0.069422,-0.219865,0.297000,50.793521,46.436307,-37.596161
41173.0,2025-12-17T11:05:50.347545,26.646637,-0.736391,-0.482211,-0.205810,0.427601,-1.984383,-7.142969,-3.120208,0.004123,-0.263302,0.307063,49.874597,45.684314,-38.121648
41197.0,2025-12-17T11:05:50.406756,26.705849,-0.741693,-0.476244,-0.200786,0.427514,-1.858141,-7.167920,-2.887672,-0.107621,-0.223440,0.278764,48.946373,44.833155,-38.650611
41225.0,2025-12-17T11:05:50.406756,26.705849,-0.747295,-0.469371,-0.197874,0.426717,-1.926269,-7.176984,-2.613041,-0.225392,-0.106325,0.236931,47.912311,44.132242,-39.033858
41257.0,2025-12-17T11:05:50.464397,26.763489,-0.753419,-0.461501,-0.197508,0.424697,-1.904220,-7.198865,-1.895630,-0.371319,0.043754,0.210971,46.769854,43.599074,-39.194284
41283.0,2025-12-17T11:05:50.464397,26.763489,-0.759252,-0.452923,-0.201301,0.421753,-1.593821,-6.937318,-1.779027,-0.483453,0.179941,0.184423,45.518442,43.449826,-39.123312
41305.0,2025-12-17T11:05:50.524321,26.823413,-0.764247,-0.446350,-0.204042,0.418408,-0.911211,-6.665973,-2.074913,-0.451347,0.316101,0.161637,44.622885,43.266247,-38.911879
41332.0,2025-12-17T11:05:50.532354,26.831446,-0.768156,-0.441366,-0.206920,0.415110,-0.425971,-6.325577,-2.429219,-0.372134,0.402348,0.145175,43.973559,43.182569,-38.616537
41351.0,2025-12-17T11:05:50.532354,26.831446,-0.771441,-0.437296,-0.209837,0.411849,-0.310859,-6.231139,-2.707977,-0.280894,0.444329,0.135818,43.465602,43.153328,-38.276721
41382.0,2025-12-17T11:05:50.585576,26.884668,-0.775129,-0.432485,-0.214186,0.407745,-0.035352,-5.993958,-3.261098,-0.171640,0.390174,0.187490,42.866723,43.214454,-37.816030
41411.0,2025-12-17T11:05:50.585576,26.884668,-0.778848,-0.429073,-0.213306,0.404712,0.154622,-5.755940,-3.245294,-0.108237,0.224668,0.257794,42.509537,42.809958,-37.576442
41430.0,2025-12-17T11:05:50.644788,26.943880,-0.783159,-0.425239,-0.210169,0.402072,0.433012,-5.694917,-3.061395,-0.068602,0.072759,0.291214,42.105166,42.155577,-37.474502
41463.0,2025-12-17T11:05:50.648431,26.947523,-0.787552,-0.420388,-0.207747,0.399846,0.690339,-5.751098,-2.839558,0.006308,-0.047578,0.298005,41.521317,41.559979,-37.463107
41496.0,2025-12-17T11:05:50.704432,27.003524,-0.791850,-0.416317,-0.200668,0.399232,0.195563,-6.012070,-1.853822,0.102374,-0.110027,0.226261,41.065265,40.557574,-37.754426
41531.0,2025-12-17T11:05:50.704432,27.003524,-0.794683,-0.412305,-0.194514,0.400809,-0.214272,-6.107144,-1.754630,0.156377,-0.130521,0.087945,40.517299,39.766798,-38.322720
41566.0,2025-12-17T11:05:50.767905,27.066998,-0.796844,-0.406482,-0.192817,0.403280,-0.401263,-6.267642,-1.519442,0.116546,-0.098928,-0.017924,39.594501,39.430471,-38.987025
41602.0,2025-12-17T11:05:50.825680,27.124772,-0.799682,-0.398921,-0.190822,0.406149,-0.550067,-6.286472,-1.483742,-0.072315,-0.028186,-0.102512,38.423727,38.993801,-39.783894
41632.0,2025-12-17T11:05:50.825680,27.124772,-0.803656,-0.388489,-0.190777,0.408434,-0.152554,-5.950904,-1.588506,-0.277729,0.014207,-0.133396,36.844189,38.607487,-40.572035
41666.0,2025-12-17T11:05:50.885692,27.184785,-0.807544,-0.376244,-0.194368,0.410529,0.471377,-5.579692,-1.557729,-0.346000,0.018147,-0.167005,34.941224,38.523789,-41.341770
41693.0,2025-12-17T11:05:50.885692,27.184785,-0.810495,-0.367598,-0.193887,0.412768,0.982830,-5.198711,-1.681698,-0.313170,0.004807,-0.206229,33.656119,38.152372,-42.035586
41726.0,2025-12-17T11:05:50.945172,27.244265,-0.812058,-0.360494,-0.191851,0.416893,1.058602,-4.997493,-1.921009,-0.115575,-0.060154,-0.294763,32.556849,37.746046,-42.948751
41746.0,2025-12-17T11:05:50.945172,27.244265,-0.812720,-0.354221,-0.188574,0.422438,0.672429,-5.018771,-1.857671,0.028189,-0.126873,-0.337221,31.561684,37.285658,-44.036581
41779.0,2025-12-17T11:05:51.064671,27.363763,-0.812931,-0.346904,-0.187483,0.428546,0.252126,-5.244475,-1.747086,0.102537,-0.190253,-0.330406,30.343322,37.024003,-45.217268
41808.0,2025-12-17T11:05:51.064671,27.363763,-0.813822,-0.339902,-0.183385,0.434201,-0.007960,-5.461639,-1.495992,0.041664,-0.173199,-0.278799,29.314100,36.416907,-46.328189
41837.0,2025-12-17T11:05:51.064671,27.363763,-0.815422,-0.332567,-0.180814,0.437941,0.140000,-5.466589,-1.316046,-0.078266,-0.073862,-0.209127,28.291441,35.885568,-47.146675
41875.0,2025-12-17T11:05:51.064671,27.363763,-0.817379,-0.323492,-0.183295,0.440054,0.615401,-5.276515,-1.319583,-0.154446,0.057831,-0.142438,26.928538,35.757118,-47.761091
41902.0,2025-12-17T11:05:51.124451,27.423544,-0.819771,-0.316445,-0.181673,0.441400,1.093421,-4.879088,-1.539164,-0.147828,0.100127,-0.108247,26.036985,35.255043,-48.196431
41938.0,2025-12-17T11:05:51.124451,27.423544,-0.821887,-0.310826,-0.177954,0.442968,1.443626,-4.553876,-1.698094,-0.031225,0.047709,-0.090638,25.416444,34.603095,-48.609905
41975.0,2025-12-17T11:05:51.187668,27.486761,-0.823549,-0.303716,-0.174718,0.446092,1.118466,-4.589956,-1.496112,0.127206,-0.065831,-0.072931,24.534034,33.969239,-49.287053
42002.0,2025-12-17T11:05:51.187668,27.486761,-0.825170,-0.299201,-0.166772,0.449176,0.709530,-4.625436,-1.254860,0.201659,-0.138222,-0.056732,24.200663,32.957670,-49.865284
42036.0,2025-12-17T11:05:51.244773,27.543865,-0.826893,-0.293889,-0.159057,0.452304,0.144831,-4.712113,-0.776339,0.188222,-0.151086,-0.042916,23.775147,31.931222,-50.463651
42073.0,2025-12-17T11:05:51.307177,27.606269,-0.829026,-0.285602,-0.157166,0.454364,0.073039,-4.734400,-0.586131,0.052232,-0.053407,-0.007336,22.781695,31.340537,-50.982039
42107.0,2025-12-17T11:05:51.307177,27.606269,-0.832061,-0.277967,-0.153833,0.454691,0.334900,-4.437146,-0.445758,-0.084039,0.055347,0.018659,22.012938,30.582290,-51.222243
42141.0,2025-12-17T11:05:51.424517,27.723609,-0.834895,-0.270957,-0.151063,0.454656,0.616327,-4.037872,-0.484208,-0.094273,0.114259,0.011127,21.314622,29.909302,-51.387559
42177.0,2025-12-17T11:05:51.424517,27.723609,-0.837163,-0.262505,-0.151324,0.455357,1.017073,-3.744109,-0.715431,-0.045286,0.113672,-0.006450,20.282488,29.500656,-51.693543
42216.0,2025-12-17T11:05:51.424517,27.723609,-0.839253,-0.256967,-0.146131,0.456365,0.890867,-3.627244,-0.944744,0.038409,0.050155,-0.024387,19.851679,28.673872,-51.950784
42253.0,2025-12-17T11:05:51.487987,27.787080,-0.842081,-0.249380,-0.138389,0.457775,0.680153,-3.573515,-1.016599,0.051164,-0.039364,-0.000407,19.304277,27.476746,-52.297054
42291.0,2025-12-17T11:05:51.487987,27.787080,-0.844699,-0.239209,-0.136753,0.458870,0.559316,-3.437021,-0.692793,-0.019244,-0.065545,0.037921,18.185097,26.779757,-52.661172
42326.0,2025-12-17T11:05:51.554686,27.853778,-0.847848,-0.231211,-0.130254,0.459053,0.604714,-3.236116,-0.476151,-0.034990,-0.042047,0.048196,17.596252,25.667469,-52.826403
42363.0,2025-12-17T11:05:51.558002,27.857095,-0.850788,-0.223534,-0.124277,0.459073,0.588872,-2.910391,-0.317705,-0.034474,0.002587,0.041526,17.031511,24.626608,-52.957415
42407.0,2025-12-17T11:05:51.606986,27.906079,-0.851655,-0.221385,-0.125099,0.458283,0.742589,-2.791675,-0.497231,-0.035912,0.033363,0.049991,16.772982,24.582107,-52.890766
42442.0,2025-12-17T11:05:51.667046,27.966139,-0.853004,-0.219802,-0.124089,0.456807,0.823285,-2.632310,-0.727509,-0.030646,0.031895,0.078080,16.689605,24.362695,-52.713368
42484.0,2025-12-17T11:05:51.667046,27.966139,-0.854443,-0.217777,-0.123558,0.455231,0.918864,-2.558361,-0.681215,-0.006839,0.001762,0.104987,16.535421,24.168636,-52.531887
42524.0,2025-12-17T11:05:51.724785,28.023877,-0.855755,-0.216994,-0.120832,0.453869,0.763375,-2.494493,-0.567592,0.041473,-0.041831,0.112886,16.622167,23.814574,-52.351735
42559.0,2025-12-17T11:05:51.786495,28.085587,-0.857020,-0.216379,-0.117721,0.452591,0.684834,-2.450168,-0.336921,0.062211,-0.060526,0.116558,16.742913,23.430792,-52.181080
42591.0,2025-12-17T11:05:51.786495,28.085587,-0.857988,-0.215350,-0.116059,0.451677,0.672080,-2.317961,-0.247272,0.075041,-0.053242,0.100386,16.735061,23.184397,-52.071557
42625.0,2025-12-17T11:05:51.844849,28.143941,-0.858678,-0.215367,-0.113080,0.451112,0.581587,-2.257736,-0.072351,0.102359,-0.042058,0.068328,16.898222,22.861719,-51.990249
42661.0,2025-12-17T11:05:51.844849,28.143941,-0.858842,-0.215642,-0.110632,0.451275,0.503696,-2.297221,0.072313,0.113044,-0.012488,0.014288,17.044007,22.622564,-52.005492
42700.0,2025-12-17T11:05:51.907130,28.206222,-0.858314,-0.215612,-0.110338,0.452364,0.318846,-2.343740,0.032275,0.123647,0.007041,-0.038892,17.026108,22.611500,-52.153720
42735.0,2025-12-17T11:05:51.916727,28.215819,-0.857743,-0.215648,-0.109089,0.453731,0.264492,-2.397864,-0.135821,0.094878,0.029170,-0.067266,17.055035,22.509233,-52.337931
42770.0,2025-12-17T11:05:51.966851,28.265944,-0.857379,-0.214930,-0.108833,0.454820,0.345997,-2.385515,-0.402251,0.032051,0.054004,-0.072003,16.959251,22.465806,-52.497889
42811.0,2025-12-17T11:05:52.024409,28.323501,-0.857041,-0.213276,-0.110144,0.455920,0.484661,-2.438148,-0.582132,0.002255,0.042953,-0.063190,16.681991,22.536364,-52.676799
42847.0,2025-12-17T11:05:52.024409,28.323501,-0.857193,-0.211397,-0.109077,0.456765,0.409710,-2.504447,-0.650083,-0.003620,0.000465,-0.039021,16.504825,22.340932,-52.821851
42889.0,2025-12-17T11:05:52.087048,28.386141,-0.857361,-0.209176,-0.108675,0.457566,0.507790,-2.524615,-0.640803,0.006658,-0.039942,-0.023181,16.258618,22.195648,-52.966998
42920.0,2025-12-17T11:05:52.144331,28.443423,-0.857617,-0.207709,-0.106189,0.458337,0.603214,-2.420362,-0.380066,0.034419,-0.063364,-0.022799,16.201357,21.872426,-53.092135
42958.0,2025-12-17T11:05:52.147359,28.446451,-0.857250,-0.207287,-0.102747,0.459997,0.504734,-2.329566,-0.181844,0.117610,-0.081514,-0.061333,16.285207,21.522263,-53.320291
42998.0,2025-12-17T11:05:52.204585,28.503677,-0.856317,-0.207322,-0.101135,0.462072,0.121261,-2.395889,0.044646,0.175350,-0.074607,-0.086368,16.317857,21.395428,-53.600112
43024.0,2025-12-17T11:05:52.204585,28.503677,-0.855454,-0.207838,-0.098609,0.463980,-0.126165,-2.476576,0.066119,0.183048,-0.047801,-0.092549,16.454303,21.196991,-53.849418
43057.0,2025-12-17T11:05:52.267095,28.566188,-0.855067,-0.207642,-0.097134,0.465092,-0.464345,-2.609479,-0.058625,0.109964,-0.003205,-0.043106,16.480145,21.054565,-54.002620
43101.0,2025-12-17T11:05:52.327937,28.627030,-0.855552,-0.205494,-0.097895,0.464994,-0.339180,-2.485747,-0.223849,-0.024165,0.008017,0.027429,16.209411,21.015210,-54.022295
43138.0,2025-12-17T11:05:52.327937,28.627030,-0.856913,-0.202446,-0.097639,0.463878,-0.084862,-2.279189,-0.128936,-0.087885,0.009580,0.068573,15.917365,20.803061,-53.916523
43173.0,2025-12-17T11:05:52.384530,28.683622,-0.858151,-0.199735,-0.097329,0.462827,0.267005,-2.095266,-0.063175,-0.093842,0.016947,0.063425,15.663301,20.605504,-53.814128
43210.0,2025-12-17T11:05:52.388150,28.687243,-0.858524,-0.197700,-0.098503,0.462762,0.504302,-1.963641,-0.012855,-0.027322,0.026697,0.010142,15.383801,20.616472,-53.836786
43246.0,2025-12-17T11:05:52.448056,28.747148,-0.858218,-0.197572,-0.096966,0.463708,0.343112,-2.032445,-0.168474,0.084777,0.018387,-0.045562,15.425350,20.466933,-53.964953
43283.0,2025-12-17T11:05:52.505436,28.804528,-0.857618,-0.197241,-0.096746,0.465003,0.163612,-2.175532,-0.218222,0.108294,0.008460,-0.052175,15.369482,20.449275,-54.144942
43317.0,2025-12-17T11:05:52.505436,28.804528,-0.857698,-0.196618,-0.095308,0.465416,0.017910,-2.259281,-0.332247,0.067441,0.001161,-0.008337,15.365654,20.273924,-54.208266
43354.0,2025-12-17T11:05:52.567061,28.866153,-0.858394,-0.195006,-0.094041,0.465068,0.005002,-2.283579,-0.333327,0.007423,-0.006363,0.036035,15.264005,20.049441,-54.182830
43394.0,2025-12-17T11:05:52.567061,28.866153,-0.859248,-0.192846,-0.094412,0.464316,0.047083,-2.214046,-0.220873,-0.010103,-0.013108,0.065226,15.028724,19.957953,-54.112307
43427.0,2025-12-17T11:05:52.626749,28.925841,-0.860276,-0.191038,-0.092785,0.463487,0.204029,-2.043743,-0.179007,-0.006732,-0.019539,0.064833,14.935544,19.677681,-54.023939
43464.0,2025-12-17T11:05:52.684662,28.983754,-0.861057,-0.189554,-0.090987,0.463003,0.261052,-1.986955,-0.146095,0.016561,-0.011670,0.040741,14.878037,19.403426,-53.977599
43509.0,2025-12-17T11:05:52.684662,28.983754,-0.861277,-0.187907,-0.090979,0.463267,0.210164,-1.905828,-0.157606,0.032563,-0.012890,0.011908,14.694625,19.318384,-54.035783
43546.0,2025-12-17T11:05:52.745114,29.044207,-0.861616,-0.186291,-0.089320,0.463610,0.086592,-1.877227,-0.119249,0.021675,-0.022705,-0.003487,14.597599,19.065751,-54.102390
43583.0,2025-12-17T11:05:52.807603,29.106695,-0.861843,-0.183666,-0.089846,0.464135,0.108579,-1.841415,-0.100613,-0.010264,-0.018008,-0.002677,14.276345,18.987297,-54.208848
43621.0,2025-12-17T11:05:52.807603,29.106695,-0.862303,-0.181353,-0.088899,0.464373,-0.019885,-1.839624,-0.030107,-0.021836,-0.008144,-0.003280,14.071151,18.768597,-54.270321
43664.0,2025-12-17T11:05:52.868758,29.167850,-0.864584,-0.170974,-0.083241,0.465117,0.034223,-1.549392,-0.015380,-0.015883,0.009074,0.007964,13.236540,17.636919,-54.495087
43706.0,2025-12-17T11:05:52.924374,29.223466,-0.865145,-0.161160,-0.089304,0.466452,0.292426,-1.444169,-0.118748,-0.015308,0.023378,0.006574,11.847935,17.750215,-54.807062
43742.0,2025-12-17T11:05:52.924374,29.223466,-0.867048,-0.153406,-0.082289,0.466823,0.254590,-1.213836,-0.136553,0.020571,0.013495,0.010988,11.386977,16.614053,-54.928465
43788.0,2025-12-17T11:05:52.986276,29.285368,-0.867185,-0.144783,-0.088140,0.468251,0.415802,-1.174142,-0.181513,0.043198,-0.003310,0.006554,10.139607,16.765638,-55.237077
43824.0,2025-12-17T11:05:53.047851,29.346943,-0.869045,-0.137650,-0.079866,0.468438,0.313035,-1.041833,-0.162925,0.031554,-0.017050,0.020440,9.825905,15.531928,-55.308387
43860.0,2025-12-17T11:05:53.047851,29.346943,-0.871056,-0.129375,-0.070784,0.468522,0.223799,-0.781356,-0.058950,0.014793,-0.032753,0.024098,9.441416,14.154836,-55.374881
43905.0,2025-12-17T11:05:53.106312,29.405405,-0.870945,-0.121219,-0.077597,0.469829,0.449931,-0.677962,-0.029853,0.024217,-0.034929,0.015491,8.206023,14.422467,-55.648961
43941.0,2025-12-17T11:05:53.167557,29.466649,-0.872542,-0.116033,-0.067182,0.469780,0.312849,-0.456704,0.006447,0.006907,-0.033911,0.003005,8.225903,13.076876,-55.651924
43978.0,2025-12-17T11:05:53.167557,29.466649,-0.874152,-0.110401,-0.055519,0.469668,0.156439,-0.211526,0.060079,-0.004964,-0.036069,-0.001924,8.267315,11.581881,-55.656956
44023.0,2025-12-17T11:05:53.224844,29.523936,-0.873098,-0.105022,-0.065349,0.471592,0.365237,-0.195908,0.184760,0.002535,-0.017576,-0.022084,7.158657,12.308049,-55.977365
44059.0,2025-12-17T11:05:53.284726,29.583818,-0.874020,-0.103750,-0.054612,0.471532,0.157384,-0.136152,0.095719,0.020947,0.014638,-0.028008,7.605543,11.145788,-55.950361
44097.0,2025-12-17T11:05:53.284726,29.583818,-0.873037,-0.097569,-0.065861,0.473233,0.375491,-0.198746,-0.107071,0.000789,0.020120,-0.016635,6.339880,11.966766,-56.255010
44132.0,2025-12-17T11:05:53.349373,29.648465,-0.874322,-0.097178,-0.054474,0.472387,0.205877,-0.104580,-0.170453,-0.005507,0.003930,0.012227,6.926265,10.781654,-56.109355
44174.0,2025-12-17T11:05:53.349373,29.648465,-0.875562,-0.097635,-0.042575,0.471218,-0.029073,0.022857,-0.100662,-0.003134,-0.015320,0.023568,7.625657,9.588350,-55.936803
44216.0,2025-12-17T11:05:53.407671,29.706764,-0.874827,-0.094226,-0.053522,0.472160,0.103607,-0.065333,-0.150374,-0.015403,-0.045191,0.053026,6.677199,10.522647,-56.097562
44249.0,2025-12-17T11:05:53.466947,29.766039,-0.875616,-0.093885,-0.051155,0.471026,0.224502,0.059597,0.034195,-0.067705,-0.064847,0.059259,6.783046,10.254969,-55.945546
44294.0,2025-12-17T11:05:53.466947,29.766039,-0.875702,-0.092727,-0.053050,0.470885,0.352932,0.116429,0.209843,-0.041062,-0.029674,0.027554,6.564054,10.383663,-55.938767
44327.0,2025-12-17T11:05:53.524670,29.823762,-0.875519,-0.094641,-0.051993,0.470963,0.298663,0.160634,0.072852,-0.004228,0.007158,-0.020227,6.816390,10.380623,-55.933875
44365.0,2025-12-17T11:05:53.585351,29.884444,-0.875319,-0.096579,-0.050787,0.471073,0.149422,0.049434,-0.030700,0.004316,0.017286,-0.022829,7.078979,10.364003,-55.933071
44408.0,2025-12-17T11:05:53.585351,29.884444,-0.875070,-0.095838,-0.053749,0.471357,0.198246,0.059030,-0.119226,-0.021014,0.017507,0.000004,6.840304,10.627142,-55.981392
44449.0,2025-12-17T11:05:53.646909,29.946001,-0.875380,-0.097269,-0.052344,0.470647,0.175399,0.053037,-0.214509,-0.016617,0.008827,0.025190,7.071427,10.556235,-55.875179
44486.0,2025-12-17T11:05:53.705446,30.004538,-0.875709,-0.099211,-0.050807,0.469797,0.209496,0.113337,-0.118620,0.000524,-0.007013,0.034062,7.363750,10.498072,-55.747586
44531.0,2025-12-17T11:05:53.705446,30.004538,-0.875787,-0.098775,-0.052462,0.469563,0.271543,0.097672,-0.033719,0.018204,-0.018036,0.034659,7.233192,10.640898,-55.722472
44568.0,2025-12-17T11:05:53.766634,30.065726,-0.875881,-0.101244,-0.050518,0.469074,0.206404,0.091114,0.190520,0.044065,-0.007422,0.017426,7.597109,10.572406,-55.638163
44605.0,2025-12-17T11:05:53.825341,30.124433,-0.874310,-0.099808,-0.062069,0.470923,0.342739,-0.094455,0.193015,0.072667,0.024424,-0.006482,6.806927,11.685505,-55.918403
44645.0,2025-12-17T11:05:53.825341,30.124433,-0.874185,-0.101576,-0.060194,0.471020,0.337485,-0.193340,0.084458,0.058658,0.060304,-0.017096,7.088547,11.591329,-55.912148
44678.0,2025-12-17T11:05:53.886401,30.185493,-0.874182,-0.101786,-0.059350,0.471087,0.224864,-0.336587,-0.059266,0.031143,0.081293,-0.012586,7.154698,11.517419,-55.916957
44719.0,2025-12-17T11:05:53.944667,30.243759,-0.874090,-0.101564,-0.061988,0.470967,0.178562,-0.360798,-0.213616,0.018298,0.057975,0.020690,6.991602,11.772885,-55.910625
44759.0,2025-12-17T11:05:54.006700,30.305793,-0.874829,-0.100556,-0.059695,0.470106,0.165370,-0.267014,-0.165780,0.009957,-0.002324,0.049105,7.022376,11.477910,-55.797744
44804.0,2025-12-17T11:05:54.009301,30.308393,-0.874915,-0.100255,-0.060991,0.469844,0.316680,-0.184777,-0.011135,0.026886,-0.031755,0.042506,6.925326,11.591530,-55.769279
44839.0,2025-12-17T11:05:54.066522,30.365615,-0.875259,-0.100515,-0.057928,0.469534,0.198220,-0.131139,0.117770,0.035989,-0.030725,0.017201,7.120335,11.291159,-55.718024
44876.0,2025-12-17T11:05:54.066522,30.365615,-0.875607,-0.099348,-0.055266,0.469455,0.052031,-0.108610,0.086148,0.014182,-0.021554,0.007161,7.143606,10.956387,-55.709765
44918.0,2025-12-17T11:05:54.127156,30.426248,-0.875537,-0.097855,-0.057442,0.469638,0.149230,-0.112907,0.032271,-0.021944,-0.002710,0.003197,6.870982,11.098630,-55.749803
44959.0,2025-12-17T11:05:54.185226,30.484318,-0.875891,-0.097651,-0.055515,0.469251,0.146261,-0.042514,-0.041814,-0.032746,0.005275,0.010136,6.958056,10.888348,-55.695632
44996.0,2025-12-17T11:05:54.185226,30.484318,-0.875619,-0.096808,-0.057805,0.469657,0.225290,0.036500,0.085486,-0.004099,-0.004758,-0.005001,6.743556,11.079123,-55.760910
45036.0,2025-12-17T11:05:54.245537,30.544629,-0.875940,-0.103296,-0.046382,0.468943,0.054291,-0.013295,-0.018968,0.056797,-0.000761,-0.023976,8.030183,10.261206,-55.603414
45074.0,2025-12-17T11:05:54.249216,30.548308,-0.875864,-0.110450,-0.036583,0.468320,-0.206786,-0.031144,-0.038227,0.068191,0.004124,-0.034009,9.293703,9.644522,-55.480622
45117.0,2025-12-17T11:05:54.307609,30.606701,-0.874850,-0.106957,-0.045887,0.470203,-0.116328,-0.188542,-0.146001,0.066468,-0.003993,-0.017843,8.418639,10.420521,-55.744093
45147.0,2025-12-17T11:05:54.366169,30.665261,-0.875348,-0.096681,-0.049110,0.471176,-0.042870,-0.031044,-0.108867,0.009529,-0.017919,0.015480,7.178201,10.199964,-55.943226
45190.0,2025-12-17T11:05:54.366169,30.665261,-0.875993,-0.084422,-0.052866,0.471927,0.077407,0.083826,0.022264,-0.006038,-0.017658,0.030286,5.710138,9.921726,-56.129619
45235.0,2025-12-17T11:05:54.428807,30.727899,-0.874820,-0.083232,-0.063952,0.472940,0.355781,0.006375,0.150798,-0.000115,0.000614,0.033690,4.975293,10.988962,-56.313722
45268.0,2025-12-17T11:05:54.485723,30.784816,-0.875725,-0.089170,-0.054921,0.471316,0.271297,-0.003065,0.200949,-0.010421,0.036013,0.033771,6.093097,10.384105,-56.024175
45305.0,2025-12-17T11:05:54.488923,30.788015,-0.874389,-0.087923,-0.066901,0.472480,0.591266,-0.132138,0.162651,0.009779,0.074443,0.023533,5.302142,11.541606,-56.233300
45338.0,2025-12-17T11:05:54.548620,30.847713,-0.874497,-0.089475,-0.066374,0.472063,0.617102,-0.266453,-0.119483,0.019661,0.113258,0.008386,5.495735,11.569904,-56.164058
45381.0,2025-12-17T11:05:54.606100,30.905192,-0.874772,-0.090413,-0.066240,0.471393,0.671129,-0.372128,-0.182444,-0.007158,0.125010,0.023758,5.608415,11.603035,-56.067979
45418.0,2025-12-17T11:05:54.606100,30.905192,-0.874780,-0.089754,-0.069667,0.471010,0.758144,-0.446948,-0.347066,-0.024494,0.102749,0.030260,5.360067,11.913585,-56.039186
45446.0,2025-12-17T11:05:54.667541,30.966633,-0.875383,-0.089310,-0.067520,0.470287,0.526506,-0.406563,-0.468589,-0.001384,-0.003436,0.043691,5.440511,11.666511,-55.936282
45482.0,2025-12-17T11:05:54.669765,30.968857,-0.876083,-0.088030,-0.063228,0.469822,0.370498,-0.284719,-0.344833,0.016488,-0.135106,0.041924,5.546796,11.157303,-55.864944
45518.0,2025-12-17T11:05:54.725314,31.024406,-0.876443,-0.085791,-0.062087,0.469716,0.239134,-0.160599,-0.050124,0.000612,-0.197079,0.045284,5.379543,10.919355,-55.862279
45551.0,2025-12-17T11:05:54.728863,31.027955,-0.877211,-0.084086,-0.057497,0.469175,0.233565,-0.003404,0.193811,-0.047987,-0.187396,0.040034,5.458205,10.356661,-55.785100
45587.0,2025-12-17T11:05:54.785999,31.085091,-0.877647,-0.083524,-0.055871,0.468656,0.107730,0.165193,0.218580,-0.103400,-0.118527,0.023792,5.493972,10.157663,-55.715085
45624.0,2025-12-17T11:05:54.847993,31.147085,-0.877816,-0.080264,-0.058165,0.468630,0.211235,0.337711,0.293957,-0.138514,-0.057232,0.012426,5.036529,10.215122,-55.741431
45662.0,2025-12-17T11:05:54.847993,31.147085,-0.877921,-0.080003,-0.059374,0.468325,0.341685,0.468441,0.281753,-0.157034,0.011164,-0.003622,4.948303,10.322367,-55.707896
45688.0,2025-12-17T11:05:54.905525,31.204618,-0.877928,-0.080175,-0.061120,0.468058,0.341695,0.442203,0.164487,-0.149209,0.051735,-0.009645,4.875156,10.507871,-55.679140
45732.0,2025-12-17T11:05:54.905525,31.204618,-0.877858,-0.078404,-0.065191,0.467940,0.502308,0.491566,-0.025204,-0.166897,0.054745,0.003960,4.475509,10.826356,-55.695130
45758.0,2025-12-17T11:05:54.968234,31.267326,-0.878170,-0.077949,-0.066425,0.467257,0.568824,0.471119,-0.105697,-0.179470,0.038841,0.016150,4.370799,10.924186,-55.614981
45792.0,2025-12-17T11:05:54.968234,31.267326,-0.878527,-0.077599,-0.067008,0.466561,0.645112,0.499640,-0.128437,-0.155473,0.012793,0.019654,4.312203,10.961290,-55.529083
45818.0,2025-12-17T11:05:55.028240,31.327333,-0.878517,-0.076258,-0.069758,0.466397,0.860851,0.479427,-0.186285,-0.116637,-0.004429,0.013747,4.028289,11.168805,-55.532871
45860.0,2025-12-17T11:05:55.088345,31.387438,-0.878738,-0.076723,-0.068901,0.466032,0.863531,0.480007,-0.221377,-0.076846,-0.015774,0.003325,4.126904,11.104689,-55.476446
45906.0,2025-12-17T11:05:55.088345,31.387438,-0.878421,-0.076571,-0.071235,0.466304,0.935129,0.443056,-0.150571,-0.051943,-0.017136,-0.007451,3.982004,11.335761,-55.527258
45941.0,2025-12-17T11:05:55.146233,31.445325,-0.878395,-0.077855,-0.069780,0.466360,0.829651,0.375902,-0.150940,-0.019191,-0.015099,-0.017122,4.191870,11.256699,-55.516373
45982.0,2025-12-17T11:05:55.205812,31.504905,-0.878419,-0.079196,-0.068347,0.466302,0.708156,0.283092,-0.055974,-0.019328,-0.006631,-0.010933,4.407724,11.182391,-55.490767
46017.0,2025-12-17T11:05:55.205812,31.504905,-0.878478,-0.077637,-0.070987,0.466058,0.665014,0.267373,-0.077596,-0.053539,-0.002081,0.021648,4.108339,11.366718,-55.485405
46058.0,2025-12-17T11:05:55.267937,31.567029,-0.879155,-0.077665,-0.071000,0.464773,0.821311,0.404139,0.066962,-0.122857,0.020350,0.051926,4.127287,11.363590,-55.316374
46094.0,2025-12-17T11:05:55.267937,31.567029,-0.879687,-0.077939,-0.072019,0.463563,1.088282,0.449159,-0.001976,-0.135192,0.082890,0.044913,4.116699,11.476610,-55.161307
46130.0,2025-12-17T11:05:55.324851,31.623943,-0.879516,-0.078046,-0.076421,0.463164,1.312082,0.457373,-0.067736,-0.105629,0.120825,0.010227,3.896973,11.930384,-55.136337
46163.0,2025-12-17T11:05:55.386630,31.685722,-0.879296,-0.079402,-0.077384,0.463191,1.184758,0.290571,-0.218410,-0.066886,0.123986,-0.031541,3.984905,12.101432,-55.135754
46198.0,2025-12-17T11:05:55.386630,31.685722,-0.879035,-0.080771,-0.077624,0.463409,1.112255,0.182902,-0.620551,-0.040914,0.099337,-0.039009,4.110369,12.200197,-55.155017
46236.0,2025-12-17T11:05:55.506267,31.805359,-0.878951,-0.079075,-0.080545,0.463363,1.045329,0.202778,-0.641927,-0.070069,0.030848,0.002931,3.778597,12.407969,-55.183437
46271.0,2025-12-17T11:05:55.506267,31.805359,-0.879920,-0.078146,-0.079398,0.461877,1.189644,0.398574,-0.584092,-0.135965,-0.035875,0.066115,3.765451,12.234652,-54.987018
46300.0,2025-12-17T11:05:55.508052,31.807144,-0.881012,-0.077266,-0.078230,0.460140,1.266643,0.648693,-0.481695,-0.142513,-0.062535,0.094950,3.761215,12.060749,-54.757349
46345.0,2025-12-17T11:05:55.567401,31.866493,-0.881551,-0.076011,-0.079753,0.459053,1.398055,0.757405,-0.327835,-0.063798,-0.057061,0.075647,3.565326,12.145704,-54.635551
46374.0,2025-12-17T11:05:55.567401,31.866493,-0.882032,-0.077853,-0.078023,0.458117,1.370975,0.766570,-0.186979,0.014195,-0.023707,0.049095,3.861066,12.061926,-54.485546
46416.0,2025-12-17T11:05:55.624545,31.923637,-0.881894,-0.080004,-0.080067,0.457659,1.335418,0.639030,-0.095946,0.048428,0.035139,0.031495,3.981721,12.383277,-54.422001
46451.0,2025-12-17T11:05:55.624545,31.923637,-0.882114,-0.083343,-0.079503,0.456737,1.248297,0.480013,-0.093585,0.040697,0.080421,0.034030,4.371184,12.497248,-54.269189
46487.0,2025-12-17T11:05:55.684542,31.983635,-0.882265,-0.086464,-0.078939,0.455962,1.104228,0.369048,-0.117809,0.050515,0.085876,0.030747,4.736371,12.599717,-54.137425
46524.0,2025-12-17T11:05:55.866755,32.165847,-0.882027,-0.087872,-0.081300,0.455737,1.112419,0.241909,-0.141860,0.077279,0.059328,0.024417,4.761470,12.915353,-54.110904
46559.0,2025-12-17T11:05:55.867929,32.167021,-0.882147,-0.090580,-0.079372,0.455315,1.011241,0.163965,-0.119235,0.075155,0.026528,0.017271,5.151061,12.857107,-54.019670
46597.0,2025-12-17T11:05:55.867929,32.167021,-0.882290,-0.092840,-0.077037,0.454984,0.933723,0.084087,-0.057630,0.049737,0.008586,0.008875,5.513797,12.733646,-53.943247
46638.0,2025-12-17T11:05:55.925365,32.224458,-0.881840,-0.093284,-0.079124,0.455407,0.932206,0.066779,-0.050235,0.010353,0.001827,-0.011341,5.444303,12.974241,-54.006651
46712.0,2025-12-17T11:05:55.925365,32.224458,-0.881001,-0.092817,-0.081679,0.456674,1.108835,-0.041559,-0.128931,-0.047082,0.080672,-0.055872,5.242014,13.220147,-54.192864
46755.0,2025-12-17T11:05:55.925365,32.224458,-0.880725,-0.092987,-0.081668,0.457173,1.199665,-0.055434,-0.469650,-0.076546,0.077392,-0.058836,5.252767,13.230971,-54.256831
46783.0,2025-12-17T11:05:55.987593,32.286685,-0.880589,-0.092750,-0.081261,0.457556,1.346176,-0.063503,-0.634775,-0.086843,0.047926,-0.049598,5.243762,13.178896,-54.306855
46823.0,2025-12-17T11:05:56.047445,32.346537,-0.880201,-0.090415,-0.083880,0.458297,1.526672,0.011253,-0.641026,-0.082715,0.003442,-0.042411,4.850793,13.328649,-54.442421
46856.0,2025-12-17T11:05:56.047445,32.346537,-0.880201,-0.090237,-0.081946,0.458682,1.467629,0.028335,-0.536792,-0.050507,-0.032084,-0.038106,4.929087,13.122754,-54.481709
46895.0,2025-12-17T11:05:56.106488,32.405580,-0.880258,-0.090369,-0.079284,0.459014,1.474973,0.088280,-0.463568,-0.027222,-0.052307,-0.028943,5.079091,12.858346,-54.507248
46934.0,2025-12-17T11:05:56.108001,32.407094,-0.880029,-0.091644,-0.078283,0.459372,1.407028,0.075706,-0.392548,-0.012803,-0.060470,-0.021172,5.259367,12.825357,-54.537230
46975.0,2025-12-17T11:05:56.166112,32.465205,-0.880157,-0.092700,-0.075480,0.459384,1.267229,0.080573,-0.227052,0.020829,-0.043772,-0.007349,5.517215,12.593849,-54.513893
47008.0,2025-12-17T11:05:56.225384,32.524476,-0.880342,-0.094581,-0.072503,0.459126,1.108339,0.075959,-0.126986,0.044469,-0.022288,0.006894,5.873527,12.386362,-54.448980
47051.0,2025-12-17T11:05:56.225384,32.524476,-0.880334,-0.094499,-0.074072,0.458907,1.183871,0.069238,-0.127543,0.056351,0.009588,0.026811,5.785434,12.541612,-54.428656
47087.0,2025-12-17T11:05:56.285334,32.584427,-0.880650,-0.097057,-0.071907,0.458110,1.074927,0.042667,-0.173166,0.071213,0.026481,0.038252,6.176634,12.449345,-54.292116
47127.0,2025-12-17T11:05:56.344548,32.643640,-0.880597,-0.098635,-0.073374,0.457642,1.077856,0.011914,-0.221696,0.086801,0.012926,0.050606,6.270397,12.679937,-54.223948
47163.0,2025-12-17T11:05:56.347786,32.646879,-0.881115,-0.101062,-0.070376,0.456585,1.030934,-0.030633,-0.132555,0.074227,-0.002026,0.052390,6.695343,12.492155,-54.051802
47196.0,2025-12-17T11:05:56.404847,32.703939,-0.881533,-0.102969,-0.067566,0.455776,0.906033,-0.045692,-0.067870,0.067316,-0.013405,0.044244,7.051947,12.297336,-53.919680
47243.0,2025-12-17T11:05:56.466210,32.765303,-0.881338,-0.103473,-0.068763,0.455860,0.817854,-0.116519,-0.012234,0.061549,-0.020373,0.022515,7.040969,12.447509,-53.930538
47277.0,2025-12-17T11:05:56.466210,32.765303,-0.881632,-0.104517,-0.066033,0.455458,0.864680,-0.147739,-0.069418,0.021257,-0.008580,0.012510,7.297232,12.218451,-53.860378
47313.0,2025-12-17T11:05:56.524432,32.823525,-0.881948,-0.104477,-0.064205,0.455116,0.889333,-0.159010,-0.144007,-0.039999,0.002977,0.004558,7.392645,12.025616,-53.810854
47356.0,2025-12-17T11:05:56.524432,32.823525,-0.881888,-0.102078,-0.066987,0.455375,1.134335,-0.164848,-0.277971,-0.075520,0.004334,-0.003041,6.994825,12.187827,-53.872687
47392.0,2025-12-17T11:05:56.644385,32.943477,-0.882072,-0.101527,-0.065676,0.455334,1.283778,-0.211671,-0.277978,-0.074184,0.008587,-0.015894,7.006056,12.023877,-53.867665
47435.0,2025-12-17T11:05:56.644385,32.943477,-0.881854,-0.099691,-0.067656,0.455871,1.308761,-0.381414,-0.368255,-0.022165,0.015193,-0.021648,6.704587,12.135177,-53.959563
47470.0,2025-12-17T11:05:56.644385,32.943477,-0.881982,-0.100374,-0.065279,0.455820,1.263932,-0.479768,-0.537506,0.019494,0.012964,-0.006273,6.900093,11.926356,-53.939496
47510.0,2025-12-17T11:05:56.706228,33.005321,-0.882412,-0.100985,-0.062396,0.455255,1.062304,-0.586287,-0.553200,0.043799,-0.006687,0.029267,7.121013,11.657813,-53.852466
47548.0,2025-12-17T11:05:56.766027,33.065119,-0.882967,-0.100241,-0.062678,0.454305,0.896584,-0.656264,-0.405103,0.058287,-0.035531,0.093782,7.041682,11.640189,-53.734938
47582.0,2025-12-17T11:05:56.826688,33.125780,-0.884484,-0.100043,-0.058976,0.451887,0.682528,-0.662540,-0.247212,0.045788,-0.056865,0.152483,7.243511,11.229659,-53.412294
47615.0,2025-12-17T11:05:56.828705,33.127797,-0.886360,-0.099554,-0.055494,0.448749,0.559485,-0.677612,-0.085969,0.035536,-0.055401,0.202758,7.410000,10.820101,-53.001907
47651.0,2025-12-17T11:05:56.828705,33.127797,-0.887889,-0.098660,-0.056500,0.445788,0.575091,-0.556960,0.258443,0.006492,-0.007549,0.228673,7.301922,10.853302,-52.625636
47685.0,2025-12-17T11:05:56.884628,33.183720,-0.889984,-0.098451,-0.054937,0.441834,0.473026,-0.514018,0.284894,-0.009951,0.046988,0.244177,7.406797,10.648544,-52.113137
47722.0,2025-12-17T11:05:56.945275,33.244367,-0.891803,-0.097638,-0.057724,0.437974,0.418808,-0.395327,0.195455,-0.025393,0.082307,0.242241,7.229311,10.864230,-51.623939
47757.0,2025-12-17T11:05:56.947757,33.246850,-0.893548,-0.097358,-0.056993,0.434562,0.355564,-0.285142,0.069375,-0.045755,0.078760,0.231319,7.277499,10.746771,-51.184968
47784.0,2025-12-17T11:05:57.004541,33.303633,-0.895143,-0.096687,-0.056220,0.431521,0.297444,-0.306699,-0.054506,-0.045931,0.067204,0.203305,7.281446,10.608375,-50.797616
47819.0,2025-12-17T11:05:57.004541,33.303633,-0.896712,-0.094883,-0.055589,0.428736,0.154574,-0.402190,-0.121092,-0.051428,0.044978,0.168224,7.155185,10.431185,-50.452826
47856.0,2025-12-17T11:05:57.066471,33.365563,-0.897958,-0.092203,-0.057778,0.426417,0.190709,-0.413182,-0.306607,-0.096518,-0.002301,0.152505,6.793962,10.509452,-50.178031
47890.0,2025-12-17T11:05:57.068412,33.367504,-0.899416,-0.088267,-0.056264,0.424374,0.239636,-0.404994,-0.221843,-0.148731,-0.054327,0.127448,6.475949,10.144218,-49.943573
47921.0,2025-12-17T11:05:57.127874,33.426966,-0.900599,-0.084380,-0.054901,0.422833,0.297901,-0.493089,-0.081374,-0.165024,-0.059238,0.102587,6.149399,9.802058,-49.772490
47956.0,2025-12-17T11:05:57.127874,33.426966,-0.901542,-0.079857,-0.057279,0.421384,0.473248,-0.375644,-0.170672,-0.227346,-0.050066,0.106698,5.574491,9.821501,-49.623780
47989.0,2025-12-17T11:05:57.184654,33.483746,-0.903646,-0.076349,-0.049932,0.418451,0.465335,-0.021531,0.059686,-0.364220,-0.036288,0.148086,5.587246,8.866798,-49.261352
48015.0,2025-12-17T11:05:57.184654,33.483746,-0.905393,-0.075812,-0.045439,0.415272,0.567205,0.173524,0.220912,-0.433327,-0.011479,0.177310,5.774146,8.351451,-48.856623
48040.0,2025-12-17T11:05:57.246985,33.546077,-0.906284,-0.070289,-0.056112,0.412990,0.952729,0.363168,0.030206,-0.473065,0.056344,0.205687,4.709892,9.193148,-48.618294
48066.0,2025-12-17T11:05:57.249168,33.548261,-0.908007,-0.071491,-0.055088,0.409119,1.080776,0.588167,0.069163,-0.485135,0.112519,0.230839,4.924227,9.122005,-48.116520
48088.0,2025-12-17T11:05:57.304521,33.603613,-0.909658,-0.073335,-0.054872,0.405133,1.246515,0.665718,-0.073536,-0.458069,0.195234,0.257772,5.169809,9.163400,-47.598741
48115.0,2025-12-17T11:05:57.304521,33.603613,-0.911352,-0.076118,-0.055265,0.400736,1.253101,0.734062,-0.295839,-0.416664,0.247997,0.287363,5.492102,9.307796,-47.024230
48141.0,2025-12-17T11:05:57.425071,33.724164,-0.912616,-0.077335,-0.065833,0.396002,1.333185,0.926674,-0.336366,-0.358950,0.273913,0.338217,5.193354,10.451922,-46.438608
48166.0,2025-12-17T11:05:57.428847,33.727939,-0.914624,-0.082303,-0.066658,0.390186,1.324645,1.037508,-0.325488,-0.302125,0.270655,0.382000,5.755725,10.728867,-45.666096
48185.0,2025-12-17T11:05:57.428847,33.727939,-0.916635,-0.088067,-0.066729,0.384151,1.127823,0.956583,-0.530112,-0.204388,0.237087,0.432541,6.443664,10.952450,-44.857534
48215.0,2025-12-17T11:05:57.428847,33.727939,-0.919037,-0.096586,-0.067120,0.376214,0.756947,0.970515,-0.241727,-0.106948,0.185633,0.492533,7.443204,11.305816,-43.786379
48265.0,2025-12-17T11:05:57.546491,33.845584,-0.924596,-0.106498,-0.073092,0.358383,0.691439,0.974239,-0.092449,0.009472,0.086527,0.677478,8.504653,12.210025,-41.462421
48298.0,2025-12-17T11:05:57.546491,33.845584,-0.927390,-0.115606,-0.071934,0.348437,0.505081,0.964917,0.080358,0.045953,0.094449,0.754597,9.682690,12.355936,-40.133584
48317.0,2025-12-17T11:05:57.546491,33.845584,-0.929731,-0.124171,-0.071283,0.339265,0.401266,0.987209,0.148250,0.088118,0.106449,0.791170,10.776039,12.521222,-38.909068
48346.0,2025-12-17T11:05:57.546491,33.845584,-0.932274,-0.123896,-0.076441,0.331167,0.433388,1.034472,0.184595,0.145445,0.112028,0.795095,10.667467,12.978676,-37.895754
48390.0,2025-12-17T11:05:57.605522,33.904614,-0.935294,-0.145236,-0.077449,0.313263,-0.163814,0.471207,0.188763,0.319300,0.079856,0.751233,13.275439,13.642846,-35.439978
48415.0,2025-12-17T11:05:57.605522,33.904614,-0.936118,-0.153396,-0.081247,0.305861,-0.357550,0.235848,0.194336,0.314570,0.058367,0.699683,14.182988,14.237978,-34.407562
48440.0,2025-12-17T11:05:57.666855,33.965948,-0.938414,-0.152650,-0.084987,0.298085,-0.531502,0.150439,0.236560,0.272786,0.048494,0.657483,14.099087,14.507781,-33.441058
48460.0,2025-12-17T11:05:57.669828,33.968920,-0.939305,-0.156014,-0.091103,0.291662,-0.592947,0.092389,0.211901,0.182498,0.043550,0.610690,14.397195,15.197828,-32.569295
48486.0,2025-12-17T11:05:57.669828,33.968920,-0.939963,-0.158143,-0.096869,0.286492,-0.662024,0.146119,0.330197,0.092406,0.041943,0.552962,14.555598,15.826218,-31.867567
48510.0,2025-12-17T11:05:57.724597,34.023689,-0.940479,-0.159547,-0.103232,0.281759,-0.620930,0.161513,0.358787,0.008893,0.041345,0.484227,14.615065,16.504051,-31.224567
48538.0,2025-12-17T11:05:57.724597,34.023689,-0.942099,-0.154397,-0.108815,0.277075,-0.573682,0.286020,0.347359,-0.058801,0.041827,0.400899,13.946434,16.893152,-30.696570
48564.0,2025-12-17T11:05:57.785430,34.084522,-0.941881,-0.156218,-0.116321,0.273726,-0.490343,0.283576,0.480224,-0.098860,0.040565,0.281693,14.010775,17.736726,-30.212686
48597.0,2025-12-17T11:05:57.785430,34.084522,-0.940942,-0.158120,-0.126163,0.271495,-0.342749,0.180930,0.560696,-0.099922,0.043957,0.156824,14.007886,18.861460,-29.851434
48632.0,2025-12-17T11:05:57.847722,34.146814,-0.941475,-0.149777,-0.134871,0.270187,-0.054773,0.331609,0.532649,-0.051961,0.072943,0.006208,12.824115,19.565926,-29.804962
48671.0,2025-12-17T11:05:57.847722,34.146814,-0.939251,-0.157381,-0.140686,0.270638,-0.017235,0.127980,0.435267,-0.025809,0.087328,-0.108786,13.548099,20.454702,-29.692458
48700.0,2025-12-17T11:05:57.907116,34.206208,-0.936693,-0.165859,-0.145075,0.272121,0.022117,-0.087968,0.361978,-0.021955,0.083904,-0.197599,14.396407,21.226123,-29.687067
48734.0,2025-12-17T11:05:57.907116,34.206208,-0.936035,-0.156645,-0.152837,0.275575,0.469683,0.073804,0.032274,-0.043061,0.064569,-0.297688,13.015772,21.867175,-30.284753
48766.0,2025-12-17T11:05:57.965881,34.264973,-0.935618,-0.159234,-0.146363,0.279002,0.409339,0.111531,-0.174227,-0.032606,0.013811,-0.371733,13.420790,21.268059,-30.678138
48792.0,2025-12-17T11:05:57.965881,34.264973,-0.935059,-0.161030,-0.139102,0.283522,0.395580,0.091957,-0.219384,-0.008484,-0.061588,-0.447744,13.733920,20.575915,-31.231525
48816.0,2025-12-17T11:05:58.028192,34.327284,-0.934451,-0.161560,-0.131391,0.288852,0.344291,0.036228,-0.285751,0.020356,-0.108753,-0.507832,13.901360,19.809357,-31.915265
48844.0,2025-12-17T11:05:58.028192,34.327284,-0.933091,-0.154872,-0.134792,0.295276,0.459806,-0.019158,-0.287471,0.063243,-0.139620,-0.571465,12.881965,20.060098,-32.832154
48866.0,2025-12-17T11:05:58.084718,34.383811,-0.932145,-0.153372,-0.126709,0.302534,0.344167,-0.110210,-0.125926,0.093760,-0.149056,-0.618400,12.803015,19.209439,-33.787057
48892.0,2025-12-17T11:05:58.084718,34.383811,-0.931034,-0.150871,-0.119979,0.309869,0.313607,-0.209699,-0.144556,0.123287,-0.144725,-0.670823,12.580063,18.476088,-34.763104
48911.0,2025-12-17T11:05:58.084718,34.383811,-0.929572,-0.147555,-0.113178,0.318299,0.281562,-0.265821,-0.167069,0.144781,-0.141019,-0.703015,12.260182,17.718964,-35.885810
48940.0,2025-12-17T11:05:58.146257,34.445350,-0.927381,-0.142140,-0.115420,0.326251,0.410664,-0.327878,-0.130204,0.156595,-0.140439,-0.719068,11.412276,17.867840,-36.963740
48960.0,2025-12-17T11:05:58.148698,34.447791,-0.925412,-0.139110,-0.107415,0.335742,0.392560,-0.332974,-0.187501,0.152173,-0.144487,-0.730684,11.174636,16.990736,-38.207485
48980.0,2025-12-17T11:05:58.148698,34.447791,-0.923792,-0.136290,-0.101348,0.343165,0.377426,-0.392136,-0.153580,0.141007,-0.141122,-0.726328,10.946276,16.307291,-39.184436
49009.0,2025-12-17T11:05:58.205407,34.504499,-0.921957,-0.133025,-0.094580,0.351220,0.411537,-0.426255,-0.224764,0.124898,-0.134983,-0.708165,10.697937,15.535768,-40.245205
49033.0,2025-12-17T11:05:58.205407,34.504499,-0.920125,-0.129492,-0.087941,0.358983,0.364655,-0.427647,-0.170393,0.116446,-0.142316,-0.692864,10.436072,14.762037,-41.270507
49056.0,2025-12-17T11:05:58.264745,34.563838,-0.917376,-0.123644,-0.090766,0.367279,0.531785,-0.383075,-0.199496,0.129866,-0.162207,-0.690700,9.541846,14.913289,-42.386531
49076.0,2025-12-17T11:05:58.268233,34.567326,-0.915332,-0.121506,-0.082964,0.374861,0.513250,-0.467856,-0.087443,0.162976,-0.177258,-0.694009,9.508092,14.062196,-43.366344
49096.0,2025-12-17T11:05:58.268233,34.567326,-0.913225,-0.119279,-0.075798,0.382161,0.416575,-0.519531,0.009396,0.203742,-0.179304,-0.708372,9.457383,13.274026,-44.313195
49121.0,2025-12-17T11:05:58.324816,34.623908,-0.910935,-0.116551,-0.069159,0.389653,0.268193,-0.534910,0.029768,0.240184,-0.179423,-0.724967,9.340785,12.522740,-45.290606
49146.0,2025-12-17T11:05:58.328390,34.627482,-0.907488,-0.112725,-0.071704,0.398268,0.302585,-0.587458,0.045986,0.246479,-0.184859,-0.722083,8.695302,12.704927,-46.420460
49168.0,2025-12-17T11:05:58.445349,34.744441,-0.904632,-0.109245,-0.063487,0.407032,0.254259,-0.523664,0.133020,0.216565,-0.183430,-0.709031,8.574747,11.759098,-47.565314
49193.0,2025-12-17T11:05:58.449132,34.748225,-0.902225,-0.105827,-0.057296,0.414136,0.181558,-0.498031,0.170565,0.194640,-0.165952,-0.700963,8.406503,11.013616,-48.499926
49212.0,2025-12-17T11:05:58.449132,34.748225,-0.899362,-0.101836,-0.050423,0.422179,0.140454,-0.426187,0.097276,0.189183,-0.145730,-0.693542,8.212660,10.176672,-49.560136
49244.0,2025-12-17T11:05:58.449132,34.748225,-0.895604,-0.099818,-0.054637,0.430052,0.320812,-0.423472,-0.062462,0.206477,-0.127063,-0.698304,7.705655,10.586527,-50.583934
49284.0,2025-12-17T11:05:58.509809,34.808901,-0.888739,-0.098496,-0.037103,0.446167,0.382254,-0.329210,-0.221594,0.245715,-0.097695,-0.707369,8.260627,8.849598,-52.675044
49310.0,2025-12-17T11:05:58.509809,34.808901,-0.885663,-0.099103,-0.029747,0.452653,0.328117,-0.289485,-0.095542,0.255005,-0.071299,-0.706213,8.635302,8.187363,-53.523027
49335.0,2025-12-17T11:05:58.512601,34.811693,-0.882122,-0.098181,-0.022148,0.460143,0.154143,-0.285391,0.083267,0.256684,-0.048203,-0.702983,8.866301,7.436592,-54.518601
49359.0,2025-12-17T11:05:58.626579,34.925672,-0.877823,-0.097153,-0.027444,0.468224,0.148644,-0.543336,0.235922,0.243006,-0.025967,-0.676746,8.411949,7.999321,-55.561005
49383.0,2025-12-17T11:05:58.627593,34.926686,-0.874611,-0.093451,-0.022512,0.475201,0.054654,-0.620482,0.239148,0.212576,-0.019184,-0.645143,8.236092,7.365291,-56.501938
49403.0,2025-12-17T11:05:58.627593,34.926686,-0.871568,-0.088918,-0.017780,0.481816,0.033072,-0.583139,0.193687,0.160302,-0.034017,-0.605564,7.979007,6.700346,-57.401091
49429.0,2025-12-17T11:05:58.629392,34.928484,-0.869016,-0.084458,-0.012388,0.487366,0.124532,-0.522702,0.219208,0.086084,-0.065531,-0.549263,7.784565,5.961160,-58.163656
49479.0,2025-12-17T11:05:58.684260,34.983352,-0.862978,-0.078267,-0.010969,0.499022,0.415835,-0.585416,0.486870,0.046519,-0.041093,-0.492075,7.164917,5.569115,-59.728840
49505.0,2025-12-17T11:05:58.684260,34.983352,-0.860300,-0.076522,-0.003685,0.504000,0.432552,-0.523416,0.521310,0.057918,0.002740,-0.474664,7.376997,4.788249,-60.418263
49528.0,2025-12-17T11:05:58.747573,35.046665,-0.857701,-0.075046,0.003274,0.508631,0.330746,-0.445531,0.424866,0.077280,0.038672,-0.451161,7.608058,4.055576,-61.067530
49563.0,2025-12-17T11:05:58.754598,35.053691,-0.853953,-0.074795,-0.004151,0.514931,0.407311,-0.618781,0.177558,0.113467,0.042340,-0.405104,7.117659,4.825371,-61.879392
49582.0,2025-12-17T11:05:58.806656,35.105749,-0.851835,-0.072073,0.003594,0.518816,0.224574,-0.535895,0.078108,0.140769,0.023860,-0.336285,7.285681,3.937150,-62.436854
49614.0,2025-12-17T11:05:58.806656,35.105749,-0.850163,-0.068216,0.010863,0.521968,0.098039,-0.430544,0.012629,0.144173,-0.000132,-0.276913,7.325614,3.023339,-62.903144
49647.0,2025-12-17T11:05:58.865934,35.165026,-0.847723,-0.067306,0.003888,0.526137,0.188917,-0.522680,-0.055217,0.125444,-0.034892,-0.168563,6.802646,3.682794,-63.432442
49681.0,2025-12-17T11:05:58.865934,35.165026,-0.847498,-0.063369,0.013664,0.526826,0.087429,-0.207805,-0.007421,0.086304,-0.055044,-0.074405,7.003039,2.499384,-63.579253
49708.0,2025-12-17T11:05:58.924743,35.223835,-0.847333,-0.066767,0.024909,0.526259,-0.057539,0.020165,0.128997,0.049105,-0.061857,-0.006051,8.014254,1.608007,-63.574307
49752.0,2025-12-17T11:05:58.924743,35.223835,-0.846110,-0.065848,0.014737,0.528720,0.113162,0.156375,0.149771,0.053696,-0.050960,0.031223,7.304273,2.561528,-63.837582
49788.0,2025-12-17T11:05:58.984865,35.283957,-0.845736,-0.076240,0.011698,0.527997,-0.011214,0.114637,0.029756,0.054013,-0.042878,0.050313,8.138821,3.481271,-63.705698
49824.0,2025-12-17T11:05:59.045935,35.345028,-0.845619,-0.082084,0.003986,0.527422,-0.078685,0.143013,-0.061189,0.032230,-0.062597,0.071008,8.249619,4.579592,-63.574063
49865.0,2025-12-17T11:05:59.045935,35.345028,-0.845254,-0.079488,-0.006590,0.528379,0.124148,0.278377,-0.001648,-0.028923,-0.070387,0.089465,7.353547,5.459352,-63.668996
49898.0,2025-12-17T11:05:59.106203,35.405295,-0.845492,-0.087518,-0.010501,0.526663,0.032005,0.234716,0.166850,-0.078765,-0.057486,0.103277,7.918619,6.311988,-63.400856
49935.0,2025-12-17T11:05:59.106203,35.405295,-0.845685,-0.094961,-0.014977,0.524953,0.032400,0.185039,0.154947,-0.103542,-0.031006,0.103108,8.397323,7.182579,-63.131359
49975.0,2025-12-17T11:05:59.165519,35.464611,-0.845610,-0.091491,-0.025580,0.525279,0.193353,0.287625,0.146465,-0.110434,-0.003705,0.097693,7.418612,8.011840,-63.175492
50003.0,2025-12-17T11:05:59.227054,35.526146,-0.845941,-0.100164,-0.026048,0.523137,0.154586,0.203041,0.084223,-0.103160,0.013157,0.091572,8.268704,8.561425,-62.846025
50038.0,2025-12-17T11:05:59.229565,35.528657,-0.846134,-0.109336,-0.027473,0.520911,0.080895,0.111357,0.051892,-0.094900,0.021803,0.091392,9.117223,9.230094,-62.498370
50073.0,2025-12-17T11:05:59.287301,35.586394,-0.845804,-0.106833,-0.038391,0.521276,0.348765,0.045528,-0.229860,-0.071625,0.003145,0.096013,8.217702,10.155637,-62.560240
50109.0,2025-12-17T11:05:59.287301,35.586394,-0.846933,-0.113372,-0.030915,0.518552,0.247223,0.074459,-0.243345,-0.045296,-0.021176,0.102662,9.342566,9.784632,-62.154348
50145.0,2025-12-17T11:05:59.345515,35.644607,-0.846561,-0.110545,-0.040139,0.519137,0.400784,0.036394,-0.227168,-0.001669,-0.044116,0.091322,8.510062,10.529136,-62.250239
50180.0,2025-12-17T11:05:59.464861,35.763953,-0.847484,-0.117802,-0.031061,0.516652,0.057388,0.033183,-0.050602,0.031266,-0.059727,0.088992,9.798413,10.042150,-61.872492
50216.0,2025-12-17T11:05:59.467472,35.766565,-0.847924,-0.119481,-0.030570,0.515572,-0.029406,0.064880,0.067365,0.030849,-0.068585,0.077516,10.007873,10.081225,-61.717649
50249.0,2025-12-17T11:05:59.468497,35.767589,-0.848324,-0.118898,-0.031464,0.514995,-0.117819,0.055825,0.199444,0.024530,-0.049284,0.071281,9.904141,10.127925,-61.641903
50288.0,2025-12-17T11:05:59.468497,35.767589,-0.848672,-0.119263,-0.033273,0.514223,-0.107456,0.052223,0.373741,0.005562,-0.010301,0.060953,9.844635,10.319178,-61.533432
50322.0,2025-12-17T11:05:59.524432,35.823525,-0.848966,-0.119546,-0.035935,0.513493,-0.025749,-0.001598,0.242179,-0.018904,0.031116,0.052782,9.726989,10.590390,-61.431192
50367.0,2025-12-17T11:05:59.586864,35.885957,-0.849084,-0.118938,-0.039073,0.513209,0.204724,-0.011742,0.150654,-0.031031,0.052549,0.034076,9.486990,10.861298,-61.395829
50402.0,2025-12-17T11:05:59.586864,35.885957,-0.849406,-0.119450,-0.037596,0.512667,0.184241,-0.120767,-0.024773,-0.002952,0.054293,0.012171,9.631153,10.739494,-61.319487
50440.0,2025-12-17T11:05:59.646138,35.945230,-0.849737,-0.119019,-0.036059,0.512329,0.157515,-0.179245,-0.192587,0.000657,0.035030,0.010048,9.681377,10.558264,-61.277102
50479.0,2025-12-17T11:05:59.705693,36.004785,-0.849802,-0.117781,-0.038145,0.512357,0.175321,-0.161621,-0.309876,-0.012651,-0.000118,0.019786,9.435680,10.691616,-61.287779
50519.0,2025-12-17T11:05:59.705693,36.004785,-0.850507,-0.116428,-0.035250,0.511702,0.129394,-0.130869,-0.185575,-0.008877,-0.036650,0.036008,9.475954,10.318121,-61.208433
50564.0,2025-12-17T11:05:59.765529,36.064622,-0.850831,-0.114796,-0.036655,0.511435,0.213632,-0.100735,-0.155277,-0.019008,-0.043030,0.044620,9.233912,10.357862,-61.181451
50594.0,2025-12-17T11:05:59.765529,36.064622,-0.851517,-0.115333,-0.034203,0.510340,0.112628,0.011826,0.051105,-0.016137,-0.035261,0.057061,9.442960,10.134898,-61.031883
50636.0,2025-12-17T11:05:59.825046,36.124139,-0.852125,-0.122004,-0.025261,0.508291,-0.107142,-0.007244,0.125141,-0.002049,-0.018318,0.046993,10.652021,9.618032,-60.733262
50667.0,2025-12-17T11:05:59.884718,36.183810,-0.851233,-0.119464,-0.035663,0.509764,0.131183,-0.085240,0.004445,0.030861,0.009041,0.034862,9.780727,10.516094,-60.928599
50710.0,2025-12-17T11:05:59.884718,36.183810,-0.852314,-0.120680,-0.023543,0.508373,-0.029321,-0.001143,-0.030794,0.029928,0.027591,0.013101,10.616621,9.371375,-60.756240
50749.0,2025-12-17T11:05:59.944877,36.243970,-0.853604,-0.112231,-0.017793,0.508377,0.004303,0.063251,-0.124353,0.023383,0.040709,0.004749,10.099046,8.307626,-60.817832
50789.0,2025-12-17T11:06:00.007359,36.306452,-0.852246,-0.110227,-0.028950,0.510576,0.185977,-0.019178,-0.108536,0.008279,0.025939,-0.002140,9.232160,9.317428,-61.097242
50828.0,2025-12-17T11:06:00.008562,36.307655,-0.853472,-0.106326,-0.016309,0.509916,-0.091541,0.104750,-0.088161,0.020461,-0.032253,0.004127,9.579285,7.832212,-61.056100
50871.0,2025-12-17T11:06:00.066389,36.365481,-0.853283,-0.105403,-0.017031,0.510400,-0.138398,0.203579,0.133878,0.017775,-0.079114,0.006386,9.440905,7.854577,-61.122739
50905.0,2025-12-17T11:06:00.128834,36.427927,-0.853002,-0.105749,-0.017740,0.510775,-0.150728,0.158393,0.254468,0.018655,-0.074607,-0.007108,9.431009,7.949065,-61.169351
50941.0,2025-12-17T11:06:00.128834,36.427927,-0.852627,-0.105732,-0.019148,0.511352,-0.209906,0.119009,0.240966,0.021263,-0.042581,-0.018642,9.342411,8.093282,-61.242920
50980.0,2025-12-17T11:06:00.184716,36.483808,-0.852485,-0.104441,-0.021277,0.511771,-0.239647,0.124913,0.137359,-0.026818,-0.013116,-0.002736,9.086041,8.231673,-61.300032
51017.0,2025-12-17T11:06:00.184716,36.483808,-0.852674,-0.103777,-0.023976,0.511471,-0.140572,0.161425,0.044042,-0.066459,-0.008509,0.026035,8.866113,8.455743,-61.257662
51057.0,2025-12-17T11:06:00.247617,36.546709,-0.852976,-0.102076,-0.026594,0.511181,0.038867,0.222047,0.089047,-0.058348,-0.004941,0.038192,8.547180,8.611088,-61.223089
51091.0,2025-12-17T11:06:00.305225,36.604317,-0.853290,-0.103519,-0.027366,0.510324,0.086612,0.214167,0.023613,-0.045340,0.001442,0.044370,8.655242,8.763673,-61.099952
51135.0,2025-12-17T11:06:00.305225,36.604317,-0.853709,-0.105303,-0.027552,0.509248,0.142466,0.251041,-0.111460,-0.032893,-0.009774,0.050100,8.834051,8.875767,-60.946239
51176.0,2025-12-17T11:06:00.366978,36.666070,-0.853973,-0.104343,-0.029357,0.508902,0.162482,0.239995,-0.176303,-0.005941,-0.025234,0.045859,8.637360,8.994604,-60.902702
51211.0,2025-12-17T11:06:00.424961,36.724053,-0.854272,-0.106215,-0.028908,0.508037,0.108680,0.233588,-0.153563,-0.000905,-0.034543,0.047971,8.859845,9.051014,-60.777396
51252.0,2025-12-17T11:06:00.428316,36.727408,-0.853659,-0.116562,-0.031721,0.506629,0.011950,0.062632,-0.118820,-0.010736,-0.039382,0.050917,9.752951,9.919554,-60.528106
51291.0,2025-12-17T11:06:00.484392,36.783485,-0.852855,-0.113599,-0.041576,0.507942,0.213935,0.075183,-0.074875,-0.011607,-0.049220,0.046152,8.872239,10.738148,-60.718804
51327.0,2025-12-17T11:06:00.545373,36.844465,-0.852598,-0.123431,-0.038725,0.506303,-0.024925,0.005177,0.075603,-0.017327,-0.052590,0.034702,10.048061,11.012307,-60.435619
51370.0,2025-12-17T11:06:00.545373,36.844465,-0.851992,-0.118307,-0.048319,0.507719,0.265551,-0.000431,0.031895,-0.021192,-0.035418,0.024614,8.960506,11.681282,-60.664638
51405.0,2025-12-17T11:06:00.608185,36.907278,-0.852423,-0.125589,-0.038722,0.506066,0.074314,0.024326,0.029370,-0.023044,-0.022701,0.005736,10.269250,11.135388,-60.389693
51444.0,2025-12-17T11:06:00.664716,36.963808,-0.852489,-0.132526,-0.029666,0.504797,-0.204897,-0.023953,-0.016340,-0.007633,-0.027607,-0.012220,11.503153,10.624775,-60.190218
51486.0,2025-12-17T11:06:00.667542,36.966635,-0.850914,-0.128414,-0.040449,0.507758,0.079053,-0.117659,-0.109625,0.006068,-0.042605,-0.025777,10.433438,11.492716,-60.598003
51520.0,2025-12-17T11:06:00.727821,37.026913,-0.852044,-0.122508,-0.030085,0.508043,-0.024727,0.063056,-0.097625,0.002217,-0.049312,-0.032143,10.428784,10.122149,-60.686057
51562.0,2025-12-17T11:06:00.785634,37.084727,-0.850516,-0.118805,-0.040259,0.510770,0.145094,-0.013243,-0.075290,-0.010649,-0.048686,-0.034592,9.436007,10.943797,-61.067197
51599.0,2025-12-17T11:06:00.785634,37.084727,-0.850501,-0.124824,-0.030936,0.510011,-0.066652,0.011897,-0.036353,-0.017874,-0.055602,-0.033647,10.589377,10.366588,-60.935497
51638.0,2025-12-17T11:06:00.846025,37.145118,-0.849346,-0.121431,-0.041689,0.511985,0.156526,-0.031009,0.038689,-0.020593,-0.063025,-0.034991,9.601357,11.253961,-61.214891
51679.0,2025-12-17T11:06:00.906655,37.205747,-0.847623,-0.117771,-0.052310,0.514713,0.303305,-0.090927,0.067648,-0.014877,-0.055293,-0.032930,8.576223,12.117351,-61.623900
51715.0,2025-12-17T11:06:00.906655,37.205747,-0.848258,-0.121451,-0.041845,0.513768,0.027027,0.007608,0.163534,-0.024472,-0.039274,-0.015940,9.570718,11.290612,-61.456212
51750.0,2025-12-17T11:06:00.965985,37.265077,-0.848185,-0.129949,-0.035250,0.512301,-0.186812,-0.068221,0.181925,-0.021486,-0.016104,0.001174,10.827581,11.124598,-61.206034
51798.0,2025-12-17T11:06:00.968920,37.268012,-0.846993,-0.126625,-0.046165,0.514236,0.092541,-0.122457,0.130312,-0.011226,0.012835,0.014315,9.832695,12.030502,-61.487865
51835.0,2025-12-17T11:06:01.027684,37.326777,-0.848452,-0.125980,-0.035261,0.512849,-0.025240,0.006457,0.035457,0.002507,0.029814,0.026418,10.420464,10.897445,-61.305228
51875.0,2025-12-17T11:06:01.085630,37.384722,-0.847413,-0.123314,-0.046178,0.514346,0.205016,-0.077466,-0.094883,0.017106,0.028638,0.034271,9.497346,11.836274,-61.525396
51911.0,2025-12-17T11:06:01.085630,37.384722,-0.848734,-0.125771,-0.035097,0.512446,0.032052,-0.017058,-0.110632,0.018491,0.018866,0.044970,10.414118,10.864024,-61.252257
51947.0,2025-12-17T11:06:01.147109,37.446201,-0.849586,-0.132418,-0.024447,0.509973,-0.178734,-0.002116,-0.114660,0.011596,0.005788,0.049419,11.727731,10.171715,-60.902070
51990.0,2025-12-17T11:06:01.204437,37.503529,-0.848962,-0.128993,-0.034462,0.511309,0.013659,0.006832,-0.092652,0.013904,-0.017811,0.043378,10.789656,10.977547,-61.079277
52023.0,2025-12-17T11:06:01.204437,37.503529,-0.849283,-0.136052,-0.025074,0.509490,-0.193358,-0.020121,0.039036,0.023971,-0.013693,0.021295,12.064002,10.441085,-60.813298
52066.0,2025-12-17T11:06:01.264417,37.563509,-0.849111,-0.129356,-0.033757,0.511016,-0.076613,-0.013622,0.012491,0.021840,0.000845,0.002078,10.870672,10.925486,-61.038467
52103.0,2025-12-17T11:06:01.327441,37.626534,-0.847765,-0.126126,-0.044609,0.513222,0.117817,-0.086080,-0.095100,0.002211,-0.004953,-0.002868,9.887342,11.835219,-61.352589
52144.0,2025-12-17T11:06:01.327441,37.626534,-0.848963,-0.125469,-0.032850,0.512290,0.007287,0.009809,-0.065762,-0.012307,-0.019938,-0.001738,10.515828,10.622085,-61.235793
52185.0,2025-12-17T11:06:01.384819,37.683912,-0.847948,-0.120178,-0.042923,0.514489,0.346006,-0.063929,-0.096996,-0.010427,-0.029301,-0.015754,9.370363,11.329718,-61.562719
52222.0,2025-12-17T11:06:01.447542,37.746634,-0.848790,-0.120524,-0.031167,0.513865,0.200460,-0.086796,-0.065277,-0.007575,-0.029296,-0.021681,10.097770,10.181951,-61.480250
52258.0,2025-12-17T11:06:01.477588,37.776680,-0.850028,-0.112808,-0.020807,0.514096,-0.016568,0.060320,-0.031579,-0.014092,-0.038171,-0.024036,9.925708,8.705857,-61.573641
52299.0,2025-12-17T11:06:01.506415,37.805507,-0.848653,-0.109354,-0.031082,0.516589,0.202099,-0.108150,0.017221,-0.025897,-0.045800,-0.008811,8.954265,9.540122,-61.910455
52335.0,2025-12-17T11:06:01.508452,37.807544,-0.849749,-0.107029,-0.019572,0.515838,0.097157,-0.049193,0.067683,-0.050458,-0.027908,-0.003243,9.404201,8.260982,-61.838783
52379.0,2025-12-17T11:06:01.564901,37.863993,-0.849758,-0.105166,-0.022062,0.516106,0.402016,-0.098671,-0.085753,-0.077069,-0.023424,0.012315,9.070435,8.397948,-61.878012
52414.0,2025-12-17T11:06:01.627808,37.926901,-0.850095,-0.104097,-0.020030,0.515850,0.416556,-0.089176,0.064353,-0.079289,-0.042582,0.006194,9.085420,8.131874,-61.852850
52446.0,2025-12-17T11:06:01.627808,37.926901,-0.850402,-0.103140,-0.017613,0.515625,0.351323,-0.077955,0.159392,-0.061945,-0.057807,0.006907,9.133733,7.834888,-61.832700
52487.0,2025-12-17T11:06:01.686837,37.985929,-0.850589,-0.100466,-0.019499,0.515776,0.197737,0.012800,0.220113,-0.089310,-0.078095,0.025596,8.755991,7.863129,-61.860263
52522.0,2025-12-17T11:06:01.745964,38.045057,-0.851491,-0.098929,-0.018044,0.514636,0.204098,0.075474,0.440251,-0.148724,-0.070461,0.065051,8.698637,7.617130,-61.716815
52558.0,2025-12-17T11:06:01.747982,38.047074,-0.852519,-0.097166,-0.017998,0.513270,0.448345,0.160189,0.416874,-0.204453,-0.023243,0.073354,8.537948,7.494510,-61.540893
52594.0,2025-12-17T11:06:01.807385,38.106477,-0.853043,-0.094075,-0.022457,0.512800,0.681130,0.177143,0.376248,-0.206991,0.035383,0.047566,7.974540,7.746900,-61.482915
52629.0,2025-12-17T11:06:01.807385,38.106477,-0.853535,-0.092811,-0.024354,0.512125,0.852536,0.149507,0.248392,-0.233160,0.093537,0.015183,7.744424,7.853212,-61.395525
52665.0,2025-12-17T11:06:01.864313,38.163405,-0.853941,-0.091389,-0.026460,0.511599,0.798035,0.098857,-0.163603,-0.261723,0.113438,0.006592,7.485002,7.972637,-61.329585
52692.0,2025-12-17T11:06:01.864313,38.163405,-0.854169,-0.088510,-0.031768,0.511422,0.915825,0.062348,-0.366183,-0.286474,0.108275,0.017336,6.890653,8.325825,-61.318898
52718.0,2025-12-17T11:06:01.927080,38.226172,-0.855363,-0.089236,-0.027733,0.509531,0.906216,0.017005,-0.549766,-0.341032,0.092009,0.066157,7.215735,7.954137,-61.061364
52751.0,2025-12-17T11:06:01.928288,38.227380,-0.857102,-0.088757,-0.023047,0.506920,0.856166,-0.040832,-0.764072,-0.364872,0.078715,0.118692,7.462341,7.440220,-60.717268
52784.0,2025-12-17T11:06:01.985451,38.284543,-0.858240,-0.081351,-0.033194,0.505672,1.201112,-0.040889,-0.954890,-0.367509,0.034604,0.180706,6.148813,8.004494,-60.582220
52804.0,2025-12-17T11:06:01.985451,38.284543,-0.860995,-0.080133,-0.027200,0.501524,1.150952,-0.024502,-1.109398,-0.369849,-0.034971,0.265012,6.408281,7.308708,-60.031294
52837.0,2025-12-17T11:06:02.045281,38.344373,-0.864652,-0.078800,-0.020504,0.495729,1.107810,0.130158,-1.146793,-0.402428,-0.117661,0.385675,6.701415,6.522021,-59.271491
52863.0,2025-12-17T11:06:02.045281,38.344373,-0.867861,-0.078700,-0.015852,0.490278,0.980052,0.464948,-0.717816,-0.430869,-0.217956,0.476792,6.991792,6.009007,-58.559064
52885.0,2025-12-17T11:06:02.104697,38.403789,-0.870629,-0.074507,-0.021513,0.485789,0.993752,0.583175,-0.612767,-0.403058,-0.300731,0.531435,6.286250,6.306627,-57.974127
52904.0,2025-12-17T11:06:02.104697,38.403789,-0.873754,-0.075748,-0.017136,0.480128,0.760859,0.747407,-0.481182,-0.327057,-0.352114,0.561291,6.691923,5.893671,-57.232696
52930.0,2025-12-17T11:06:02.110340,38.409432,-0.876613,-0.077954,-0.013456,0.474649,0.642796,0.910474,-0.126416,-0.246765,-0.356700,0.566449,7.151430,5.600598,-56.517132
52951.0,2025-12-17T11:06:02.166018,38.465111,-0.879563,-0.081630,-0.010419,0.468612,0.549135,0.963993,0.209835,-0.189750,-0.272797,0.545004,7.726125,5.441732,-55.727698
52984.0,2025-12-17T11:06:02.166018,38.465111,-0.882105,-0.079952,-0.015844,0.463947,0.475395,1.058673,0.197376,-0.171570,-0.173868,0.538333,7.297168,5.862335,-55.110462
53003.0,2025-12-17T11:06:02.227076,38.526168,-0.885336,-0.085936,-0.018718,0.456557,0.178561,1.134102,0.185383,-0.175349,-0.028182,0.541559,7.811966,6.408263,-54.121260
53036.0,2025-12-17T11:06:02.228062,38.527155,-0.887659,-0.090750,-0.023732,0.450847,-0.123381,1.171250,0.054926,-0.153093,0.076139,0.518457,8.094014,7.120749,-53.348102
53056.0,2025-12-17T11:06:02.228062,38.527155,-0.890125,-0.096910,-0.030946,0.444216,-0.236060,1.049076,-0.040999,-0.106282,0.147253,0.506150,8.424021,8.116697,-52.444111
53090.0,2025-12-17T11:06:02.284959,38.584052,-0.892172,-0.098514,-0.040779,0.438933,-0.029502,1.099402,0.140196,-0.090643,0.247854,0.498248,8.151585,9.163149,-51.738441
53115.0,2025-12-17T11:06:02.284959,38.584052,-0.894340,-0.107686,-0.047988,0.431576,0.123626,0.913236,0.036075,-0.095138,0.314805,0.479825,8.839688,10.298939,-50.722355
53132.0,2025-12-17T11:06:02.346084,38.645176,-0.895930,-0.115319,-0.054630,0.425472,0.038128,0.764513,0.063891,-0.080566,0.352736,0.479343,9.399414,11.304293,-49.873270
53164.0,2025-12-17T11:06:02.346084,38.645176,-0.897590,-0.124710,-0.060722,0.418440,0.148680,0.503102,-0.014094,-0.046876,0.392059,0.487689,10.203161,12.320117,-48.884076
53187.0,2025-12-17T11:06:02.405130,38.704222,-0.899091,-0.124923,-0.071053,0.413498,0.313770,0.395046,-0.179319,-0.014496,0.421490,0.472059,9.816183,13.360446,-48.243575
53212.0,2025-12-17T11:06:02.405130,38.704222,-0.900353,-0.134135,-0.075562,0.407016,0.127913,0.176456,-0.197325,0.012848,0.441672,0.493430,10.701868,14.196932,-47.315399
53231.0,2025-12-17T11:06:02.410151,38.709243,-0.901947,-0.144038,-0.078173,0.399542,0.047383,-0.067987,-0.189292,0.030584,0.451926,0.527543,11.781060,14.839584,-46.244964
53257.0,2025-12-17T11:06:02.467405,38.766497,-0.903966,-0.141408,-0.084967,0.394498,0.024487,-0.082939,-0.136210,0.045301,0.464751,0.539866,11.281033,15.378006,-45.625816
53283.0,2025-12-17T11:06:02.467405,38.766497,-0.906396,-0.139889,-0.093732,0.387416,-0.007705,-0.111433,-0.190129,0.081484,0.471825,0.578576,10.859830,16.159178,-44.739909
53307.0,2025-12-17T11:06:02.526923,38.826015,-0.909619,-0.143722,-0.090725,0.379085,0.105220,-0.159002,0.000799,0.105925,0.510286,0.623970,11.557312,15.903362,-43.628277
53326.0,2025-12-17T11:06:02.530047,38.829139,-0.912327,-0.150136,-0.088352,0.370557,0.653878,-0.216032,0.676726,0.117851,0.551791,0.615726,12.513312,15.811880,-42.466214
53346.0,2025-12-17T11:06:02.530047,38.829139,-0.914502,-0.155839,-0.086533,0.363198,1.010945,-0.233028,1.213870,0.125098,0.574162,0.605178,13.346676,15.751713,-41.466862
53369.0,2025-12-17T11:06:02.584421,38.883514,-0.916515,-0.161844,-0.084806,0.355830,1.056772,-0.082608,1.424445,0.109268,0.548132,0.608154,14.209692,15.701756,-40.467406
53394.0,2025-12-17T11:06:02.584421,38.883514,-0.918820,-0.160097,-0.091680,0.348904,1.035419,0.120446,1.426989,0.064631,0.478639,0.583378,13.876610,16.271677,-39.593219
53419.0,2025-12-17T11:06:02.646220,38.945312,-0.921348,-0.164630,-0.087175,0.341198,0.256943,-0.192214,1.151638,0.073875,0.361287,0.500432,14.684922,15.841636,-38.587492
53438.0,2025-12-17T11:06:02.646220,38.945312,-0.923494,-0.161538,-0.087923,0.336651,-0.206518,-0.607765,0.768299,0.178488,0.286934,0.443075,14.386894,15.733079,-38.059611
53471.0,2025-12-17T11:06:02.646220,38.945312,-0.925010,-0.159457,-0.088702,0.333259,-0.356457,-0.923564,0.483012,0.292993,0.257419,0.367867,14.182029,15.686974,-37.662216
53494.0,2025-12-17T11:06:02.705717,39.004809,-0.926281,-0.157927,-0.094840,0.328736,-0.263439,-1.007230,0.390448,0.267535,0.269597,0.321909,13.873210,16.232113,-37.091514
53521.0,2025-12-17T11:06:02.708993,39.008086,-0.928197,-0.153560,-0.096806,0.324805,-0.168985,-0.893086,0.115460,0.086536,0.335112,0.348522,13.379575,16.228238,-36.656954
53547.0,2025-12-17T11:06:02.764541,39.063633,-0.930541,-0.147721,-0.099053,0.320094,0.102915,-0.782051,-0.198800,-0.111964,0.426750,0.361613,12.723703,16.195474,-36.147437
53572.0,2025-12-17T11:06:02.764541,39.063633,-0.932917,-0.142587,-0.100096,0.315144,0.378300,-0.597981,-0.379564,-0.223274,0.482304,0.358365,12.192469,16.059366,-35.604042
53593.0,2025-12-17T11:06:02.764541,39.063633,-0.934774,-0.135432,-0.109521,0.309613,0.793524,-0.284250,-0.635083,-0.284323,0.500045,0.359964,11.163973,16.775270,-35.000263
53619.0,2025-12-17T11:06:02.828331,39.127423,-0.936760,-0.134888,-0.108174,0.304277,0.783397,-0.074755,-0.709574,-0.312591,0.433921,0.339787,11.242239,16.544110,-34.349847
53638.0,2025-12-17T11:06:02.839812,39.138904,-0.938868,-0.134617,-0.105640,0.298740,0.740016,-0.003189,-0.657710,-0.301327,0.338392,0.316056,11.390080,16.188327,-33.676117
53667.0,2025-12-17T11:06:02.886539,39.185632,-0.940967,-0.134842,-0.101295,0.293493,0.672834,0.035705,-0.611573,-0.240195,0.192136,0.321596,11.641489,15.651204,-33.040569
53695.0,2025-12-17T11:06:02.886539,39.185632,-0.943394,-0.125803,-0.105952,0.288021,0.856030,0.311940,-0.582371,-0.204858,0.081113,0.331515,10.559645,15.805683,-32.485302
53723.0,2025-12-17T11:06:02.946476,39.245568,-0.945548,-0.129591,-0.099536,0.281493,0.565525,0.360716,-0.438323,-0.202557,-0.027037,0.341490,11.293214,15.140638,-31.651236
53746.0,2025-12-17T11:06:02.947760,39.246852,-0.947295,-0.134321,-0.093876,0.275277,0.065225,0.123366,-0.238603,-0.168160,-0.106733,0.374597,12.096052,14.584440,-30.853411
53782.0,2025-12-17T11:06:03.004992,39.304085,-0.949682,-0.125997,-0.097804,0.269561,0.041423,0.361816,0.031940,-0.130123,-0.129779,0.383491,11.121819,14.696165,-30.253764
53807.0,2025-12-17T11:06:03.008887,39.307979,-0.950236,-0.132126,-0.098597,0.264335,-0.063798,0.450185,0.299690,-0.095968,-0.096789,0.357665,11.882523,14.905897,-29.530849
53835.0,2025-12-17T11:06:03.009830,39.308923,-0.950405,-0.138839,-0.101134,0.259281,-0.101861,0.403490,0.502617,-0.067951,-0.008664,0.329560,12.665240,15.321347,-28.808750
53868.0,2025-12-17T11:06:03.064559,39.363652,-0.950046,-0.145852,-0.108206,0.253834,-0.144719,0.251347,0.559274,-0.083535,0.102593,0.293165,13.381404,16.239024,-28.000133
53899.0,2025-12-17T11:06:03.126994,39.426086,-0.951725,-0.138725,-0.115871,0.248092,0.072874,0.298870,0.320448,-0.097396,0.170672,0.286168,12.462239,16.821355,-27.371222
53927.0,2025-12-17T11:06:03.126994,39.426086,-0.952273,-0.146031,-0.115002,0.242127,0.341094,0.379958,0.122513,-0.107396,0.194137,0.288417,13.438446,16.842565,-26.533174
53960.0,2025-12-17T11:06:03.184574,39.483666,-0.953074,-0.152001,-0.112084,0.236608,0.433352,0.282438,-0.126996,-0.104771,0.191429,0.253675,14.299021,16.593412,-25.788645
53985.0,2025-12-17T11:06:03.187459,39.486551,-0.954317,-0.156124,-0.106638,0.231372,0.438786,0.111281,-0.316319,-0.058874,0.165851,0.241755,14.991068,16.008365,-25.136694
54015.0,2025-12-17T11:06:03.187459,39.486551,-0.956170,-0.149295,-0.112221,0.225512,0.812163,0.275235,-0.433102,-0.040410,0.123747,0.229818,14.171177,16.375992,-24.492045
54048.0,2025-12-17T11:06:03.246295,39.545388,-0.957590,-0.154529,-0.103994,0.219836,0.788355,0.289672,-0.342355,-0.052998,0.056626,0.208900,15.050066,15.492332,-23.800095
54071.0,2025-12-17T11:06:03.246295,39.545388,-0.958976,-0.158156,-0.094780,0.215334,0.587480,0.135694,-0.289148,-0.021763,-0.016012,0.188329,15.730798,14.471338,-23.301618
54116.0,2025-12-17T11:06:03.304227,39.603319,-0.960750,-0.149567,-0.097991,0.212103,0.545469,0.150440,-0.166916,0.017873,-0.089084,0.116346,14.714604,14.580268,-23.006191
54147.0,2025-12-17T11:06:03.367579,39.666671,-0.962253,-0.150809,-0.085549,0.209778,0.265557,-0.025651,-0.126869,0.037986,-0.114481,0.075022,15.142191,13.174216,-22.838289
54186.0,2025-12-17T11:06:03.367579,39.666671,-0.963608,-0.141630,-0.088963,0.208535,0.441574,0.126716,-0.069214,-0.009532,-0.087615,0.028388,14.026762,13.327718,-22.775347
54217.0,2025-12-17T11:06:03.426738,39.725831,-0.964337,-0.145460,-0.078850,0.206589,0.304015,0.133593,-0.066297,-0.070487,-0.060544,0.012869,14.699131,12.249939,-22.597296
54261.0,2025-12-17T11:06:03.484476,39.783568,-0.964605,-0.150762,-0.067921,0.205414,0.129677,0.074062,-0.139784,-0.039183,-0.051442,-0.038006,15.544374,11.126171,-22.519982
54303.0,2025-12-17T11:06:03.484476,39.783568,-0.965328,-0.141655,-0.074450,0.206235,0.206997,0.095048,-0.246645,0.024874,-0.071730,-0.048946,14.353139,11.663676,-22.645335
54340.0,2025-12-17T11:06:03.547432,39.846525,-0.966096,-0.143460,-0.061105,0.205775,0.085227,-0.007763,-0.262363,0.051646,-0.079062,-0.043604,14.838374,10.201341,-22.716316
54378.0,2025-12-17T11:06:03.547432,39.846525,-0.966144,-0.148756,-0.049999,0.204785,-0.173648,-0.040106,-0.239858,0.051903,-0.088602,-0.022895,15.684351,9.064039,-22.683772
54418.0,2025-12-17T11:06:03.608012,39.907104,-0.966869,-0.140940,-0.055759,0.205403,-0.103118,0.114218,-0.118504,0.051974,-0.119918,-0.025108,14.663151,9.539158,-22.757268
54448.0,2025-12-17T11:06:03.664420,39.963512,-0.968072,-0.134006,-0.047550,0.206440,-0.121801,0.147690,0.052693,0.090643,-0.115225,-0.044976,14.032424,8.475852,-23.030802
54493.0,2025-12-17T11:06:03.667481,39.966574,-0.968307,-0.128313,-0.053503,0.207498,-0.055717,0.195737,0.193157,0.093494,-0.074887,-0.069524,13.245639,9.024908,-23.139884
54515.0,2025-12-17T11:06:03.727062,40.026154,-0.967101,-0.128376,-0.063360,0.210289,-0.005140,-0.026607,0.219428,0.075072,-0.011978,-0.087217,13.014293,10.168525,-23.372322
54559.0,2025-12-17T11:06:03.787289,40.086382,-0.966708,-0.127665,-0.064416,0.212198,-0.035747,-0.169369,0.256551,0.075341,0.053600,-0.093080,12.890154,10.295456,-23.594739
54596.0,2025-12-17T11:06:03.787289,40.086382,-0.966394,-0.126881,-0.067307,0.213200,0.212513,-0.138775,0.147180,0.038821,0.094223,-0.076649,12.726842,10.613982,-23.694902
54635.0,2025-12-17T11:06:03.845040,40.144132,-0.966261,-0.127648,-0.066915,0.213468,0.297628,0.036353,-0.015832,-0.013350,0.082690,-0.044494,12.820386,10.591943,-23.722173
54671.0,2025-12-17T11:06:03.845040,40.144132,-0.966118,-0.128926,-0.065118,0.213903,0.295440,0.061202,0.094654,0.021956,0.007068,-0.041771,13.001222,10.426806,-23.776982
54709.0,2025-12-17T11:06:03.906162,40.205254,-0.965949,-0.128566,-0.064649,0.215021,0.141417,0.055347,0.203022,0.092639,-0.094362,-0.053977,12.958435,10.380512,-23.916917
54744.0,2025-12-17T11:06:03.964543,40.263635,-0.965875,-0.129187,-0.060104,0.216295,0.053122,-0.044417,0.178975,0.081626,-0.130877,-0.063005,13.116824,9.903627,-24.103338
54779.0,2025-12-17T11:06:03.964543,40.263635,-0.966064,-0.126549,-0.058599,0.217419,-0.030146,0.012068,0.238031,-0.017159,-0.081135,-0.048418,12.837986,9.686055,-24.274664
54816.0,2025-12-17T11:06:04.026699,40.325791,-0.966153,-0.123533,-0.060403,0.218263,0.074175,0.087311,0.086382,-0.074050,0.003458,-0.055283,12.444674,9.825159,-24.386094
54852.0,2025-12-17T11:06:04.026699,40.325791,-0.965835,-0.124495,-0.060891,0.218989,0.264617,0.143344,-0.136783,-0.048860,0.093270,-0.073498,12.536146,9.912735,-24.458549
54887.0,2025-12-17T11:06:04.085174,40.384266,-0.965339,-0.126483,-0.061253,0.219933,0.348650,0.171700,-0.290386,0.011542,0.100225,-0.083821,12.745241,10.014393,-24.547977
54924.0,2025-12-17T11:06:04.144922,40.444015,-0.965119,-0.125868,-0.063477,0.220621,0.525981,0.180084,-0.321072,0.044986,0.050746,-0.070269,12.617302,10.257006,-24.615599
54963.0,2025-12-17T11:06:04.144922,40.444015,-0.964894,-0.127875,-0.060658,0.221240,0.478827,0.091626,-0.226708,0.061453,-0.025368,-0.041713,12.904367,9.999524,-24.694525
54993.0,2025-12-17T11:06:04.206463,40.505555,-0.964948,-0.126990,-0.060078,0.221674,0.327732,0.060027,-0.108607,0.070155,-0.090829,-0.020682,12.812258,9.918334,-24.759377
55036.0,2025-12-17T11:06:04.208922,40.508014,-0.964887,-0.128412,-0.056249,0.222126,0.223115,0.001859,-0.046560,0.071681,-0.086331,-0.026032,13.058011,9.531817,-24.834878
55075.0,2025-12-17T11:06:04.264418,40.563511,-0.964754,-0.129307,-0.053382,0.222891,0.091628,-0.047809,-0.143659,0.068122,-0.021505,-0.046570,13.218876,9.244203,-24.944617
55110.0,2025-12-17T11:06:04.327083,40.626176,-0.964555,-0.128903,-0.055107,0.223563,0.043682,-0.109601,-0.266147,0.061770,0.021969,-0.054029,13.126468,9.435838,-25.010924
55152.0,2025-12-17T11:06:04.327083,40.626176,-0.964529,-0.127865,-0.055000,0.224296,0.074207,-0.177515,-0.472948,0.038305,0.048315,-0.043570,13.003665,9.407648,-25.107754
55180.0,2025-12-17T11:06:04.384921,40.684013,-0.964705,-0.126683,-0.054584,0.224311,0.132106,-0.176768,-0.672295,0.009262,0.048425,-0.007306,12.878517,9.331567,-25.123908
55214.0,2025-12-17T11:06:04.388765,40.687858,-0.965127,-0.124881,-0.055821,0.223203,0.159385,-0.117173,-0.720188,-0.028483,-0.001485,0.051404,12.655021,9.409839,-24.997707
55247.0,2025-12-17T11:06:04.448119,40.747212,-0.965840,-0.123411,-0.053279,0.221547,0.094267,-0.016514,-0.669485,-0.050364,-0.056546,0.107481,12.562339,9.067654,-24.838252
55275.0,2025-12-17T11:06:04.448119,40.747212,-0.966435,-0.123428,-0.050299,0.219634,0.070822,0.045085,-0.397586,-0.039845,-0.081493,0.119301,12.650394,8.710333,-24.639992
55316.0,2025-12-17T11:06:04.505249,40.804341,-0.966806,-0.122321,-0.050946,0.218467,0.304721,0.362761,-0.126089,0.018584,-0.040862,0.070036,12.519868,8.740340,-24.505723
55345.0,2025-12-17T11:06:04.567561,40.866653,-0.966338,-0.125852,-0.050489,0.218640,0.481183,0.293750,0.109924,0.093869,0.072306,-0.029974,12.930822,8.778322,-24.501008
55381.0,2025-12-17T11:06:04.567561,40.866653,-0.965174,-0.131085,-0.052095,0.220320,0.741999,0.245361,0.198822,0.190226,0.215746,-0.134398,13.475122,9.109610,-24.638722
55415.0,2025-12-17T11:06:04.625779,40.924871,-0.964424,-0.128264,-0.063293,0.222324,0.934396,0.074227,-0.085151,0.240892,0.340400,-0.214027,12.877267,10.318251,-24.795185
55435.0,2025-12-17T11:06:04.627508,40.926600,-0.963566,-0.133312,-0.059972,0.223992,0.908646,-0.152209,-0.280553,0.252641,0.367839,-0.241749,13.512728,10.095827,-24.974179
55466.0,2025-12-17T11:06:04.685407,40.984500,-0.962898,-0.137200,-0.055200,0.225736,0.955553,-0.319584,-0.914402,0.250903,0.308825,-0.215373,14.049444,9.685894,-25.191319
55503.0,2025-12-17T11:06:04.685407,40.984500,-0.962860,-0.134038,-0.060240,0.226507,1.071433,-0.558297,-1.242601,0.229177,0.123238,-0.170882,13.563348,10.179186,-25.261973
55526.0,2025-12-17T11:06:04.744469,41.043561,-0.963132,-0.133342,-0.051680,0.227874,0.862592,-0.678134,-1.235649,0.230404,-0.032049,-0.118817,13.671527,9.225489,-25.514143
55554.0,2025-12-17T11:06:04.744469,41.043561,-0.963661,-0.131317,-0.042667,0.228675,0.752182,-0.867683,-1.247268,0.240883,-0.139130,-0.056576,13.649212,8.180462,-25.717810
55575.0,2025-12-17T11:06:04.749109,41.048201,-0.964221,-0.129430,-0.033146,0.228970,0.726040,-0.826785,-1.147830,0.247787,-0.188226,-0.020346,13.663492,7.076374,-25.867897
55605.0,2025-12-17T11:06:04.864571,41.163663,-0.964835,-0.125796,-0.034325,0.228235,0.699643,-0.540644,-0.817567,0.256566,-0.195278,0.023402,13.228385,7.103232,-25.793064
55638.0,2025-12-17T11:06:04.864571,41.163663,-0.965726,-0.122741,-0.024616,0.227379,0.397710,-0.646996,-0.919539,0.235193,-0.171860,0.064448,13.125794,5.932786,-25.814671
55667.0,2025-12-17T11:06:04.864571,41.163663,-0.966800,-0.118561,-0.016388,0.225772,0.313353,-0.675584,-0.831091,0.194243,-0.137597,0.115830,12.865254,4.888873,-25.737327
55701.0,2025-12-17T11:06:04.927876,41.226968,-0.968017,-0.114203,-0.020727,0.222419,0.285219,-0.448927,-0.665151,0.170895,-0.108791,0.164007,12.284274,5.217103,-25.318433
55736.0,2025-12-17T11:06:04.927876,41.226968,-0.969172,-0.110345,-0.011738,0.219981,0.112817,-0.275108,-0.639823,0.200195,-0.119484,0.156397,12.078706,4.088624,-25.143634
55762.0,2025-12-17T11:06:04.987010,41.286102,-0.970043,-0.105989,-0.006443,0.218498,-0.067322,-0.581761,-0.247707,0.317013,-0.136750,0.126737,11.722076,3.371898,-25.041361
55789.0,2025-12-17T11:06:04.987010,41.286102,-0.970530,-0.103180,-0.003851,0.217740,-0.250445,-0.556133,0.065820,0.424167,-0.141903,0.097644,11.471200,3.004183,-24.988259
55822.0,2025-12-17T11:06:05.047362,41.346454,-0.970839,-0.103704,-0.006541,0.216041,-0.156950,-0.574809,-0.017214,0.450048,-0.143522,0.087801,11.470464,3.296799,-24.759985
55842.0,2025-12-17T11:06:05.047362,41.346454,-0.971518,-0.100056,-0.003709,0.214775,-0.322097,-0.907986,-0.004176,0.378015,-0.130077,0.124168,11.131568,2.876662,-24.651573
55875.0,2025-12-17T11:06:05.050718,41.349810,-0.972677,-0.094493,-0.002177,0.212050,-0.451930,-1.078786,0.054766,0.241832,-0.108909,0.220487,10.549176,2.539612,-24.362344
55908.0,2025-12-17T11:06:05.164461,41.463554,-0.973948,-0.090011,-0.006656,0.208038,-0.312926,-1.181921,-0.112575,0.088242,-0.096011,0.329387,9.949644,2.889860,-23.863040
55934.0,2025-12-17T11:06:05.287568,41.586660,-0.975992,-0.080811,-0.004611,0.202210,-0.262312,-1.036080,-0.005675,-0.040201,-0.115145,0.446583,8.975492,2.388849,-23.222787
55957.0,2025-12-17T11:06:05.288415,41.587507,-0.978029,-0.071061,-0.003772,0.195950,-0.264256,-0.510877,0.228950,-0.141380,-0.154227,0.524526,7.909359,2.018831,-22.519072
55984.0,2025-12-17T11:06:05.288415,41.587507,-0.979973,-0.061316,-0.006361,0.189348,-0.172700,-0.002064,0.447172,-0.291914,-0.210622,0.582749,6.767619,2.045142,-21.750698
56009.0,2025-12-17T11:06:05.346337,41.645429,-0.981647,-0.053912,-0.010530,0.182623,0.146917,0.546128,0.545881,-0.402868,-0.256716,0.589334,5.859094,2.313351,-20.958947
56115.0,2025-12-17T11:06:05.406699,41.705791,-0.986838,-0.049559,-0.012614,0.153410,0.364001,1.788504,1.131715,-0.515376,-0.022987,0.410252,5.394841,2.298218,-17.564252
56147.0,2025-12-17T11:06:05.406699,41.705791,-0.987495,-0.052804,-0.014425,0.147843,0.308034,1.444032,1.251016,-0.390227,0.121961,0.381859,5.746006,2.527673,-16.902725
56180.0,2025-12-17T11:06:05.406699,41.705791,-0.988296,-0.050742,-0.017074,0.142844,0.237987,1.528813,1.472607,-0.248993,0.205277,0.402008,5.481857,2.765269,-16.316282
56200.0,2025-12-17T11:06:05.409203,41.708295,-0.988844,-0.057333,-0.019231,0.136126,0.429398,1.478358,1.241453,-0.169428,0.226194,0.445840,6.217681,3.074935,-15.509239
56258.0,2025-12-17T11:06:05.464468,41.763561,-0.990098,-0.068196,-0.025761,0.119967,0.033850,0.646264,1.118094,-0.243165,0.140240,0.631497,7.420642,3.863240,-13.566764
56278.0,2025-12-17T11:06:05.464468,41.763561,-0.990730,-0.071559,-0.030645,0.111325,-0.090309,0.234573,0.988891,-0.258201,0.116131,0.716499,7.779836,4.396328,-12.523392
56293.0,2025-12-17T11:06:05.464468,41.763561,-0.991378,-0.071734,-0.037282,0.103123,-0.002042,0.042199,0.872974,-0.283607,0.120376,0.791873,7.762881,5.089755,-11.531556
56329.0,2025-12-17T11:06:05.527031,41.826123,-0.992942,-0.062664,-0.044165,0.090491,0.017064,0.441492,0.707253,-0.389937,0.162160,0.908159,6.720508,5.684332,-10.080379
56353.0,2025-12-17T11:06:05.554500,41.853592,-0.993890,-0.064592,-0.045926,0.076816,0.121697,0.571470,0.573426,-0.508151,0.219302,1.000408,7.005552,5.809114,-8.483066
56377.0,2025-12-17T11:06:05.584558,41.883650,-0.994761,-0.064865,-0.047835,0.062892,0.147624,0.547105,0.371682,-0.639310,0.290347,1.117609,7.105473,5.930832,-6.866624
56397.0,2025-12-17T11:06:05.584558,41.883650,-0.995468,-0.064362,-0.051683,0.047222,0.081213,0.950517,0.332213,-0.717211,0.346125,1.209669,7.122885,6.256341,-5.041990
56423.0,2025-12-17T11:06:05.644535,41.943627,-0.995864,-0.063602,-0.055796,0.033108,0.048435,1.320953,0.085694,-0.745023,0.391217,1.257736,7.111994,6.623383,-3.396164
56447.0,2025-12-17T11:06:05.644535,41.943627,-0.995959,-0.063210,-0.061889,0.015488,-0.030297,0.806549,-0.406933,-0.701830,0.435865,1.264124,7.179360,7.194396,-1.329950
56472.0,2025-12-17T11:06:05.644535,41.943627,-0.995665,-0.063549,-0.067918,-0.000201,-0.116832,0.837674,-0.581188,-0.632802,0.454431,1.256011,7.339438,7.771441,0.522343
56491.0,2025-12-17T11:06:05.708376,42.007469,-0.994994,-0.066063,-0.073390,-0.015390,-0.146395,1.095154,-0.919616,-0.456651,0.422573,1.154866,7.766307,8.280101,2.335360
56517.0,2025-12-17T11:06:05.708376,42.007469,-0.994176,-0.070311,-0.077237,-0.026567,-0.088849,0.813946,-0.898339,-0.239558,0.370531,1.009883,8.369160,8.617567,3.693141
56541.0,2025-12-17T11:06:05.766258,42.065351,-0.992965,-0.078778,-0.079657,-0.038338,0.059023,0.244857,-0.679498,0.024844,0.316540,0.870047,9.466498,8.751683,5.148186
56566.0,2025-12-17T11:06:05.766258,42.065351,-0.991850,-0.088000,-0.078614,-0.048050,0.090647,0.069131,-0.545514,0.205192,0.241093,0.763666,10.610645,8.481437,6.336068
56589.0,2025-12-17T11:06:05.766258,42.065351,-0.990350,-0.098127,-0.079760,-0.056707,0.009340,0.032133,-0.310283,0.197027,0.162389,0.668140,11.866699,8.444533,7.433555
56611.0,2025-12-17T11:06:05.825568,42.124660,-0.990450,-0.094053,-0.077874,-0.064024,0.062303,-0.255389,-0.338905,0.176158,0.121584,0.656733,11.437342,8.176129,8.217200
56635.0,2025-12-17T11:06:05.825568,42.124660,-0.990336,-0.089921,-0.078264,-0.070881,0.042464,-0.586202,-0.412212,0.156673,0.104682,0.685896,11.019455,8.179069,8.977933
56660.0,2025-12-17T11:06:06.006926,42.306018,-0.990012,-0.084940,-0.080601,-0.078517,-0.132919,-0.520643,-0.695867,0.083238,0.074993,0.721748,10.533233,8.409817,9.845778
56679.0,2025-12-17T11:06:06.006926,42.306018,-0.989135,-0.080860,-0.086221,-0.087404,-0.259156,-0.181930,-0.688626,-0.096439,0.015477,0.789094,10.207673,8.999897,10.904979
56703.0,2025-12-17T11:06:06.064535,42.363627,-0.988008,-0.079928,-0.091247,-0.095526,-0.055907,-0.001527,-0.528456,-0.212116,-0.008498,0.831167,10.242217,9.499223,11.898259
56725.0,2025-12-17T11:06:06.185050,42.484142,-0.988009,-0.071710,-0.087491,-0.105074,-0.023622,0.008374,-0.408352,-0.256594,0.002595,0.817355,9.329875,9.080033,12.883502
56845.0,2025-12-17T11:06:06.244443,42.543535,-0.984594,-0.042035,-0.094881,-0.140729,-0.327574,-0.913394,0.600957,0.077665,-0.106294,0.602943,6.384238,10.079101,16.832056
56868.0,2025-12-17T11:06:06.247778,42.546871,-0.983847,-0.036132,-0.095410,-0.147094,-0.153794,-0.662763,0.705548,-0.021466,-0.125780,0.621078,5.782852,10.201344,17.523168
56920.0,2025-12-17T11:06:06.247778,42.546871,-0.982000,-0.032397,-0.091439,-0.162069,0.345912,0.363789,0.610241,-0.314303,0.078845,0.728907,5.429968,9.734578,19.205906
56966.0,2025-12-17T11:06:06.249169,42.548261,-0.978167,-0.034387,-0.092229,-0.183032,-0.061407,0.444882,-0.459853,-0.583867,0.266240,0.773950,5.882433,9.662422,21.694561
57070.0,2025-12-17T11:06:06.308344,42.607436,-0.971738,-0.035650,-0.115389,-0.202829,-0.238903,-1.368798,-0.693234,0.133746,0.009616,0.604174,6.819092,12.110308,24.304087
57106.0,2025-12-17T11:06:06.308344,42.607436,-0.969673,-0.028533,-0.118890,-0.211627,0.129466,-1.009454,-0.770277,0.154961,0.115044,0.587497,6.215714,12.620506,25.310989
57135.0,2025-12-17T11:06:06.308344,42.607436,-0.968457,-0.034707,-0.123409,-0.213674,0.398751,-1.216963,-1.093901,0.137891,0.219941,0.650659,7.070883,12.955897,25.687949
57158.0,2025-12-17T11:06:06.366725,42.665817,-0.966592,-0.029378,-0.125734,-0.221423,0.428968,-1.195979,-1.207220,0.116849,0.270112,0.735108,6.636724,13.300406,26.579581
57177.0,2025-12-17T11:06:06.366725,42.665817,-0.964699,-0.024009,-0.126533,-0.229715,0.563709,-1.182261,-1.158032,0.052356,0.221638,0.817616,6.166296,13.479728,27.517225
57197.0,2025-12-17T11:06:06.366725,42.665817,-0.962853,-0.018954,-0.126512,-0.237802,0.611802,-1.162834,-0.941753,0.010679,0.174634,0.874108,5.707231,13.568631,28.425678
57222.0,2025-12-17T11:06:06.426024,42.725116,-0.961415,-0.023035,-0.127153,-0.242864,0.536242,-1.222489,-0.939723,-0.055871,0.043443,0.980865,6.261305,13.491712,29.095229
57246.0,2025-12-17T11:06:06.426024,42.725116,-0.958860,-0.016094,-0.125283,-0.254231,0.276949,-1.051615,-0.749945,-0.133491,-0.073795,1.033161,5.579032,13.419226,30.356141
57266.0,2025-12-17T11:06:06.544802,42.843894,-0.956294,-0.008850,-0.122761,-0.265243,0.211730,-0.850692,-0.170508,-0.200585,-0.136377,1.037141,4.836471,13.302694,31.568652
57285.0,2025-12-17T11:06:06.724647,43.023739,-0.953971,-0.002474,-0.121330,-0.274249,0.191275,-0.990770,0.210568,-0.223366,-0.118908,1.011834,4.199851,13.304944,32.568010
57300.0,2025-12-17T11:06:06.724647,43.023739,-0.951328,0.004394,-0.120726,-0.283516,0.144806,-1.260767,0.450521,-0.236004,-0.090969,0.991676,3.542254,13.426126,33.607463
57334.0,2025-12-17T11:06:06.724647,43.023739,-0.949652,0.003220,-0.122126,-0.288507,0.075071,-1.295264,0.495980,-0.308585,-0.016380,0.980453,3.795091,13.521648,34.247989
57391.0,2025-12-17T11:06:06.724647,43.023739,-0.937978,0.032973,-0.130628,-0.319447,-0.106057,-0.152649,0.965573,-0.500681,0.181295,1.002684,1.284098,15.433387,37.788578
57459.0,2025-12-17T11:06:06.787349,43.086441,-0.924261,0.033628,-0.146035,-0.351119,-0.355819,0.135989,1.318937,-0.349476,0.045147,0.983268,2.421439,17.071405,41.966175
57585.0,2025-12-17T11:06:06.787349,43.086441,-0.903660,0.029509,-0.147159,-0.401090,-0.903284,-0.503562,1.878182,-0.098311,0.009639,0.878039,3.876884,16.836092,48.442078
57604.0,2025-12-17T11:06:06.787349,43.086441,-0.898045,0.029622,-0.155583,-0.410404,-0.867360,-0.460574,1.827183,-0.022189,0.082487,0.834721,4.484752,17.683298,49.818503
57639.0,2025-12-17T11:06:06.846995,43.146087,-0.895348,0.023851,-0.159895,-0.414989,-0.774477,-0.529322,1.545638,0.052859,0.136576,0.753747,5.424774,17.825520,50.586262
57664.0,2025-12-17T11:06:06.846995,43.146087,-0.889722,0.025391,-0.170240,-0.422809,-0.358578,-0.667526,1.103039,0.155344,0.147835,0.701589,5.993918,18.929496,51.835627
57683.0,2025-12-17T11:06:06.907621,43.206713,-0.885719,0.027597,-0.176633,-0.428417,-0.052542,-0.822444,0.986667,0.233913,0.086297,0.675481,6.246454,19.666235,52.709221
57709.0,2025-12-17T11:06:06.922612,43.221704,-0.882573,0.030005,-0.180370,-0.433164,0.117794,-0.671808,0.796028,0.233404,0.011824,0.660013,6.316813,20.143603,53.406444
57735.0,2025-12-17T11:06:06.922612,43.221704,-0.880443,0.020337,-0.182667,-0.437081,0.298134,-0.577920,0.710562,0.195258,-0.082415,0.651840,7.567079,19.842372,54.128023
57759.0,2025-12-17T11:06:06.966215,43.265307,-0.878200,0.023568,-0.179725,-0.442616,0.443522,-0.515779,1.004429,0.144959,-0.186650,0.617941,7.180388,19.665726,54.742667
57784.0,2025-12-17T11:06:06.966215,43.265307,-0.876509,0.026565,-0.175319,-0.447536,0.670842,-0.651074,1.061500,0.091561,-0.259847,0.582905,6.716233,19.336506,55.242163
57803.0,2025-12-17T11:06:07.025921,43.325013,-0.874944,0.030830,-0.169314,-0.452610,0.384405,-0.289869,1.761774,-0.039764,-0.294086,0.548741,6.026428,18.916363,55.710089
57837.0,2025-12-17T11:06:07.028875,43.327967,-0.874131,0.025349,-0.168063,-0.454981,0.667755,-0.233575,1.874525,-0.141938,-0.250355,0.459752,6.575632,18.474611,56.064038
57861.0,2025-12-17T11:06:07.087696,43.386788,-0.871998,0.026026,-0.164434,-0.460331,0.869065,-0.475217,2.067985,-0.177959,-0.176381,0.379641,6.402920,18.103450,56.680553
57881.0,2025-12-17T11:06:07.089538,43.388630,-0.870187,0.027409,-0.162172,-0.464461,0.860685,-0.562711,2.076134,-0.203672,-0.095308,0.349412,6.211093,17.920674,57.162253
57907.0,2025-12-17T11:06:07.090863,43.389955,-0.869092,0.035716,-0.157921,-0.467402,0.707521,-0.388254,1.833577,-0.287066,0.004883,0.327704,5.158526,17.931712,57.357623
57929.0,2025-12-17T11:06:07.144620,43.443712,-0.868299,0.034464,-0.158873,-0.468645,0.764375,-0.365460,1.805960,-0.351139,0.085686,0.320173,5.371712,17.950893,57.563027
57961.0,2025-12-17T11:06:07.144620,43.443712,-0.866590,0.044474,-0.155451,-0.472100,0.732411,-0.318288,1.601022,-0.330177,0.160795,0.356791,4.205979,18.144661,57.833185
57980.0,2025-12-17T11:06:07.144620,43.443712,-0.864349,0.055369,-0.152391,-0.476038,0.630417,-0.231225,1.393505,-0.251311,0.200355,0.372597,2.983069,18.430453,58.171360
58009.0,2025-12-17T11:06:07.206239,43.505331,-0.862265,0.062402,-0.150055,-0.479676,0.806336,-0.242555,1.038968,-0.055456,0.198549,0.413879,2.197315,18.580711,58.533677
58042.0,2025-12-17T11:06:07.265199,43.564291,-0.860563,0.056472,-0.155152,-0.481840,1.070054,-0.469559,0.651499,0.096844,0.183109,0.467644,3.167483,18.751044,59.013127
58061.0,2025-12-17T11:06:07.265199,43.564291,-0.857773,0.059884,-0.154244,-0.486670,1.094329,-0.297182,0.564940,0.257989,0.207738,0.515815,2.870589,18.838404,59.614401
58093.0,2025-12-17T11:06:07.270771,43.569863,-0.855229,0.061188,-0.154745,-0.490810,1.375952,-0.274701,0.361308,0.393591,0.289583,0.569149,2.863042,18.950256,60.180372
58111.0,2025-12-17T11:06:07.328405,43.627497,-0.851498,0.062716,-0.157099,-0.496324,1.585999,-0.432688,0.023510,0.461291,0.356067,0.636932,2.983599,19.256240,60.980603
58143.0,2025-12-17T11:06:07.328405,43.627497,-0.848857,0.055572,-0.164058,-0.499438,1.658458,-0.454661,-0.122387,0.445794,0.403579,0.691849,4.230310,19.513775,61.669944
58162.0,2025-12-17T11:06:07.385043,43.684135,-0.843562,0.058275,-0.166147,-0.507349,1.243853,-0.114807,0.323931,0.334903,0.443798,0.780364,4.284389,19.842914,62.798217
58187.0,2025-12-17T11:06:07.389077,43.688169,-0.839565,0.059138,-0.166365,-0.513767,0.871922,0.182390,0.094934,0.246005,0.454142,0.828646,4.369392,19.883839,63.694811
58211.0,2025-12-17T11:06:07.390181,43.689273,-0.834960,0.060591,-0.165990,-0.521170,1.181571,0.230350,-0.527842,0.169244,0.443408,0.836688,4.381526,19.897944,64.712581
58237.0,2025-12-17T11:06:07.447291,43.746384,-0.830283,0.054697,-0.172408,-0.527175,1.820524,-0.087169,-0.909296,0.158184,0.413289,0.832764,5.558437,20.118531,65.812529
58257.0,2025-12-17T11:06:07.447291,43.746384,-0.825077,0.058015,-0.172338,-0.534960,1.930562,-0.208998,-0.859989,0.178135,0.381961,0.835572,5.423006,20.270664,66.886975
58281.0,2025-12-17T11:06:07.507029,43.806121,-0.821131,0.059215,-0.171537,-0.541122,1.678013,0.183082,-1.053938,0.190832,0.361830,0.809225,5.405805,20.230229,67.734478
58306.0,2025-12-17T11:06:07.507029,43.806121,-0.816952,0.059263,-0.170448,-0.547744,1.728059,0.576735,-1.082502,0.211051,0.367852,0.748636,5.492440,20.085249,68.654949
58332.0,2025-12-17T11:06:07.507029,43.806121,-0.813217,0.051906,-0.175438,-0.552455,2.324476,0.640482,-1.538928,0.285559,0.361061,0.658665,6.688637,20.040793,69.563212
58351.0,2025-12-17T11:06:07.564468,43.863561,-0.809717,0.051052,-0.174805,-0.557848,2.593066,0.957869,-0.662310,0.335981,0.347399,0.598521,6.861689,19.879539,70.333049
58370.0,2025-12-17T11:06:07.564468,43.863561,-0.807066,0.049915,-0.174374,-0.561913,2.712306,1.606070,-0.144697,0.324685,0.375269,0.560542,7.041745,19.728159,70.920448
58398.0,2025-12-17T11:06:07.564468,43.863561,-0.803964,0.049147,-0.174240,-0.566451,2.877106,2.216906,0.415664,0.270172,0.454483,0.520008,7.219563,19.623868,71.585203
58425.0,2025-12-17T11:06:07.626093,43.925186,-0.800715,0.049808,-0.175153,-0.570698,2.882889,2.572536,0.736714,0.205017,0.613901,0.495496,7.333052,19.715249,72.233555
58451.0,2025-12-17T11:06:07.626093,43.925186,-0.796793,0.046646,-0.183058,-0.573965,3.139369,2.467499,0.321124,0.182464,0.733783,0.456006,8.319953,20.197970,73.018119
58470.0,2025-12-17T11:06:07.684438,43.983530,-0.793564,0.050155,-0.185936,-0.577207,3.202582,2.092460,-0.522266,0.201143,0.805373,0.367752,8.298867,20.671170,73.577398
58494.0,2025-12-17T11:06:07.684438,43.983530,-0.791260,0.052491,-0.188531,-0.579317,2.947760,2.209514,-0.975356,0.226782,0.833881,0.320637,8.340118,21.049384,73.971208
58514.0,2025-12-17T11:06:07.684438,43.983530,-0.788926,0.055166,-0.192023,-0.581102,2.842851,2.218501,-1.316971,0.253867,0.868281,0.258045,8.415088,21.536809,74.351975
58538.0,2025-12-17T11:06:07.747182,44.046274,-0.787297,0.053853,-0.197712,-0.581526,3.005035,2.035841,-1.754248,0.281486,0.893307,0.191055,9.004232,21.959509,74.652205
58557.0,2025-12-17T11:06:07.747182,44.046274,-0.785265,0.056626,-0.202726,-0.582284,3.138092,2.478002,-1.754781,0.334053,0.959158,0.170720,9.171997,22.602242,74.951543
58581.0,2025-12-17T11:06:07.806778,44.105871,-0.783513,0.058668,-0.207473,-0.582769,2.999893,2.666289,-2.026869,0.358153,0.992244,0.155486,9.383161,23.172213,75.210779
58606.0,2025-12-17T11:06:07.807864,44.106957,-0.781684,0.060772,-0.212532,-0.583188,2.624424,2.569825,-2.414546,0.330025,0.969175,0.127472,9.616992,23.775127,75.479759
58632.0,2025-12-17T11:06:07.809431,44.108523,-0.779988,0.058582,-0.218414,-0.583508,2.982721,2.211452,-3.015417,0.247992,0.766977,0.146132,10.322365,24.147528,75.813953
58651.0,2025-12-17T11:06:07.866402,44.165495,-0.778899,0.059594,-0.218656,-0.584769,3.455354,2.628999,-2.190815,0.217072,0.530441,0.159875,10.289446,24.224897,76.009679
58675.0,2025-12-17T11:06:07.866402,44.165495,-0.778571,0.058766,-0.217772,-0.585618,3.527404,3.227290,-1.740559,0.256004,0.363504,0.129170,10.319624,24.074895,76.105081
58700.0,2025-12-17T11:06:07.985709,44.284801,-0.779146,0.055755,-0.215131,-0.586124,3.338939,1.979952,-2.967977,0.380797,0.097177,0.112580,10.393876,23.615454,76.084302
58719.0,2025-12-17T11:06:07.989753,44.288845,-0.780390,0.051170,-0.210829,-0.586451,3.025497,1.285455,-2.362751,0.451005,-0.106994,0.110534,10.470880,22.896901,75.974754
58753.0,2025-12-17T11:06:07.989753,44.288845,-0.782948,0.038003,-0.207767,-0.585134,2.996272,-0.298412,-1.930481,0.433723,-0.323421,0.073835,11.399357,21.704164,75.737228
58777.0,2025-12-17T11:06:07.989753,44.288845,-0.784557,0.034255,-0.200384,-0.585785,3.514151,0.454602,-1.046582,0.353297,-0.397318,0.140490,11.162351,20.766286,75.544828
58824.0,2025-12-17T11:06:08.044523,44.343615,-0.786345,0.032028,-0.183479,-0.589043,3.562645,0.369810,-0.316227,0.070740,-0.282929,0.185608,10.100925,19.043623,75.371534
58864.0,2025-12-17T11:06:08.044523,44.343615,-0.786423,0.027563,-0.174809,-0.591795,3.087365,1.014799,-0.649845,-0.203047,-0.162176,0.194690,9.897283,17.912903,75.487717
58883.0,2025-12-17T11:06:08.106433,44.405525,-0.786855,0.035004,-0.160683,-0.594823,2.445189,0.803946,-1.224812,-0.537961,-0.119636,0.117307,8.185899,17.128260,75.409712
58916.0,2025-12-17T11:06:08.109096,44.408188,-0.786739,0.042107,-0.146158,-0.598253,2.120731,1.112656,-1.875185,-0.828318,-0.191983,0.155552,6.497611,16.281543,75.430716
58942.0,2025-12-17T11:06:08.164698,44.463791,-0.786243,0.043576,-0.133069,-0.601844,1.878534,0.654801,-1.739741,-1.016659,-0.320591,0.177103,5.449065,15.170998,75.591959
58961.0,2025-12-17T11:06:08.164698,44.463791,-0.785854,0.050947,-0.112971,-0.605868,1.680012,1.147238,-2.604309,-1.078399,-0.433469,0.171814,3.354663,13.844726,75.669598
58976.0,2025-12-17T11:06:08.164698,44.463791,-0.785368,0.057187,-0.096400,-0.608798,1.542089,0.880322,-1.457208,-1.075062,-0.481878,0.175995,1.618771,12.770709,75.745087
59003.0,2025-12-17T11:06:08.225378,44.524470,-0.784808,0.061448,-0.083560,-0.610997,1.077405,1.005520,-0.592640,-1.031650,-0.417748,0.170951,0.331399,11.902461,75.838236
59027.0,2025-12-17T11:06:08.228826,44.527918,-0.783989,0.066124,-0.066944,-0.613601,0.656670,1.585168,-0.592399,-0.983467,-0.252408,0.117556,-1.255457,10.726087,75.980248
59053.0,2025-12-17T11:06:08.228826,44.527918,-0.783859,0.068274,-0.061664,-0.614086,-0.019602,1.124268,0.008223,-0.920576,-0.102701,0.019783,-1.823670,10.400286,75.985247
59077.0,2025-12-17T11:06:08.284499,44.583591,-0.784246,0.068235,-0.057022,-0.614045,-0.888655,1.021135,0.151531,-0.670117,0.091417,-0.116596,-2.152846,9.976056,75.932185
59097.0,2025-12-17T11:06:08.284499,44.583591,-0.785747,0.066811,-0.057050,-0.612278,-1.063252,1.070434,0.721052,-0.391262,0.244789,-0.259730,-2.043647,9.873116,75.677077
59121.0,2025-12-17T11:06:08.345234,44.644326,-0.788052,0.064258,-0.059262,-0.609371,-0.805058,1.030590,0.313213,-0.118921,0.373606,-0.400051,-1.689965,9.887683,75.280651
59151.0,2025-12-17T11:06:08.345234,44.644326,-0.791675,0.059782,-0.067259,-0.604279,0.021110,0.661684,0.373089,0.236746,0.408244,-0.433970,-0.778578,10.296609,74.638285
59175.0,2025-12-17T11:06:08.345234,44.644326,-0.795860,0.060664,-0.066868,-0.598711,0.817328,0.167586,-0.457592,0.496112,0.303105,-0.384878,-0.960392,10.315898,73.820212
59198.0,2025-12-17T11:06:08.406735,44.705828,-0.798731,0.061230,-0.066899,-0.594814,1.284489,-0.107728,-1.130156,0.572756,0.176830,-0.291724,-1.061680,10.352800,73.253820
59223.0,2025-12-17T11:06:08.464612,44.763705,-0.800464,0.061864,-0.066907,-0.592414,1.611487,-0.400896,-0.981655,0.569398,0.076859,-0.134962,-1.151519,10.393732,72.904712
59249.0,2025-12-17T11:06:08.470196,44.769289,-0.801520,0.052926,-0.073035,-0.591126,2.395308,-0.517967,-0.448296,0.491348,0.047837,0.034082,0.087522,10.349395,72.825942
59273.0,2025-12-17T11:06:08.470196,44.769289,-0.800416,0.055417,-0.071546,-0.592574,2.528044,-0.459988,-0.382146,0.347932,0.095256,0.228220,-0.228428,10.382009,73.006762
59293.0,2025-12-17T11:06:08.470196,44.769289,-0.798382,0.058618,-0.069392,-0.595260,2.261225,-0.180965,-0.224280,0.236987,0.138778,0.352749,-0.640055,10.404046,73.356900
59327.0,2025-12-17T11:06:08.527468,44.826560,-0.795391,0.061673,-0.065034,-0.599433,1.827386,0.282980,-1.018299,0.166036,0.153037,0.405109,-1.172643,10.217904,73.900941
59354.0,2025-12-17T11:06:08.527468,44.826560,-0.792892,0.054115,-0.069972,-0.602908,1.398902,0.134891,-1.520215,0.191409,0.044229,0.444239,-0.083919,10.149297,74.490650
59379.0,2025-12-17T11:06:08.584434,44.883526,-0.790156,0.052470,-0.063749,-0.607319,0.984368,0.333909,-1.506260,0.216198,-0.063745,0.457439,-0.318699,9.466755,75.065891
59405.0,2025-12-17T11:06:08.584434,44.883526,-0.787275,0.047274,-0.056724,-0.612165,0.921372,0.812942,-0.553439,0.236557,-0.155212,0.476003,-0.288844,8.464360,75.714044
59420.0,2025-12-17T11:06:08.645742,44.944834,-0.784308,0.041235,-0.050717,-0.616919,0.909321,1.049300,-0.097719,0.288072,-0.151626,0.499358,-0.121660,7.494631,76.367635
59457.0,2025-12-17T11:06:08.706708,45.005800,-0.781229,0.027893,-0.054983,-0.621192,0.933662,0.938635,-0.238402,0.425683,-0.128735,0.465539,1.427395,6.924633,77.066128
59482.0,2025-12-17T11:06:08.706708,45.005800,-0.778983,0.020438,-0.051287,-0.624609,1.179056,0.819121,0.033929,0.627118,-0.143610,0.393893,1.857124,6.052174,77.545275
59501.0,2025-12-17T11:06:08.706708,45.005800,-0.777141,0.012789,-0.048636,-0.627314,1.594639,0.570376,-0.223559,0.807732,-0.189047,0.330926,2.367923,5.257971,77.930229
59521.0,2025-12-17T11:06:08.706708,45.005800,-0.775882,0.006810,-0.047560,-0.629046,1.967564,0.183753,-0.087248,0.932082,-0.227368,0.275801,2.833583,4.724806,78.183767
59550.0,2025-12-17T11:06:08.765202,45.064294,-0.774518,-0.008824,-0.055408,-0.630059,2.651802,-0.158472,-0.227428,0.996817,-0.272462,0.255204,4.802589,4.284568,78.435436
59575.0,2025-12-17T11:06:08.769863,45.068955,-0.772862,-0.015435,-0.054576,-0.632034,2.952041,-0.191767,0.022574,0.959735,-0.285340,0.279378,5.338590,3.718153,78.724882
59594.0,2025-12-17T11:06:08.769863,45.068955,-0.771057,-0.021113,-0.053487,-0.634165,3.266343,-0.345336,-0.186385,0.887914,-0.279575,0.287288,5.771059,3.193299,79.032985
59618.0,2025-12-17T11:06:08.827589,45.126681,-0.769493,-0.024835,-0.052531,-0.636006,3.564663,-0.563645,-0.611619,0.810687,-0.257029,0.287960,6.036871,2.823128,79.298119
59644.0,2025-12-17T11:06:08.827589,45.126681,-0.767367,-0.033411,-0.058833,-0.637629,3.776464,-0.658916,-0.574434,0.659376,-0.202945,0.291628,7.264350,2.733251,79.622000
59663.0,2025-12-17T11:06:08.888351,45.187444,-0.765787,-0.033627,-0.056559,-0.639719,3.591598,-0.692708,-0.282981,0.489211,-0.131264,0.238202,7.122098,2.498900,79.904607
59691.0,2025-12-17T11:06:08.889340,45.188432,-0.764920,-0.030927,-0.053622,-0.641145,3.617003,-0.522491,-0.672939,0.264492,-0.009605,0.154298,6.671493,2.428617,80.080097
59725.0,2025-12-17T11:06:08.944730,45.243822,-0.764717,-0.022497,-0.048052,-0.642178,2.961061,-0.087333,-1.012449,-0.002500,0.153219,0.053075,5.521499,2.556111,80.167595
59762.0,2025-12-17T11:06:08.944730,45.243822,-0.766531,-0.022038,-0.053370,-0.639606,2.933990,0.041358,-2.088458,-0.186130,0.236273,-0.168126,5.866141,3.074187,79.841905
59795.0,2025-12-17T11:06:09.007909,45.307001,-0.769527,-0.013192,-0.046293,-0.636798,2.521553,0.117185,-2.428429,-0.207557,0.145145,-0.290635,4.552891,3.121134,79.340851
59814.0,2025-12-17T11:06:09.009838,45.308930,-0.773467,-0.006225,-0.037369,-0.632704,2.150139,0.213128,-2.655637,-0.209978,-0.002236,-0.401625,3.266929,2.862039,78.648707
59840.0,2025-12-17T11:06:09.009838,45.308930,-0.777485,-0.010731,-0.036447,-0.627752,2.163533,-0.061340,-3.090702,-0.210030,-0.242726,-0.466931,3.583558,2.476036,77.913220
59869.0,2025-12-17T11:06:09.065641,45.364734,-0.781825,-0.006680,-0.025135,-0.622955,1.937593,-0.410182,-2.071231,-0.212136,-0.466705,-0.494748,2.394552,1.775243,77.132491
59893.0,2025-12-17T11:06:09.065641,45.364734,-0.786011,-0.003165,-0.013923,-0.618048,1.944872,-0.648226,-1.479505,-0.222377,-0.582658,-0.531383,1.271411,1.029923,76.368079
59911.0,2025-12-17T11:06:09.127626,45.426718,-0.790289,0.000922,-0.003250,-0.612725,1.596377,-1.082300,-0.563409,-0.218534,-0.641724,-0.546881,0.144719,0.359113,75.574497
59937.0,2025-12-17T11:06:09.127626,45.426718,-0.793655,0.004371,0.004502,-0.608335,1.339405,-1.185519,0.071238,-0.195562,-0.632199,-0.554480,-0.711408,-0.104679,74.940862
59962.0,2025-12-17T11:06:09.189770,45.488863,-0.798117,0.000031,0.005161,-0.602480,1.395138,-1.817819,0.903309,-0.178009,-0.584526,-0.566758,-0.359158,-0.469814,74.098059
59987.0,2025-12-17T11:06:09.194433,45.493525,-0.802446,0.005571,0.010702,-0.596602,1.032069,-2.452523,1.379686,-0.190075,-0.522222,-0.563393,-1.244084,-0.603215,73.266644
60007.0,2025-12-17T11:06:09.196504,45.495596,-0.805973,0.011190,0.015917,-0.591632,0.999984,-1.948742,0.796792,-0.212301,-0.467447,-0.534485,-2.113205,-0.711435,72.574873
60029.0,2025-12-17T11:06:09.246775,45.545867,-0.808799,0.016457,0.020027,-0.587514,0.835371,-1.949718,0.372856,-0.208281,-0.440252,-0.482825,-2.875037,-0.748153,72.008255
60056.0,2025-12-17T11:06:09.248663,45.547755,-0.812240,0.013664,0.020358,-0.582808,0.722469,-2.228142,0.744421,-0.190040,-0.427052,-0.452144,-2.632745,-0.982323,71.343888
60081.0,2025-12-17T11:06:09.307820,45.606912,-0.814479,0.019107,0.025696,-0.579309,0.934731,-2.132276,-0.920262,-0.165322,-0.505405,-0.347423,-3.491924,-1.129963,70.880121
60100.0,2025-12-17T11:06:09.307820,45.606912,-0.815718,0.025901,0.025674,-0.577299,0.591858,-3.174677,1.340290,-0.135507,-0.184460,-0.213713,-4.123428,-0.686453,70.600248
60133.0,2025-12-17T11:06:09.307820,45.606912,-0.816042,0.032965,0.026124,-0.576461,0.060223,-2.074711,0.480580,-0.171387,-0.290922,-0.090398,-4.813960,-0.265295,70.486737
60168.0,2025-12-17T11:06:09.364235,45.663327,-0.816873,0.027949,0.024338,-0.575626,-0.329082,-1.949520,-1.028178,-0.045202,-0.361680,-0.022409,-4.225565,-0.434633,70.358469
60188.0,2025-12-17T11:06:09.364235,45.663327,-0.816263,0.030799,0.023527,-0.576379,-0.233991,-2.158311,-0.445750,0.017519,-0.427883,0.027450,-4.439248,-0.166455,70.459752
60218.0,2025-12-17T11:06:09.426618,45.725710,-0.815284,0.035422,0.025532,-0.577412,0.754966,-2.334818,-0.106216,0.045107,-0.401180,0.059906,-5.005050,-0.041545,70.616697
60250.0,2025-12-17T11:06:09.426618,45.725710,-0.813737,0.031402,0.022086,-0.579965,1.793381,-2.827610,-1.484437,0.110527,-0.373214,0.272679,-4.400297,0.027534,70.955236
60271.0,2025-12-17T11:06:09.486574,45.785666,-0.810299,0.035135,0.023975,-0.584471,1.628592,-2.594013,-0.938573,0.142231,-0.346582,0.411827,-4.874031,0.127087,71.600635
60298.0,2025-12-17T11:06:09.488933,45.788025,-0.807989,0.032474,0.021468,-0.587910,-1.388316,-0.880131,3.432176,0.271941,-0.005010,0.340277,-4.457477,0.200069,72.073106
60313.0,2025-12-17T11:06:09.488933,45.788025,-0.806838,0.030988,0.009208,-0.589888,-0.522565,-1.087554,1.538011,0.566484,0.163819,0.174536,-3.490445,1.243427,72.304021
60349.0,2025-12-17T11:06:09.544648,45.843740,-0.808035,0.022670,-0.008455,-0.588638,0.334745,-2.828984,0.018304,1.004126,0.414087,-0.066268,-1.530147,2.312681,72.114313
60373.0,2025-12-17T11:06:09.544648,45.843740,-0.810102,0.021973,-0.026409,-0.585281,0.849649,-2.698744,-0.263431,1.201720,0.625245,-0.287319,-0.269251,3.928313,71.685352
60391.0,2025-12-17T11:06:09.605628,45.904720,-0.813031,0.023651,-0.044588,-0.580029,1.396780,-2.097592,-0.031162,1.212502,0.888370,-0.441365,0.764024,5.735673,71.047543
60410.0,2025-12-17T11:06:09.605628,45.904720,-0.815654,0.025709,-0.057240,-0.575127,2.176102,-1.437532,-0.024767,1.197900,1.027844,-0.506216,1.380035,7.062251,70.461373
60435.0,2025-12-17T11:06:09.609445,45.908537,-0.819372,0.028620,-0.069918,-0.568263,3.296340,-1.877773,-0.312014,1.131994,1.091164,-0.697564,1.886510,8.459168,69.624815
60459.0,2025-12-17T11:06:09.665053,45.964145,-0.825278,0.027219,-0.091446,-0.556608,3.309894,-2.914251,-1.135565,1.113081,0.920707,-0.922140,3.315310,10.441815,68.298338
60478.0,2025-12-17T11:06:09.665053,45.964145,-0.831995,0.028040,-0.101787,-0.544645,4.103978,-2.057293,-1.798780,1.115777,0.688003,-1.002931,3.757830,11.532029,66.799120
60498.0,2025-12-17T11:06:09.665053,45.964145,-0.837664,0.027863,-0.107484,-0.534780,4.533497,-1.263314,-1.685377,1.031924,0.555619,-1.036310,4.004606,12.114796,65.534919
60520.0,2025-12-17T11:06:09.724457,46.023550,-0.843916,0.029606,-0.112494,-0.523713,4.810396,-1.215718,-2.168138,0.816947,0.599098,-1.108070,3.989684,12.760756,64.091667
60546.0,2025-12-17T11:06:09.724457,46.023550,-0.849698,0.029406,-0.119032,-0.512815,4.291126,-1.051591,-2.074252,0.498883,0.658302,-0.891303,4.251869,13.440913,62.725406
60567.0,2025-12-17T11:06:09.784613,46.083705,-0.854233,0.038229,-0.121115,-0.504138,4.064904,-1.487776,-1.471072,0.165862,0.560914,-0.698297,3.359283,14.209454,61.513982
60586.0,2025-12-17T11:06:09.784613,46.083705,-0.857659,0.047121,-0.119660,-0.497878,4.157002,-1.946058,-1.697853,-0.149499,0.359858,-0.658710,2.269809,14.606323,60.562030
60610.0,2025-12-17T11:06:09.788565,46.087657,-0.860656,0.056787,-0.114499,-0.492886,4.075560,-1.698005,-1.824696,-0.408783,0.122321,-0.549716,0.895680,14.659119,59.713630
60633.0,2025-12-17T11:06:09.844684,46.143777,-0.863418,0.068227,-0.105791,-0.488531,3.291164,-0.701551,-0.355935,-0.620171,0.026030,-0.458539,-0.855107,14.438851,58.894970
60659.0,2025-12-17T11:06:09.844684,46.143777,-0.867091,0.072790,-0.101469,-0.482243,3.375238,-0.647448,-0.442256,-0.772072,0.013304,-0.510173,-1.677035,14.251034,57.952621
60678.0,2025-12-17T11:06:09.844684,46.143777,-0.869625,0.089047,-0.089508,-0.477296,3.287715,-0.861916,-0.893457,-0.941603,-0.011266,-0.480226,-4.102121,13.926707,57.019375
60696.0,2025-12-17T11:06:09.908118,46.207211,-0.871306,0.102273,-0.078805,-0.473452,2.985880,-0.403980,-0.540186,-1.036404,-0.029364,-0.461085,-6.117300,13.542711,56.310701
60721.0,2025-12-17T11:06:09.908982,46.208074,-0.872643,0.114405,-0.068208,-0.469843,2.556620,0.020495,-0.265423,-1.176463,-0.044114,-0.487235,-8.001262,13.093889,55.677511
60745.0,2025-12-17T11:06:09.964381,46.263473,-0.874017,0.131924,-0.052640,-0.464671,1.436613,0.319563,0.160084,-1.440667,-0.052329,-0.539482,-10.720659,12.393196,54.827306
60771.0,2025-12-17T11:06:10.024261,46.323354,-0.875505,0.144660,-0.044718,-0.458873,0.219778,0.418435,0.283512,-1.671893,-0.072558,-0.529043,-12.541942,12.184606,53.976210
60790.0,2025-12-17T11:06:10.027694,46.326787,-0.875880,0.159149,-0.028365,-0.454644,-0.551563,1.319008,0.221662,-1.902436,-0.098859,-0.512610,-14.946629,11.209776,53.389990
60813.0,2025-12-17T11:06:10.027694,46.326787,-0.875361,0.172639,-0.015378,-0.451334,-0.677331,1.442964,0.141356,-2.129745,-0.066218,-0.476315,-17.055762,10.530498,52.967704
60837.0,2025-12-17T11:06:10.027694,46.326787,-0.873705,0.187464,-0.003923,-0.448866,-1.379293,1.841875,-0.047969,-2.229034,-0.031574,-0.364566,-19.216741,10.087233,52.671712
60863.0,2025-12-17T11:06:10.087525,46.386617,-0.871727,0.205577,0.005617,-0.444745,-2.648016,2.612864,-0.002460,-2.145346,0.011304,-0.280411,-21.652620,9.966163,52.149777
60883.0,2025-12-17T11:06:10.088701,46.387793,-0.869778,0.220193,0.014318,-0.441357,-3.488562,3.120092,-0.459069,-1.848321,0.059938,-0.357392,-23.670904,9.756425,51.760565
60898.0,2025-12-17T11:06:10.088701,46.387793,-0.868905,0.230316,0.020015,-0.437675,-3.443107,3.141246,-0.199643,-1.645275,0.123239,-0.436017,-25.068559,9.603233,51.329794
60924.0,2025-12-17T11:06:10.144363,46.443455,-0.868631,0.237467,0.022905,-0.434242,-4.017754,3.215611,-0.518862,-1.447990,0.219309,-0.481120,-26.011511,9.581181,50.904438
60950.0,2025-12-17T11:06:10.144363,46.443455,-0.869722,0.248037,0.025022,-0.425953,-5.860230,3.058492,-1.624259,-1.271627,0.274578,-0.590528,-27.340241,9.658813,49.832861
60975.0,2025-12-17T11:06:10.144363,46.443455,-0.868260,0.259263,0.027220,-0.422097,-4.707520,1.446246,-0.212013,-1.369745,0.139323,-0.408263,-28.706267,9.880874,49.318303
60997.0,2025-12-17T11:06:10.206420,46.505512,-0.865530,0.268537,0.032644,-0.421522,-4.926850,2.903292,-1.263360,-1.471145,-0.087621,-0.161161,-29.975937,9.780893,49.308645
61017.0,2025-12-17T11:06:10.207965,46.507057,-0.862638,0.277347,0.037430,-0.421347,-5.863466,3.624369,-2.044158,-1.440419,-0.058285,-0.106170,-31.164570,9.737949,49.343787
61041.0,2025-12-17T11:06:10.264492,46.563585,-0.860348,0.284796,0.040731,-0.420754,-6.375809,3.624698,-2.467031,-1.330228,0.003437,-0.139623,-32.142551,9.762946,49.303141
61067.0,2025-12-17T11:06:10.264492,46.563585,-0.858634,0.294368,0.044467,-0.417274,-6.540583,4.417682,-3.025957,-1.293023,0.047279,-0.168410,-33.405888,9.747244,48.905755
61092.0,2025-12-17T11:06:10.264492,46.563585,-0.856374,0.301748,0.047544,-0.416307,-6.523539,4.621735,-3.158804,-1.149467,0.059289,-0.132053,-34.374803,9.776690,48.820648
61111.0,2025-12-17T11:06:10.324554,46.623647,-0.855095,0.306876,0.049056,-0.415011,-7.368422,4.592959,-3.593282,-0.935493,0.081350,-0.175912,-35.027439,9.835452,48.667648
61130.0,2025-12-17T11:06:10.324554,46.623647,-0.855214,0.309455,0.049551,-0.412786,-7.502254,4.318435,-3.668121,-0.732092,0.102746,-0.316124,-35.359433,9.829953,48.390201
61156.0,2025-12-17T11:06:10.324554,46.623647,-0.856362,0.311495,0.049653,-0.408839,-6.450467,4.077250,-3.324515,-0.581552,0.107690,-0.345927,-35.630156,9.768070,47.895063
61179.0,2025-12-17T11:06:10.384349,46.683441,-0.857848,0.311326,0.048171,-0.406020,-6.215590,4.109578,-3.717948,-0.407239,0.154416,-0.310420,-35.573137,9.797238,47.506522
61198.0,2025-12-17T11:06:10.388005,46.687098,-0.859641,0.309980,0.046075,-0.403494,-6.215319,4.349938,-4.022583,-0.273179,0.182919,-0.312342,-35.354968,9.842168,47.144655
61222.0,2025-12-17T11:06:10.444692,46.743785,-0.861573,0.307567,0.043530,-0.401497,-6.322802,4.482462,-4.373110,-0.140181,0.178894,-0.285170,-34.993216,9.902141,46.842974
61247.0,2025-12-17T11:06:10.444692,46.743785,-0.863668,0.303223,0.040514,-0.400615,-6.327284,4.506589,-5.027990,-0.012420,0.092479,-0.186553,-34.384392,9.960532,46.679881
61273.0,2025-12-17T11:06:10.444692,46.743785,-0.866562,0.298293,0.038413,-0.398266,-5.884640,4.622388,-4.879519,0.072841,-0.049296,-0.145913,-33.763374,9.847402,46.371290
61291.0,2025-12-17T11:06:10.507278,46.806370,-0.868742,0.291524,0.036591,-0.398701,-6.112529,4.214466,-4.525691,0.065411,-0.110631,-0.133465,-32.922456,9.723003,46.425407
61327.0,2025-12-17T11:06:10.507278,46.806370,-0.869787,0.285227,0.037247,-0.400910,-5.846368,4.589339,-4.939539,-0.142733,-0.233644,-0.031842,-32.225365,9.433766,46.761859
61358.0,2025-12-17T11:06:10.624325,46.923417,-0.870689,0.281385,0.039694,-0.401433,-5.492435,4.163652,-4.767343,-0.296332,-0.306299,0.014437,-31.897565,9.020693,46.921473
61392.0,2025-12-17T11:06:10.624325,46.923417,-0.870097,0.279048,0.043121,-0.403985,-5.347511,4.973217,-3.821691,-0.462924,-0.305563,0.035920,-31.764457,8.651442,47.344948
61410.0,2025-12-17T11:06:10.624325,46.923417,-0.869015,0.278012,0.047101,-0.406576,-5.210607,5.641838,-3.502744,-0.568262,-0.253234,0.066308,-31.803106,8.291139,47.780084
61435.0,2025-12-17T11:06:10.624325,46.923417,-0.868278,0.277592,0.050132,-0.408072,-5.480516,6.066148,-4.396382,-0.589092,-0.204298,0.023946,-31.879332,8.018834,48.051411
61468.0,2025-12-17T11:06:10.688154,46.987246,-0.869478,0.274971,0.051800,-0.407082,-5.916586,5.641175,-4.560081,-0.272123,-0.244760,-0.059901,-31.672096,7.688821,47.993218
61487.0,2025-12-17T11:06:10.688154,46.987246,-0.871770,0.265323,0.052256,-0.408521,-6.094842,5.284031,-4.120649,0.097487,-0.287078,-0.085584,-30.619513,7.219422,48.237791
61520.0,2025-12-17T11:06:10.746459,47.045551,-0.874953,0.252430,0.051233,-0.410015,-6.203146,4.943323,-3.846550,0.330954,-0.301802,-0.098041,-29.150612,6.738968,48.462679
61547.0,2025-12-17T11:06:10.746459,47.045551,-0.878328,0.239545,0.049040,-0.410796,-6.449746,4.487540,-3.299774,0.467745,-0.277854,-0.143538,-27.641555,6.353517,48.566671
61573.0,2025-12-17T11:06:10.746459,47.045551,-0.883030,0.227641,0.046035,-0.407821,-5.769397,5.164923,-3.104079,0.594846,-0.173729,-0.255366,-26.230890,5.990964,48.181924
61597.0,2025-12-17T11:06:10.807084,47.106176,-0.888384,0.212551,0.038610,-0.405098,-5.748555,4.782806,-3.330407,0.824507,0.097440,-0.343433,-24.276981,5.946918,47.745273
61622.0,2025-12-17T11:06:10.808098,47.107190,-0.892785,0.197632,0.029209,-0.403761,-5.407826,4.755991,-2.871934,0.963800,0.238243,-0.189582,-22.250985,6.167591,47.455535
61641.0,2025-12-17T11:06:10.864636,47.163728,-0.896348,0.181535,0.019609,-0.404006,-5.266404,5.118244,-2.841841,0.981165,0.200030,-0.035962,-20.085684,6.403480,47.389389
61668.0,2025-12-17T11:06:10.864636,47.163728,-0.899929,0.169896,0.011523,-0.401410,-4.976656,4.088521,-2.440140,0.865853,0.213590,-0.130514,-18.491773,6.641535,46.995866
61692.0,2025-12-17T11:06:10.864636,47.163728,-0.903278,0.156075,0.001637,-0.399657,-4.421951,3.693605,-2.029234,0.746962,0.267055,-0.183808,-16.582270,6.995772,46.713464
61716.0,2025-12-17T11:06:10.924770,47.223862,-0.905949,0.144430,-0.005762,-0.397950,-4.090492,3.645501,-2.075214,0.619765,0.192935,-0.200591,-15.019773,7.203380,46.477357
61735.0,2025-12-17T11:06:10.924770,47.223862,-0.908194,0.133213,-0.012279,-0.396594,-4.398658,2.944834,-2.117984,0.528784,0.055682,-0.189623,-13.541596,7.352069,46.306159
61768.0,2025-12-17T11:06:10.987286,47.286379,-0.911778,0.121870,-0.015916,-0.391862,-3.782120,3.344857,-2.046541,0.485769,-0.096079,-0.322476,-12.204950,7.154013,45.748116
61792.0,2025-12-17T11:06:11.005088,47.304180,-0.915239,0.107535,-0.017792,-0.387888,-3.156672,3.693612,-1.619440,0.449583,-0.185691,-0.385591,-10.619261,6.660751,45.315714
61811.0,2025-12-17T11:06:11.005088,47.304180,-0.918124,0.095543,-0.018289,-0.384167,-3.021957,3.403465,-1.687696,0.363215,-0.266513,-0.409250,-9.341650,6.141961,44.909140
61833.0,2025-12-17T11:06:11.044705,47.343797,-0.921119,0.084918,-0.018357,-0.379462,-3.156457,3.090949,-1.579129,0.278115,-0.305487,-0.513352,-8.233148,5.639217,44.372918
61868.0,2025-12-17T11:06:11.044705,47.343797,-0.925603,0.075827,-0.019002,-0.370336,-3.279264,2.639875,-1.386979,0.252419,-0.251581,-0.778861,-7.286295,5.240722,43.279076
61887.0,2025-12-17T11:06:11.106685,47.405778,-0.930540,0.063048,-0.018625,-0.360241,-2.264313,2.978450,-0.609148,0.234634,-0.228251,-0.781902,-5.984077,4.593629,42.085751
61912.0,2025-12-17T11:06:11.107646,47.406738,-0.934027,0.055114,-0.018709,-0.352430,-2.076169,2.585473,-0.389413,0.150955,-0.186709,-0.845272,-5.164453,4.232130,41.154373
61936.0,2025-12-17T11:06:11.107646,47.406738,-0.937339,0.048701,-0.019921,-0.344422,-2.133176,2.613109,-0.418080,-0.016651,-0.046341,-0.768415,-4.460551,4.065284,40.192938
61966.0,2025-12-17T11:06:11.164352,47.463445,-0.940837,0.043832,-0.019176,-0.335466,-1.584645,2.656695,-0.306567,-0.167883,-0.169636,-0.632675,-4.000256,3.755029,39.117356
61985.0,2025-12-17T11:06:11.164352,47.463445,-0.943782,0.038544,-0.018682,-0.327781,-2.083726,2.488060,0.362377,-0.251253,-0.138264,-0.593303,-3.475325,3.470355,38.199550
62009.0,2025-12-17T11:06:11.225637,47.524729,-0.946058,0.035790,-0.021833,-0.321274,-3.085076,2.749300,0.867076,-0.247443,0.087602,-0.635829,-3.084076,3.687080,37.414874
62033.0,2025-12-17T11:06:11.228151,47.527244,-0.949074,0.034852,-0.029445,-0.311731,-3.197160,2.309926,0.571614,-0.276044,0.368175,-0.813009,-2.747889,4.451797,36.259574
62059.0,2025-12-17T11:06:11.228857,47.527949,-0.952451,0.034445,-0.035953,-0.300597,-2.419138,2.182915,1.039891,-0.284550,0.538135,-0.932277,-2.531910,5.117333,34.918589
62087.0,2025-12-17T11:06:11.286412,47.585504,-0.955297,0.032883,-0.044801,-0.290379,-1.522725,2.279277,1.020085,-0.220937,0.633859,-0.886683,-2.121112,6.009515,33.703721
62112.0,2025-12-17T11:06:11.286412,47.585504,-0.957387,0.029166,-0.051412,-0.282694,-0.967216,2.442693,0.189322,-0.169440,0.477282,-0.598088,-1.544752,6.599706,32.812185
62129.0,2025-12-17T11:06:11.344645,47.643737,-0.958310,0.024928,-0.056308,-0.279014,-1.130430,2.995913,-0.476525,-0.127269,0.395852,-0.342329,-0.944143,6.997844,32.408356
62163.0,2025-12-17T11:06:11.344645,47.643737,-0.959255,0.019800,-0.058600,-0.275689,-0.246513,3.558852,-0.660535,-0.123471,0.300197,-0.187035,-0.327718,7.085069,32.048951
62189.0,2025-12-17T11:06:11.407050,47.706142,-0.959937,0.014916,-0.056876,-0.273978,0.212563,3.084705,0.245732,-0.170584,0.135430,-0.170937,0.145931,6.740203,31.867388
62225.0,2025-12-17T11:06:11.407050,47.706142,-0.960872,0.009518,-0.054496,-0.271412,-0.519707,3.137859,0.219561,-0.281971,0.016637,-0.204809,0.650851,6.309187,31.582044
62252.0,2025-12-17T11:06:11.464753,47.763845,-0.961789,0.005982,-0.056581,-0.267813,-0.135749,1.898874,0.780867,-0.245274,0.328971,-0.307987,1.084060,6.433096,31.181005
62285.0,2025-12-17T11:06:11.464753,47.763845,-0.963056,0.004029,-0.064232,-0.261498,-1.388716,2.925260,0.276711,-0.246625,0.588516,-0.416735,1.492118,7.228450,30.476748
62307.0,2025-12-17T11:06:11.524591,47.823684,-0.963820,0.003015,-0.070068,-0.257164,-0.262908,2.464318,-1.055857,-0.365573,0.577509,-0.365283,1.748533,7.852045,29.999026
62332.0,2025-12-17T11:06:11.524591,47.823684,-0.964017,0.002474,-0.072881,-0.255642,-0.450043,1.694468,-1.246113,-0.454532,0.371973,-0.218159,1.881044,8.151017,29.838190
62351.0,2025-12-17T11:06:11.524591,47.823684,-0.963968,0.001761,-0.075343,-0.255120,-1.269432,2.520407,-1.181636,-0.482514,0.201547,-0.121076,2.030327,8.404209,29.796830
62379.0,2025-12-17T11:06:11.587384,47.886477,-0.964385,0.000580,-0.076530,-0.253187,-0.740118,3.370963,-0.547427,-0.443904,0.237759,-0.129116,2.180812,8.505397,29.582772
62405.0,2025-12-17T11:06:11.587384,47.886477,-0.964526,-0.002747,-0.081386,-0.251114,-0.499067,3.054302,0.652772,-0.197132,0.487167,-0.233573,2.679134,8.952642,29.395695
62427.0,2025-12-17T11:06:11.644392,47.943485,-0.964667,-0.009545,-0.087048,-0.248493,-0.084306,3.759034,-0.072963,0.149122,0.566847,-0.265127,3.584158,9.392717,29.184640
62453.0,2025-12-17T11:06:11.644392,47.943485,-0.964861,-0.017761,-0.090861,-0.245911,0.674652,3.716289,-1.359337,0.324408,0.497618,-0.262689,4.593136,9.590240,28.982235
62478.0,2025-12-17T11:06:11.706020,48.005112,-0.965316,-0.028729,-0.094844,-0.241546,0.924788,3.396400,0.088955,0.488330,0.428789,-0.276282,5.898432,9.743120,28.599925
62498.0,2025-12-17T11:06:11.708037,48.007129,-0.965308,-0.042307,-0.098625,-0.238042,1.153578,3.485369,-0.067734,0.694692,0.422467,-0.288139,7.500745,9.803289,28.349407
62513.0,2025-12-17T11:06:11.708037,48.007129,-0.965496,-0.051523,-0.099197,-0.235209,3.603893,3.258057,0.140895,0.723911,0.395600,-0.281459,8.525239,9.631554,28.102344
62547.0,2025-12-17T11:06:11.764793,48.063885,-0.965642,-0.057620,-0.099078,-0.233236,3.907114,3.184772,0.229694,0.486604,0.403986,-0.240640,9.187869,9.466448,27.920015
62573.0,2025-12-17T11:06:11.768938,48.068030,-0.965217,-0.065526,-0.099942,-0.232537,1.733160,2.192995,-0.752568,0.323404,0.454008,-0.140526,10.096282,9.349488,27.918494
62592.0,2025-12-17T11:06:11.768938,48.068030,-0.965074,-0.070051,-0.099319,-0.232078,2.949611,2.586260,-1.100436,0.185430,0.435901,-0.118224,10.582453,9.159642,27.893240
62620.0,2025-12-17T11:06:11.824607,48.123700,-0.965379,-0.072047,-0.097081,-0.231143,4.590816,3.192006,-0.555789,0.030555,0.392138,-0.161690,10.731722,8.866580,27.764349
62655.0,2025-12-17T11:06:11.824607,48.123700,-0.965135,-0.074793,-0.095026,-0.232144,2.505280,1.927694,-0.646012,0.036558,0.404977,-0.029131,10.988339,8.551660,27.872982
62677.0,2025-12-17T11:06:11.887758,48.186850,-0.964557,-0.079226,-0.093092,-0.233852,2.273680,1.867365,-0.877893,0.090559,0.362298,0.092523,11.443515,8.194339,28.078610
62710.0,2025-12-17T11:06:11.887758,48.186850,-0.963655,-0.083261,-0.090307,-0.237236,2.476312,2.269295,-0.670590,0.064428,0.327214,0.155958,11.840308,7.732320,28.463514
62738.0,2025-12-17T11:06:11.944419,48.243511,-0.962574,-0.086774,-0.087298,-0.241455,2.337466,2.651205,-0.648528,-0.034348,0.310109,0.206786,12.174815,7.247640,28.937410
62772.0,2025-12-17T11:06:11.947818,48.246911,-0.961722,-0.088328,-0.082991,-0.245765,2.503196,2.262125,-0.768642,-0.112245,0.275751,0.204341,12.246801,6.673567,29.386710
62797.0,2025-12-17T11:06:12.006406,48.305499,-0.960866,-0.089365,-0.077488,-0.250492,2.278774,1.892473,-0.656587,-0.142898,0.228578,0.227729,12.222353,5.977684,29.863471
62824.0,2025-12-17T11:06:12.006406,48.305499,-0.959705,-0.091195,-0.071450,-0.256016,1.936196,1.545394,-1.172218,-0.087778,0.177000,0.308972,12.268675,5.189381,30.431430
62849.0,2025-12-17T11:06:12.064436,48.363528,-0.957917,-0.095155,-0.064202,-0.263095,1.694310,1.170967,-1.076437,0.064598,0.095628,0.423457,12.512919,4.182359,31.174251
62886.0,2025-12-17T11:06:12.064436,48.363528,-0.955515,-0.103140,-0.059016,-0.269946,1.669959,1.464747,-0.630340,0.259918,0.089049,0.554216,13.258275,3.273228,31.931935
62908.0,2025-12-17T11:06:12.125956,48.425049,-0.951671,-0.111920,-0.053149,-0.281017,1.676562,1.038560,-0.831411,0.420135,0.136056,0.722266,14.067921,2.192541,33.173026
62933.0,2025-12-17T11:06:12.125956,48.425049,-0.948152,-0.118770,-0.048901,-0.290706,1.770592,1.202904,-0.789955,0.450242,0.151156,0.864600,14.698198,1.356705,34.266346
62952.0,2025-12-17T11:06:12.125956,48.425049,-0.943692,-0.129624,-0.046327,-0.300827,0.712971,1.983934,-0.968461,0.429591,0.123205,0.825228,15.815149,0.541394,35.437371
62978.0,2025-12-17T11:06:12.187386,48.486478,-0.941020,-0.137026,-0.042582,-0.306419,0.662307,1.585956,-0.933498,0.289163,0.003733,0.482077,16.498248,-0.219601,36.041206
63002.0,2025-12-17T11:06:12.187386,48.486478,-0.939162,-0.140969,-0.035286,-0.311219,1.136508,1.055827,-1.146011,0.060117,-0.023287,0.338116,16.667352,-1.229993,36.488075
63021.0,2025-12-17T11:06:12.187386,48.486478,-0.938136,-0.141598,-0.028050,-0.314745,0.934039,1.453322,0.356388,-0.334428,0.000264,0.233471,16.470555,-2.092011,36.790426
63049.0,2025-12-17T11:06:12.246603,48.545695,-0.937691,-0.139747,-0.020251,-0.317484,0.298164,1.266544,-0.632180,-0.662437,-0.038902,0.178644,15.979392,-2.909391,37.001780
63075.0,2025-12-17T11:06:12.246603,48.545695,-0.938047,-0.131776,-0.011837,-0.320254,-0.813923,1.192931,-3.411927,-0.898464,-0.436384,0.306671,14.791344,-3.565879,37.237370
63098.0,2025-12-17T11:06:12.304734,48.603826,-0.938158,-0.129258,0.002135,-0.321167,-0.013264,2.168405,0.103279,-0.955273,-0.548113,0.126504,14.009083,-4.992950,37.182217
63117.0,2025-12-17T11:06:12.309206,48.608299,-0.938844,-0.124883,0.010963,-0.320711,-0.314974,1.832145,1.940181,-0.657939,-0.596356,0.042695,13.215911,-5.778771,37.050562
63141.0,2025-12-17T11:06:12.364796,48.663888,-0.939320,-0.124610,0.015383,-0.319240,-0.931859,1.403631,2.511833,-0.208528,-0.408851,-0.091686,13.038563,-6.226609,36.829725
63166.0,2025-12-17T11:06:12.373173,48.672265,-0.939301,-0.132939,0.016433,-0.315866,-0.601903,1.055926,1.249850,0.060955,-0.267980,-0.225014,13.942726,-6.595150,36.365988
63192.0,2025-12-17T11:06:12.374684,48.673777,-0.939349,-0.142185,0.017757,-0.311596,-0.405637,0.872413,-0.375932,0.143385,-0.159035,-0.190580,14.950347,-7.005698,35.782586
63215.0,2025-12-17T11:06:12.425824,48.724916,-0.939391,-0.149391,0.011487,-0.308375,-1.208085,0.532483,0.747759,0.164625,-0.022090,-0.178887,15.984402,-6.529672,35.429281
63234.0,2025-12-17T11:06:12.425824,48.724916,-0.940063,-0.154435,0.001192,-0.304024,-2.118550,0.299094,1.038763,0.263164,0.237180,-0.342590,16.916644,-5.517270,35.022131
63269.0,2025-12-17T11:06:12.487034,48.786126,-0.940411,-0.163508,-0.015083,-0.297768,-0.746087,-0.084068,0.344231,0.628838,0.584792,-0.463607,18.497800,-3.956875,34.494746
63294.0,2025-12-17T11:06:12.488305,48.787397,-0.940093,-0.169953,-0.021797,-0.294731,1.655652,0.362475,-0.336410,0.733552,0.802697,-0.448225,19.449485,-3.393752,34.231935
63313.0,2025-12-17T11:06:12.490359,48.789451,-0.940052,-0.172408,-0.032444,-0.292447,5.778309,0.558842,1.369229,0.470876,0.762675,-0.331997,20.083803,-2.283390,34.157072
63337.0,2025-12-17T11:06:12.544911,48.844003,-0.939991,-0.170540,-0.041393,-0.292610,6.196543,1.643631,1.772560,0.084360,0.875644,-0.139529,20.176843,-1.259749,34.357560
63362.0,2025-12-17T11:06:12.544911,48.844003,-0.939348,-0.169768,-0.043485,-0.294809,1.840115,1.409700,-0.603550,-0.043002,0.787416,-0.043720,20.159860,-1.054449,34.660884
63387.0,2025-12-17T11:06:12.607723,48.906816,-0.938505,-0.171729,-0.046627,-0.295877,2.377812,0.732586,-0.154594,0.304460,0.786950,-0.081858,20.485110,-0.807989,34.850372
63407.0,2025-12-17T11:06:12.609256,48.908348,-0.936062,-0.180678,-0.049821,-0.297761,2.801867,1.344646,-0.135681,0.810245,0.620298,-0.025961,21.589768,-0.820850,35.135154
63431.0,2025-12-17T11:06:12.609256,48.908348,-0.933059,-0.193105,-0.052002,-0.299011,2.931065,2.068666,-0.767071,1.188802,0.432194,0.002015,23.049222,-1.056577,35.322070
63456.0,2025-12-17T11:06:12.668494,48.967586,-0.928978,-0.209213,-0.053211,-0.300664,3.309664,1.153948,-0.930310,1.508175,0.266217,0.059438,24.888828,-1.543855,35.527707
63482.0,2025-12-17T11:06:12.668494,48.967586,-0.923626,-0.225467,-0.054616,-0.305117,3.856087,0.255102,-0.133692,1.727564,0.124076,0.202635,26.751805,-2.103090,36.061448
63501.0,2025-12-17T11:06:12.668494,48.967586,-0.916429,-0.247273,-0.054738,-0.309867,4.548507,-0.501390,-0.530373,2.036253,-0.001044,0.387887,29.197561,-3.033310,36.573128
63528.0,2025-12-17T11:06:12.724775,49.023867,-0.908243,-0.269661,-0.055071,-0.315190,4.943215,-1.509880,-0.805001,2.345979,-0.128604,0.542036,31.724740,-4.011247,37.136611
63553.0,2025-12-17T11:06:12.724775,49.023867,-0.897956,-0.295982,-0.054946,-0.321014,5.524348,-2.357439,-0.105526,2.613872,-0.300564,0.646343,34.695501,-5.241315,37.704963
63579.0,2025-12-17T11:06:12.787198,49.086291,-0.887038,-0.324550,-0.061197,-0.322623,6.860029,-2.886890,1.704363,2.661559,-0.217788,0.385041,38.200563,-5.787859,37.967700
63603.0,2025-12-17T11:06:12.787198,49.086291,-0.878169,-0.349191,-0.074810,-0.318257,8.517942,-3.714152,1.386372,2.295367,0.253878,-0.306176,41.579723,-5.213845,37.861398
63623.0,2025-12-17T11:06:12.844863,49.143956,-0.872802,-0.363355,-0.083233,-0.315059,8.156905,-3.787342,-2.048427,1.861017,0.295371,-0.403298,43.561760,-4.799263,37.777887
63647.0,2025-12-17T11:06:12.844863,49.143956,-0.869075,-0.373394,-0.087583,-0.312434,8.802406,-4.190406,-3.212519,1.556816,0.109945,-0.334070,44.915885,-4.651210,37.623788
63673.0,2025-12-17T11:06:12.844863,49.143956,-0.864661,-0.382333,-0.091537,-0.312736,9.440754,-4.719718,-3.511500,1.359675,-0.006934,-0.106498,46.119698,-4.636967,37.793805
63691.0,2025-12-17T11:06:12.967328,49.266421,-0.859575,-0.392691,-0.092919,-0.313514,9.450788,-4.930591,-3.835134,1.297362,-0.011149,0.065679,47.401574,-4.961557,37.897908
63716.0,2025-12-17T11:06:12.967328,49.266421,-0.854920,-0.401856,-0.096905,-0.313423,9.899217,-4.562269,-3.312325,1.216127,0.109073,0.062006,48.646509,-4.945578,38.030458
63735.0,2025-12-17T11:06:12.969936,49.269028,-0.849553,-0.410632,-0.104674,-0.314140,10.407271,-4.435225,-3.086079,1.019313,0.393550,-0.008563,49.990323,-4.596624,38.442009
63758.0,2025-12-17T11:06:12.969936,49.269028,-0.846875,-0.413009,-0.109624,-0.316557,9.575765,-3.653912,-4.514570,0.827920,0.557705,-0.063851,50.457986,-4.347567,38.941674
63808.0,2025-12-17T11:06:13.024214,49.323306,-0.844554,-0.410256,-0.121877,-0.321813,9.498886,-3.748517,-5.974860,0.415054,0.614964,-0.176525,50.598774,-3.335796,40.141012
63828.0,2025-12-17T11:06:13.024214,49.323306,-0.843969,-0.407609,-0.126815,-0.324790,9.106640,-3.663650,-6.491823,0.330224,0.611657,-0.126489,50.478785,-2.907159,40.726337
63852.0,2025-12-17T11:06:13.024214,49.323306,-0.844305,-0.403485,-0.130282,-0.327683,9.104519,-3.665392,-6.389625,0.119139,0.618354,-0.112553,50.127141,-2.546794,41.232229
63871.0,2025-12-17T11:06:13.087174,49.386267,-0.845417,-0.396816,-0.133510,-0.331636,8.183061,-3.452452,-6.846903,-0.077030,0.642808,-0.077676,49.467419,-2.146459,41.848744
63899.0,2025-12-17T11:06:13.087174,49.386267,-0.846899,-0.387831,-0.137089,-0.336980,8.138700,-2.785194,-6.490325,-0.239117,0.646223,-0.045615,48.557463,-1.672211,42.640794
63924.0,2025-12-17T11:06:13.144577,49.443669,-0.847993,-0.381255,-0.142547,-0.339460,7.324533,-2.330844,-6.682868,-0.323242,0.603970,-0.111280,48.029485,-0.978875,43.197338
63948.0,2025-12-17T11:06:13.144577,49.443669,-0.850674,-0.372606,-0.143935,-0.341763,7.347745,-2.874244,-6.148697,-0.292518,0.511312,-0.202812,47.083791,-0.561585,43.531437
63968.0,2025-12-17T11:06:13.144577,49.443669,-0.853328,-0.364652,-0.145676,-0.342986,7.522511,-3.279422,-5.900763,-0.177455,0.457043,-0.259430,46.241824,-0.087156,43.756993
63999.0,2025-12-17T11:06:13.206897,49.505990,-0.855000,-0.358135,-0.149823,-0.343901,7.445966,-4.003192,-6.154553,0.066047,0.414639,-0.295766,45.683656,0.565620,44.060565
64024.0,2025-12-17T11:06:13.206897,49.505990,-0.855773,-0.354718,-0.153415,-0.343936,7.261824,-4.477564,-6.527540,0.285393,0.390599,-0.229940,45.460661,1.064420,44.236484
64043.0,2025-12-17T11:06:13.266670,49.565762,-0.855332,-0.354382,-0.156162,-0.344142,6.620957,-4.804912,-6.753059,0.499711,0.280524,-0.115430,45.553572,1.330799,44.393435
64077.0,2025-12-17T11:06:13.266670,49.565762,-0.854539,-0.353697,-0.159431,-0.345315,7.677632,-5.585095,-5.920481,0.530984,0.187604,-0.088008,45.634098,1.616332,44.686815
64102.0,2025-12-17T11:06:13.324613,49.623706,-0.851902,-0.357757,-0.161821,-0.346536,6.359151,-4.378760,-7.840168,0.766014,0.184211,0.049131,46.218109,1.590668,44.949813
64121.0,2025-12-17T11:06:13.324613,49.623706,-0.848594,-0.363335,-0.164697,-0.347492,6.539286,-4.423187,-7.434735,0.976868,0.193604,0.081381,47.001966,1.547723,45.210356
64141.0,2025-12-17T11:06:13.324613,49.623706,-0.845720,-0.368323,-0.167081,-0.348109,6.976475,-3.629748,-7.509967,0.996175,0.201871,0.045308,47.695157,1.499871,45.408435
64166.0,2025-12-17T11:06:13.387467,49.686559,-0.843152,-0.372960,-0.169003,-0.348474,7.259669,-3.202833,-8.470357,0.949335,0.178874,0.009664,48.326354,1.435787,45.554757
64192.0,2025-12-17T11:06:13.388786,49.687878,-0.841048,-0.375680,-0.170441,-0.349932,7.259495,-3.101420,-9.749692,0.720516,0.060223,0.006030,48.714157,1.362264,45.797840
64216.0,2025-12-17T11:06:13.388786,49.687878,-0.839761,-0.379457,-0.169275,-0.349514,7.362831,-2.736580,-9.988796,0.283771,-0.165354,0.082668,49.092850,1.091577,45.693361
64239.0,2025-12-17T11:06:13.444728,49.743820,-0.841349,-0.376976,-0.163046,-0.351335,8.581017,-2.525684,-8.466474,-0.045747,-0.184135,0.089640,48.498483,0.542487,45.573793
64254.0,2025-12-17T11:06:13.444728,49.743820,-0.844187,-0.371114,-0.156746,-0.353628,9.091150,-2.560007,-7.529184,-0.311950,-0.091297,0.038908,47.513894,0.124571,45.512167
64291.0,2025-12-17T11:06:13.506627,49.805719,-0.848012,-0.360945,-0.149431,-0.358140,8.918229,-2.429935,-7.682674,-0.444430,-0.121432,0.004342,45.989731,-0.292184,45.667503
64324.0,2025-12-17T11:06:13.508301,49.807393,-0.849690,-0.357637,-0.147177,-0.358416,12.493329,-2.463043,-3.922382,-0.327274,-0.067452,-0.003665,45.502068,-0.358471,45.591640
64344.0,2025-12-17T11:06:13.564681,49.863774,-0.851460,-0.352523,-0.144072,-0.360537,9.834763,-2.932550,-5.625761,-0.044000,0.115951,-0.035336,44.767552,-0.507155,45.690086
64377.0,2025-12-17T11:06:13.569601,49.868694,-0.851253,-0.352391,-0.142869,-0.361630,10.573963,-2.815285,-5.022891,0.371303,0.109045,-0.056835,44.694597,-0.666702,45.759550
64404.0,2025-12-17T11:06:13.627280,49.926372,-0.849724,-0.353110,-0.145117,-0.363626,10.770688,-2.774527,-4.962579,0.596905,0.166532,-0.112097,44.883266,-0.583302,46.094568
64429.0,2025-12-17T11:06:13.627280,49.926372,-0.847967,-0.356523,-0.147032,-0.363628,10.463451,-2.388674,-6.041324,0.731979,0.206652,-0.126161,45.365629,-0.568767,46.183904
64448.0,2025-12-17T11:06:13.627280,49.926372,-0.846469,-0.359394,-0.148990,-0.363494,10.548000,-2.473987,-5.967998,0.705528,0.215976,-0.146757,45.788838,-0.518121,46.260800
64471.0,2025-12-17T11:06:13.686417,49.985509,-0.844544,-0.362893,-0.154082,-0.362372,11.046864,-2.670619,-5.423955,0.558727,0.283472,-0.156285,46.438080,-0.157365,46.378319
64497.0,2025-12-17T11:06:13.686417,49.985509,-0.843302,-0.363669,-0.159577,-0.362107,11.333888,-2.211007,-5.868390,0.314999,0.402713,-0.164634,46.798076,0.330494,46.619632
64521.0,2025-12-17T11:06:13.744531,50.043623,-0.842696,-0.362188,-0.165990,-0.362120,11.384087,-2.205586,-6.525209,0.127178,0.483664,-0.193887,46.949857,0.999654,46.942066
64546.0,2025-12-17T11:06:13.744531,50.043623,-0.843570,-0.356410,-0.168192,-0.364792,11.127619,-2.251614,-6.803806,-0.017851,0.556302,-0.140168,46.404661,1.359893,47.353955
64565.0,2025-12-17T11:06:13.744531,50.043623,-0.844442,-0.349307,-0.170440,-0.368582,11.024094,-1.906778,-6.987333,-0.110088,0.627006,-0.088108,45.717969,1.739588,47.894100
64597.0,2025-12-17T11:06:13.805972,50.105064,-0.844966,-0.340629,-0.173612,-0.373983,10.747238,-1.306266,-7.339835,-0.196276,0.681551,-0.124217,44.912186,2.212971,48.663181
64622.0,2025-12-17T11:06:13.805972,50.105064,-0.846759,-0.329711,-0.176569,-0.378302,10.571228,-1.151621,-7.558891,-0.281951,0.731462,-0.163201,43.853432,2.840828,49.290566
64641.0,2025-12-17T11:06:13.808655,50.107747,-0.848542,-0.318908,-0.179684,-0.382084,9.874300,-1.194061,-8.273209,-0.361932,0.814448,-0.194407,42.827868,3.510975,49.859745
64669.0,2025-12-17T11:06:13.864663,50.163755,-0.850416,-0.307481,-0.183214,-0.385591,9.276064,-1.234735,-8.634436,-0.431445,0.897209,-0.232258,41.767988,4.272094,50.411079
64694.0,2025-12-17T11:06:13.867832,50.166925,-0.851916,-0.292357,-0.188167,-0.391611,9.026575,-1.164600,-8.667990,-0.555427,1.000490,-0.235886,40.408280,5.257075,51.310675
64719.0,2025-12-17T11:06:13.924409,50.223501,-0.854062,-0.276609,-0.192368,-0.396307,8.309563,-1.050264,-9.373946,-0.633390,1.047150,-0.220289,38.956188,6.277483,52.007306
64739.0,2025-12-17T11:06:13.924409,50.223501,-0.854916,-0.264984,-0.199073,-0.399090,6.855351,-1.423376,-12.209975,-0.655626,0.941779,-0.182421,38.106143,7.404708,52.608489
64758.0,2025-12-17T11:06:13.924409,50.223501,-0.855176,-0.259562,-0.200105,-0.401571,5.935557,-1.681704,-13.723557,-0.466726,0.390425,0.060756,37.599654,7.688301,52.928115
64776.0,2025-12-17T11:06:13.987094,50.286186,-0.855165,-0.256976,-0.198797,-0.403901,6.082679,-1.623735,-11.834007,-0.309741,0.051073,0.176054,37.260059,7.609623,53.132215
64802.0,2025-12-17T11:06:13.987094,50.286186,-0.855338,-0.255859,-0.196739,-0.405249,6.566515,-1.447694,-10.386221,-0.197014,-0.103556,0.140528,37.027179,7.422380,53.190661
64826.0,2025-12-17T11:06:14.046557,50.345649,-0.855742,-0.256072,-0.194167,-0.405501,6.971716,-1.437604,-10.284691,-0.055283,-0.171591,0.053873,36.899580,7.159883,53.100175
64851.0,2025-12-17T11:06:14.046557,50.345649,-0.855674,-0.258044,-0.191149,-0.405830,7.381586,-1.321056,-9.785273,0.061893,-0.257682,0.114385,36.936290,6.758177,53.007578
64870.0,2025-12-17T11:06:14.046557,50.345649,-0.856423,-0.258177,-0.181403,-0.408628,8.206142,-0.421570,-7.989299,0.024967,-0.369666,0.235895,36.400679,5.722929,52.897805
64892.0,2025-12-17T11:06:14.106576,50.405668,-0.857206,-0.255176,-0.171858,-0.412975,8.506372,0.023705,-7.784170,-0.251163,-0.436801,0.292523,35.554088,4.811228,52.990034
64917.0,2025-12-17T11:06:14.106576,50.405668,-0.858626,-0.251660,-0.159270,-0.417208,8.474067,-0.093367,-7.823430,-0.444382,-0.496321,0.357145,34.485921,3.641711,52.961079
64941.0,2025-12-17T11:06:14.164567,50.463659,-0.860132,-0.246440,-0.144736,-0.422482,8.357637,-0.081525,-7.425831,-0.594198,-0.508296,0.413975,33.140415,2.335467,53.013940
64961.0,2025-12-17T11:06:14.169260,50.468353,-0.861891,-0.239581,-0.129039,-0.427895,8.365174,-0.066397,-6.744966,-0.704372,-0.499549,0.392628,31.566970,0.997231,53.087009
64987.0,2025-12-17T11:06:14.169260,50.468353,-0.863056,-0.231600,-0.116495,-0.433502,8.523148,0.027167,-5.870045,-0.787399,-0.461631,0.386890,30.050944,0.016330,53.344008
65009.0,2025-12-17T11:06:14.224515,50.523608,-0.864664,-0.221620,-0.099348,-0.439739,8.681915,0.331280,-3.896456,-0.912908,-0.428086,0.416714,28.083198,-1.323933,53.581565
65033.0,2025-12-17T11:06:14.224515,50.523608,-0.865900,-0.212668,-0.085313,-0.444646,8.690836,0.616111,-2.135708,-0.977471,-0.386203,0.392340,26.394388,-2.371488,53.805507
65052.0,2025-12-17T11:06:14.224515,50.523608,-0.866638,-0.204985,-0.075810,-0.448523,8.348883,0.680644,-0.830656,-0.908333,-0.313178,0.350626,25.080036,-3.008317,54.057761
65074.0,2025-12-17T11:06:14.288249,50.587342,-0.866941,-0.199486,-0.069642,-0.451408,7.960080,0.717535,-0.521989,-0.728427,-0.202645,0.299788,24.172294,-3.402379,54.282405
65100.0,2025-12-17T11:06:14.288249,50.587342,-0.866520,-0.192222,-0.061407,-0.456534,7.256492,0.844239,-1.389223,-0.489019,-0.121846,0.239910,22.962512,-3.961741,54.760872
65124.0,2025-12-17T11:06:14.346834,50.645926,-0.866195,-0.188688,-0.051434,-0.459846,6.742229,1.077960,-1.726017,-0.187856,-0.135974,0.183394,22.056838,-4.843312,54.981444
65144.0,2025-12-17T11:06:14.346834,50.645926,-0.865711,-0.187047,-0.042988,-0.462288,6.763101,1.075881,-1.617534,-0.021711,-0.137253,0.131427,21.430977,-5.653290,55.133717
65180.0,2025-12-17T11:06:14.346834,50.645926,-0.864928,-0.185094,-0.033047,-0.465348,6.652993,0.766588,-1.681383,0.046353,-0.095488,0.115092,20.688700,-6.609418,55.354482
65218.0,2025-12-17T11:06:14.406408,50.705500,-0.863629,-0.178264,-0.025831,-0.470850,6.030725,1.043606,-0.238232,-0.001961,0.033037,0.052205,19.559506,-7.079969,55.976533
65245.0,2025-12-17T11:06:14.467983,50.767075,-0.863990,-0.175059,-0.019460,-0.471695,6.169313,1.007885,-1.538704,0.008630,0.088319,-0.070142,18.885009,-7.557555,56.005944
65283.0,2025-12-17T11:06:14.467983,50.767075,-0.864038,-0.172989,-0.013037,-0.472591,6.092007,0.823370,-2.143330,0.187955,0.126925,-0.087959,18.324603,-8.104442,56.044188
65314.0,2025-12-17T11:06:14.526678,50.825770,-0.862663,-0.171765,-0.010242,-0.475609,5.933107,0.732290,-2.750808,0.338437,0.054701,-0.095208,18.022792,-8.378717,56.407084
65348.0,2025-12-17T11:06:14.528699,50.827791,-0.862185,-0.173012,-0.005395,-0.476103,6.403549,0.454489,-2.455921,0.378402,-0.005381,-0.071201,17.891031,-8.942356,56.405031
65367.0,2025-12-17T11:06:14.585664,50.884756,-0.861799,-0.173296,-0.000698,-0.476728,5.606029,-0.569015,-3.798957,0.373029,-0.047055,-0.053379,17.666066,-9.440786,56.430429
65401.0,2025-12-17T11:06:14.587687,50.886780,-0.860231,-0.171918,0.004739,-0.480025,6.540472,-0.054459,-4.091074,0.270170,-0.162347,0.003662,17.199386,-9.974110,56.812496
65429.0,2025-12-17T11:06:14.644912,50.944004,-0.859220,-0.170570,0.015337,-0.482091,6.571912,-0.089759,-4.148312,0.075322,-0.275309,0.102837,16.471361,-11.000355,56.994771
65462.0,2025-12-17T11:06:14.644912,50.944004,-0.858075,-0.165928,0.032084,-0.484919,6.290623,0.338793,-2.845776,-0.252064,-0.401943,0.173479,15.056508,-12.473264,57.288857
65490.0,2025-12-17T11:06:14.707146,51.006238,-0.856835,-0.156737,0.045345,-0.489092,5.833995,0.244536,-2.100621,-0.568302,-0.414790,0.188938,13.325053,-13.357388,57.869298
65515.0,2025-12-17T11:06:14.707146,51.006238,-0.856242,-0.147477,0.061463,-0.491247,5.205660,0.045035,-1.326482,-0.708626,-0.399340,0.201908,11.447802,-14.486324,58.228145
65539.0,2025-12-17T11:06:14.766425,51.065518,-0.855412,-0.139910,0.074883,-0.493040,4.630131,0.599496,0.409244,-0.655642,-0.293830,0.187098,9.887293,-15.430739,58.573624
65559.0,2025-12-17T11:06:14.769349,51.068442,-0.855358,-0.135589,0.079141,-0.493675,3.880904,0.527283,2.294219,-0.446379,-0.093478,0.110826,9.190274,-15.620340,58.720061
65574.0,2025-12-17T11:06:14.769349,51.068442,-0.854830,-0.132854,0.085303,-0.494306,3.339914,0.949601,1.469598,-0.118236,0.069823,-0.002519,8.547393,-16.092056,58.866910
65608.0,2025-12-17T11:06:14.824417,51.123510,-0.853305,-0.129723,0.082481,-0.498236,3.443614,0.735641,1.360533,0.293821,0.215067,-0.122010,8.312231,-15.665964,59.414975
65629.0,2025-12-17T11:06:14.824417,51.123510,-0.853231,-0.131315,0.082783,-0.497895,3.449615,0.806448,0.708853,0.492754,0.323369,-0.200280,8.464668,-15.785017,59.355074
65662.0,2025-12-17T11:06:14.887944,51.187036,-0.853463,-0.133563,0.082143,-0.497005,3.975283,0.841910,-0.724674,0.602712,0.331463,-0.276361,8.749123,-15.841327,59.208307
65682.0,2025-12-17T11:06:14.889826,51.188918,-0.853882,-0.137185,0.082425,-0.495250,4.254397,0.771657,-2.783409,0.632515,0.207491,-0.320559,9.139389,-16.060007,58.935310
65714.0,2025-12-17T11:06:14.889826,51.188918,-0.853707,-0.138214,0.081433,-0.495430,4.544142,0.691947,-3.128555,0.614088,0.072816,-0.349798,9.298397,-16.021069,58.944206
65731.0,2025-12-17T11:06:14.946709,51.245801,-0.854347,-0.143282,0.085565,-0.492179,4.742337,0.424301,-2.857718,0.592985,-0.102365,-0.386552,9.652067,-16.693136,58.472019
65763.0,2025-12-17T11:06:14.948735,51.247828,-0.855089,-0.147531,0.089174,-0.488985,4.692818,-0.079061,-2.616826,0.626876,-0.229167,-0.466978,9.955507,-17.264526,58.011297
65783.0,2025-12-17T11:06:15.013020,51.312112,-0.856475,-0.153033,0.093293,-0.484074,5.518644,-1.067731,-1.668001,0.674017,-0.288595,-0.543381,10.404325,-17.936570,57.303329
65809.0,2025-12-17T11:06:15.014538,51.313630,-0.856792,-0.155551,0.093115,-0.482743,5.796036,-1.296696,-1.661093,0.647342,-0.273328,-0.514809,10.706982,-18.043732,57.091637
65833.0,2025-12-17T11:06:15.015448,51.314540,-0.857632,-0.157884,0.097215,-0.479676,6.017872,-1.480177,-1.061008,0.500910,-0.219989,-0.413856,10.794411,-18.555069,56.668422
65857.0,2025-12-17T11:06:15.064600,51.363693,-0.858643,-0.159575,0.096733,-0.477399,6.999146,-0.852822,0.833412,0.145110,-0.040185,-0.244759,11.049320,-18.571059,56.335493
65877.0,2025-12-17T11:06:15.064600,51.363693,-0.859377,-0.152294,0.102096,-0.477341,6.162818,-1.567052,0.179473,-0.202037,0.080648,-0.119603,9.988971,-18.715600,56.449772
65909.0,2025-12-17T11:06:15.124622,51.423714,-0.859427,-0.140854,0.107093,-0.479662,5.444497,-0.771226,-1.624301,-0.349333,-0.045741,-0.105573,8.456810,-18.614643,56.944985
65943.0,2025-12-17T11:06:15.124622,51.423714,-0.860150,-0.129983,0.117351,-0.479035,5.421763,-1.106275,-0.047798,-0.350288,-0.017298,-0.104180,6.754890,-19.051197,57.093923
65969.0,2025-12-17T11:06:15.186888,51.485981,-0.860313,-0.121108,0.125749,-0.478937,5.232510,-1.118163,0.023431,-0.307882,-0.010256,-0.066195,5.349486,-19.412904,57.293804
66003.0,2025-12-17T11:06:15.186888,51.485981,-0.859539,-0.110351,0.127322,-0.482498,4.847456,-0.749989,0.121985,-0.198335,0.026397,-0.041673,4.053141,-18.987704,57.936800
66031.0,2025-12-17T11:06:15.244555,51.543648,-0.858967,-0.104149,0.135178,-0.482758,3.995428,-0.634254,-0.235186,-0.110870,-0.034305,-0.044698,2.942271,-19.437856,58.169846
66066.0,2025-12-17T11:06:15.244555,51.543648,-0.858719,-0.091009,0.139998,-0.484479,3.760779,-1.658911,1.355467,-0.214851,0.219435,0.022787,1.252820,-19.185118,58.650614
66088.0,2025-12-17T11:06:15.306539,51.605631,-0.858459,-0.079246,0.141622,-0.486529,3.808978,-1.407562,1.005455,-0.285643,0.465993,0.096954,-0.105683,-18.678871,59.101912
66122.0,2025-12-17T11:06:15.308555,51.607647,-0.856864,-0.067460,0.137617,-0.492234,3.973595,-0.502064,0.077998,-0.236051,0.559764,0.162921,-1.194524,-17.592810,59.936168
66141.0,2025-12-17T11:06:15.367774,51.666867,-0.855286,-0.055432,0.139924,-0.495816,4.246791,0.651058,-1.321215,-0.269626,0.608384,0.242289,-2.634718,-17.116688,60.599013
66162.0,2025-12-17T11:06:15.368824,51.667916,-0.854225,-0.046658,0.142862,-0.497707,3.765568,0.928216,-2.696014,-0.344695,0.529644,0.202647,-3.744688,-16.888935,61.009876
66189.0,2025-12-17T11:06:15.368824,51.667916,-0.853599,-0.042940,0.150343,-0.496913,3.376918,2.253445,-3.006771,-0.320947,0.078916,-0.013091,-4.575077,-17.417909,61.111902
66210.0,2025-12-17T11:06:15.424355,51.723448,-0.852017,-0.035711,0.154252,-0.498996,3.239088,1.134821,-0.316998,-0.294734,-0.072862,-0.138997,-5.597305,-17.366886,61.567495
66243.0,2025-12-17T11:06:15.424355,51.723448,-0.850970,-0.028559,0.164859,-0.497851,3.912147,1.069974,-2.335498,-0.345271,0.000828,-0.028194,-6.978169,-17.999897,61.765176
66269.0,2025-12-17T11:06:15.485523,51.784615,-0.848974,-0.025673,0.175242,-0.497869,3.175714,1.252488,-2.076787,-0.146143,-0.122951,0.050457,-7.950859,-18.851440,62.099798
66303.0,2025-12-17T11:06:15.488137,51.787229,-0.845305,-0.020968,0.178107,-0.503287,2.533638,1.143529,-0.580174,-0.036985,-0.184644,-0.003480,-8.738873,-18.796998,62.987546
66338.0,2025-12-17T11:06:15.548335,51.847427,-0.843120,-0.016694,0.191323,-0.502261,2.165998,0.834654,0.577883,-0.220292,-0.087465,0.014422,-10.043099,-19.839433,63.326723
66373.0,2025-12-17T11:06:15.550356,51.849448,-0.841150,-0.014541,0.202738,-0.501151,1.413537,1.438738,-0.596943,-0.313338,-0.081866,0.060205,-11.025423,-20.832744,63.605162
66390.0,2025-12-17T11:06:15.604610,51.903702,-0.839214,-0.012007,0.213846,-0.499846,1.278590,1.147444,-0.615756,-0.306067,-0.085262,0.041367,-12.034530,-21.772858,63.879788
66433.0,2025-12-17T11:06:15.608989,51.908081,-0.836198,-0.008826,0.212592,-0.505469,1.267279,1.533261,-0.256853,-0.239359,-0.090724,-0.001898,-12.412049,-21.374391,64.655916
66457.0,2025-12-17T11:06:15.666370,51.965462,-0.834628,-0.010442,0.222255,-0.503875,1.118474,1.221444,-0.068328,-0.087564,-0.101261,-0.008138,-12.911715,-22.428099,64.810192
66494.0,2025-12-17T11:06:15.669951,51.969043,-0.833360,-0.017858,0.233020,-0.500894,0.352976,1.122617,-0.224900,-0.037559,-0.128594,-0.031653,-12.879217,-23.970600,64.761367
66530.0,2025-12-17T11:06:15.724955,52.024047,-0.833061,-0.021954,0.225406,-0.504698,-0.225929,0.880265,0.995023,0.087136,-0.140738,-0.116714,-12.011860,-23.435332,64.918164
66557.0,2025-12-17T11:06:15.724955,52.024047,-0.833319,-0.030428,0.232249,-0.500713,0.436102,0.669142,0.056963,0.217995,-0.157010,-0.262616,-11.545750,-24.679857,64.534457
66588.0,2025-12-17T11:06:15.788615,52.087707,-0.833024,-0.031269,0.237653,-0.498613,1.056456,-0.119923,-0.163243,0.296028,-0.102265,-0.286958,-11.799602,-25.285094,64.461612
66615.0,2025-12-17T11:06:15.788615,52.087707,-0.833120,-0.031297,0.232000,-0.501107,2.040826,-0.882878,-1.410545,0.300246,-0.101197,-0.236298,-11.451337,-24.704174,64.568040
66639.0,2025-12-17T11:06:15.846273,52.145366,-0.832174,-0.027170,0.236610,-0.500763,2.258509,-0.720577,0.396160,0.110441,0.014776,-0.121014,-12.204372,-24.898623,64.779148
66674.0,2025-12-17T11:06:15.846273,52.145366,-0.829606,-0.020673,0.244286,-0.501648,2.940454,-0.270576,0.714634,-0.054028,0.037456,0.052232,-13.473539,-25.218069,65.348390
66708.0,2025-12-17T11:06:15.906237,52.205329,-0.828397,-0.017831,0.244670,-0.503564,2.252017,1.228526,2.267911,-0.150561,0.047176,0.167149,-13.849843,-25.044752,65.679419
66727.0,2025-12-17T11:06:15.906237,52.205329,-0.825018,-0.010206,0.250822,-0.506290,1.945595,0.214134,0.257476,-0.187153,0.161025,0.293667,-15.180837,-25.100043,66.470835
66757.0,2025-12-17T11:06:15.968774,52.267867,-0.821632,-0.011500,0.258906,-0.507697,1.121934,2.085637,-1.315170,-0.075609,-0.020582,0.272355,-15.740836,-25.920803,67.069284
66792.0,2025-12-17T11:06:15.969761,52.268854,-0.820071,-0.017246,0.267100,-0.505810,0.061654,0.414462,0.609194,-0.089323,-0.110332,0.060034,-15.768475,-27.098925,67.154420
66829.0,2025-12-17T11:06:16.024536,52.323628,-0.820216,-0.018106,0.260383,-0.509036,0.567626,0.593606,-0.112394,-0.091121,-0.091039,-0.034326,-15.244038,-26.460098,67.252497
66862.0,2025-12-17T11:06:16.088806,52.387898,-0.820383,-0.020191,0.260178,-0.508794,-0.919995,-0.127263,2.296686,0.067054,-0.057947,-0.032822,-15.010542,-26.579365,67.178340
66887.0,2025-12-17T11:06:16.088806,52.387898,-0.818824,-0.017557,0.263050,-0.509926,0.174625,-0.289463,1.195599,0.238494,-0.027265,-0.035186,-15.546131,-26.659599,67.530484
66913.0,2025-12-17T11:06:16.088806,52.387898,-0.818592,-0.020902,0.254775,-0.514354,0.887096,-0.201109,0.619182,0.361810,-0.023041,-0.002086,-14.688285,-26.015644,67.696378
66935.0,2025-12-17T11:06:16.144857,52.443949,-0.816545,-0.020203,0.257915,-0.516068,1.453310,-0.401672,0.543630,0.367553,-0.030683,0.004724,-15.069576,-26.234787,68.117794
66963.0,2025-12-17T11:06:16.144857,52.443949,-0.814039,-0.017625,0.261444,-0.518340,1.680054,-0.768778,1.069476,0.280679,-0.043471,0.044681,-15.690890,-26.354467,68.669509
66996.0,2025-12-17T11:06:16.206660,52.505753,-0.810524,-0.011897,0.268409,-0.520448,1.665279,-0.540260,1.441330,0.053537,-0.022421,0.094620,-16.908596,-26.582594,69.432012
67032.0,2025-12-17T11:06:16.206660,52.505753,-0.808423,-0.008348,0.262771,-0.526625,1.345349,-0.262765,1.313637,-0.056164,0.020151,0.131014,-16.987779,-25.699603,70.064496
67056.0,2025-12-17T11:06:16.267892,52.566984,-0.805479,-0.001066,0.268903,-0.528103,0.878636,-0.339211,1.874119,-0.115111,0.090174,0.147674,-18.264355,-25.741945,70.707949
67076.0,2025-12-17T11:06:16.267892,52.566984,-0.803059,0.005150,0.273906,-0.529193,0.441723,-0.155824,1.305447,-0.123578,0.148012,0.156123,-19.332361,-25.751905,71.226755
67107.0,2025-12-17T11:06:16.324610,52.623703,-0.800980,0.009057,0.266179,-0.536188,0.998610,0.364218,0.758537,-0.084016,0.113872,0.193003,-19.266601,-24.626188,71.841446
67141.0,2025-12-17T11:06:16.324610,52.623703,-0.797632,0.009913,0.272825,-0.537822,0.503540,0.593853,-0.029227,-0.001437,0.115080,0.255908,-19.973909,-25.123076,72.475438
67168.0,2025-12-17T11:06:16.446683,52.745775,-0.794850,0.008567,0.279045,-0.538771,0.498560,1.385114,-1.623050,-0.037568,0.090274,0.261456,-20.422441,-25.744922,72.975458
67204.0,2025-12-17T11:06:16.464556,52.763649,-0.792766,0.007532,0.271589,-0.545623,0.394895,1.454801,-1.427223,-0.059320,0.023154,0.299280,-19.885719,-24.985792,73.524025
67234.0,2025-12-17T11:06:16.464556,52.763649,-0.792061,0.000451,0.273820,-0.545583,-0.589003,1.048287,-1.566279,-0.141266,-0.130619,0.205051,-19.409008,-25.675367,73.582856
67262.0,2025-12-17T11:06:16.464556,52.763649,-0.791282,-0.005230,0.278271,-0.544437,-0.387159,1.243704,-1.548474,-0.198659,-0.073562,0.162863,-19.226458,-26.492226,73.625787
67289.0,2025-12-17T11:06:16.504566,52.803658,-0.790140,-0.012308,0.283230,-0.543423,-0.345514,1.460752,-2.162335,-0.104456,-0.126019,0.153204,-18.963277,-27.449047,73.708412
67324.0,2025-12-17T11:06:16.508397,52.807490,-0.788780,-0.015943,0.277911,-0.548030,-0.616667,0.594826,-0.458575,0.097653,-0.185550,0.155262,-18.299473,-27.122593,74.031424
67344.0,2025-12-17T11:06:16.567713,52.866806,-0.788769,-0.027498,0.276755,-0.548173,-0.334545,0.348184,-0.117347,0.191288,-0.167373,0.108114,-17.099513,-27.822835,73.861600
67377.0,2025-12-17T11:06:16.568957,52.868049,-0.786737,-0.025507,0.271611,-0.553735,0.280412,-0.723153,1.742017,0.506327,-0.085422,0.091251,-17.027202,-27.104946,74.411665
67403.0,2025-12-17T11:06:16.624608,52.923700,-0.783272,-0.027548,0.272617,-0.558037,1.119497,-0.316060,0.725071,0.685936,-0.070353,0.163558,-17.079100,-27.246038,75.103684
67429.0,2025-12-17T11:06:16.628621,52.927713,-0.781082,-0.033451,0.262975,-0.565364,1.440804,0.269690,-0.304098,0.660508,-0.056958,0.200016,-15.917012,-26.656091,75.589510
67448.0,2025-12-17T11:06:16.628621,52.927713,-0.777649,-0.036173,0.268746,-0.567211,1.532671,1.360667,-2.423643,0.309939,-0.126780,0.153460,-16.250255,-27.323613,76.188439
67479.0,2025-12-17T11:06:16.686608,52.985700,-0.774020,-0.036260,0.278533,-0.567448,1.528337,1.241548,-1.979065,-0.001654,-0.198963,0.096784,-17.154497,-28.185762,76.828680
67510.0,2025-12-17T11:06:16.689909,52.989001,-0.771347,-0.038216,0.275485,-0.572426,1.481778,0.678816,-1.047279,-0.039710,-0.286973,0.104647,-16.876030,-27.952594,77.388035
67544.0,2025-12-17T11:06:16.744785,53.043877,-0.766594,-0.034896,0.285633,-0.574047,1.228992,0.110957,-0.979610,-0.040379,-0.301009,0.146144,-18.206037,-28.554403,78.323565
67564.0,2025-12-17T11:06:16.744785,53.043877,-0.761621,-0.028682,0.294916,-0.576312,0.830365,-0.148058,-1.302971,-0.138267,-0.326474,0.180070,-19.765189,-28.834937,79.357859
67597.0,2025-12-17T11:06:16.807616,53.106708,-0.758876,-0.027583,0.302041,-0.576296,0.605338,0.124404,-2.705818,-0.304217,-0.390716,0.125110,-20.571885,-29.354731,79.869405
67623.0,2025-12-17T11:06:16.807616,53.106708,-0.756977,-0.025260,0.302739,-0.578531,-0.688089,-0.483935,-0.124170,-0.509959,-0.347551,0.195565,-20.940834,-29.180287,80.286906
67645.0,2025-12-17T11:06:16.867741,53.166833,-0.757425,-0.025009,0.304093,-0.577242,-2.467308,0.276299,-0.951231,-0.581129,-0.229187,0.131140,-21.048868,-29.309581,80.185580
67670.0,2025-12-17T11:06:16.867741,53.166833,-0.757783,-0.025461,0.304944,-0.576303,-1.221744,0.280339,-2.190487,-0.486391,-0.311785,0.087006,-21.056339,-29.439870,80.097388
67689.0,2025-12-17T11:06:16.867741,53.166833,-0.756365,-0.025293,0.310665,-0.575118,-1.337399,0.218587,-3.198155,-0.335901,-0.407436,0.018139,-21.604838,-29.936770,80.337217
67713.0,2025-12-17T11:06:16.924313,53.223406,-0.756452,-0.028296,0.308753,-0.575892,-0.398412,-1.072472,-1.044999,0.018082,-0.438910,-0.219953,-21.169498,-29.980498,80.293671
67737.0,2025-12-17T11:06:16.924313,53.223406,-0.756756,-0.029976,0.305699,-0.577036,0.130916,-2.613249,1.039857,0.376647,-0.363582,-0.234674,-20.753426,-29.819770,80.234643
67762.0,2025-12-17T11:06:16.986460,53.285553,-0.757018,-0.034711,0.300644,-0.579079,-0.640369,-2.977774,0.646561,0.544436,-0.396967,-0.168149,-19.897244,-29.695270,80.152772
67781.0,2025-12-17T11:06:16.986460,53.285553,-0.755235,-0.039132,0.298036,-0.582464,0.479848,-2.075838,0.229425,0.656499,-0.547223,-0.099846,-19.373071,-29.719870,80.467637
67801.0,2025-12-17T11:06:16.986460,53.285553,-0.751590,-0.046627,0.297675,-0.586795,1.944959,-4.143300,0.775164,1.003364,-0.876093,-0.013893,-18.840336,-30.144379,81.077541
67822.0,2025-12-17T11:06:17.044461,53.343553,-0.746401,-0.059900,0.293920,-0.594061,2.848634,-4.159894,0.966968,1.441099,-1.092241,0.182813,-17.578446,-30.659298,81.886615
67847.0,2025-12-17T11:06:17.047724,53.346816,-0.738482,-0.078631,0.295286,-0.601055,1.816952,-1.799012,-2.711546,1.521410,-1.358748,0.406188,-16.366261,-32.049402,83.014835
67871.0,2025-12-17T11:06:17.048740,53.347832,-0.730973,-0.091919,0.299900,-0.606044,-1.967246,-5.174748,2.720964,0.726800,-1.104584,0.374627,-15.921199,-33.356875,84.121845
67891.0,2025-12-17T11:06:17.104925,53.404017,-0.726820,-0.098618,0.302552,-0.608662,-2.486570,-6.207185,3.621148,0.368797,-0.579465,0.220584,-15.752511,-34.045591,84.738376
67917.0,2025-12-17T11:06:17.104925,53.404017,-0.725377,-0.102469,0.302173,-0.609934,-1.570549,-5.334698,4.365765,0.341198,-0.228229,0.057591,-15.439663,-34.289683,84.907047
67941.0,2025-12-17T11:06:17.167160,53.466252,-0.724527,-0.109060,0.299640,-0.611050,-1.541584,-4.761629,3.106787,0.510573,-0.211507,-0.072218,-14.643520,-34.574526,84.867028
67966.0,2025-12-17T11:06:17.167160,53.466252,-0.724316,-0.117743,0.294681,-0.612101,-0.515671,-5.377660,5.294005,0.817315,-0.140506,-0.190595,-13.395193,-34.821666,84.618510
67985.0,2025-12-17T11:06:17.169165,53.468257,-0.726737,-0.128415,0.286116,-0.611147,2.626212,-6.068276,13.355055,1.012622,0.022195,-0.516383,-11.475240,-34.947347,83.747302
68000.0,2025-12-17T11:06:17.169165,53.468257,-0.730459,-0.138304,0.275701,-0.609336,7.450353,-9.571116,27.942539,1.218257,0.228761,-0.752676,-9.392462,-34.842625,82.621766
68020.0,2025-12-17T11:06:17.226252,53.525345,-0.736712,-0.147352,0.255826,-0.608355,8.472305,-10.009092,26.217216,1.861264,1.121261,-1.034187,-6.505477,-33.795120,81.075865
68045.0,2025-12-17T11:06:17.226252,53.525345,-0.743955,-0.150189,0.237951,-0.606096,6.920485,-9.899083,16.864264,1.356437,1.553378,-1.130024,-4.414490,-32.419108,79.622912
68067.0,2025-12-17T11:06:17.287162,53.586255,-0.753328,-0.145508,0.215195,-0.604165,9.248592,-6.458450,6.925320,0.688977,1.771337,-0.768807,-2.700102,-30.003069,78.182526
68092.0,2025-12-17T11:06:17.287162,53.586255,-0.758886,-0.133356,0.202378,-0.604442,8.539576,-3.209641,-0.516178,-0.174079,1.752285,-0.251193,-2.740720,-27.928942,77.755327
68111.0,2025-12-17T11:06:17.287162,53.586255,-0.758110,-0.110876,0.199126,-0.611003,7.916678,-1.426786,-10.471350,-0.589231,1.329770,0.499632,-4.798250,-25.938805,78.840244
68134.0,2025-12-17T11:06:17.344396,53.643489,-0.751895,-0.093032,0.197820,-0.621986,7.473831,-0.644389,-11.326823,-0.578303,0.943568,1.134728,-6.695973,-24.406580,80.646467
68158.0,2025-12-17T11:06:17.349057,53.648149,-0.744163,-0.079493,0.201470,-0.631912,3.712544,1.148230,-10.371798,-0.853084,0.442827,1.335441,-8.554526,-23.598087,82.463232
68183.0,2025-12-17T11:06:17.405459,53.704551,-0.735338,-0.066321,0.210135,-0.640876,2.237866,1.575877,-8.484533,-1.100130,0.069787,1.342970,-10.773649,-23.206631,84.365248
68202.0,2025-12-17T11:06:17.405459,53.704551,-0.726126,-0.052726,0.223365,-0.648128,0.578369,2.230096,-6.245473,-1.331452,-0.201340,1.219886,-13.389647,-23.124426,86.254464
68218.0,2025-12-17T11:06:17.405459,53.704551,-0.718423,-0.041268,0.235593,-0.653193,-0.450007,1.863573,-4.777185,-1.464520,-0.294993,1.145726,-15.673221,-23.105351,87.777484
68244.0,2025-12-17T11:06:17.467288,53.766380,-0.712406,-0.031922,0.246816,-0.656156,-1.027273,1.726169,-4.316653,-1.591808,-0.362427,1.062723,-17.629278,-23.176074,88.935200
68268.0,2025-12-17T11:06:17.467982,53.767074,-0.704555,-0.019475,0.266004,-0.657621,-2.388373,1.937550,-4.390089,-1.711861,-0.582031,0.814924,-20.601065,-23.605885,90.403032
68293.0,2025-12-17T11:06:17.467982,53.767074,-0.700212,-0.014554,0.278577,-0.657181,-4.593026,0.138863,-0.906017,-1.521167,-0.650030,0.564825,-22.269150,-24.158064,91.192160
68315.0,2025-12-17T11:06:17.524668,53.823761,-0.698277,-0.014636,0.287020,-0.655602,-4.304267,0.236104,-1.444429,-0.988442,-0.601853,0.238955,-23.089887,-24.836479,91.540013
68341.0,2025-12-17T11:06:17.524668,53.823761,-0.698423,-0.016828,0.289052,-0.654500,-4.125409,-1.171171,0.365768,-0.493000,-0.513050,-0.087429,-23.090891,-25.200684,91.510057
68360.0,2025-12-17T11:06:17.524668,53.823761,-0.702333,-0.022855,0.288080,-0.650550,-2.180270,-0.392786,-1.334842,-0.195154,-0.363907,-0.386392,-22.364137,-25.746649,90.789544
68389.0,2025-12-17T11:06:17.586236,53.885329,-0.706633,-0.026547,0.286903,-0.646260,-1.493426,-0.828558,-0.168858,-0.270088,-0.321501,-0.447144,-21.785105,-26.090072,89.995572
68413.0,2025-12-17T11:06:17.589165,53.888257,-0.710330,-0.028812,0.285563,-0.642694,-0.663099,-0.614095,0.195873,-0.275287,-0.309737,-0.410106,-21.328380,-26.277718,89.310050
68437.0,2025-12-17T11:06:17.644997,53.944089,-0.712600,-0.031630,0.282961,-0.641197,-0.166446,-1.527840,2.023807,-0.156826,-0.245593,-0.322269,-20.770926,-26.349045,88.874760
68457.0,2025-12-17T11:06:17.644997,53.944089,-0.713314,-0.028783,0.278875,-0.642327,0.045042,-1.031312,2.375916,0.055743,-0.107301,-0.102667,-20.624179,-25.774281,88.772541
68486.0,2025-12-17T11:06:17.705601,54.004693,-0.714236,-0.028789,0.275674,-0.642683,-1.170455,-0.712304,4.815165,0.168032,0.200719,-0.034024,-20.308531,-25.518086,88.607895
68510.0,2025-12-17T11:06:17.705601,54.004693,-0.716572,-0.027338,0.269923,-0.642588,-0.487687,-2.174507,8.452963,0.217837,0.482255,-0.113310,-19.841464,-24.959202,88.202091
68536.0,2025-12-17T11:06:17.705601,54.004693,-0.720973,-0.021276,0.260069,-0.641958,-0.900688,-1.020815,11.751287,0.140283,1.001756,-0.157981,-19.342603,-23.723405,87.464008
68559.0,2025-12-17T11:06:17.767330,54.066423,-0.727764,-0.006792,0.250656,-0.638345,-1.258497,-0.604022,5.715650,-0.425284,1.378238,-0.263492,-19.531260,-21.932145,86.330223
68583.0,2025-12-17T11:06:17.768784,54.067876,-0.733253,0.006599,0.249382,-0.632539,0.075050,0.519309,0.927403,-0.682200,1.396681,-0.252387,-20.374611,-20.938810,85.368989
68608.0,2025-12-17T11:06:17.824448,54.123540,-0.736932,0.019225,0.245028,-0.629701,1.640925,2.390644,-5.239404,-0.607368,1.092142,-0.108630,-20.967983,-19.689646,84.705730
68634.0,2025-12-17T11:06:17.824448,54.123540,-0.738039,0.028526,0.241820,-0.629291,0.813347,2.477661,-6.494812,-0.399817,0.691713,0.109116,-21.458140,-18.725963,84.484186
68653.0,2025-12-17T11:06:17.824448,54.123540,-0.737035,0.034896,0.239780,-0.630925,-0.633530,2.835091,-5.768836,-0.237408,0.406550,0.267424,-21.855927,-18.024241,84.637048
68677.0,2025-12-17T11:06:17.887993,54.187086,-0.735523,0.038051,0.237847,-0.633235,-1.119998,3.380970,-6.335045,-0.058740,0.288501,0.337867,-22.003204,-17.559301,84.892076
68702.0,2025-12-17T11:06:17.887993,54.187086,-0.734027,0.040479,0.233992,-0.636250,-1.861937,2.849579,-4.961669,0.083551,0.355375,0.353158,-21.928941,-16.977852,85.149704
68727.0,2025-12-17T11:06:17.944289,54.243382,-0.733657,0.044582,0.229328,-0.638098,-1.139814,3.576248,-5.844596,-0.005919,0.490594,0.235268,-21.898125,-16.236380,85.191670
68747.0,2025-12-17T11:06:17.944289,54.243382,-0.733581,0.049723,0.225047,-0.639328,-0.548602,4.288092,-6.236352,-0.072338,0.529170,0.198683,-21.978317,-15.462120,85.165559
68771.0,2025-12-17T11:06:17.944289,54.243382,-0.733369,0.054436,0.222272,-0.640158,-0.667951,5.300880,-7.234390,-0.159248,0.516711,0.206591,-22.149002,-14.851796,85.158197
68796.0,2025-12-17T11:06:18.005417,54.304509,-0.733696,0.060046,0.220318,-0.639956,-0.694643,5.661983,-6.559486,-0.259589,0.471496,0.102507,-22.450053,-14.266913,85.037767
68815.0,2025-12-17T11:06:18.008050,54.307143,-0.735143,0.058644,0.220405,-0.638394,-0.375257,5.715504,-5.668494,-0.077960,0.478339,0.059263,-22.309398,-14.429095,84.801421
68841.0,2025-12-17T11:06:18.008050,54.307143,-0.736463,0.053976,0.217335,-0.638337,-0.770424,5.546001,-3.958364,0.210931,0.415163,0.028882,-21.641306,-14.549021,84.630158
68869.0,2025-12-17T11:06:18.066768,54.365860,-0.739308,0.049240,0.208363,-0.638423,0.467101,6.002213,-7.444289,0.635114,0.321761,-0.140983,-20.458370,-14.194657,84.198126
68894.0,2025-12-17T11:06:18.066768,54.365860,-0.740890,0.040781,0.208230,-0.637228,-1.094847,5.663419,-2.030249,0.330040,0.090741,-0.068132,-19.699874,-14.867133,83.992102
68911.0,2025-12-17T11:06:18.124717,54.423810,-0.741178,0.039601,0.207337,-0.637258,-3.076096,4.999150,-1.066896,0.094347,0.023918,-0.013746,-19.522084,-14.884753,83.951946
68943.0,2025-12-17T11:06:18.124717,54.423810,-0.743156,0.030511,0.207725,-0.635326,-0.720488,4.584279,-3.737957,0.096554,-0.097093,-0.225481,-18.736888,-15.662814,83.654330
68962.0,2025-12-17T11:06:18.186444,54.485536,-0.744572,0.023026,0.212582,-0.632370,0.741978,3.069106,-1.276407,0.212135,-0.069183,-0.204786,-18.451884,-16.704944,83.415176
68998.0,2025-12-17T11:06:18.189503,54.488596,-0.745466,0.018676,0.210606,-0.632121,1.451310,4.777943,-5.664678,0.284348,-0.031108,-0.091592,-17.899291,-16.881242,83.270208
69023.0,2025-12-17T11:06:18.247906,54.546998,-0.746023,0.017783,0.211146,-0.631309,1.810995,4.854563,-5.730310,0.024910,-0.036063,-0.091110,-17.851079,-17.012813,83.169201
69049.0,2025-12-17T11:06:18.250016,54.549108,-0.744390,0.016568,0.219419,-0.630448,2.055944,4.534948,-5.272627,-0.212381,-0.122151,-0.031536,-18.450748,-17.804849,83.439383
69069.0,2025-12-17T11:06:18.250016,54.549108,-0.743409,0.014607,0.231030,-0.627499,0.860626,4.560000,-4.532582,-0.438253,-0.231865,-0.010884,-19.242704,-18.975786,83.579941
69099.0,2025-12-17T11:06:18.305449,54.604542,-0.742939,0.015835,0.241692,-0.624000,-1.462083,2.336872,1.355096,-0.575242,-0.445994,-0.125832,-20.222890,-19.838042,83.626693
69126.0,2025-12-17T11:06:18.305449,54.604542,-0.743648,0.017251,0.245761,-0.621524,-5.100295,-0.050532,8.259752,-0.376689,-0.173865,-0.180600,-20.651566,-20.125307,83.479913
69146.0,2025-12-17T11:06:18.424698,54.723791,-0.743689,0.009000,0.250401,-0.619794,0.010169,1.567800,0.375205,0.160953,-0.165062,-0.051619,-20.318245,-21.179037,83.453481
69182.0,2025-12-17T11:06:18.424698,54.723791,-0.742862,-0.002312,0.258174,-0.617655,-0.629941,3.997787,-4.169832,0.019163,-0.278895,0.014744,-20.002493,-22.732622,83.544468
69206.0,2025-12-17T11:06:18.424698,54.723791,-0.740837,-0.007881,0.268345,-0.615702,0.231962,2.279588,-0.377614,-0.184523,-0.350772,0.062021,-20.427868,-24.035584,83.852454
69242.0,2025-12-17T11:06:18.424698,54.723791,-0.739538,-0.012112,0.269942,-0.616497,-0.317732,1.746429,0.029691,-0.396602,-0.411836,0.055936,-20.242704,-24.468850,84.064292
69267.0,2025-12-17T11:06:18.487133,54.786225,-0.739212,-0.018866,0.278518,-0.612892,-0.894823,0.444443,1.736506,-0.490772,-0.403659,0.030325,-20.374746,-25.778498,84.034832
69286.0,2025-12-17T11:06:18.487133,54.786225,-0.736523,-0.019889,0.283142,-0.613977,0.732667,-0.002515,2.739926,-0.116640,-0.361832,0.180708,-20.784010,-26.199862,84.517573
69312.0,2025-12-17T11:06:18.487133,54.786225,-0.732731,-0.020968,0.286174,-0.617066,1.429811,-0.756762,3.419095,0.023023,-0.343039,0.377613,-21.107231,-26.439624,85.216464
69329.0,2025-12-17T11:06:18.547623,54.846716,-0.724795,-0.016944,0.287448,-0.625907,1.131395,0.372935,1.540403,-0.214974,-0.388792,0.589079,-21.896101,-25.969440,86.733367
69358.0,2025-12-17T11:06:18.548722,54.847814,-0.718095,-0.015973,0.298590,-0.628433,-0.453084,0.678459,0.764093,-0.795140,-0.387163,0.882159,-23.222996,-26.673688,87.958547
69383.0,2025-12-17T11:06:18.607941,54.907033,-0.711775,-0.010406,0.308679,-0.630861,-2.725079,1.806000,-1.398485,-1.281321,-0.319956,0.968842,-24.843283,-26.907377,89.134918
69402.0,2025-12-17T11:06:18.607941,54.907033,-0.706965,-0.003543,0.319616,-0.630899,-4.331036,1.882315,-3.561665,-1.442726,-0.391295,0.708957,-26.590937,-27.154113,90.024266
69428.0,2025-12-17T11:06:18.607941,54.907033,-0.703760,0.002032,0.328278,-0.630041,-5.288074,2.357347,-3.427130,-1.426420,-0.423181,0.526896,-27.966527,-27.354700,90.608692
69449.0,2025-12-17T11:06:18.668735,54.967827,-0.702605,0.004003,0.341962,-0.624013,-6.542868,4.727952,-5.546567,-1.401386,-0.578411,0.097422,-29.441557,-28.394044,90.824689
69474.0,2025-12-17T11:06:18.668735,54.967827,-0.703223,0.003254,0.352936,-0.617174,-4.837469,3.338026,-5.818539,-1.298802,-0.716747,-0.217262,-30.382956,-29.496371,90.719843
69493.0,2025-12-17T11:06:18.668735,54.967827,-0.705328,-0.004063,0.362599,-0.609112,-3.676248,0.955312,-1.676062,-0.762420,-0.899677,-0.499483,-30.607360,-31.094576,90.333960
69511.0,2025-12-17T11:06:18.726016,55.025108,-0.707673,-0.011868,0.368606,-0.602650,-4.777883,-0.496110,-0.592969,-0.487821,-0.967399,-0.652675,-30.422352,-32.412501,89.872051
69537.0,2025-12-17T11:06:18.726016,55.025108,-0.710388,-0.018494,0.372048,-0.597150,-5.292840,-1.533146,-0.328916,-0.354425,-0.875993,-0.814119,-30.055770,-33.413984,89.314592
69561.0,2025-12-17T11:06:18.786718,55.085811,-0.717183,-0.026560,0.373659,-0.587641,-5.278842,-2.876709,0.073012,-0.281539,-0.574079,-0.953542,-29.141094,-34.553758,87.904630
69586.0,2025-12-17T11:06:18.788734,55.087826,-0.724402,-0.032103,0.373145,-0.578770,-5.372224,-2.527439,-0.370533,-0.298699,-0.333259,-0.920561,-28.178087,-35.294113,86.377006
69605.0,2025-12-17T11:06:18.788734,55.087826,-0.731598,-0.036573,0.371219,-0.570634,-4.849173,-2.277794,-0.579009,-0.264018,-0.211460,-0.843969,-27.151819,-35.796317,84.825840
69631.0,2025-12-17T11:06:18.846331,55.145424,-0.735752,-0.040526,0.367351,-0.567521,-4.244157,-2.626421,-0.359598,0.000409,-0.112862,-0.537810,-26.179903,-35.913030,83.908369
69655.0,2025-12-17T11:06:18.849225,55.148318,-0.736764,-0.039399,0.361151,-0.570260,-3.165335,-2.886985,0.629201,0.010401,0.071661,0.168978,-25.675588,-35.246931,83.761455
69674.0,2025-12-17T11:06:18.850456,55.149548,-0.734498,-0.034077,0.355539,-0.577013,-3.371100,-2.152571,0.721534,-0.176023,0.194524,0.747616,-25.810088,-34.167234,84.361254
69698.0,2025-12-17T11:06:18.906814,55.205906,-0.730545,-0.027575,0.350377,-0.585473,-4.020622,-1.714646,-0.062617,-0.228897,0.308657,1.157270,-26.168475,-32.971541,85.288256
69723.0,2025-12-17T11:06:18.906814,55.205906,-0.724647,-0.019797,0.343122,-0.597295,-5.448798,-1.153328,-1.557226,-0.144799,0.437316,1.425280,-26.524424,-31.394978,86.573907
69744.0,2025-12-17T11:06:18.967940,55.267032,-0.717866,-0.012931,0.333546,-0.610941,-6.147079,0.591063,-3.662399,0.014605,0.539544,1.483152,-26.589158,-29.648842,87.956029
69763.0,2025-12-17T11:06:18.969354,55.268447,-0.713163,-0.012085,0.324603,-0.621197,-5.481536,2.560477,-5.730236,0.327942,0.484192,1.272423,-26.072617,-28.555131,88.858729
69778.0,2025-12-17T11:06:18.969354,55.268447,-0.708944,-0.014743,0.315880,-0.630398,-4.803916,2.946757,-5.573741,0.520957,0.348332,1.091904,-25.252868,-27.805416,89.634825
69805.0,2025-12-17T11:06:19.027248,55.326340,-0.706708,-0.019833,0.309666,-0.635828,-4.295072,2.519693,-4.465366,0.630031,0.116565,0.728500,-24.370074,-27.574904,90.022011
69831.0,2025-12-17T11:06:19.027248,55.326340,-0.705764,-0.029231,0.302386,-0.640005,-3.913948,2.147668,-3.444791,0.516497,-0.144979,0.262109,-22.980470,-27.661190,90.134976
69855.0,2025-12-17T11:06:19.029043,55.328135,-0.708514,-0.039885,0.301166,-0.636958,-3.310015,1.114297,-0.902681,0.073156,-0.362697,-0.257426,-21.860434,-28.526895,89.532615
69876.0,2025-12-17T11:06:19.084293,55.383386,-0.712548,-0.049633,0.302596,-0.631068,-2.104852,0.812004,-0.123184,-0.134452,-0.442129,-0.504914,-20.969821,-29.595467,88.657207
69895.0,2025-12-17T11:06:19.089298,55.388391,-0.714324,-0.060053,0.306273,-0.626363,-0.425060,0.265312,-0.003447,-0.050903,-0.587473,-0.374301,-20.302240,-30.849644,88.148900
69919.0,2025-12-17T11:06:19.089298,55.388391,-0.713656,-0.066374,0.304496,-0.627354,-0.851755,-1.006354,1.061031,0.208798,-0.627679,0.015381,-19.625282,-31.190784,88.163170
69949.0,2025-12-17T11:06:19.144667,55.443759,-0.711309,-0.071390,0.303714,-0.629842,-4.892557,-3.184685,2.356192,0.403698,-0.294010,0.149662,-19.236796,-31.466384,88.514350
69973.0,2025-12-17T11:06:19.149029,55.448122,-0.712044,-0.074763,0.295311,-0.632610,-3.962709,-2.360291,2.689241,0.550331,0.272057,0.003090,-18.161985,-31.006845,88.315789
69991.0,2025-12-17T11:06:19.266466,55.565558,-0.714390,-0.077761,0.281987,-0.635675,-1.435606,-0.834888,2.123852,0.486366,0.447207,0.098780,-16.619259,-30.116473,87.826872
70023.0,2025-12-17T11:06:19.266466,55.565558,-0.714392,-0.080119,0.270841,-0.640211,-3.138416,-0.470489,-0.538573,0.427550,0.398074,0.370222,-15.451847,-29.311701,87.794871
70046.0,2025-12-17T11:06:19.266466,55.565558,-0.713987,-0.083495,0.257491,-0.645716,-5.129155,-0.090392,-1.794266,0.415620,0.307797,0.311946,-14.032440,-28.393081,87.817689
70066.0,2025-12-17T11:06:19.266466,55.565558,-0.715979,-0.088278,0.250727,-0.645536,-4.988439,1.166312,-2.201336,0.142599,0.173475,0.002534,-12.939989,-28.229451,87.343298
70102.0,2025-12-17T11:06:19.266466,55.565558,-0.720919,-0.093879,0.250678,-0.639237,-5.097233,1.281237,-3.438643,-0.386224,-0.208352,-0.296147,-12.193765,-28.780712,86.266360
70124.0,2025-12-17T11:06:19.324578,55.623670,-0.725112,-0.097649,0.248999,-0.634568,-5.621014,-1.097254,-0.746918,-0.309761,-0.255012,-0.299214,-11.503631,-29.014778,85.366358
70154.0,2025-12-17T11:06:19.328187,55.627280,-0.730777,-0.099155,0.241093,-0.630878,-3.979252,-1.749406,0.193930,-0.043240,0.116354,-0.499758,-10.444294,-28.520915,84.269370
70180.0,2025-12-17T11:06:19.385957,55.685049,-0.738547,-0.100768,0.230163,-0.625635,-2.346522,-0.522742,-1.476091,0.019921,0.350390,-0.588159,-9.048962,-27.778834,82.778989
70200.0,2025-12-17T11:06:19.385957,55.685049,-0.743438,-0.099511,0.227403,-0.621036,-1.425548,0.980811,-3.779199,-0.099116,0.298373,-0.530403,-8.720786,-27.498180,81.885544
70225.0,2025-12-17T11:06:19.446736,55.745828,-0.749383,-0.101587,0.221997,-0.615485,-1.233206,0.093931,-0.395975,-0.220611,0.198124,-0.592646,-7.823136,-27.243418,80.692576
70251.0,2025-12-17T11:06:19.446736,55.745828,-0.755159,-0.099441,0.218412,-0.610035,0.135337,-1.288452,4.415263,-0.099988,0.395278,-0.628258,-7.487349,-26.820466,79.651738
70270.0,2025-12-17T11:06:19.449200,55.748292,-0.759850,-0.092180,0.209670,-0.608415,0.355187,-0.293594,-0.872673,0.260362,0.506642,-0.487333,-7.324164,-25.518538,79.029453
70293.0,2025-12-17T11:06:19.506903,55.805995,-0.761592,-0.094020,0.209379,-0.606051,0.643645,0.975471,-2.400075,0.403872,0.375814,-0.402433,-7.046076,-25.650789,78.629335
70317.0,2025-12-17T11:06:19.506903,55.805995,-0.763069,-0.098515,0.211480,-0.602740,0.801367,1.490898,-1.552572,0.311567,0.117887,-0.410711,-6.693824,-26.200058,78.169065
70343.0,2025-12-17T11:06:19.567331,55.866423,-0.763340,-0.093566,0.210302,-0.603598,1.589528,0.623790,-0.214456,-0.003728,-0.011147,-0.290421,-7.079287,-25.722719,78.287415
70367.0,2025-12-17T11:06:19.567672,55.866765,-0.763967,-0.089645,0.212680,-0.602566,0.878989,1.179435,4.354249,-0.366596,0.045714,-0.009252,-7.607676,-25.657798,78.262917
70387.0,2025-12-17T11:06:19.567672,55.866765,-0.764463,-0.087527,0.216408,-0.600918,-0.277727,0.712150,1.988035,-0.593684,0.352087,0.121175,-8.065558,-25.853094,78.193385
70412.0,2025-12-17T11:06:19.624550,55.923643,-0.765436,-0.084791,0.221620,-0.598166,-0.486552,0.835033,-0.488109,-0.850300,0.223727,0.066629,-8.670806,-26.149167,78.030564
70438.0,2025-12-17T11:06:19.624550,55.923643,-0.766718,-0.076994,0.220926,-0.597835,-0.987009,0.363901,0.030759,-0.886588,0.026801,-0.022285,-9.316328,-25.520578,78.003655
70462.0,2025-12-17T11:06:19.684220,55.983312,-0.769118,-0.077102,0.218942,-0.595464,-0.725090,-0.067789,0.181662,-0.453414,-0.066171,-0.061778,-9.051752,-25.379210,77.537478
70487.0,2025-12-17T11:06:19.684220,55.983312,-0.770424,-0.083122,0.216156,-0.593982,-0.612931,0.199628,0.702549,-0.030920,-0.029661,-0.026558,-8.203875,-25.582417,77.128607
70506.0,2025-12-17T11:06:19.684220,55.983312,-0.772080,-0.093388,0.210384,-0.592376,-0.649230,0.462743,-0.045510,0.367757,0.035657,-0.129260,-6.701400,-25.817570,76.531769
70538.0,2025-12-17T11:06:19.744568,56.043660,-0.772936,-0.104866,0.197129,-0.593896,-0.393070,1.547466,-2.423878,0.585543,0.066518,-0.187219,-4.574995,-25.422865,76.107274
70563.0,2025-12-17T11:06:19.744568,56.043660,-0.772973,-0.115036,0.196393,-0.592208,-0.081452,1.578660,-1.763375,0.549568,0.052264,-0.186213,-3.496492,-26.095182,75.725083
70585.0,2025-12-17T11:06:19.804987,56.104080,-0.773233,-0.124149,0.196900,-0.589854,-0.286428,1.624365,-1.931428,0.343536,0.010822,-0.190638,-2.587387,-26.805260,75.292396
70614.0,2025-12-17T11:06:19.804987,56.104080,-0.774663,-0.132072,0.200388,-0.585063,-0.436491,0.701662,-1.210247,-0.136618,-0.150498,-0.218149,-1.932641,-27.710690,74.600424
70647.0,2025-12-17T11:06:19.867289,56.166381,-0.778232,-0.128860,0.196222,-0.582449,0.037917,-1.014816,1.904278,-0.297314,-0.187996,-0.258134,-1.803256,-27.098447,74.058808
70674.0,2025-12-17T11:06:19.867289,56.166381,-0.779626,-0.131307,0.193764,-0.580859,0.347648,-1.205665,3.032833,0.222146,0.006455,-0.219774,-1.309829,-27.043612,73.690810
70698.0,2025-12-17T11:06:19.867289,56.166381,-0.782041,-0.134883,0.182073,-0.580575,-0.054548,-0.775723,1.682134,0.579020,0.090400,-0.238411,-0.028489,-26.193064,73.185879
70726.0,2025-12-17T11:06:19.924469,56.223561,-0.782831,-0.135783,0.177401,-0.580748,0.416285,-0.265165,0.276287,0.768520,0.038584,-0.333048,0.416174,-25.814674,73.044825
70752.0,2025-12-17T11:06:19.924469,56.223561,-0.783988,-0.147245,0.170325,-0.578508,0.921339,0.097139,-2.413767,0.893583,-0.122794,-0.405634,2.154554,-25.940092,72.351293
70772.0,2025-12-17T11:06:19.984569,56.283661,-0.784054,-0.152996,0.169276,-0.577232,1.308115,-0.261116,-1.587528,0.914714,-0.170892,-0.430651,2.843085,-26.236118,72.059441
70796.0,2025-12-17T11:06:19.984569,56.283661,-0.785341,-0.159706,0.163296,-0.575385,2.385216,-0.545104,2.735290,0.828498,0.081489,-0.428058,4.019180,-26.121123,71.524446
70821.0,2025-12-17T11:06:20.044392,56.343484,-0.785853,-0.155909,0.160277,-0.576575,3.214480,-0.872053,2.280938,0.438149,0.459668,-0.199548,3.827965,-25.575138,71.665399
70847.0,2025-12-17T11:06:20.050000,56.349092,-0.785256,-0.145151,0.153750,-0.581950,2.785419,0.183572,0.044657,-0.021684,0.631106,0.019822,3.080982,-24.230383,72.422437
70866.0,2025-12-17T11:06:20.050822,56.349914,-0.786119,-0.136985,0.156876,-0.581930,1.872692,-0.294179,-7.721855,-0.644128,0.186964,0.091823,2.056342,-23.958703,72.585543
70881.0,2025-12-17T11:06:20.050822,56.349914,-0.785695,-0.130771,0.165262,-0.581611,3.295724,0.228212,-11.203499,-0.958591,-0.303259,0.208270,0.833482,-24.318410,72.841867
70908.0,2025-12-17T11:06:20.108505,56.407598,-0.783793,-0.124478,0.177724,-0.581883,2.108726,0.544089,-7.011941,-1.343220,-0.723525,0.450272,-0.739951,-25.053261,73.344259
70933.0,2025-12-17T11:06:20.108505,56.407598,-0.780379,-0.108956,0.197489,-0.583211,0.454274,-0.310306,-0.010758,-1.444316,-0.601137,0.458429,-3.840665,-25.805719,74.424847
70958.0,2025-12-17T11:06:20.166610,56.465703,-0.778063,-0.101467,0.200281,-0.586694,0.311320,0.579267,3.369950,-0.557822,0.142404,0.467681,-4.901605,-25.513448,75.146123
70978.0,2025-12-17T11:06:20.166610,56.465703,-0.776737,-0.096986,0.195924,-0.590667,-0.778115,1.483035,4.687708,0.000067,0.481728,0.338424,-5.104338,-24.767444,75.623544
71002.0,2025-12-17T11:06:20.224361,56.523453,-0.776890,-0.096193,0.190903,-0.592238,-1.787178,3.149361,1.713237,0.231743,0.468961,0.091716,-4.822466,-24.239965,75.674113
71027.0,2025-12-17T11:06:20.224361,56.523453,-0.779019,-0.099057,0.187500,-0.590051,-1.065778,2.426839,1.585970,0.285034,0.125983,-0.313656,-4.206542,-24.143894,75.182640
71053.0,2025-12-17T11:06:20.224361,56.523453,-0.778720,-0.106923,0.183196,-0.590425,0.406829,1.410468,0.517929,0.378412,-0.238413,-0.454392,-3.132444,-24.303939,75.013395
71072.0,2025-12-17T11:06:20.284293,56.583385,-0.779297,-0.111311,0.186073,-0.587948,1.073329,-0.673538,2.449581,0.638941,-0.354196,-0.459818,-2.863294,-24.891587,74.698194
71087.0,2025-12-17T11:06:20.284293,56.583385,-0.779515,-0.114392,0.185836,-0.587142,1.692984,-1.109959,1.821848,0.760365,-0.273690,-0.383610,-2.524110,-25.090644,74.536978
71121.0,2025-12-17T11:06:20.348689,56.647781,-0.779233,-0.114405,0.183278,-0.588317,1.391358,-1.023726,1.223465,0.689869,0.024523,-0.167084,-2.359344,-24.850088,74.625142
71147.0,2025-12-17T11:06:20.349122,56.648214,-0.778949,-0.112941,0.172601,-0.592192,0.979900,0.375691,-1.951058,0.306976,0.133897,-0.051097,-1.782680,-23.744545,74.862212
71166.0,2025-12-17T11:06:20.349122,56.648214,-0.778676,-0.112593,0.173489,-0.592358,1.252067,0.724231,-3.440802,-0.025588,-0.021506,0.021756,-1.890767,-23.801814,74.920809
71191.0,2025-12-17T11:06:20.406267,56.705360,-0.776942,-0.109688,0.182295,-0.592535,0.846070,0.745675,-2.483864,-0.279278,-0.162153,0.083074,-2.869754,-24.409333,75.282802
71215.0,2025-12-17T11:06:20.407825,56.706918,-0.775277,-0.107468,0.192974,-0.591741,0.250505,0.366730,-0.189509,-0.392110,-0.130015,0.061573,-3.914236,-25.239570,75.583012
71241.0,2025-12-17T11:06:20.467319,56.766412,-0.775351,-0.105064,0.189610,-0.593162,-0.039847,0.659451,0.342024,-0.367755,-0.069261,0.016069,-3.915699,-24.750548,75.693203
71266.0,2025-12-17T11:06:20.467319,56.766412,-0.775197,-0.110353,0.195196,-0.590585,0.005323,0.417310,0.895369,-0.124690,-0.065363,-0.073202,-3.782801,-25.656589,75.465778
71285.0,2025-12-17T11:06:20.469810,56.768903,-0.775089,-0.118034,0.197816,-0.588366,0.130943,0.048322,1.958130,0.118356,-0.053718,-0.101214,-3.188988,-26.458097,75.153753
71318.0,2025-12-17T11:06:20.524840,56.823932,-0.775546,-0.113196,0.196050,-0.589305,0.272573,-0.260664,1.623634,0.309790,0.068120,-0.172629,-3.537888,-25.944756,75.274587
71353.0,2025-12-17T11:06:20.524840,56.823932,-0.774406,-0.112930,0.187466,-0.593632,0.961987,-0.090927,0.701766,0.391850,0.072117,-0.160549,-3.017535,-25.114391,75.617187
71370.0,2025-12-17T11:06:20.584509,56.883601,-0.773414,-0.111537,0.190086,-0.594355,1.234884,-0.095133,0.255257,0.362375,0.061662,-0.122671,-3.386625,-25.252995,75.842121
71404.0,2025-12-17T11:06:20.587781,56.886874,-0.772864,-0.109908,0.193877,-0.594149,0.923635,0.162859,-0.212142,0.240464,0.104360,-0.151164,-3.842704,-25.485655,75.972777
71436.0,2025-12-17T11:06:20.647614,56.946707,-0.772483,-0.109497,0.199236,-0.592947,0.777482,0.347388,0.233638,0.132391,0.113580,-0.158791,-4.280036,-25.954920,76.005452
71472.0,2025-12-17T11:06:20.648314,56.947406,-0.771414,-0.105568,0.193059,-0.597080,1.100876,0.805748,-0.387570,-0.079914,0.016125,-0.101277,-4.284823,-25.082425,76.433829
71501.0,2025-12-17T11:06:20.704408,57.003501,-0.770252,-0.104529,0.205201,-0.594709,0.428118,0.468799,0.311036,-0.232718,-0.042197,-0.061334,-5.307271,-26.132066,76.575757
71534.0,2025-12-17T11:06:20.707993,57.007086,-0.767853,-0.096823,0.215756,-0.595379,0.864718,-0.137075,0.266710,-0.168783,-0.104301,0.024892,-6.947248,-26.527716,77.218174
71568.0,2025-12-17T11:06:20.765425,57.064517,-0.765918,-0.094707,0.210195,-0.600183,0.326883,-0.279471,0.659462,-0.041555,-0.162215,0.068267,-6.842270,-25.827746,77.735994
71602.0,2025-12-17T11:06:20.826491,57.125583,-0.763486,-0.088609,0.215882,-0.602190,0.331883,-0.121491,-0.113633,0.118138,-0.075489,0.007472,-7.966415,-25.872132,78.360976
71638.0,2025-12-17T11:06:20.826491,57.125583,-0.760477,-0.089855,0.224810,-0.602546,0.209647,-0.046244,0.567631,0.151540,-0.066644,0.014256,-8.647175,-26.757072,78.841742
71678.0,2025-12-17T11:06:20.884434,57.183527,-0.761257,-0.090180,0.215749,-0.604820,-0.045723,0.403112,0.794061,-0.048783,0.015839,-0.054940,-7.905751,-25.948671,78.758634
71705.0,2025-12-17T11:06:20.884434,57.183527,-0.759866,-0.087902,0.225236,-0.603445,0.461741,0.326143,-0.055336,-0.117440,0.006548,-0.051707,-8.897520,-26.640152,79.020018
71739.0,2025-12-17T11:06:20.944351,57.243443,-0.758214,-0.087641,0.236790,-0.601134,0.016278,0.079015,-0.016970,-0.149719,-0.008153,-0.035727,-9.868607,-27.674129,79.253167
71777.0,2025-12-17T11:06:20.947662,57.246755,-0.758958,-0.087333,0.228058,-0.603610,0.218709,0.291208,-0.198477,-0.057544,0.004984,-0.043947,-9.206674,-26.846655,79.193164
71817.0,2025-12-17T11:06:21.005072,57.304164,-0.757655,-0.093009,0.235437,-0.601563,0.110206,0.258650,-0.374022,0.102172,0.009545,-0.058064,-9.271410,-27.947418,79.209571
71854.0,2025-12-17T11:06:21.067412,57.366504,-0.757136,-0.093974,0.225893,-0.605712,0.269658,0.440265,-0.253198,0.065735,-0.042643,-0.043957,-8.486596,-27.123218,79.370524
71883.0,2025-12-17T11:06:21.068946,57.368038,-0.757243,-0.103892,0.230285,-0.602294,-0.080980,0.175079,0.113144,-0.034001,-0.064844,-0.043962,-7.835982,-28.288493,78.973473
71925.0,2025-12-17T11:06:21.124645,57.423737,-0.755637,-0.093780,0.236217,-0.603672,0.438243,-0.370870,0.361360,-0.091989,-0.084855,-0.020540,-9.355491,-28.048114,79.583729
71961.0,2025-12-17T11:06:21.186306,57.485398,-0.755410,-0.092385,0.229234,-0.606855,0.130541,-0.169738,0.339572,-0.128903,-0.073159,0.016510,-8.975229,-27.287779,79.735759
71989.0,2025-12-17T11:06:21.188318,57.487410,-0.754288,-0.090798,0.233012,-0.607051,0.154810,-0.027124,-0.065018,-0.092998,-0.100632,0.040461,-9.469045,-27.500373,79.976313
72023.0,2025-12-17T11:06:21.248156,57.547248,-0.752785,-0.089811,0.236066,-0.607883,0.134623,-0.213754,0.405442,-0.034478,-0.154478,0.061026,-9.869605,-27.684583,80.280153
72060.0,2025-12-17T11:06:21.248156,57.547248,-0.752266,-0.090127,0.234120,-0.609229,0.085620,-0.869785,1.525629,0.044273,-0.026431,0.022453,-9.715841,-27.519899,80.389785
72088.0,2025-12-17T11:06:21.308261,57.607353,-0.753124,-0.088166,0.230495,-0.609838,-0.424703,-1.212978,3.274678,0.037876,0.256065,0.008304,-9.586886,-27.046775,80.308088
72108.0,2025-12-17T11:06:21.308261,57.607353,-0.753045,-0.083965,0.228714,-0.611198,0.457807,-0.415048,0.062798,-0.057726,0.269931,0.099903,-9.856642,-26.557919,80.459594
72143.0,2025-12-17T11:06:21.366562,57.665654,-0.749564,-0.073070,0.236839,-0.613776,0.166018,0.126479,-0.393863,-0.309143,0.127711,0.247323,-11.671528,-26.407296,81.371568
72171.0,2025-12-17T11:06:21.366562,57.665654,-0.746897,-0.064185,0.232125,-0.619793,0.231768,-0.000238,0.579319,-0.451192,0.184545,0.368366,-12.245435,-25.233612,82.124266
72195.0,2025-12-17T11:06:21.366562,57.665654,-0.744214,-0.061520,0.238180,-0.620991,-0.225583,0.709596,-0.479414,-0.535662,0.256848,0.452341,-13.081776,-25.526038,82.660450
72220.0,2025-12-17T11:06:21.424432,57.723524,-0.743427,-0.060663,0.240299,-0.621203,-1.082719,0.856259,0.253593,-0.618093,0.155213,0.369532,-13.361964,-25.636393,82.817212
72239.0,2025-12-17T11:06:21.424432,57.723524,-0.743418,-0.060064,0.240851,-0.621058,-1.663992,0.627134,0.689805,-0.585511,0.086496,0.283526,-13.460873,-25.639743,82.827972
72268.0,2025-12-17T11:06:21.484541,57.783633,-0.742607,-0.056908,0.237519,-0.623603,-1.517249,0.591683,0.469445,-0.464889,0.085355,0.277862,-13.517150,-25.071110,83.062446
72287.0,2025-12-17T11:06:21.484541,57.783633,-0.741823,-0.055641,0.235425,-0.625443,-0.989321,0.367651,-0.430091,-0.464035,0.176619,0.414989,-13.497491,-24.764348,83.245895
72319.0,2025-12-17T11:06:21.546650,57.845742,-0.741556,-0.055455,0.235148,-0.625880,-1.986660,1.443208,-2.183556,-0.493384,0.178438,0.322842,-13.503087,-24.718856,83.301247
72339.0,2025-12-17T11:06:21.549777,57.848869,-0.742221,-0.060246,0.233832,-0.625141,-2.250019,1.825505,0.617287,-0.169212,0.121863,0.128228,-12.937068,-24.988401,83.090337
72373.0,2025-12-17T11:06:21.549777,57.848869,-0.742761,-0.068381,0.223838,-0.627317,-2.379677,1.677675,-1.062384,0.277389,0.039683,0.050682,-11.381962,-24.727859,82.869943
72407.0,2025-12-17T11:06:21.605836,57.904928,-0.743530,-0.074619,0.221108,-0.626663,-1.866667,1.364387,-0.886804,-0.085177,0.085688,0.103267,-10.562510,-24.981327,82.596026
72437.0,2025-12-17T11:06:21.605836,57.904928,-0.745651,-0.075239,0.224105,-0.622994,-2.050177,1.611130,-1.274434,-0.624589,0.085735,0.036562,-10.649795,-25.337804,82.158282
72456.0,2025-12-17T11:06:21.787650,58.086742,-0.747517,-0.072572,0.223424,-0.621316,-1.814310,1.365517,-1.060722,-0.702933,0.040628,-0.013828,-10.764619,-25.100493,81.867992
72488.0,2025-12-17T11:06:21.787650,58.086742,-0.748405,-0.076261,0.224030,-0.619584,-1.633378,1.304366,-0.217219,-0.299247,0.001009,0.033809,-10.430335,-25.456845,81.603094
72508.0,2025-12-17T11:06:21.787650,58.086742,-0.748955,-0.084475,0.222685,-0.618338,-1.299666,1.065812,0.172880,0.001869,-0.029084,0.046872,-9.531209,-25.978257,81.289631
72544.0,2025-12-17T11:06:21.787650,58.086742,-0.749768,-0.094329,0.216852,-0.618001,-1.592578,0.875124,-0.688294,0.141526,0.021603,0.066394,-8.111199,-26.216791,80.886366
72649.0,2025-12-17T11:06:21.847813,58.146905,-0.747488,-0.116531,0.208262,-0.619927,-0.270944,0.461251,0.094442,-0.040345,-0.002943,0.137835,-5.415479,-27.118231,80.647942
72686.0,2025-12-17T11:06:21.905452,58.204545,-0.746580,-0.118767,0.201357,-0.622870,-0.772877,0.865753,0.003016,-0.128907,-0.008117,0.224880,-4.717307,-26.654583,80.794414
72711.0,2025-12-17T11:06:21.965394,58.264487,-0.745603,-0.125689,0.202769,-0.622225,-1.617086,1.510431,-0.292272,-0.159560,-0.054926,0.174727,-4.189087,-27.308671,80.709807
72746.0,2025-12-17T11:06:21.965394,58.264487,-0.743297,-0.134351,0.204222,-0.622698,-0.609695,0.480902,0.342351,-0.100862,-0.075067,0.259910,-3.549246,-28.093776,80.797569
72782.0,2025-12-17T11:06:21.965394,58.264487,-0.741266,-0.134004,0.199455,-0.626725,-0.780385,0.312962,-0.527792,-0.207520,-0.061805,0.376339,-3.322039,-27.623926,81.244582
72807.0,2025-12-17T11:06:22.024310,58.323402,-0.739714,-0.136055,0.197903,-0.628606,-0.973831,0.095629,-0.312891,-0.314007,-0.097316,0.389851,-3.074970,-27.634711,81.471934
72832.0,2025-12-17T11:06:22.024310,58.323402,-0.739001,-0.138074,0.197399,-0.629164,-1.396001,0.139241,-0.370673,-0.365924,-0.148346,0.303178,-2.870293,-27.742464,81.529141
72852.0,2025-12-17T11:06:22.024310,58.323402,-0.738664,-0.140092,0.196999,-0.629238,-1.305670,0.133423,-0.505180,-0.382477,-0.159000,0.257834,-2.655263,-27.861399,81.511437
72885.0,2025-12-17T11:06:22.086468,58.385560,-0.738633,-0.140833,0.193926,-0.630064,-1.643557,0.281438,-0.882476,-0.288473,-0.195939,0.146588,-2.350089,-27.642136,81.507549
72909.0,2025-12-17T11:06:22.089594,58.388686,-0.739774,-0.146136,0.191833,-0.628156,-2.001250,0.202646,-1.419577,-0.183505,-0.230228,0.021244,-1.606663,-27.866858,81.069043
72948.0,2025-12-17T11:06:22.147946,58.447038,-0.742093,-0.148688,0.188070,-0.625955,-1.411336,-0.508992,-1.112526,-0.180502,-0.250404,-0.066611,-0.955843,-27.727960,80.531197
72975.0,2025-12-17T11:06:22.147946,58.447038,-0.743494,-0.148102,0.183430,-0.625808,-1.322556,-0.629890,-1.051847,-0.162721,-0.208207,-0.045895,-0.603204,-27.266220,80.321727
73001.0,2025-12-17T11:06:22.205375,58.504467,-0.746200,-0.150644,0.177333,-0.623734,-0.904406,-0.197290,-0.791450,-0.125930,-0.089477,-0.073499,0.231483,-26.909050,79.727768
73036.0,2025-12-17T11:06:22.205375,58.504467,-0.748772,-0.150330,0.168743,-0.623111,-0.688649,-0.449239,-0.335757,-0.061873,-0.006006,-0.024157,0.946548,-26.106676,79.313522
73080.0,2025-12-17T11:06:22.266154,58.565246,-0.751347,-0.153309,0.156990,-0.622357,-0.544916,0.141379,0.252589,0.036953,0.045127,-0.079572,2.215999,-25.260447,78.774815
73114.0,2025-12-17T11:06:22.324531,58.623623,-0.750860,-0.164444,0.155786,-0.620401,0.050654,0.114254,0.954436,0.158377,0.074010,-0.030243,3.421327,-25.975756,78.341386
73142.0,2025-12-17T11:06:22.324531,58.623623,-0.748540,-0.171655,0.158829,-0.620481,0.190742,-0.067943,0.938057,0.240840,0.108029,0.022738,3.846518,-26.794840,78.395635
73177.0,2025-12-17T11:06:22.384615,58.683707,-0.746640,-0.169347,0.145911,-0.626547,0.440315,0.216554,0.730723,0.268406,0.120443,0.102505,4.449775,-25.473506,78.997450
73211.0,2025-12-17T11:06:22.384615,58.683707,-0.743379,-0.177923,0.146861,-0.627824,0.121830,0.158042,0.416558,0.346084,0.107554,0.136632,5.123916,-26.215906,79.171974
73234.0,2025-12-17T11:06:22.447153,58.746246,-0.740712,-0.188115,0.145082,-0.628419,0.060460,0.117749,0.238368,0.383844,0.099218,0.110796,6.197489,-26.830835,79.142878
73263.0,2025-12-17T11:06:22.447905,58.746997,-0.738786,-0.187440,0.134977,-0.633122,0.389358,0.287252,0.306110,0.315414,0.082999,0.040386,6.769822,-25.898742,79.633284
73287.0,2025-12-17T11:06:22.504302,58.803395,-0.737364,-0.195587,0.136688,-0.631946,-0.144761,0.532308,-0.289664,0.132949,0.048750,-0.009926,7.437628,-26.665312,79.430370
73326.0,2025-12-17T11:06:22.508698,58.807791,-0.735055,-0.195587,0.144680,-0.632856,0.295763,0.318850,0.119258,0.011556,0.111553,0.017003,6.754043,-27.403404,79.806107
73366.0,2025-12-17T11:06:22.566778,58.865870,-0.733316,-0.185454,0.139296,-0.639102,0.797894,0.801614,0.179411,-0.054303,0.164049,-0.001765,6.009442,-26.189720,80.746711
73397.0,2025-12-17T11:06:22.684855,58.983947,-0.729297,-0.188135,0.145488,-0.641532,0.396142,0.142997,0.813074,0.256876,0.094212,0.084371,5.650095,-26.974687,81.317297
73427.0,2025-12-17T11:06:22.684855,58.983947,-0.726263,-0.186354,0.152093,-0.643958,0.457461,0.249629,0.029054,0.108841,0.092040,0.101757,4.835173,-27.446972,81.943702
73464.0,2025-12-17T11:06:22.684855,58.983947,-0.724870,-0.180732,0.142631,-0.649274,0.368732,0.480507,0.107820,-0.064236,0.089003,0.115150,4.910123,-26.197475,82.559119
73499.0,2025-12-17T11:06:22.684855,58.983947,-0.722131,-0.179581,0.154452,-0.649940,0.097510,0.523769,-0.431982,-0.249391,0.058609,0.115643,3.775916,-27.161658,83.063854
73532.0,2025-12-17T11:06:22.747065,59.046157,-0.720663,-0.182770,0.160818,-0.649136,-0.134280,0.161845,-0.067714,-0.280512,0.049350,0.120208,3.547542,-27.974347,83.137825
73559.0,2025-12-17T11:06:22.747664,59.046757,-0.720068,-0.186308,0.163806,-0.648043,-0.201993,0.120171,-0.136633,-0.348683,0.050211,0.153159,3.654094,-28.514041,83.044041
73587.0,2025-12-17T11:06:22.806513,59.105605,-0.720816,-0.184672,0.158878,-0.648905,-0.390852,0.649049,0.232141,-0.370633,0.064443,0.141366,3.897084,-27.950788,83.019221
73616.0,2025-12-17T11:06:22.806513,59.105605,-0.720880,-0.188610,0.161037,-0.647167,-0.650201,0.610540,0.646623,-0.307060,0.042954,0.071175,4.141039,-28.444120,82.781598
73645.0,2025-12-17T11:06:22.865698,59.164790,-0.720961,-0.192947,0.164690,-0.644875,-0.361356,0.659066,1.214241,-0.263802,0.051873,0.006658,4.319141,-29.099249,82.501671
73679.0,2025-12-17T11:06:22.865698,59.164790,-0.722200,-0.191134,0.159112,-0.645429,-0.004157,0.642336,1.178815,-0.329591,0.046645,0.031710,4.611557,-28.460248,82.404135
73704.0,2025-12-17T11:06:22.924750,59.223842,-0.720519,-0.183555,0.171093,-0.646442,-0.000682,0.033733,0.360293,-0.449546,0.053026,0.108581,2.836422,-28.938183,83.064160
73730.0,2025-12-17T11:06:22.924750,59.223842,-0.722509,-0.181600,0.170735,-0.644865,-0.754043,0.126097,-0.255891,-0.663287,0.090900,0.125360,2.759656,-28.746190,82.792765
73749.0,2025-12-17T11:06:22.930130,59.229222,-0.725051,-0.178058,0.170820,-0.642974,-1.283325,0.139345,-0.733301,-0.794472,0.102091,0.094940,2.512547,-28.468844,82.495657
73778.0,2025-12-17T11:06:22.984401,59.283494,-0.727170,-0.173857,0.169869,-0.641983,-1.437832,0.392042,-0.702683,-0.784300,0.100569,0.081650,2.256130,-28.052112,82.315707
73798.0,2025-12-17T11:06:22.984401,59.283494,-0.729466,-0.172548,0.171065,-0.639409,-1.917876,0.761142,-1.056714,-0.707000,0.108504,0.056672,2.141259,-28.049156,81.937107
73818.0,2025-12-17T11:06:22.984401,59.283494,-0.731326,-0.172570,0.171463,-0.637168,-2.264922,1.094117,-1.053749,-0.593432,0.127472,0.010667,2.202553,-28.079935,81.577168
73850.0,2025-12-17T11:06:23.047300,59.346392,-0.732728,-0.175217,0.170753,-0.635021,-1.854741,1.159392,-0.458245,-0.328941,0.119880,-0.011970,2.595845,-28.213889,81.175461
73876.0,2025-12-17T11:06:23.047300,59.346392,-0.732869,-0.179574,0.165888,-0.634932,-1.371196,1.272790,-0.183210,-0.087215,0.076435,0.022884,3.415812,-28.111116,80.953601
73893.0,2025-12-17T11:06:23.105626,59.404718,-0.732673,-0.185800,0.164730,-0.633667,-1.431736,1.243678,-0.346822,-0.033305,0.055167,0.053287,4.142389,-28.480288,80.659387
73935.0,2025-12-17T11:06:23.107670,59.406762,-0.732870,-0.193878,0.159709,-0.632303,-1.684112,0.685473,-0.906760,-0.031680,0.031471,0.085917,5.374373,-28.637772,80.200947
73978.0,2025-12-17T11:06:23.165414,59.464506,-0.733677,-0.198512,0.153655,-0.631428,-1.882797,0.667685,-1.479764,-0.144077,-0.014471,0.087532,6.348969,-28.434780,79.822705
74000.0,2025-12-17T11:06:23.224536,59.523628,-0.735087,-0.202632,0.150046,-0.629344,-1.966234,0.381668,-2.078197,-0.242407,-0.042623,0.063555,7.120887,-28.401341,79.332800
74035.0,2025-12-17T11:06:23.224536,59.523628,-0.736794,-0.203907,0.149178,-0.627138,-1.723776,0.368757,-1.930877,-0.471188,-0.049679,0.088891,7.404459,-28.397282,78.931069
74062.0,2025-12-17T11:06:23.284245,59.583338,-0.738252,-0.203889,0.151585,-0.624849,-1.594411,0.584572,-1.461822,-0.683709,-0.058060,0.108163,7.302690,-28.594997,78.625049
74088.0,2025-12-17T11:06:23.284245,59.583338,-0.739500,-0.203530,0.155188,-0.622602,-1.658557,1.058259,-0.734326,-0.744082,-0.049860,0.092581,7.070245,-28.878866,78.366903
74112.0,2025-12-17T11:06:23.289174,59.588266,-0.740320,-0.207132,0.156408,-0.620128,-2.102126,1.236296,-0.198256,-0.376398,-0.050350,0.035324,7.421041,-29.240806,77.963922
74130.0,2025-12-17T11:06:23.347814,59.646907,-0.740671,-0.213853,0.154192,-0.617979,-2.164027,1.038205,0.040763,-0.004392,-0.073197,-0.016530,8.339804,-29.519758,77.479071
74172.0,2025-12-17T11:06:23.347814,59.646907,-0.741031,-0.223482,0.145891,-0.616153,-1.381916,0.817571,0.246922,0.257204,-0.055992,-0.063784,10.014464,-29.446976,76.847881
74192.0,2025-12-17T11:06:23.406995,59.706087,-0.741006,-0.235338,0.139316,-0.613284,-0.634306,0.311990,0.597794,0.324987,-0.033690,-0.096720,11.814983,-29.678109,76.084259
74225.0,2025-12-17T11:06:23.406995,59.706087,-0.741330,-0.246559,0.133206,-0.609832,-0.223029,0.122317,0.606086,0.298397,-0.040930,-0.145463,13.546779,-29.882178,75.252121
74255.0,2025-12-17T11:06:23.467134,59.766227,-0.743825,-0.250992,0.122184,-0.607287,0.058840,-0.125674,0.377200,0.267152,-0.039510,-0.156335,14.923802,-29.118342,74.562457
74291.0,2025-12-17T11:06:23.467134,59.766227,-0.744527,-0.249933,0.111055,-0.609000,0.377218,0.433708,0.314162,0.286980,0.058492,-0.165515,15.566371,-28.020284,74.657573
74314.0,2025-12-17T11:06:23.524482,59.823574,-0.742740,-0.253085,0.115647,-0.609025,0.693140,0.366122,0.622398,0.274771,0.063344,-0.144827,15.544661,-28.689401,74.703395
74344.0,2025-12-17T11:06:23.524482,59.823574,-0.741087,-0.253871,0.120430,-0.609784,0.952422,0.250898,1.003044,0.253436,0.064104,-0.125281,15.239121,-29.216494,74.902877
74372.0,2025-12-17T11:06:23.587422,59.886514,-0.740993,-0.250734,0.109742,-0.613204,0.358116,0.512806,0.044689,0.233470,0.046754,-0.108193,15.576351,-28.043254,75.306002
74408.0,2025-12-17T11:06:23.596710,59.895802,-0.739777,-0.256294,0.114708,-0.611462,-0.034012,0.059196,-0.364376,0.033147,0.024897,-0.116156,15.836033,-28.890968,75.046926
74440.0,2025-12-17T11:06:23.645076,59.944168,-0.741316,-0.246699,0.117227,-0.613064,0.097048,-0.070793,-0.068807,-0.055910,-0.003582,-0.068447,14.626046,-28.443300,75.455322
74481.0,2025-12-17T11:06:23.709263,60.008355,-0.740840,-0.236530,0.116449,-0.617777,0.433993,0.332044,-0.035238,-0.045539,0.016590,-0.027121,13.492307,-27.696372,76.308025
74517.0,2025-12-17T11:06:23.709263,60.008355,-0.737674,-0.242845,0.122581,-0.617930,0.164605,0.413052,0.076734,0.112389,0.062203,0.008462,13.642422,-28.748958,76.392201
74551.0,2025-12-17T11:06:23.767169,60.066261,-0.734503,-0.247970,0.128819,-0.618403,0.490765,0.371965,0.836948,0.194382,0.037606,-0.022554,13.651389,-29.730881,76.550793
74585.0,2025-12-17T11:06:23.767169,60.066261,-0.731686,-0.245753,0.121433,-0.624096,0.499301,0.351352,0.992217,0.318198,-0.049417,-0.008226,13.758400,-28.976314,77.354303
74611.0,2025-12-17T11:06:23.828339,60.127431,-0.727265,-0.255241,0.124941,-0.624761,0.229086,0.000485,0.387817,0.488006,-0.092662,0.031610,14.390620,-30.043703,77.447999
74639.0,2025-12-17T11:06:23.828339,60.127431,-0.725773,-0.254822,0.120538,-0.627527,0.365473,-0.383876,-0.125152,0.590580,-0.083933,0.045633,14.569399,-29.655337,77.819097
74664.0,2025-12-17T11:06:23.884191,60.183283,-0.723085,-0.255606,0.119141,-0.630570,0.641707,-0.264149,0.451902,0.696090,-0.086467,0.047609,14.622177,-29.646930,78.291008
74690.0,2025-12-17T11:06:23.884191,60.183283,-0.718770,-0.259622,0.108565,-0.635752,0.765177,-0.302974,0.360119,0.926033,-0.086695,0.212486,15.612109,-29.089659,78.911393
74709.0,2025-12-17T11:06:23.884191,60.183283,-0.713054,-0.263290,0.103632,-0.641477,0.831802,-0.342019,-0.235511,1.084700,-0.040341,0.250663,16.106729,-29.050496,79.751361
74731.0,2025-12-17T11:06:23.947401,60.246493,-0.708042,-0.267047,0.099747,-0.646075,1.298206,-0.272723,-0.268753,1.176471,0.006572,0.229545,16.575600,-29.098619,80.429567
74755.0,2025-12-17T11:06:23.947401,60.246493,-0.702830,-0.271235,0.094955,-0.650726,1.424335,-0.360532,-0.368990,1.270258,0.006140,0.239379,17.153776,-29.109109,81.106062
74780.0,2025-12-17T11:06:24.004893,60.303986,-0.695979,-0.275999,0.085251,-0.657396,2.151234,-0.360555,-0.115951,1.255381,-0.046335,0.208427,18.086845,-28.786537,82.056033
74800.0,2025-12-17T11:06:24.004893,60.303986,-0.690037,-0.280732,0.081688,-0.662092,2.919144,-0.698270,0.404491,1.084799,-0.123665,0.209883,18.616172,-28.978124,82.781477
74824.0,2025-12-17T11:06:24.004893,60.303986,-0.685806,-0.283405,0.080854,-0.665443,3.064067,-0.790364,0.340369,0.855895,-0.207695,0.216834,18.788936,-29.214465,83.335273
74846.0,2025-12-17T11:06:24.124679,60.423771,-0.681481,-0.279628,0.087306,-0.670648,3.922081,-1.504008,1.652514,0.010539,-0.274348,0.538282,17.678151,-29.607662,84.375105
74871.0,2025-12-17T11:06:24.129447,60.428539,-0.678648,-0.271159,0.091240,-0.676450,0.325514,-0.888409,-2.438576,-0.323288,-0.013021,0.635638,16.303368,-29.386000,85.512085
74897.0,2025-12-17T11:06:24.129447,60.428539,-0.675539,-0.263655,0.087399,-0.683004,0.759899,-0.052257,-1.790849,-0.032103,0.195520,0.430385,15.644570,-28.570373,86.622901
74975.0,2025-12-17T11:06:24.184618,60.483710,-0.665624,-0.256966,0.087166,-0.695209,3.054211,1.289441,2.729441,0.380349,0.126332,-0.067885,14.522287,-28.250683,88.817900
75001.0,2025-12-17T11:06:24.247520,60.546613,-0.665509,-0.258397,0.083323,-0.695260,3.341887,1.415684,2.884317,0.320927,0.141605,-0.100334,14.976221,-28.047986,88.744249
75020.0,2025-12-17T11:06:24.247520,60.546613,-0.665387,-0.257880,0.086490,-0.695182,2.806415,1.318599,2.364216,0.218461,0.122243,-0.235921,14.662191,-28.271193,88.797457
75050.0,2025-12-17T11:06:24.247520,60.546613,-0.668934,-0.256103,0.090130,-0.691965,2.895230,1.158031,1.964556,0.068594,0.097585,-0.591104,14.336607,-28.360017,88.298913
75076.0,2025-12-17T11:06:24.247520,60.546613,-0.673609,-0.251438,0.088928,-0.689291,2.656291,1.028107,1.189452,-0.036374,0.087124,-0.877370,14.143858,-27.802965,87.801010
75100.0,2025-12-17T11:06:24.305142,60.604234,-0.683188,-0.247337,0.093301,-0.680715,2.603497,0.942493,-0.211428,-0.210192,0.065815,-1.152936,13.777286,-27.659541,86.385092
75124.0,2025-12-17T11:06:24.305142,60.604234,-0.693950,-0.241595,0.095470,-0.671528,3.582434,-0.063415,1.144789,-0.244771,0.088053,-1.346631,13.463187,-27.192339,84.848205
75144.0,2025-12-17T11:06:24.365763,60.664855,-0.705149,-0.235179,0.096363,-0.661945,2.309144,0.678123,-1.987042,-0.212028,0.321881,-1.397645,13.190696,-26.567463,83.252533
75168.0,2025-12-17T11:06:24.365763,60.664855,-0.712275,-0.229052,0.095388,-0.656583,1.731175,0.837569,-1.689737,-0.082577,0.605286,-1.075566,12.912799,-25.891473,82.360182
75194.0,2025-12-17T11:06:24.427110,60.726203,-0.716131,-0.219976,0.090289,-0.656213,3.055097,0.534054,-1.011938,-0.008551,0.543196,-0.648054,12.496412,-24.709606,82.252397
75218.0,2025-12-17T11:06:24.427110,60.726203,-0.714612,-0.215106,0.093722,-0.658995,3.287626,0.126036,0.544951,0.129205,0.153916,0.061744,11.676731,-24.674133,82.800438
75238.0,2025-12-17T11:06:24.430973,60.730065,-0.710232,-0.212979,0.097682,-0.663829,2.220291,0.760810,-0.037138,0.261114,0.153926,0.335701,10.987819,-24.930373,83.695564
75268.0,2025-12-17T11:06:24.484521,60.783613,-0.705664,-0.211160,0.101292,-0.668723,2.385615,0.787157,0.472311,0.336934,0.170172,0.224657,10.346580,-25.174140,84.604423
75304.0,2025-12-17T11:06:24.546736,60.845829,-0.700260,-0.205396,0.100987,-0.676203,2.561902,0.944172,0.432502,0.152125,0.082729,0.290524,9.579437,-24.784870,85.887934
75326.0,2025-12-17T11:06:24.549298,60.848390,-0.695344,-0.204504,0.107647,-0.680504,1.687338,1.064201,-0.733248,0.197722,0.050991,0.267731,8.776293,-25.342986,86.787159
75356.0,2025-12-17T11:06:24.549298,60.848390,-0.690465,-0.204743,0.113540,-0.684432,1.582317,1.086400,-0.978001,0.272946,0.028857,0.244699,8.137480,-25.916203,87.621793
75390.0,2025-12-17T11:06:24.606548,60.905640,-0.683848,-0.199451,0.114426,-0.692443,1.932034,1.108566,-0.497464,0.085432,-0.056865,0.334348,7.285197,-25.640130,89.055710
75414.0,2025-12-17T11:06:24.606548,60.905640,-0.677798,-0.198605,0.125323,-0.696735,1.114264,1.114596,-0.801696,-0.050227,-0.106445,0.417952,6.069063,-26.528154,90.146692
75440.0,2025-12-17T11:06:24.667053,60.966145,-0.672229,-0.197728,0.135954,-0.700377,0.663295,0.891523,-0.805178,-0.115628,-0.104012,0.418935,4.870521,-27.371169,91.162925
75467.0,2025-12-17T11:06:24.667053,60.966145,-0.666736,-0.195969,0.147027,-0.703876,0.508988,0.622490,-0.515106,-0.149108,-0.091710,0.397015,3.533785,-28.159817,92.217821
75497.0,2025-12-17T11:06:24.667053,60.966145,-0.658975,-0.193918,0.143513,-0.712427,0.227159,0.804659,-0.619082,-0.013031,-0.061082,0.403670,3.309110,-27.739261,93.646773
75517.0,2025-12-17T11:06:24.724631,61.023723,-0.652870,-0.195189,0.151916,-0.715950,0.584303,0.562816,0.339196,0.108596,-0.096960,0.385639,2.436069,-28.545350,94.657234
75551.0,2025-12-17T11:06:24.729537,61.028629,-0.646912,-0.196051,0.160549,-0.719230,0.647392,0.359479,0.849897,0.110647,-0.136612,0.355419,1.492699,-29.323114,95.669815
75572.0,2025-12-17T11:06:24.784495,61.083587,-0.641022,-0.197272,0.168901,-0.722252,0.539131,0.284472,0.751404,0.137872,-0.138949,0.325345,0.591587,-30.099144,96.660732
75607.0,2025-12-17T11:06:24.784495,61.083587,-0.636305,-0.199979,0.161186,-0.727422,0.340211,0.449188,0.571642,0.212392,-0.162060,0.301067,1.319558,-29.740046,97.294637
75630.0,2025-12-17T11:06:24.845879,61.144971,-0.630535,-0.204741,0.167738,-0.729638,0.416239,0.420702,0.532427,0.285064,-0.159458,0.270336,0.893899,-30.683967,98.089215
75663.0,2025-12-17T11:06:24.845879,61.144971,-0.624502,-0.209573,0.175513,-0.731622,0.284293,0.307727,0.222359,0.233256,-0.161545,0.236896,0.332649,-31.727051,98.938265
75696.0,2025-12-17T11:06:24.905067,61.204159,-0.619554,-0.210481,0.169206,-0.737035,0.585948,0.537277,0.870892,0.108109,-0.162161,0.240761,0.763852,-31.327416,99.684742
75722.0,2025-12-17T11:06:24.905067,61.204159,-0.616247,-0.208618,0.179252,-0.737961,0.415859,0.495965,-0.302469,-0.115508,-0.036121,0.117249,-0.502422,-31.926502,100.415441
75756.0,2025-12-17T11:06:24.967175,61.266267,-0.613300,-0.198961,0.183645,-0.741992,0.344048,-0.271946,-0.556184,-0.060180,-0.127168,0.161881,-1.911509,-31.366743,101.385309
75796.0,2025-12-17T11:06:24.967175,61.266267,-0.609677,-0.200509,0.174823,-0.746677,0.510461,-0.026575,0.416080,0.048268,-0.115503,0.203256,-1.106574,-30.837363,101.840555
75830.0,2025-12-17T11:06:25.026574,61.325666,-0.605634,-0.212784,0.169329,-0.747835,0.235382,-0.094515,0.130339,0.296021,-0.091744,0.296154,0.301173,-31.557730,101.910334
75847.0,2025-12-17T11:06:25.026574,61.325666,-0.599712,-0.217274,0.173797,-0.750288,0.012143,0.012970,-0.189226,0.358608,-0.046457,0.284565,-0.013050,-32.309480,102.732482
75874.0,2025-12-17T11:06:25.084229,61.383322,-0.595781,-0.212139,0.175613,-0.754455,0.513776,-0.188740,-0.081536,0.196419,-0.072490,0.253231,-0.824376,-31.961702,103.640874
75918.0,2025-12-17T11:06:25.148604,61.447697,-0.591906,-0.210766,0.169240,-0.759331,0.292943,0.068259,0.089451,0.044043,-0.111540,0.193333,-0.503913,-31.361122,104.267911
75944.0,2025-12-17T11:06:25.148604,61.447697,-0.588061,-0.204914,0.176690,-0.762218,0.208187,-0.149160,0.997276,0.011376,-0.082870,0.145488,-1.902122,-31.344798,105.232419
75976.0,2025-12-17T11:06:25.148604,61.447697,-0.587489,-0.198432,0.173445,-0.765113,0.232072,-0.465131,0.843438,-0.007513,-0.086446,0.119018,-2.145296,-30.493461,105.547353
76012.0,2025-12-17T11:06:25.204351,61.503443,-0.585468,-0.202237,0.165360,-0.767453,-0.042566,0.904830,0.013493,-0.031402,-0.048351,0.091399,-1.128237,-30.267696,105.627205
76046.0,2025-12-17T11:06:25.265842,61.564934,-0.584002,-0.194867,0.165101,-0.770526,0.287081,-0.247185,0.679739,0.089852,-0.105848,0.059536,-1.766923,-29.547130,106.147095
76079.0,2025-12-17T11:06:25.265842,61.564934,-0.583113,-0.196029,0.153859,-0.773226,0.059467,-0.086043,0.015653,0.310162,-0.104420,0.133753,-0.609829,-28.854300,106.114805
76111.0,2025-12-17T11:06:25.328902,61.627994,-0.579206,-0.201777,0.140313,-0.777251,-0.015254,-0.020444,-0.925715,0.465280,-0.122215,0.183908,1.018113,-28.437687,106.355188
76138.0,2025-12-17T11:06:25.328902,61.627994,-0.574782,-0.201806,0.142885,-0.780054,0.633090,0.173219,0.175708,0.470180,-0.083069,0.160299,0.592196,-28.626251,107.079683
76162.0,2025-12-17T11:06:25.384488,61.683580,-0.569776,-0.200917,0.145368,-0.783490,0.864992,0.065140,0.722089,0.449545,-0.106467,0.230276,0.076195,-28.717243,107.929099
76189.0,2025-12-17T11:06:25.384488,61.683580,-0.565758,-0.202986,0.137956,-0.787199,0.926054,0.260195,1.837780,0.217315,-0.154947,0.242516,0.813197,-28.403664,108.384793
76214.0,2025-12-17T11:06:25.384488,61.683580,-0.562140,-0.198257,0.145448,-0.789644,1.327353,-0.126782,1.877376,-0.064471,-0.156387,0.217921,-0.443655,-28.465515,109.219111
76247.0,2025-12-17T11:06:25.446228,61.745321,-0.557182,-0.190924,0.155553,-0.793032,0.786020,-0.287531,1.959210,-0.220701,-0.167917,0.330436,-2.213124,-28.434976,110.377272
76272.0,2025-12-17T11:06:25.448977,61.748070,-0.552218,-0.182945,0.163696,-0.796737,0.763646,-0.423642,1.914633,-0.246475,-0.164245,0.395243,-3.824644,-28.184403,111.508760
76298.0,2025-12-17T11:06:25.505566,61.804658,-0.549770,-0.182316,0.160561,-0.799208,0.141879,-0.438791,1.542471,-0.258947,-0.097952,0.313815,-3.644760,-27.901935,111.858020
76318.0,2025-12-17T11:06:25.564869,61.863962,-0.549080,-0.178670,0.157208,-0.801170,0.083541,-0.530973,2.039941,-0.238610,-0.043441,0.268869,-3.593847,-27.318105,112.024246
76348.0,2025-12-17T11:06:25.564869,61.863962,-0.548377,-0.182983,0.153059,-0.801481,-0.167761,-0.161829,0.989497,-0.118830,0.013069,0.229625,-2.885098,-27.463516,111.944927
76383.0,2025-12-17T11:06:25.684726,61.983819,-0.548426,-0.189092,0.147001,-0.801164,-0.658400,-0.078016,0.447645,-0.011514,0.062590,0.134862,-1.820469,-27.660136,111.662084
76420.0,2025-12-17T11:06:25.684726,61.983819,-0.547937,-0.191203,0.136742,-0.802813,-0.529884,0.401365,-0.547240,0.010435,0.077732,0.067476,-0.645524,-27.184201,111.527296
76453.0,2025-12-17T11:06:25.688317,61.987410,-0.548158,-0.199340,0.137099,-0.800619,-0.368647,0.216935,-0.607396,-0.087411,0.049408,0.024284,-0.064138,-28.001430,111.219629
76495.0,2025-12-17T11:06:25.689303,61.988395,-0.548304,-0.199670,0.127171,-0.802073,-0.209635,0.457424,-0.277435,-0.068870,0.037072,-0.037135,0.965189,-27.371443,111.051261
76526.0,2025-12-17T11:06:25.747288,62.046381,-0.547419,-0.208574,0.132307,-0.799577,-0.233832,0.497846,-0.395589,0.029841,-0.038096,-0.049164,1.094557,-28.580771,110.927322
76567.0,2025-12-17T11:06:25.747288,62.046381,-0.550074,-0.216910,0.124782,-0.796742,0.037120,-0.160004,1.239930,0.002234,-0.060635,-0.061806,2.604804,-28.876390,110.086481
76592.0,2025-12-17T11:06:25.804485,62.103577,-0.552110,-0.216710,0.113586,-0.797063,0.031405,-0.224649,2.658151,0.041276,0.074817,-0.180522,3.784290,-28.091836,109.633767
76625.0,2025-12-17T11:06:25.866564,62.165656,-0.552355,-0.220559,0.116480,-0.795419,0.402966,-0.113965,2.346637,0.127921,0.118303,-0.192959,3.812867,-28.655963,109.472024
76644.0,2025-12-17T11:06:25.866564,62.165656,-0.555437,-0.220971,0.110541,-0.794004,0.118241,-0.504165,3.355028,0.256832,0.201313,-0.305481,4.554354,-28.274793,108.903660
76671.0,2025-12-17T11:06:25.866564,62.165656,-0.557846,-0.217067,0.104263,-0.794241,0.637154,-0.053770,1.772822,0.625721,0.274805,-0.440589,4.949692,-27.460258,108.624272
76686.0,2025-12-17T11:06:26.166725,62.465817,-0.559303,-0.218056,0.099148,-0.793600,0.839213,0.551360,-0.024924,0.862543,0.299307,-0.503807,5.584135,-27.194107,108.298548
76719.0,2025-12-17T11:06:26.167834,62.466926,-0.559328,-0.218416,0.092388,-0.794299,1.584603,1.194409,0.157071,1.000153,0.241915,-0.559271,6.273388,-26.764611,108.201424
76738.0,2025-12-17T11:06:26.169004,62.468096,-0.560759,-0.223664,0.088379,-0.792283,1.789054,1.924215,-2.325115,0.884772,0.059417,-0.527546,7.141602,-26.970381,107.705338
76762.0,2025-12-17T11:06:26.169004,62.468096,-0.561791,-0.227237,0.087257,-0.790658,2.039025,1.865576,-1.882722,0.741013,-0.051619,-0.500996,7.582237,-27.217768,107.371542
76832.0,2025-12-17T11:06:26.227848,62.526940,-0.562289,-0.221385,0.096899,-0.790842,1.750711,1.170857,-2.387876,-0.201046,-0.092740,-0.157891,6.184236,-27.331076,107.669310
77026.0,2025-12-17T11:06:26.229128,62.528221,-0.567189,-0.226705,0.105660,-0.784689,1.567222,2.090482,1.372652,0.049625,0.059290,-0.555563,5.960868,-28.401309,106.769967
77045.0,2025-12-17T11:06:26.229128,62.528221,-0.571450,-0.227095,0.112424,-0.780534,1.934174,2.196569,1.246330,-0.093914,-0.020419,-0.582855,5.507983,-28.881482,106.162811
77077.0,2025-12-17T11:06:26.284568,62.583660,-0.575418,-0.226709,0.121312,-0.776390,2.120879,2.081443,0.135146,-0.217672,-0.128924,-0.538650,4.778022,-29.448338,105.655985
77105.0,2025-12-17T11:06:26.284568,62.583660,-0.575859,-0.224166,0.126291,-0.776007,2.198015,1.699305,-1.148777,-0.305561,-0.305911,-0.457905,4.098740,-29.561657,105.761435
77129.0,2025-12-17T11:06:26.345274,62.644367,-0.579405,-0.222818,0.138858,-0.771596,1.648894,0.689081,-0.204849,-0.409250,-0.423663,-0.476497,2.916226,-30.315537,105.402704
77153.0,2025-12-17T11:06:26.349007,62.648099,-0.583535,-0.220097,0.149207,-0.767321,1.520672,0.069535,-1.429297,-0.447311,-0.503028,-0.540351,1.860496,-30.790858,104.982807
77173.0,2025-12-17T11:06:26.349007,62.648099,-0.587406,-0.217761,0.159595,-0.762931,2.258185,-0.232916,-2.073428,-0.422039,-0.594080,-0.513525,0.825549,-31.316649,104.580803
77199.0,2025-12-17T11:06:26.408492,62.707584,-0.589645,-0.215848,0.163771,-0.760860,3.216235,-1.240617,0.354413,-0.345326,-0.590710,-0.468801,0.358195,-31.439140,104.349879
77223.0,2025-12-17T11:06:26.408492,62.707584,-0.591540,-0.213650,0.174453,-0.757628,3.160719,0.104973,-1.969898,-0.308781,-0.515471,-0.355043,-0.782155,-32.013999,104.260458
77248.0,2025-12-17T11:06:26.464236,62.763329,-0.589692,-0.218089,0.185787,-0.755105,3.117581,0.880144,-3.999031,-0.477833,-0.933200,0.111300,-1.601337,-33.262363,104.502964
77267.0,2025-12-17T11:06:26.469867,62.768959,-0.588570,-0.222077,0.191880,-0.753292,2.454154,-4.011985,3.451331,-0.183461,-0.620035,0.024275,-1.914499,-34.086782,104.583812
77300.0,2025-12-17T11:06:26.528253,62.827345,-0.590980,-0.221658,0.189024,-0.752250,2.984226,-3.044225,0.585139,0.045578,-0.324639,-0.380584,-1.545151,-33.841887,104.162579
77325.0,2025-12-17T11:06:26.528253,62.827345,-0.593624,-0.217988,0.189948,-0.751007,4.039799,-3.229824,1.080843,0.031595,-0.261076,-0.320155,-1.822417,-33.568677,103.901430
77344.0,2025-12-17T11:06:26.528253,62.827345,-0.594715,-0.214571,0.189914,-0.751136,4.131128,-4.160772,2.610263,0.044805,-0.226880,-0.173062,-2.061526,-33.245867,103.874388
77377.0,2025-12-17T11:06:26.824596,63.123688,-0.596201,-0.210450,0.186776,-0.751911,2.675086,-3.876747,1.395485,0.117508,-0.049866,-0.154370,-2.037102,-32.628561,103.773549
77403.0,2025-12-17T11:06:26.887258,63.186350,-0.595276,-0.208913,0.184436,-0.753647,4.025566,-2.357854,-2.368968,0.222458,-0.299480,-0.137200,-1.985129,-32.308336,103.967424
77423.0,2025-12-17T11:06:26.890286,63.189378,-0.594074,-0.208791,0.185089,-0.754469,4.584407,-3.943709,0.599886,0.254875,-0.464703,-0.064924,-2.117170,-32.341605,104.179726
77456.0,2025-12-17T11:06:26.890286,63.189378,-0.593435,-0.206829,0.184522,-0.755651,4.131908,-3.459259,0.295185,0.239323,-0.279209,-0.072077,-2.259295,-32.112580,104.363135
77566.0,2025-12-17T11:06:26.890286,63.189378,-0.579195,-0.170482,0.192189,-0.773649,0.123687,-0.498682,-2.305468,-0.653154,0.001191,0.395390,-6.564709,-29.105302,108.064995
77706.0,2025-12-17T11:06:26.947325,63.246418,-0.571978,-0.171613,0.142033,-0.789440,1.720112,-1.490597,0.881567,0.371439,-0.055441,-0.089203,-1.776330,-25.685846,108.555582
77748.0,2025-12-17T11:06:27.004449,63.303541,-0.570546,-0.165391,0.140972,-0.791991,2.308809,-1.036943,0.635529,0.272627,-0.085872,-0.024736,-2.186313,-25.013876,108.947545
77782.0,2025-12-17T11:06:27.004449,63.303541,-0.570348,-0.160151,0.139885,-0.793402,2.236582,-1.294720,1.172850,0.217895,-0.093175,-0.075730,-2.473187,-24.437178,109.113659
77815.0,2025-12-17T11:06:27.004449,63.303541,-0.569601,-0.156226,0.132893,-0.795919,3.037976,-1.462407,1.970645,0.144229,-0.055148,-0.061689,-2.099216,-23.583068,109.259310
77841.0,2025-12-17T11:06:27.010129,63.309221,-0.567880,-0.150812,0.133853,-0.798030,3.331435,-0.890195,2.008793,0.225645,-0.028157,0.032198,-2.639414,-23.124492,109.668543
77869.0,2025-12-17T11:06:27.066010,63.365102,-0.565762,-0.145262,0.132454,-0.800792,2.903634,-0.871794,2.037408,0.350696,0.048863,0.060193,-2.963591,-22.490134,110.106699
77897.0,2025-12-17T11:06:27.066010,63.365102,-0.562444,-0.141237,0.131171,-0.804054,2.916615,-0.060500,-0.768316,0.481811,0.060870,0.126056,-3.218922,-22.004319,110.679642
77928.0,2025-12-17T11:06:27.127795,63.426888,-0.557491,-0.137266,0.126531,-0.808920,2.636125,0.357416,-1.747302,0.453546,-0.001023,0.233863,-3.178201,-21.294047,111.450034
77947.0,2025-12-17T11:06:27.127795,63.426888,-0.553361,-0.133041,0.127919,-0.812237,1.428911,0.165886,-0.076514,0.358219,0.030375,0.205105,-3.718406,-20.958551,112.156365
77978.0,2025-12-17T11:06:27.185649,63.484742,-0.549511,-0.126306,0.134569,-0.814847,1.206297,0.241369,-0.421578,-0.010977,-0.004239,0.208190,-4.936856,-20.715924,112.913513
78014.0,2025-12-17T11:06:27.185649,63.484742,-0.545938,-0.119083,0.134180,-0.818393,0.485789,0.309574,-0.288836,-0.487686,-0.095163,0.175972,-5.470242,-19.963552,113.550161
78038.0,2025-12-17T11:06:27.248224,63.547317,-0.547027,-0.117682,0.133910,-0.817912,-0.086262,-0.352084,2.140215,-0.602295,-0.033924,0.105231,-5.508102,-19.816719,113.412933
78063.0,2025-12-17T11:06:27.248904,63.547996,-0.548897,-0.115595,0.132935,-0.817116,-0.183731,-0.296618,0.678231,-0.541315,-0.086323,-0.003495,-5.502090,-19.563074,113.166902
78082.0,2025-12-17T11:06:27.307887,63.606980,-0.549252,-0.113647,0.136849,-0.816504,0.929744,-1.197600,3.956997,-0.347306,-0.083192,-0.000726,-6.011017,-19.628218,113.184302
78115.0,2025-12-17T11:06:27.307887,63.606980,-0.549235,-0.112774,0.137500,-0.816527,0.837960,-1.575320,4.958406,-0.119658,0.009250,0.019033,-6.133605,-19.585086,113.206355
78135.0,2025-12-17T11:06:27.307887,63.606980,-0.549685,-0.105672,0.130519,-0.818318,0.791796,-0.949374,2.437372,0.243219,0.112134,-0.044351,-5.895679,-18.447539,113.177659
78168.0,2025-12-17T11:06:27.365899,63.664991,-0.548441,-0.100579,0.124881,-0.820671,1.487796,-0.482387,1.777585,0.566593,0.102678,-0.022598,-5.698120,-17.581609,113.373635
78194.0,2025-12-17T11:06:27.374297,63.673389,-0.546726,-0.097921,0.122802,-0.822449,0.991521,0.306582,-0.189531,0.615209,0.180889,0.021227,-5.702151,-17.178413,113.633683
78217.0,2025-12-17T11:06:27.424389,63.723481,-0.543488,-0.095710,0.112463,-0.826325,1.155426,0.896246,-0.994976,0.474415,0.135060,0.016944,-4.890259,-16.285261,114.032866
78239.0,2025-12-17T11:06:27.428292,63.727384,-0.541706,-0.092532,0.114512,-0.827575,1.441682,0.775643,-0.460853,0.328477,0.142558,0.047612,-5.331977,-16.094191,114.339229
78270.0,2025-12-17T11:06:27.484452,63.783544,-0.539781,-0.088456,0.122042,-0.828201,0.816442,0.759909,-0.359296,0.039382,0.111410,0.049145,-6.375403,-16.156999,114.717142
78316.0,2025-12-17T11:06:27.484452,63.783544,-0.534766,-0.078161,0.126789,-0.831770,1.319110,0.997258,-1.573693,-0.069517,0.058884,0.138324,-7.589065,-15.404344,115.551858
78346.0,2025-12-17T11:06:27.547472,63.846565,-0.531125,-0.073282,0.136733,-0.832971,0.563854,0.652365,-2.220073,-0.002153,-0.000423,0.130403,-8.952027,-15.505353,116.175806
78374.0,2025-12-17T11:06:27.547472,63.846565,-0.528296,-0.069678,0.145996,-0.833507,0.455061,0.434088,-0.319558,-0.113070,-0.009912,0.140046,-10.155807,-15.688842,116.667889
78408.0,2025-12-17T11:06:27.606393,63.905486,-0.523599,-0.064564,0.141521,-0.837644,0.613629,0.056816,2.150897,-0.253324,-0.043592,0.173777,-10.098251,-14.854399,117.301927
78436.0,2025-12-17T11:06:27.606393,63.905486,-0.521265,-0.063779,0.150954,-0.837513,0.014488,-0.401059,2.853077,-0.221117,0.108305,0.166991,-11.141148,-15.319777,117.707037
78461.0,2025-12-17T11:06:27.664869,63.963961,-0.520814,-0.068570,0.152511,-0.837133,-0.153397,-0.003273,1.413962,-0.142245,0.134153,0.132580,-11.023951,-15.882485,117.767672
78495.0,2025-12-17T11:06:27.664869,63.963961,-0.518326,-0.072083,0.159971,-0.836990,-0.166234,0.934159,-1.606776,-0.020460,0.102285,0.151248,-11.625319,-16.648574,118.169007
78531.0,2025-12-17T11:06:27.727326,64.026418,-0.515999,-0.077907,0.150343,-0.839686,-0.520649,0.820949,-1.161659,0.097077,0.051959,0.154127,-10.345410,-16.617971,118.372296
78564.0,2025-12-17T11:06:27.784612,64.083704,-0.514608,-0.087227,0.153296,-0.839089,-0.242119,0.354719,0.386104,0.064208,0.024559,0.106004,-10.125914,-17.707438,118.540244
78600.0,2025-12-17T11:06:27.788622,64.087714,-0.512152,-0.088520,0.163682,-0.838494,-0.002999,0.261313,-0.166424,-0.093751,0.044217,0.102311,-11.172111,-18.427623,118.984710
78638.0,2025-12-17T11:06:27.844417,64.143509,-0.510816,-0.087083,0.160286,-0.840114,-0.381288,0.400319,-2.704657,-0.420123,0.005063,0.082880,-10.935279,-18.063638,119.141456
78663.0,2025-12-17T11:06:27.844417,64.143509,-0.509407,-0.083269,0.174092,-0.838608,-0.119616,0.232445,-1.401568,-0.545405,-0.013645,0.066438,-12.616379,-18.483239,119.508306
78683.0,2025-12-17T11:06:27.907747,64.206839,-0.509264,-0.085373,0.183935,-0.836379,-0.423254,0.469724,-1.194998,-0.624615,-0.006495,0.084029,-13.522997,-19.277963,119.633409
78716.0,2025-12-17T11:06:27.907747,64.206839,-0.509298,-0.085239,0.183696,-0.836425,-0.847231,0.196935,-0.180617,-0.577159,-0.056145,0.046724,-13.504931,-19.250797,119.626369
78735.0,2025-12-17T11:06:27.964089,64.263182,-0.510125,-0.089696,0.179473,-0.836371,-0.699334,-0.550792,1.542503,-0.163894,-0.072889,0.075274,-12.787947,-19.459751,119.441375
78769.0,2025-12-17T11:06:27.964089,64.263182,-0.510856,-0.096573,0.170797,-0.836975,-0.145043,-0.214743,1.006712,0.162267,-0.048520,0.053119,-11.467115,-19.643321,119.195194
78804.0,2025-12-17T11:06:28.027322,64.326414,-0.509535,-0.094432,0.158027,-0.840526,0.226866,-0.913302,2.612220,0.296861,-0.010468,0.119734,-10.300344,-18.650019,119.246506
78833.0,2025-12-17T11:06:28.027322,64.326414,-0.508456,-0.096132,0.147105,-0.842965,0.083483,-0.708903,1.258005,0.265586,0.058217,0.076474,-9.098126,-18.159601,119.262241
78866.0,2025-12-17T11:06:28.084424,64.383517,-0.508372,-0.090478,0.139046,-0.845007,0.003193,-0.158367,0.384699,-0.030950,0.015573,0.076428,-8.605092,-17.114595,119.233437
78908.0,2025-12-17T11:06:28.084424,64.383517,-0.507286,-0.095644,0.129482,-0.846609,-0.502120,0.466232,0.084456,-0.060039,0.005817,0.053069,-7.343958,-17.056559,119.242908
78947.0,2025-12-17T11:06:28.148343,64.447435,-0.504383,-0.101832,0.136864,-0.846461,0.051073,0.657980,-0.561186,0.168886,0.001065,0.080899,-7.797959,-18.086841,119.663943
78982.0,2025-12-17T11:06:28.206671,64.505763,-0.502511,-0.111436,0.138852,-0.846041,0.071225,0.312513,-0.248036,0.408042,-0.008632,0.013239,-7.478703,-19.154006,119.846689
79011.0,2025-12-17T11:06:28.208685,64.507778,-0.500020,-0.114122,0.127367,-0.848961,0.623974,0.658487,0.599599,0.336334,0.014693,0.007731,-6.191173,-18.731995,120.027773
79043.0,2025-12-17T11:06:28.265244,64.564337,-0.497913,-0.111149,0.135306,-0.849365,0.477974,0.459361,-0.027686,-0.006140,0.029784,0.057633,-7.234907,-18.877896,120.445170
79080.0,2025-12-17T11:06:28.265244,64.564337,-0.496331,-0.104967,0.150844,-0.848459,0.303699,0.306837,0.188602,-0.230134,0.027791,-0.001823,-9.244811,-19.138786,120.908355
79117.0,2025-12-17T11:06:28.327754,64.626846,-0.496014,-0.104881,0.144519,-0.849755,-0.275708,0.466822,-1.149850,-0.268390,0.022663,-0.003037,-8.598506,-18.760560,120.877650
79151.0,2025-12-17T11:06:28.329194,64.628287,-0.496565,-0.114786,0.148814,-0.847409,-0.227270,0.267140,-0.222896,-0.029091,-0.054416,-0.038125,-8.459123,-20.019121,120.756698
79188.0,2025-12-17T11:06:28.384587,64.683679,-0.496035,-0.107345,0.143184,-0.849662,0.059683,0.001276,0.715833,0.155129,-0.054743,-0.000894,-8.316924,-18.933029,120.836165
79224.0,2025-12-17T11:06:28.447452,64.746544,-0.494450,-0.110656,0.131294,-0.852078,0.138598,0.132462,0.816449,0.152181,-0.057148,-0.023650,-6.926391,-18.566928,120.881420
79262.0,2025-12-17T11:06:28.447452,64.746544,-0.493682,-0.111382,0.141153,-0.850851,0.401330,0.389986,0.884244,0.009349,-0.063909,-0.071048,-7.926277,-19.202521,121.096470
79281.0,2025-12-17T11:06:28.505818,64.804910,-0.493182,-0.114002,0.151059,-0.849091,0.148157,0.721684,-0.555243,-0.040286,-0.037555,-0.066140,-8.821578,-20.035070,121.262155
79330.0,2025-12-17T11:06:28.505818,64.804910,-0.491289,-0.119148,0.141255,-0.851167,0.240774,0.670349,0.137493,0.016581,-0.134605,-0.062316,-7.544128,-19.975861,121.343826
79366.0,2025-12-17T11:06:28.566507,64.865599,-0.488659,-0.112806,0.150206,-0.852012,0.349932,-0.113102,0.966521,-0.078324,-0.146217,0.052892,-8.909757,-19.817416,121.887819
79402.0,2025-12-17T11:06:28.628402,64.927494,-0.487032,-0.104943,0.150736,-0.853854,0.797732,-0.699946,1.369366,-0.025509,-0.137260,0.055236,-9.448587,-19.028465,122.186847
79431.0,2025-12-17T11:06:28.628402,64.927494,-0.485003,-0.102121,0.142721,-0.856723,0.921867,-0.738506,1.365491,0.043424,-0.092182,0.053624,-8.812806,-18.265387,122.389803
79465.0,2025-12-17T11:06:28.684207,64.983300,-0.482568,-0.109081,0.148863,-0.856194,0.109391,-0.061665,1.303032,0.112579,0.001813,0.094310,-9.122143,-19.296790,122.741044
79501.0,2025-12-17T11:06:28.684207,64.983300,-0.480666,-0.120684,0.147566,-0.855932,-0.213972,0.214422,-0.708640,0.160945,-0.020141,0.141171,-8.379564,-20.392819,122.875243
79537.0,2025-12-17T11:06:28.747703,65.046795,-0.476469,-0.122548,0.139142,-0.859417,0.055615,0.495858,-1.719897,-0.025368,-0.135845,0.132767,-7.486766,-20.073994,123.318099
79563.0,2025-12-17T11:06:28.747703,65.046795,-0.473993,-0.114927,0.148066,-0.860348,0.576183,-0.087726,-0.271532,-0.256890,-0.182522,0.100227,-8.914071,-19.762272,123.852199
79596.0,2025-12-17T11:06:28.867019,65.166112,-0.472893,-0.104896,0.152926,-0.861384,0.403767,-0.599671,0.339894,-0.463727,-0.125234,0.105116,-10.002809,-18.986520,124.143929
79619.0,2025-12-17T11:06:28.867019,65.166112,-0.472119,-0.104681,0.152932,-0.861834,-0.057082,-0.700626,-0.507463,-0.539953,-0.103486,0.091150,-10.032611,-18.955821,124.250613
79648.0,2025-12-17T11:06:28.867019,65.166112,-0.472006,-0.099165,0.152399,-0.862642,0.081881,-0.803480,0.773317,-0.398314,-0.095466,0.094706,-10.276474,-18.358040,124.293167
79675.0,2025-12-17T11:06:28.867019,65.166112,-0.471893,-0.095302,0.148831,-0.863761,-0.060547,-0.711749,1.387954,-0.273525,-0.047973,0.113975,-10.109731,-17.764282,124.286303
79707.0,2025-12-17T11:06:28.928555,65.227647,-0.472290,-0.095392,0.144749,-0.864228,-0.487047,-0.689047,0.259264,-0.280457,-0.081430,0.096857,-9.666086,-17.554198,124.183783
79735.0,2025-12-17T11:06:28.930358,65.229451,-0.471456,-0.094313,0.140878,-0.865441,-0.416304,-1.047212,1.138462,-0.298752,-0.119661,0.079090,-9.333847,-17.222314,124.257083
79762.0,2025-12-17T11:06:29.044582,65.343674,-0.472244,-0.092078,0.138197,-0.865684,-0.411942,-1.154146,1.057681,-0.377378,-0.099351,0.056091,-9.156964,-16.854700,124.133214
79790.0,2025-12-17T11:06:29.044582,65.343674,-0.473328,-0.090472,0.137237,-0.865414,-0.470244,-0.783251,0.135442,-0.504821,-0.131395,0.043830,-9.121827,-16.649039,123.985606
79817.0,2025-12-17T11:06:29.044582,65.343674,-0.473159,-0.091081,0.137961,-0.865328,-0.355218,-0.771135,0.863384,-0.591177,-0.165546,0.058826,-9.168070,-16.749304,124.013097
79840.0,2025-12-17T11:06:29.105117,65.404209,-0.474147,-0.090112,0.139491,-0.864642,-0.735525,-0.965518,0.196578,-0.690390,-0.187779,0.055714,-9.361556,-16.744740,123.902356
79884.0,2025-12-17T11:06:29.345541,65.644634,-0.476572,-0.086774,0.146021,-0.862570,-1.027238,-1.347309,-0.091116,-0.906533,-0.222500,0.051223,-10.179564,-16.790665,123.664755
79906.0,2025-12-17T11:06:29.345541,65.644634,-0.476519,-0.084096,0.150023,-0.862178,-1.205194,-1.922544,0.635164,-0.917527,-0.220892,0.161637,-10.745364,-16.737568,123.727142
79932.0,2025-12-17T11:06:29.345541,65.644634,-0.474164,-0.084572,0.152291,-0.863032,-1.921690,-1.419226,-1.779513,-0.688290,-0.168002,0.346746,-11.004650,-16.881880,124.067773
79956.0,2025-12-17T11:06:30.788280,67.087373,-0.470131,-0.086576,0.152046,-0.865080,-2.640283,-1.360005,-3.266450,-0.416049,-0.196264,0.502100,-10.951732,-17.022891,124.599754
80051.0,2025-12-17T11:06:30.788280,67.087373,-0.463301,-0.092254,0.132123,-0.871427,-1.963788,-1.192828,-2.448249,0.174258,-0.091613,-0.007234,-8.683098,-16.451855,125.262271
80216.0,2025-12-17T11:06:30.790307,67.089399,-0.474878,-0.116268,0.109018,-0.865498,-0.700215,0.185360,2.429074,-0.179081,0.057594,-0.124906,-4.714789,-17.746138,123.231418
80236.0,2025-12-17T11:06:30.790307,67.089399,-0.477089,-0.123351,0.112052,-0.862910,-1.807196,1.459385,-2.815350,-0.321853,-0.130515,-0.169913,-4.581573,-18.650831,122.877740
80288.0,2025-12-17T11:06:30.846663,67.145755,-0.481728,-0.133015,0.118856,-0.857974,-0.959776,-2.605505,-1.255357,-0.505062,-0.392737,-0.090455,-4.627903,-20.045016,122.192390
81653.0,2025-12-17T11:06:30.846663,67.145755,-0.487766,-0.145677,0.079977,-0.857010,0.336396,-2.145414,0.556661,-0.126504,-0.152798,-0.022879,0.305038,-19.130079,120.655947
81673.0,2025-12-17T11:06:31.084275,67.383367,-0.488993,-0.142229,0.076126,-0.857241,0.335343,-1.992545,1.178644,-0.112006,-0.140858,-0.013569,0.518651,-18.560074,120.512089
81709.0,2025-12-17T11:06:31.144360,67.443452,-0.490540,-0.139492,0.069784,-0.857346,-0.051872,-1.739914,0.550812,-0.069161,-0.127522,-0.013970,1.035398,-17.917604,120.283803
81744.0,2025-12-17T11:06:31.148347,67.447439,-0.491668,-0.137559,0.061187,-0.857669,-0.110606,-1.339639,0.294219,-0.018696,-0.083603,-0.007949,1.818486,-17.225222,120.076695
81783.0,2025-12-17T11:06:31.148347,67.447439,-0.492574,-0.134173,0.049535,-0.858437,-0.020137,-0.738834,-0.032408,0.085351,-0.049033,0.025985,2.813532,-16.209936,119.904583
81848.0,2025-12-17T11:06:31.148347,67.447439,-0.493441,-0.134526,0.032074,-0.858714,0.407637,-0.273773,0.171972,0.174472,-0.048013,-0.031314,4.617547,-15.229788,119.616590
81987.0,2025-12-17T11:06:31.266270,67.565363,-0.495821,-0.130922,0.007373,-0.858468,0.189626,-0.473349,-0.341318,-0.135179,-0.063249,0.044615,6.918597,-13.420487,119.166556
82016.0,2025-12-17T11:06:31.325603,67.624695,-0.495646,-0.121882,0.010758,-0.859863,0.350600,-0.146247,0.738349,-0.061917,-0.077124,0.044498,6.021182,-12.724826,119.407595
82054.0,2025-12-17T11:06:31.684147,67.983239,-0.495580,-0.121071,0.010618,-0.860017,0.306279,-0.152860,1.040954,-0.060417,-0.064804,0.024318,5.984713,-12.636864,119.431888
82090.0,2025-12-17T11:06:31.684147,67.983239,-0.495780,-0.118500,0.015433,-0.860187,0.476988,0.072295,1.443160,-0.210417,-0.034774,0.008210,5.348587,-12.660098,119.491180
82118.0,2025-12-17T11:06:31.684147,67.983239,-0.496147,-0.115074,0.018554,-0.860379,0.271816,-0.211772,1.702115,-0.225300,-0.019527,0.012011,4.833310,-12.499210,119.529722
82179.0,2025-12-17T11:06:31.684147,67.983239,-0.494271,-0.115065,0.018348,-0.861464,-0.135877,-0.658874,0.502736,-0.039046,-0.065499,0.111479,4.825822,-12.496894,119.780577
82303.0,2025-12-17T11:06:31.806270,68.105362,-0.487429,-0.117267,0.017038,-0.865085,-0.268834,-1.229758,-0.842652,-0.197581,-0.384716,0.225353,4.988766,-12.679776,120.647525
82555.0,2025-12-17T11:06:31.808289,68.107381,-0.484393,-0.146204,-0.015381,-0.862410,1.125860,-0.543618,1.495566,-0.143346,-0.006443,0.062696,9.968847,-13.725729,120.153653
82583.0,2025-12-17T11:06:31.808289,68.107381,-0.485193,-0.136473,-0.018858,-0.863485,0.642335,-1.187627,0.044582,-0.122075,0.072677,0.049858,9.732081,-12.555516,120.263485
82618.0,2025-12-17T11:06:31.808289,68.107381,-0.485566,-0.125173,-0.024017,-0.864859,0.489324,-0.909489,0.239273,-0.078522,0.133114,0.069876,9.568974,-11.139028,120.441614
82657.0,2025-12-17T11:06:31.864335,68.163428,-0.484247,-0.131671,-0.020449,-0.864725,0.539483,-0.206855,1.165223,-0.089561,0.151065,0.078366,9.585948,-12.000084,120.492448
82675.0,2025-12-17T11:06:31.864335,68.163428,-0.485527,-0.120387,-0.023916,-0.865562,0.376298,-0.580667,0.779344,-0.149510,0.124309,0.010292,9.270118,-10.671702,120.552815
82718.0,2025-12-17T11:06:31.927991,68.227083,-0.487570,-0.109020,-0.029733,-0.865740,0.335774,-0.957368,0.309236,-0.137806,0.148860,-0.039829,9.197951,-9.193668,120.483997
82754.0,2025-12-17T11:06:31.928479,68.227571,-0.488661,-0.114994,-0.026290,-0.864462,0.224750,-0.276500,-0.221242,-0.120814,0.173963,-0.059661,9.222013,-9.969383,120.236915
82789.0,2025-12-17T11:06:31.988911,68.288004,-0.489786,-0.112266,-0.034337,-0.863902,-0.586301,-0.339831,-3.584105,-0.247576,0.159318,0.003991,9.876116,-9.226504,120.099297
82815.0,2025-12-17T11:06:31.988911,68.288004,-0.490137,-0.113392,-0.039022,-0.863357,-0.780977,-0.353977,-3.797948,-0.202128,0.120159,0.005352,10.415933,-9.064325,120.004063
82833.0,2025-12-17T11:06:32.044340,68.343432,-0.489579,-0.120263,-0.042544,-0.862577,-0.074954,-0.015907,-1.236308,0.112363,0.053681,-0.008659,11.176707,-9.544598,119.907424
82876.0,2025-12-17T11:06:32.044340,68.343432,-0.488879,-0.130453,-0.052522,-0.860942,0.318223,-0.042392,-1.131862,0.306781,-0.017256,-0.032187,12.787555,-9.978027,119.699613
82900.0,2025-12-17T11:06:32.106616,68.405709,-0.489150,-0.124399,-0.051234,-0.861761,-0.080577,-0.021938,-1.314323,0.195478,-0.016005,-0.009404,12.292065,-9.455511,119.819642
82927.0,2025-12-17T11:06:32.109221,68.408313,-0.489583,-0.116442,-0.053633,-0.862481,0.425141,-0.143982,0.553014,0.167866,0.003204,0.015098,12.054461,-8.530905,119.935243
82969.0,2025-12-17T11:06:32.166451,68.465544,-0.486960,-0.125170,-0.052574,-0.862809,0.611608,-0.064048,0.198784,0.422778,0.080610,0.089502,12.449293,-9.485152,120.083304
82994.0,2025-12-17T11:06:32.166451,68.465544,-0.484267,-0.123462,-0.053375,-0.864519,0.653454,0.337818,-0.067354,0.581865,0.088372,0.135171,12.397481,-9.309935,120.475247
83012.0,2025-12-17T11:06:32.228250,68.527342,-0.480987,-0.125213,-0.053943,-0.866062,0.702521,0.734190,0.198405,0.690837,0.090821,0.164793,12.524639,-9.496754,120.862351
83045.0,2025-12-17T11:06:32.228250,68.527342,-0.477723,-0.127805,-0.054549,-0.867451,0.531245,0.556823,-0.461721,0.716872,0.106219,0.181376,12.705123,-9.765167,121.225260
83067.0,2025-12-17T11:06:32.284667,68.583759,-0.473506,-0.128013,-0.055396,-0.869676,0.784326,0.646829,-1.097087,0.660133,0.095766,0.200106,12.756278,-9.799454,121.768609
83092.0,2025-12-17T11:06:32.284667,68.583759,-0.470508,-0.128487,-0.055296,-0.871238,1.006956,0.842182,-0.501506,0.613668,0.050284,0.192049,12.740823,-9.895424,122.150378
83111.0,2025-12-17T11:06:32.290084,68.589177,-0.467736,-0.129059,-0.055207,-0.872651,1.510821,1.019403,0.070195,0.615560,-0.016448,0.152333,12.734307,-9.997337,122.499462
83134.0,2025-12-17T11:06:32.347527,68.646619,-0.465722,-0.129035,-0.054674,-0.873764,1.494434,0.838789,0.093365,0.550684,-0.049590,0.111617,12.656024,-10.053478,122.766457
83168.0,2025-12-17T11:06:32.347527,68.646619,-0.463295,-0.137785,-0.058906,-0.873443,1.716565,0.821131,0.242298,0.353272,-0.069493,0.042830,13.572270,-10.726026,122.834876
83189.0,2025-12-17T11:06:32.408088,68.707180,-0.463009,-0.135504,-0.054198,-0.874256,1.810215,0.861365,0.367628,0.216051,-0.095396,-0.011140,12.955230,-10.762717,122.962718
83223.0,2025-12-17T11:06:32.409153,68.708245,-0.463337,-0.131005,-0.047650,-0.875149,1.757378,0.623465,0.470278,0.053561,-0.084874,-0.025227,12.028792,-10.669405,123.075784
83265.0,2025-12-17T11:06:32.465856,68.764949,-0.463122,-0.127367,-0.036900,-0.876319,1.774737,0.812357,2.203355,-0.059433,-0.066873,-0.019471,10.719336,-10.897320,123.262949
83285.0,2025-12-17T11:06:32.465856,68.764949,-0.463049,-0.122411,-0.027416,-0.877410,1.352804,0.777819,0.084700,-0.132067,-0.040095,0.001942,9.465339,-10.918907,123.448002
83321.0,2025-12-17T11:06:32.528827,68.827920,-0.462888,-0.114960,-0.017035,-0.878765,1.315387,0.564803,1.463397,-0.147665,0.005544,0.010358,7.978200,-10.735447,123.693260
83357.0,2025-12-17T11:06:32.528827,68.827920,-0.462079,-0.120370,-0.021463,-0.878370,1.168116,0.574385,0.330695,-0.145818,0.011089,-0.023838,8.728838,-11.047503,123.659692
83390.0,2025-12-17T11:06:32.584645,68.883737,-0.463232,-0.111341,-0.011033,-0.879146,0.892708,0.212539,-0.026378,-0.241930,-0.013387,-0.053671,7.164536,-10.693046,123.758044
83425.0,2025-12-17T11:06:32.644193,68.943285,-0.464308,-0.108057,0.001524,-0.879056,0.402629,0.406953,-0.885499,-0.147056,-0.086659,-0.099122,5.710596,-11.034007,123.762892
83462.0,2025-12-17T11:06:32.648301,68.947393,-0.465320,-0.116211,-0.006136,-0.877459,0.442240,-0.038560,-0.963883,0.003845,-0.119469,-0.117198,6.968677,-11.433535,123.427213
83497.0,2025-12-17T11:06:32.765106,69.064198,-0.466378,-0.111595,-0.000090,-0.877518,0.064812,0.032032,-1.820183,0.129339,-0.129862,-0.100268,6.102381,-11.289704,123.417332
83532.0,2025-12-17T11:06:32.765106,69.064198,-0.466352,-0.107438,0.002613,-0.878047,0.433956,-0.051543,-0.311812,0.164979,-0.204676,-0.013480,5.590322,-11.017416,123.512662
83558.0,2025-12-17T11:06:32.765106,69.064198,-0.466261,-0.102418,0.003705,-0.878691,0.677752,-0.142678,0.016946,0.106208,-0.234682,0.010593,5.194271,-10.570367,123.615549
83588.0,2025-12-17T11:06:32.765106,69.064198,-0.466482,-0.095976,0.008202,-0.879270,0.720736,-0.243995,0.786772,-0.070122,-0.211008,0.005223,4.376863,-10.161848,123.715793
83620.0,2025-12-17T11:06:32.826568,69.125660,-0.466711,-0.087026,0.017100,-0.879951,0.491012,-0.162935,1.257377,-0.309353,-0.146699,0.014861,2.974184,-9.736606,123.865183
83654.0,2025-12-17T11:06:32.826568,69.125660,-0.466851,-0.089431,0.019457,-0.879587,0.444180,-0.759094,0.955900,-0.604459,-0.080331,0.045894,2.868866,-10.107234,123.830923
83679.0,2025-12-17T11:06:32.886416,69.185508,-0.467097,-0.080082,0.022479,-0.880285,0.171730,-0.780983,1.878639,-0.727646,-0.005280,0.101469,2.046336,-9.322454,123.930433
83698.0,2025-12-17T11:06:32.946315,69.245407,-0.466706,-0.071816,0.024020,-0.881165,-0.104744,-0.342746,2.213126,-0.805098,0.089674,0.166042,1.431484,-8.567992,124.077234
83718.0,2025-12-17T11:06:32.946315,69.245407,-0.465998,-0.064709,0.025182,-0.882057,-0.289976,-0.704262,0.904329,-0.856027,0.163274,0.201673,0.918901,-7.910397,124.240775
83736.0,2025-12-17T11:06:32.946315,69.245407,-0.465061,-0.058801,0.026616,-0.882923,-0.840737,-1.039793,0.306559,-0.950912,0.247063,0.228753,0.444411,-7.388046,124.417195
83763.0,2025-12-17T11:06:32.946315,69.245407,-0.463800,-0.055826,0.030502,-0.883653,-0.982890,-0.928331,0.166497,-1.021162,0.292368,0.242481,-0.122582,-7.293674,124.620855
83783.0,2025-12-17T11:06:33.008741,69.307833,-0.462772,-0.049867,0.032400,-0.884481,-1.501691,-1.105465,-1.099184,-0.945365,0.295862,0.203758,-0.643954,-6.788299,124.799908
83803.0,2025-12-17T11:06:33.008741,69.307833,-0.462059,-0.047849,0.032957,-0.884944,-1.947099,-0.906759,-2.281714,-0.730039,0.226758,0.165741,-0.814034,-6.611947,124.905859
83822.0,2025-12-17T11:06:33.065063,69.364156,-0.461518,-0.048358,0.032513,-0.885215,-2.176150,-0.890683,-2.445529,-0.518186,0.084707,0.127038,-0.745628,-6.639704,124.971499
83846.0,2025-12-17T11:06:33.068943,69.368035,-0.461257,-0.050220,0.030816,-0.885308,-2.105374,-1.032204,-1.986034,-0.360475,-0.008017,0.082610,-0.475085,-6.739147,124.987797
83872.0,2025-12-17T11:06:33.069694,69.368786,-0.461571,-0.055019,0.029415,-0.884907,-2.095539,-1.171138,-1.565215,-0.219404,-0.056107,0.019719,-0.073308,-7.153445,124.911077
83897.0,2025-12-17T11:06:33.069694,69.368786,-0.462013,-0.059060,0.025640,-0.884533,-2.165237,-1.128057,-1.080289,-0.189328,-0.070754,0.005107,0.532297,-7.364023,124.807386
83920.0,2025-12-17T11:06:33.125973,69.425065,-0.461796,-0.065129,0.022414,-0.884308,-1.971934,-0.547474,-0.384338,-0.098917,-0.111672,0.049387,1.186269,-7.810113,124.770832
83955.0,2025-12-17T11:06:33.184319,69.483411,-0.461706,-0.076183,0.015997,-0.883611,-1.381962,-1.228895,0.622814,0.142659,-0.093818,0.051199,2.439007,-8.592448,124.640658
83987.0,2025-12-17T11:06:33.184319,69.483411,-0.461201,-0.082115,0.001893,-0.883486,-0.854219,-1.145310,2.263135,0.345454,-0.053873,0.045627,4.197296,-8.443924,124.558682
84013.0,2025-12-17T11:06:33.184319,69.483411,-0.459920,-0.088985,-0.011328,-0.883418,-0.687958,-0.567956,1.439305,0.526728,-0.008240,0.088999,5.910950,-8.441578,124.559157
84039.0,2025-12-17T11:06:33.244954,69.544047,-0.457992,-0.094280,-0.025624,-0.883571,-0.248479,-0.361190,0.916126,0.637084,0.033737,0.143484,7.643575,-8.229336,124.650153
84065.0,2025-12-17T11:06:33.244954,69.544047,-0.456140,-0.099288,-0.039547,-0.883467,0.531237,-1.180380,1.413581,0.690726,0.045881,0.175519,9.325129,-8.010728,124.730415
84085.0,2025-12-17T11:06:33.308642,69.607734,-0.454170,-0.094501,-0.048677,-0.884551,0.936336,-0.909815,-0.069762,0.524636,0.084793,0.176897,9.977889,-7.063373,125.026408
84113.0,2025-12-17T11:06:33.308642,69.607734,-0.452693,-0.087644,-0.050520,-0.885910,0.708923,-0.196398,-0.425955,0.235302,0.099307,0.153059,9.781199,-6.289308,125.327989
84142.0,2025-12-17T11:06:33.367722,69.666814,-0.452272,-0.075778,-0.046097,-0.887459,0.036102,-0.154561,-1.059392,-0.328206,0.075942,0.111848,8.685775,-5.324876,125.586220
84162.0,2025-12-17T11:06:33.368235,69.667328,-0.452763,-0.079319,-0.036755,-0.887335,-0.596909,-0.120874,-1.220199,-0.650312,0.039829,0.050003,7.923571,-6.170205,125.506378
84195.0,2025-12-17T11:06:33.369060,69.668153,-0.453039,-0.082740,-0.032211,-0.887058,-0.763716,0.000470,-0.692729,-0.617472,0.006568,-0.003623,7.645153,-6.753928,125.439555
84218.0,2025-12-17T11:06:33.425576,69.724669,-0.453687,-0.085136,-0.033379,-0.886457,-0.778464,-0.391769,0.152409,-0.400159,-0.031181,-0.020488,7.899243,-6.929670,125.314412
84246.0,2025-12-17T11:06:33.484535,69.783627,-0.454406,-0.090229,-0.036815,-0.885448,-0.835111,-0.286205,1.162326,-0.169098,-0.040661,-0.046312,8.533385,-7.257483,125.124618
84279.0,2025-12-17T11:06:33.484535,69.783627,-0.454284,-0.099533,-0.044512,-0.884159,0.071892,-0.550417,2.292808,0.109035,0.007953,-0.009695,9.829639,-7.791203,124.940486
84313.0,2025-12-17T11:06:33.545346,69.844439,-0.455782,-0.092552,-0.053248,-0.883664,0.173305,-0.154685,1.527741,0.079251,0.074261,-0.047483,10.350298,-6.605429,124.832943
84349.0,2025-12-17T11:06:33.545346,69.844439,-0.456430,-0.100539,-0.048462,-0.882732,-0.076939,0.356383,0.160616,0.114616,0.047622,-0.128229,10.307548,-7.657904,124.624437
84386.0,2025-12-17T11:06:33.784558,70.083650,-0.461712,-0.112417,-0.048698,-0.878529,0.149448,0.015167,1.153968,0.011293,-0.094159,-0.331244,11.047186,-8.774986,123.701284
84414.0,2025-12-17T11:06:33.784558,70.083650,-0.468366,-0.107308,-0.055894,-0.875211,0.111667,0.066568,0.710241,0.177257,-0.081148,-0.468198,11.548785,-7.786191,122.904872
84439.0,2025-12-17T11:06:33.784558,70.083650,-0.474354,-0.102175,-0.059384,-0.872366,0.127907,0.056753,0.474520,0.279457,-0.084166,-0.504325,11.656924,-7.003511,122.213400
84517.0,2025-12-17T11:06:33.784558,70.083650,-0.490725,-0.094281,-0.052512,-0.864606,0.193450,-0.022551,-0.964762,-0.368754,0.004805,-0.427062,10.631160,-6.401440,120.247852
84566.0,2025-12-17T11:06:33.847248,70.146340,-0.499990,-0.095734,-0.050054,-0.859267,-0.220235,-0.287419,-1.063665,-0.478395,-0.176837,-0.352671,10.541889,-6.573069,119.004460
84645.0,2025-12-17T11:06:33.847248,70.146340,-0.511981,-0.127308,-0.042041,-0.848470,0.294815,0.204255,0.552141,0.271962,-0.203045,-0.436551,11.817027,-9.961498,116.751548
84680.0,2025-12-17T11:06:33.904587,70.203679,-0.517648,-0.134759,-0.039883,-0.843973,0.669488,-0.295772,-0.374967,0.389547,-0.191939,-0.505831,12.152640,-10.729675,115.809028
84706.0,2025-12-17T11:06:33.908343,70.207435,-0.524128,-0.130433,-0.044920,-0.840392,0.876402,-0.365852,1.262083,0.361007,-0.134166,-0.498070,12.441558,-9.912427,115.015635
84726.0,2025-12-17T11:06:33.909472,70.208565,-0.529233,-0.124986,-0.050623,-0.837692,0.874257,-0.538148,1.543281,0.303318,-0.020004,-0.416753,12.696744,-8.964211,114.433359
84760.0,2025-12-17T11:06:33.965408,70.264500,-0.533837,-0.127680,-0.047423,-0.834546,0.969242,-0.408972,-0.000302,0.282696,0.032640,-0.270555,12.613692,-9.350729,113.752354
84782.0,2025-12-17T11:06:33.965408,70.264500,-0.535083,-0.125608,-0.044588,-0.834218,0.702000,0.385431,0.466788,0.314607,0.036848,-0.173099,12.216338,-9.314447,113.647314
84818.0,2025-12-17T11:06:34.026819,70.325911,-0.534853,-0.126542,-0.039486,-0.834482,0.338446,0.508037,0.259594,0.212124,0.080956,-0.078797,11.782576,-9.727096,113.679102
84847.0,2025-12-17T11:06:34.028911,70.328003,-0.534921,-0.124409,-0.033863,-0.835006,0.282630,0.253880,-0.944590,0.193189,0.041690,-0.069299,11.098906,-9.877130,113.749153
84878.0,2025-12-17T11:06:34.084693,70.383785,-0.534988,-0.133678,-0.030771,-0.833649,0.037835,0.127290,-1.073587,0.094566,0.035831,-0.054888,11.416619,-10.950247,113.522092
84913.0,2025-12-17T11:06:34.087922,70.387015,-0.536134,-0.125847,-0.026395,-0.834282,0.346377,-0.036775,0.167932,0.008123,-0.041643,-0.053936,10.487022,-10.467715,113.584697
84955.0,2025-12-17T11:06:34.144470,70.443563,-0.537238,-0.114463,-0.022348,-0.835329,0.721616,-0.366416,0.179407,-0.137632,-0.038041,0.001256,9.358577,-9.625984,113.716461
84987.0,2025-12-17T11:06:34.206801,70.505893,-0.540141,-0.110971,-0.016774,-0.834058,0.434917,-0.629491,0.775883,-0.149915,0.003608,0.064677,8.625048,-9.612950,113.418735
85023.0,2025-12-17T11:06:34.206801,70.505893,-0.540783,-0.101717,-0.019158,-0.834770,0.063206,-0.356041,0.169495,-0.219784,-0.045199,0.060869,8.256439,-8.574748,113.507759
85050.0,2025-12-17T11:06:34.268376,70.567468,-0.541597,-0.096891,-0.023830,-0.834696,-0.179548,-0.445821,-0.118347,-0.281886,-0.049748,0.040327,8.400435,-7.812775,113.469885
85086.0,2025-12-17T11:06:34.268376,70.567468,-0.542539,-0.106807,-0.022129,-0.832919,-0.094353,-0.802985,0.548993,-0.159032,-0.225286,0.029899,8.893535,-8.853703,113.151973
85107.0,2025-12-17T11:06:34.325805,70.624897,-0.542704,-0.104132,-0.023891,-0.833102,0.127564,-0.673188,0.052531,-0.118970,-0.362292,0.089630,8.889281,-8.486322,113.176628
85137.0,2025-12-17T11:06:34.388350,70.687442,-0.542304,-0.105965,-0.026985,-0.833036,-0.156941,-0.833973,-0.560790,-0.075503,-0.467489,0.127418,9.302803,-8.469224,113.181694
85165.0,2025-12-17T11:06:34.389951,70.689043,-0.541468,-0.116822,-0.026306,-0.832149,0.366889,-0.962372,0.223982,-0.131762,-0.577226,0.152018,9.944071,-9.551819,113.064101
85190.0,2025-12-17T11:06:34.391186,70.690279,-0.540993,-0.116834,-0.025345,-0.832487,0.226778,-1.812624,0.215928,-0.220755,-0.596670,0.179473,9.846934,-9.619440,113.133658
85209.0,2025-12-17T11:06:34.444379,70.743471,-0.540693,-0.116613,-0.024630,-0.832734,-0.011142,-2.282303,1.003509,-0.305638,-0.540328,0.172053,9.759961,-9.647184,113.183151
85238.0,2025-12-17T11:06:34.444379,70.743471,-0.540324,-0.115946,-0.023990,-0.833085,-0.370513,-2.538950,1.273636,-0.397520,-0.462976,0.187707,9.650019,-9.628681,113.251870
85258.0,2025-12-17T11:06:34.444379,70.743471,-0.539896,-0.115284,-0.024552,-0.833438,-1.041098,-2.980336,1.927370,-0.402446,-0.339437,0.177551,9.655630,-9.535172,113.322980
85287.0,2025-12-17T11:06:34.506454,70.805547,-0.542034,-0.114635,-0.023514,-0.832169,-2.490905,-3.869995,3.374488,-0.120014,-0.018304,-0.198208,9.537170,-9.514688,113.048032
85311.0,2025-12-17T11:06:34.506454,70.805547,-0.550520,-0.111394,-0.031542,-0.826755,-2.698236,-3.858812,4.623754,0.333458,0.509225,-0.898792,10.182903,-8.595748,111.914996
85330.0,2025-12-17T11:06:34.509506,70.808599,-0.564464,-0.102690,-0.043147,-0.817908,-2.905570,-3.612928,6.419044,0.289865,0.999157,-1.476350,10.827352,-6.850100,110.128452
85352.0,2025-12-17T11:06:34.566318,70.865410,-0.580887,-0.089547,-0.053662,-0.807262,-3.204220,-3.628399,5.852064,-0.004400,1.447108,-2.050490,11.029809,-4.716967,108.068459
85378.0,2025-12-17T11:06:34.566318,70.865410,-0.600053,-0.075522,-0.070026,-0.793303,-0.913852,-2.624211,1.533442,-0.147523,1.633803,-2.295951,11.646131,-2.050764,105.583280
85402.0,2025-12-17T11:06:34.625404,70.924496,-0.617219,-0.068609,-0.079477,-0.779755,-0.342818,-0.705254,-10.874010,0.233132,0.693444,-1.781881,12.043065,-0.509237,103.219180
85422.0,2025-12-17T11:06:34.625404,70.924496,-0.629898,-0.063583,-0.083728,-0.769529,0.433951,1.480010,-4.032232,0.034503,0.429702,-1.394714,12.062000,0.436774,101.442081
85446.0,2025-12-17T11:06:34.625404,70.924496,-0.638069,-0.061847,-0.085056,-0.762764,0.865019,2.713913,-6.083940,0.017884,0.135438,-1.046442,12.046254,0.813299,100.259300
85469.0,2025-12-17T11:06:34.684254,70.983346,-0.642368,-0.066596,-0.081731,-0.759110,2.533943,3.010555,-1.128608,0.372475,-0.063259,-0.482736,12.101591,0.223206,99.547028
85494.0,2025-12-17T11:06:34.689317,70.988409,-0.643113,-0.070568,-0.084645,-0.757800,0.947160,1.544389,-4.165405,0.442961,-0.082286,-0.116703,12.653511,0.109930,99.372477
85513.0,2025-12-17T11:06:34.690006,70.989099,-0.641799,-0.075168,-0.076959,-0.759290,1.023073,1.238093,-2.458447,0.196512,-0.278511,0.148572,12.320390,-0.880344,99.491782
85531.0,2025-12-17T11:06:34.744645,71.043737,-0.638926,-0.079689,-0.069399,-0.761976,0.652185,1.169215,-2.042216,0.097553,-0.309012,0.362658,11.987742,-1.877423,99.842395
85566.0,2025-12-17T11:06:34.744645,71.043737,-0.635231,-0.092591,-0.065407,-0.763957,-1.574583,0.747732,-2.644708,0.084733,-0.340347,0.400394,12.588146,-3.346484,100.143667
85587.0,2025-12-17T11:06:34.806045,71.105137,-0.634781,-0.104401,-0.068328,-0.762551,-2.228152,0.319015,-0.568981,0.254044,-0.377779,-0.018348,13.731680,-4.156179,99.948398
85616.0,2025-12-17T11:06:34.808037,71.107129,-0.636422,-0.117316,-0.072471,-0.758915,-0.854747,0.369362,0.139193,0.382885,-0.282290,-0.277007,15.086948,-4.923224,99.381597
85636.0,2025-12-17T11:06:34.808037,71.107129,-0.638533,-0.128167,-0.074613,-0.755170,-0.122679,0.335387,1.047803,0.329148,-0.160093,-0.368560,16.123841,-5.640693,98.768072
85671.0,2025-12-17T11:06:34.868303,71.167395,-0.642814,-0.135630,-0.068250,-0.750824,0.631432,0.107417,0.784898,0.172333,-0.163930,-0.365096,16.184829,-6.656905,97.915890
85697.0,2025-12-17T11:06:34.868303,71.167395,-0.647297,-0.132031,-0.067611,-0.747665,0.484329,-0.295128,0.643437,0.160994,-0.294364,-0.347012,15.883676,-6.309679,97.349544
85726.0,2025-12-17T11:06:34.925976,71.225068,-0.654620,-0.132548,-0.075631,-0.740394,0.145410,-0.132856,1.157890,0.191463,-0.301799,-0.596661,16.671837,-5.581192,96.218563
85751.0,2025-12-17T11:06:34.927989,71.227081,-0.663372,-0.129178,-0.077910,-0.732926,0.192267,0.047560,1.255001,0.177209,-0.306698,-0.888390,16.657691,-4.932893,94.980877
85776.0,2025-12-17T11:06:34.984308,71.283400,-0.673338,-0.129255,-0.069508,-0.724623,1.142410,0.047701,-0.321528,-0.014915,-0.413329,-1.007241,16.022433,-5.377555,93.444614
85796.0,2025-12-17T11:06:34.984308,71.283400,-0.683577,-0.126402,-0.060262,-0.716319,1.777113,0.169031,1.021615,-0.156048,-0.445243,-0.999342,15.094711,-5.664379,91.928586
85820.0,2025-12-17T11:06:35.046537,71.345629,-0.691657,-0.124176,-0.052938,-0.709499,2.189776,0.288001,2.422636,-0.140309,-0.420977,-1.007862,14.371777,-5.910475,90.713243
85848.0,2025-12-17T11:06:35.048553,71.347645,-0.700665,-0.120245,-0.048206,-0.701630,2.283708,-0.561796,0.844814,-0.017340,-0.319016,-0.992302,13.731216,-5.807268,89.379057
85874.0,2025-12-17T11:06:35.048553,71.347645,-0.711131,-0.114335,-0.043969,-0.692305,1.950681,-0.753894,1.077477,-0.008662,-0.216393,-0.982083,12.975069,-5.495884,87.837522
85893.0,2025-12-17T11:06:35.106729,71.405821,-0.721843,-0.105900,-0.039853,-0.682744,1.648253,-0.497079,1.032474,-0.192188,-0.067611,-1.110282,12.010733,-4.995053,86.285143
85912.0,2025-12-17T11:06:35.106729,71.405821,-0.730739,-0.097926,-0.035781,-0.674649,1.994772,-0.504709,0.571617,-0.315190,0.003665,-1.169271,11.069981,-4.579278,84.985002
85937.0,2025-12-17T11:06:35.106729,71.405821,-0.738460,-0.091158,-0.031839,-0.667348,1.788849,-0.779143,-1.811064,-0.328910,-0.086094,-1.161052,10.231456,-4.280793,83.825042
85965.0,2025-12-17T11:06:35.165336,71.464428,-0.748511,-0.086524,-0.025238,-0.656968,1.820551,-0.129589,-0.126471,-0.098432,-0.217843,-1.186169,9.390386,-4.353208,82.189134
85991.0,2025-12-17T11:06:35.165336,71.464428,-0.759743,-0.081526,-0.018909,-0.644815,1.953837,-0.085289,0.202728,-0.020164,-0.245330,-1.202641,8.551487,-4.381975,80.316570
86010.0,2025-12-17T11:06:35.227565,71.526658,-0.769893,-0.076115,-0.013823,-0.633467,1.551903,-0.372066,-0.017888,-0.030189,-0.147037,-1.193719,7.764145,-4.309789,78.602360
86034.0,2025-12-17T11:06:35.227565,71.526658,-0.777591,-0.072193,-0.009121,-0.624545,1.614097,0.002733,-0.217128,-0.078996,-0.075569,-1.228451,7.124427,-4.358086,77.269953
86053.0,2025-12-17T11:06:35.227565,71.526658,-0.786841,-0.067307,-0.003252,-0.613466,1.772547,0.073680,-0.841298,-0.100248,-0.041710,-1.236725,6.329282,-4.442768,75.638297
86079.0,2025-12-17T11:06:35.284929,71.584021,-0.793704,-0.061514,-0.001174,-0.605184,1.761228,-0.403789,-1.573868,-0.075141,-0.072898,-1.175643,5.700648,-4.162783,74.442288
86103.0,2025-12-17T11:06:35.290671,71.589763,-0.802102,-0.057856,0.005713,-0.594350,1.516231,0.040450,-0.836006,-0.032228,-0.121210,-1.105453,4.949929,-4.470072,72.882903
86127.0,2025-12-17T11:06:35.344106,71.643198,-0.808984,-0.056176,0.012166,-0.585014,2.101336,0.383417,-0.336764,0.036300,-0.114237,-1.029880,4.412616,-4.899703,71.555990
86147.0,2025-12-17T11:06:35.344106,71.643198,-0.815095,-0.055578,0.017851,-0.576379,2.133558,0.679041,0.729078,0.118152,-0.014461,-0.910268,4.033017,-5.345885,70.342267
86173.0,2025-12-17T11:06:35.344106,71.643198,-0.818439,-0.052962,0.018514,-0.571848,1.573213,0.891869,-0.034554,0.178971,0.063312,-0.846645,3.772237,-5.214118,69.712639
86197.0,2025-12-17T11:06:35.408004,71.707096,-0.823498,-0.054315,0.025642,-0.564131,1.546269,0.720062,-0.847816,0.144360,-0.100572,-0.752716,3.488726,-5.941594,68.644434
86222.0,2025-12-17T11:06:35.408004,71.707096,-0.827483,-0.054781,0.033487,-0.557808,1.186360,0.483413,-0.308974,0.037839,-0.169289,-0.671600,3.076432,-6.692147,67.788084
86241.0,2025-12-17T11:06:35.408004,71.707096,-0.831400,-0.056362,0.041123,-0.551277,0.744041,0.502789,0.955304,0.007543,-0.077506,-0.646520,2.796880,-7.499757,66.910998
86268.0,2025-12-17T11:06:35.464705,71.763798,-0.834977,-0.060443,0.047215,-0.544914,0.321853,0.596877,-0.188967,-0.000103,-0.054260,-0.643372,2.866430,-8.321061,66.049163
86294.0,2025-12-17T11:06:35.464705,71.763798,-0.836745,-0.061124,0.043524,-0.542427,1.022372,1.373852,0.047751,-0.176317,-0.054650,-0.614577,3.188062,-7.998518,65.684395
86319.0,2025-12-17T11:06:35.526643,71.825736,-0.839815,-0.059236,0.053875,-0.536935,1.119477,1.036201,0.154297,-0.348055,-0.062542,-0.492188,2.415341,-8.864651,64.998259
86343.0,2025-12-17T11:06:35.544511,71.843603,-0.842735,-0.062509,0.059068,-0.531414,-0.100456,1.002917,0.367252,-0.328585,-0.013968,-0.492350,2.474616,-9.554999,64.262726
86363.0,2025-12-17T11:06:35.588601,71.887694,-0.845649,-0.065550,0.065832,-0.525591,0.140754,0.890021,-0.489856,-0.260955,-0.044517,-0.516497,2.427570,-10.384160,63.503260
86392.0,2025-12-17T11:06:35.588601,71.887694,-0.847461,-0.063017,0.061432,-0.523511,0.384940,0.717678,-0.496583,-0.190560,-0.097742,-0.459250,2.471186,-9.793742,63.198884
86416.0,2025-12-17T11:06:35.588601,71.887694,-0.849615,-0.070114,0.062287,-0.518997,-0.205093,0.310737,-0.152319,-0.077580,-0.062368,-0.364805,3.174456,-10.289267,62.552387
86447.0,2025-12-17T11:06:35.644456,71.943548,-0.854074,-0.077058,0.056132,-0.511341,-0.229763,0.100147,0.890411,-0.079370,0.024871,-0.481442,4.323026,-10.060495,61.437922
86475.0,2025-12-17T11:06:35.707894,72.006987,-0.855640,-0.073958,0.049087,-0.509902,-0.021378,0.201368,1.180577,-0.050890,0.084313,-0.454830,4.444623,-9.173477,61.227258
86500.0,2025-12-17T11:06:35.707894,72.006987,-0.859387,-0.078547,0.042610,-0.503457,-0.445837,0.300085,2.019549,-0.079399,0.201658,-0.528408,5.347049,-8.761778,60.316428
86525.0,2025-12-17T11:06:35.707894,72.006987,-0.862566,-0.076323,0.039230,-0.498615,-0.109619,0.129259,2.532570,-0.094268,0.308228,-0.486683,5.366033,-8.267145,59.672912
86544.0,2025-12-17T11:06:35.767482,72.066574,-0.866157,-0.075091,0.033165,-0.492985,-1.099617,0.606077,3.005467,0.081654,0.452350,-0.575162,5.637494,-7.555615,58.921417
86569.0,2025-12-17T11:06:35.767482,72.066574,-0.870004,-0.073946,0.026268,-0.486760,-1.951498,0.642741,3.377972,0.181750,0.588849,-0.738118,5.958935,-6.759053,58.101055
86595.0,2025-12-17T11:06:35.767482,72.066574,-0.875593,-0.070466,0.015805,-0.477622,-1.927048,0.474910,4.328892,0.114737,0.834414,-0.922519,6.245739,-5.450667,56.925918
86619.0,2025-12-17T11:06:35.824725,72.123817,-0.881533,-0.065994,-0.001562,-0.467485,-0.939064,0.002121,0.810995,-0.108099,0.936320,-0.959396,6.777653,-3.379463,55.674652
86644.0,2025-12-17T11:06:35.824725,72.123817,-0.887011,-0.063914,-0.010392,-0.457186,-0.354708,0.907876,-1.456104,-0.368734,0.940126,-1.018875,7.064464,-2.292746,54.393744
86663.0,2025-12-17T11:06:35.885599,72.184691,-0.893249,-0.051831,-0.014718,-0.446321,0.777236,1.203435,-5.080257,-0.731209,0.696860,-1.044390,6.070714,-1.144472,53.038283
86689.0,2025-12-17T11:06:35.888726,72.187819,-0.897896,-0.040410,-0.013159,-0.438151,1.812140,1.348603,-7.635077,-1.053165,0.307165,-0.904117,4.824568,-0.674950,51.994040
86714.0,2025-12-17T11:06:35.888726,72.187819,-0.902002,-0.030366,-0.003801,-0.430646,2.315542,1.559885,-7.785237,-1.024726,-0.338787,-0.644389,3.328796,-1.105693,51.010661
86738.0,2025-12-17T11:06:35.944790,72.243882,-0.904306,-0.029364,0.005526,-0.425837,1.661739,1.415150,-4.572958,-0.426779,-0.698244,-0.433496,2.775979,-2.005868,50.382803
86758.0,2025-12-17T11:06:35.944790,72.243882,-0.905848,-0.036870,0.021017,-0.421472,0.796638,1.001586,-1.119006,0.003936,-0.830489,-0.374501,2.820024,-3.965553,49.805547
86783.0,2025-12-17T11:06:36.007380,72.306473,-0.906130,-0.044324,0.020679,-0.420161,0.594131,0.953622,1.584440,0.525292,-0.775308,-0.414514,3.619305,-4.285284,49.617645
86808.0,2025-12-17T11:06:36.007380,72.306473,-0.908077,-0.054915,0.022996,-0.414551,0.875693,1.187017,4.008586,0.644505,-0.517165,-0.460554,4.644780,-5.007932,48.871620
86827.0,2025-12-17T11:06:36.007380,72.306473,-0.910512,-0.061785,0.022803,-0.408204,0.675197,1.709378,3.526900,0.520308,-0.255507,-0.598123,5.410712,-5.276705,48.046169
86847.0,2025-12-17T11:06:36.066199,72.365292,-0.912911,-0.066274,0.022394,-0.402119,1.257363,1.136428,2.746190,0.410816,-0.145552,-0.694481,5.938172,-5.404564,47.264568
86871.0,2025-12-17T11:06:36.066199,72.365292,-0.915721,-0.066738,0.021720,-0.395637,1.884288,0.639543,2.353339,0.051670,0.041661,-0.684269,6.055579,-5.312501,46.452262
86897.0,2025-12-17T11:06:36.066199,72.365292,-0.917626,-0.058114,0.017169,-0.392799,2.028782,0.370178,1.506582,-0.294746,0.212530,-0.616518,5.361824,-4.425536,46.140343
86920.0,2025-12-17T11:06:36.126158,72.425250,-0.920060,-0.045364,0.024191,-0.388391,2.287316,0.052914,-0.597237,-0.691233,0.266702,-0.410728,3.720632,-4.574300,45.624126
86939.0,2025-12-17T11:06:36.126158,72.425250,-0.921330,-0.031907,0.032240,-0.386126,2.105044,0.213888,-0.893878,-0.940674,0.228971,-0.225460,1.949385,-4.821291,45.394669
86963.0,2025-12-17T11:06:36.245981,72.545073,-0.921742,-0.019800,0.040046,-0.385221,1.889881,0.370222,-1.258215,-1.014293,0.209981,-0.082681,0.324922,-5.110602,45.348218
86989.0,2025-12-17T11:06:36.248690,72.547782,-0.920220,-0.010994,0.035784,-0.389607,1.020569,1.642283,-0.692202,-0.734387,0.219683,0.075392,-0.439522,-4.268143,45.910420
87014.0,2025-12-17T11:06:36.248690,72.547782,-0.919555,-0.010319,0.041435,-0.390634,0.988285,2.066680,-0.709170,-0.381064,0.191032,0.116870,-0.770188,-4.833738,46.064760
87032.0,2025-12-17T11:06:36.248690,72.547782,-0.917991,-0.013301,0.046613,-0.393627,1.872830,1.908059,0.549163,0.074469,0.114251,0.274840,-0.706615,-5.511897,46.452545
87083.0,2025-12-17T11:06:36.250706,72.549798,-0.914167,-0.020390,0.042778,-0.402558,1.509304,2.276427,1.829044,0.422224,0.008937,0.442878,0.163356,-5.429950,47.525293
87105.0,2025-12-17T11:06:36.307656,72.606748,-0.910925,-0.032337,0.046186,-0.408702,-0.165893,2.240796,1.467872,0.257305,-0.143858,0.493097,1.220007,-6.348490,48.260760
87138.0,2025-12-17T11:06:36.367866,72.666958,-0.908238,-0.039478,0.050456,-0.413521,-0.238934,0.548406,1.631078,-0.086070,-0.255948,0.492303,1.731489,-7.140420,48.851502
87158.0,2025-12-17T11:06:36.367866,72.666958,-0.905293,-0.044103,0.049130,-0.419627,-0.553686,0.134117,1.736635,-0.190869,-0.235212,0.543183,2.231089,-7.236693,49.596779
87191.0,2025-12-17T11:06:36.425992,72.725084,-0.902171,-0.042958,0.045343,-0.426833,-0.603577,0.148875,0.917788,-0.069555,-0.207897,0.522053,2.239591,-6.804698,50.506100
87210.0,2025-12-17T11:06:36.425992,72.725084,-0.898875,-0.046208,0.040216,-0.433902,-0.062643,-0.050074,0.153500,0.001500,-0.223512,0.573026,2.778715,-6.453513,51.378068
87242.0,2025-12-17T11:06:36.425992,72.725084,-0.895351,-0.042377,0.050027,-0.440509,0.473354,0.014303,-1.210697,-0.149585,-0.241622,0.622445,1.837777,-7.291507,52.276887
87262.0,2025-12-17T11:06:36.425992,72.725084,-0.891008,-0.046234,0.061958,-0.447356,0.028474,0.455548,-0.902255,-0.243796,-0.293663,0.590805,1.562718,-8.729835,53.201216
87292.0,2025-12-17T11:06:36.488007,72.787100,-0.887190,-0.047505,0.058731,-0.455178,-0.478223,0.897584,-0.855971,-0.022536,-0.298404,0.506876,1.785991,-8.479605,54.188333
87316.0,2025-12-17T11:06:36.488007,72.787100,-0.885457,-0.055123,0.054654,-0.458193,-0.826732,-0.072610,-1.762469,0.231575,-0.359044,0.300415,2.754598,-8.470579,54.515888
87340.0,2025-12-17T11:06:36.545664,72.844756,-0.884227,-0.060597,0.049439,-0.460463,-1.012034,-0.593723,-0.618735,0.302834,-0.356552,0.220827,3.570459,-8.235110,54.759544
87357.0,2025-12-17T11:06:36.545664,72.844756,-0.883560,-0.070423,0.044820,-0.460818,-1.655320,0.514946,-1.851483,0.302508,-0.203350,0.081288,4.819448,-8.285531,54.739003
87397.0,2025-12-17T11:06:36.607677,72.906770,-0.883287,-0.074512,0.037582,-0.461346,-1.238485,0.838910,-0.447119,0.176169,-0.165417,-0.197412,5.615485,-7.766913,54.775129
87431.0,2025-12-17T11:06:36.609293,72.908386,-0.885100,-0.075728,0.038940,-0.457544,-0.932459,0.788638,-2.657537,-0.027471,-0.128893,-0.277348,5.703126,-7.945445,54.276103
87450.0,2025-12-17T11:06:36.666028,72.965121,-0.886386,-0.083795,0.039047,-0.453622,-0.583947,0.800086,-1.547875,-0.064042,-0.061050,-0.254066,6.565370,-8.351471,53.723790
87485.0,2025-12-17T11:06:36.666028,72.965121,-0.886987,-0.081871,0.031376,-0.453395,-0.049629,0.275508,-0.295282,-0.048530,-0.061191,-0.173116,6.764175,-7.463832,53.707161
87518.0,2025-12-17T11:06:36.964581,73.263673,-0.888906,-0.082415,0.021130,-0.450119,-0.517787,-0.062531,1.944931,-0.145550,0.060204,-0.152690,7.371436,-6.416664,53.299153
87539.0,2025-12-17T11:06:37.144308,73.443401,-0.890331,-0.080165,0.019703,-0.447767,0.264194,-0.056931,3.523338,-0.128143,0.177861,-0.235424,7.228297,-6.135243,53.009754
87564.0,2025-12-17T11:06:37.144308,73.443401,-0.891510,-0.077589,0.017878,-0.445949,1.023038,0.417984,3.804313,-0.172840,0.285747,-0.241187,7.066897,-5.801305,52.791548
87590.0,2025-12-17T11:06:37.209112,73.508204,-0.892609,-0.072962,0.016763,-0.444572,1.515183,0.830727,2.743182,-0.299096,0.218290,-0.167243,6.653844,-5.439751,52.635558
87677.0,2025-12-17T11:06:37.209112,73.508204,-0.894634,-0.066825,0.027246,-0.440933,-2.377120,-1.172097,3.344070,0.047657,-0.194132,-0.114587,5.514570,-6.181619,52.176113
87852.0,2025-12-17T11:06:37.211126,73.510219,-0.902119,-0.062972,-0.019500,-0.426422,0.480480,0.353218,-1.524791,0.169033,0.132934,-0.339958,7.485091,-1.061333,50.529742
88006.0,2025-12-17T11:06:37.211126,73.510219,-0.897555,-0.028238,-0.010368,-0.439875,1.884612,1.783282,-2.312762,-0.200410,0.080694,-0.274415,3.429049,-0.356975,52.206600
88062.0,2025-12-17T11:06:37.325544,73.624636,-0.899083,-0.036312,0.002064,-0.436264,1.229929,1.999577,1.184505,0.138529,0.083747,-0.118017,3.642665,-2.028334,51.703835
88098.0,2025-12-17T11:06:37.328487,73.627580,-0.899112,-0.035864,0.001162,-0.436246,1.743194,2.209312,1.984450,-0.002718,0.064522,-0.036829,3.641444,-1.912907,51.704202
88126.0,2025-12-17T11:06:37.865287,74.164379,-0.898464,-0.034362,0.002988,-0.437690,1.919555,2.801005,2.075180,-0.145324,-0.023168,0.108477,3.392049,-2.031496,51.886184
88146.0,2025-12-17T11:06:37.865287,74.164379,-0.897160,-0.039878,0.012086,-0.439735,0.804043,2.344354,1.238756,-0.116266,-0.186216,0.166905,3.498532,-3.253731,52.123386
88180.0,2025-12-17T11:06:37.984522,74.283614,-0.895589,-0.043592,0.016793,-0.442423,0.771700,0.646793,4.304343,0.090516,-0.384679,0.216430,3.633331,-3.936589,52.454092
88205.0,2025-12-17T11:06:37.984522,74.283614,-0.894135,-0.047106,0.018876,-0.444912,0.476059,-0.716664,6.404036,0.198058,-0.283426,0.246789,3.878199,-4.339769,52.761936
88295.0,2025-12-17T11:06:37.984522,74.283614,-0.889769,-0.041271,0.016352,-0.454246,1.166396,0.538005,-2.220417,-0.095258,0.194532,0.178355,3.366179,-3.818335,53.978349
88730.0,2025-12-17T11:06:37.984522,74.283614,-0.889245,-0.091483,0.011545,-0.448041,-1.619328,-2.035620,5.662160,0.468421,-0.188204,-0.063106,8.810315,-5.883651,53.028360
88798.0,2025-12-17T11:06:38.105148,74.404240,-0.890946,-0.098311,0.004806,-0.443314,-0.988966,0.539639,-0.232700,-0.032256,-0.102552,-0.269371,9.887014,-5.493294,52.432295
88846.0,2025-12-17T11:06:38.105148,74.404240,-0.896433,-0.092342,-0.007253,-0.433391,-0.336108,-0.281751,-0.425834,-0.081014,-0.129310,-0.347684,9.917576,-3.843863,51.270380
88880.0,2025-12-17T11:06:38.105148,74.404240,-0.898836,-0.097046,-0.015583,-0.427123,-0.257436,-0.035461,-0.398597,0.060169,-0.078085,-0.384037,10.839092,-3.146434,50.535139
88904.0,2025-12-17T11:06:38.105148,74.404240,-0.899570,-0.093228,-0.020712,-0.426207,0.684668,0.063279,-0.707966,0.033138,-0.020823,-0.419027,10.693305,-2.418863,50.475818
88961.0,2025-12-17T11:06:38.467343,74.766436,-0.904145,-0.087901,-0.007683,-0.418013,1.252608,0.287997,-0.980570,-0.026425,0.103640,-0.400171,9.536069,-3.416491,49.339961
88993.0,2025-12-17T11:06:38.467343,74.766436,-0.905748,-0.083864,-0.002645,-0.415428,1.923738,-0.037957,-1.052899,0.026863,0.137354,-0.282064,8.884447,-3.720413,48.988654
89019.0,2025-12-17T11:06:38.767261,75.066354,-0.905048,-0.078209,-0.007533,-0.417990,1.675451,0.188714,-0.800591,0.054723,0.141368,-0.195795,8.514571,-2.966154,49.358153
89075.0,2025-12-17T11:06:38.767805,75.066897,-0.906791,-0.066193,0.000616,-0.416350,1.120128,0.068106,1.034879,-0.018537,0.303686,-0.070230,6.876158,-3.223822,49.130360
89164.0,2025-12-17T11:06:38.768836,75.067928,-0.902810,-0.061625,0.003889,-0.425583,1.625558,2.320320,-0.790537,-0.121631,0.077438,0.109299,6.208903,-3.409665,50.293219
89334.0,2025-12-17T11:06:38.768836,75.067928,-0.891652,-0.037433,0.024835,-0.450486,1.620710,1.296785,-3.596513,-0.337716,-0.088511,0.315634,2.551378,-4.474444,53.508536
89378.0,2025-12-17T11:06:38.886862,75.185954,-0.886682,-0.041159,0.035263,-0.459192,0.818277,0.519196,-1.202884,0.237301,-0.205073,0.454736,2.338961,-5.758432,54.639498
89632.0,2025-12-17T11:06:38.887990,75.187082,-0.887960,-0.053590,0.025720,-0.456064,1.267312,1.262497,4.390874,0.152435,0.026708,-0.041921,4.130862,-5.425806,54.174996
89652.0,2025-12-17T11:06:38.887990,75.187082,-0.888206,-0.052199,0.025639,-0.455750,0.135993,0.989396,5.455794,-0.094244,0.053770,-0.027779,3.994510,-5.343390,54.139422
89675.0,2025-12-17T11:06:38.887990,75.187082,-0.888756,-0.047482,0.026412,-0.455149,-0.110915,0.749341,5.757852,-0.444313,0.140052,-0.060335,3.474459,-5.173415,54.078733
89722.0,2025-12-17T11:06:38.944453,75.243545,-0.887831,-0.029843,0.041822,-0.457292,0.508419,0.250480,1.760602,-0.720515,-0.078090,0.164457,0.849035,-5.828712,54.459741
89742.0,2025-12-17T11:06:39.008914,75.308007,-0.886745,-0.027283,0.043420,-0.459406,-1.440798,-1.386543,2.805936,-0.275204,-0.060411,0.235917,0.489138,-5.858536,54.750676
89757.0,2025-12-17T11:06:39.009610,75.308702,-0.885514,-0.026882,0.042647,-0.461870,-1.891613,-1.502260,2.716193,0.000828,0.047104,0.265375,0.473018,-5.759933,55.067856
89782.0,2025-12-17T11:06:39.010706,75.309798,-0.884171,-0.027587,0.039206,-0.464698,-1.067775,-0.725271,2.039175,0.221895,0.239581,0.304098,0.710511,-5.449556,55.416728
89816.0,2025-12-17T11:06:39.011115,75.310207,-0.881051,-0.027432,0.029570,-0.471299,0.236090,0.563708,-1.058086,0.255539,0.205332,0.394650,1.176195,-4.471512,56.241268
89867.0,2025-12-17T11:06:39.068381,75.367473,-0.873394,-0.032647,0.038165,-0.484417,1.835153,-0.017539,0.512826,0.442162,0.107044,0.592368,1.154546,-5.641037,57.971848
89892.0,2025-12-17T11:06:39.068381,75.367473,-0.868173,-0.030620,0.038491,-0.493818,2.504992,-0.786426,1.215565,0.476959,0.197723,0.743474,0.872244,-5.570757,59.220143
89916.0,2025-12-17T11:06:39.125100,75.424193,-0.861467,-0.026708,0.032991,-0.506036,2.902306,-0.818336,1.108642,0.427842,0.278672,0.859682,0.726071,-4.811149,60.830440
89935.0,2025-12-17T11:06:39.125100,75.424193,-0.855127,-0.020954,0.033806,-0.516891,3.582815,-0.744403,0.462809,0.175720,0.345275,1.008636,0.051033,-4.558605,62.300688
89960.0,2025-12-17T11:06:39.125100,75.424193,-0.848600,-0.014721,0.035461,-0.527640,3.847753,-0.386539,-0.241536,0.014613,0.374088,1.192952,-0.714620,-4.342518,63.771914
89988.0,2025-12-17T11:06:39.304526,75.603619,-0.839650,-0.008370,0.037874,-0.541741,3.147748,0.527315,1.124774,-0.008487,0.423368,1.406793,-1.550105,-4.167343,65.716493
90014.0,2025-12-17T11:06:39.547983,75.847075,-0.827813,-0.001652,0.032416,-0.560065,1.869045,1.279482,5.470259,-0.134025,0.561842,1.559801,-1.927029,-3.182627,68.214966
90032.0,2025-12-17T11:06:39.607162,75.906254,-0.816172,0.009883,0.026757,-0.577105,0.471951,1.181758,9.573054,-0.451367,0.838903,1.631155,-2.696235,-1.849269,70.570811
90051.0,2025-12-17T11:06:39.614599,75.913692,-0.807041,0.019919,0.021498,-0.589768,-0.505052,0.499730,11.439707,-0.515702,1.020967,1.673538,-3.297035,-0.641942,72.335483
90145.0,2025-12-17T11:06:39.614599,75.913692,-0.761510,0.059111,-0.049882,-0.643522,-0.235397,-1.151999,3.712924,0.487724,1.926686,1.659040,-1.497308,8.745754,80.285153
90193.0,2025-12-17T11:06:39.614599,75.913692,-0.734190,0.070670,-0.101611,-0.667567,-1.056249,-0.719827,-8.538815,0.792694,1.518815,1.537443,1.884485,14.096570,84.790802
90433.0,2025-12-17T11:06:39.664731,75.963823,-0.647136,-0.027060,-0.121657,-0.752119,-2.795741,1.780312,9.072529,0.275088,-0.230819,0.882179,12.681173,6.704706,99.327291
90469.0,2025-12-17T11:06:39.669534,75.968626,-0.641030,-0.028905,-0.120889,-0.757384,-1.980824,1.052151,5.666393,0.007812,-0.055569,0.458485,12.800100,6.384642,100.229455
90494.0,2025-12-17T11:06:39.670051,75.969144,-0.638726,-0.028709,-0.120994,-0.759319,-2.074492,0.681489,5.308177,-0.021756,0.056082,0.301706,12.814171,6.370937,100.576280
90519.0,2025-12-17T11:06:39.727462,76.026555,-0.637045,-0.026646,-0.123004,-0.760483,-2.111929,0.641659,5.799517,0.009524,0.251671,0.139558,12.858414,6.672308,100.847935
90544.0,2025-12-17T11:06:39.787003,76.086095,-0.636309,-0.021514,-0.129017,-0.760265,-0.884497,2.328892,6.128608,0.105523,0.611653,-0.028969,13.032864,7.554919,101.008529
90563.0,2025-12-17T11:06:39.787003,76.086095,-0.635773,-0.014630,-0.137028,-0.759475,-0.587004,3.798621,4.196356,0.148861,0.888111,-0.103606,13.262116,8.743736,101.151550
90588.0,2025-12-17T11:06:39.787003,76.086095,-0.635815,-0.013281,-0.141485,-0.758647,-0.987634,4.812447,1.684214,0.231052,0.943396,-0.216400,13.566677,9.193251,101.163760
90614.0,2025-12-17T11:06:39.787003,76.086095,-0.638615,-0.016252,-0.144239,-0.755713,0.751997,5.349480,-1.130225,0.457108,0.486351,-0.330562,13.996778,9.187318,100.731183
90637.0,2025-12-17T11:06:39.904100,76.203192,-0.640148,-0.019106,-0.145698,-0.754067,2.386608,5.770736,0.409213,0.554391,0.369189,-0.211307,14.317151,9.074753,100.484480
90656.0,2025-12-17T11:06:39.909550,76.208643,-0.640088,-0.026374,-0.145001,-0.754033,1.644700,3.696567,-3.566689,0.657850,-0.019881,0.019588,14.783195,8.386686,100.434986
90680.0,2025-12-17T11:06:39.909550,76.208643,-0.639290,-0.034386,-0.146650,-0.754069,1.831991,2.482625,-5.004341,0.647667,-0.445624,0.166073,15.521903,7.795960,100.482373
90706.0,2025-12-17T11:06:39.909550,76.208643,-0.636827,-0.045349,-0.142367,-0.756390,1.914885,1.750896,-5.551997,0.321885,-0.884917,0.440949,15.954945,6.472321,100.717994
90750.0,2025-12-17T11:06:39.964502,76.263594,-0.634756,-0.055862,-0.127544,-0.760064,-0.240972,1.704734,1.866860,-0.174911,-0.186808,0.018137,15.401944,4.416208,100.864631
90765.0,2025-12-17T11:06:39.968576,76.267668,-0.634813,-0.054353,-0.121135,-0.761173,1.576564,1.631298,0.133377,-0.104436,0.044556,0.029583,14.717872,4.074418,100.870715
90816.0,2025-12-17T11:06:40.026804,76.325897,-0.633950,-0.064420,-0.116853,-0.761776,1.015058,2.183729,-0.215158,0.286183,-0.015274,0.076749,15.072138,2.866578,100.844885
90836.0,2025-12-17T11:06:40.026804,76.325897,-0.630764,-0.067908,-0.118206,-0.763906,3.024166,3.819957,1.407522,0.652350,0.290016,0.193353,15.458395,2.600370,101.259431
90862.0,2025-12-17T11:06:40.026804,76.325897,-0.627187,-0.069171,-0.120480,-0.766379,2.708252,4.379597,-0.617412,0.630229,0.515537,0.301564,15.766008,2.585245,101.765749
90888.0,2025-12-17T11:06:40.087352,76.386444,-0.623625,-0.068815,-0.125440,-0.768519,1.678001,3.868083,-5.814359,0.285187,0.321854,0.263351,16.200167,2.905199,102.297403
90914.0,2025-12-17T11:06:40.089893,76.388985,-0.620664,-0.070279,-0.125890,-0.770707,1.466847,3.987664,-6.093101,0.119769,0.006667,0.323137,16.356443,2.747938,102.704785
90937.0,2025-12-17T11:06:40.144086,76.443178,-0.617107,-0.076216,-0.117436,-0.774325,0.962688,3.994458,-3.549027,0.036324,-0.199983,0.355067,16.023653,1.541963,103.110034
90956.0,2025-12-17T11:06:40.144086,76.443178,-0.614738,-0.082763,-0.109901,-0.776640,0.786047,3.603473,-0.862820,0.083700,-0.305012,0.267581,15.811151,0.376190,103.326492
90986.0,2025-12-17T11:06:40.267120,76.566213,-0.613732,-0.088582,-0.109145,-0.776900,2.060696,3.912169,3.646302,0.229022,-0.296299,0.102205,16.160123,-0.210090,103.354449
91011.0,2025-12-17T11:06:40.267120,76.566213,-0.612935,-0.092178,-0.109654,-0.777039,3.178607,4.098703,5.431053,0.256200,-0.229594,0.101416,16.464441,-0.505899,103.393495
91037.0,2025-12-17T11:06:40.267120,76.566213,-0.611169,-0.094065,-0.110312,-0.778111,3.460665,4.556001,7.141972,0.141448,-0.063668,0.179569,16.658618,-0.661665,103.607248
91060.0,2025-12-17T11:06:40.270653,76.569745,-0.609064,-0.092508,-0.110392,-0.779934,2.320143,3.370867,4.782304,-0.040052,0.153923,0.191643,16.552746,-0.563191,103.944321
91109.0,2025-12-17T11:06:40.384814,76.683906,-0.606231,-0.080925,-0.105769,-0.784059,1.743120,0.444305,0.024489,-0.184434,0.273806,0.191631,15.306200,0.076827,104.588293
91135.0,2025-12-17T11:06:40.384814,76.683906,-0.606696,-0.082168,-0.101433,-0.784142,0.381561,-0.526143,-0.281738,-0.097635,0.211414,0.105373,14.997816,-0.331393,104.497641
91155.0,2025-12-17T11:06:40.384814,76.683906,-0.608232,-0.074416,-0.098041,-0.784158,0.747674,0.156235,0.423726,-0.007299,0.207222,-0.110638,14.139560,0.146477,104.420244
91189.0,2025-12-17T11:06:40.924468,77.223560,-0.611086,-0.073165,-0.094985,-0.782431,0.943164,1.242192,-1.258102,0.262071,0.267867,-0.289196,13.772041,0.091412,104.030729
91222.0,2025-12-17T11:06:40.924468,77.223560,-0.615305,-0.074330,-0.092271,-0.779334,1.398127,2.544351,-0.548031,0.182448,0.263678,-0.394555,13.608784,-0.132181,103.400190
91241.0,2025-12-17T11:06:40.924468,77.223560,-0.618488,-0.069361,-0.086261,-0.777959,2.904355,3.783460,0.612235,-0.066541,0.339434,-0.312079,12.709871,-0.069749,103.021893
91274.0,2025-12-17T11:06:40.924468,77.223560,-0.619706,-0.062955,-0.079729,-0.778232,2.129469,2.676382,-0.180682,-0.146391,0.401025,-0.137513,11.661095,0.047545,102.944222
91376.0,2025-12-17T11:06:41.048218,77.347310,-0.635819,-0.068458,-0.069000,-0.765694,1.756342,3.848506,-2.455095,0.640444,0.187923,-0.557063,11.113240,-0.979404,100.493377
91794.0,2025-12-17T11:06:41.048218,77.347310,-0.630664,-0.106114,-0.025515,-0.768344,1.586611,1.781515,1.937045,0.151532,-0.018783,0.029022,10.052690,-7.520522,100.578670
91813.0,2025-12-17T11:06:41.048218,77.347310,-0.629739,-0.107481,-0.019054,-0.769100,1.293143,1.669503,1.907064,0.106236,0.019270,0.019522,9.575584,-8.124759,100.697131
91873.0,2025-12-17T11:06:41.105230,77.404322,-0.629143,-0.104423,-0.001771,-0.770241,1.078741,1.336922,1.692409,-0.168937,0.107382,-0.058744,7.807302,-9.127595,100.891074
91908.0,2025-12-17T11:06:41.167560,77.466652,-0.628715,-0.103782,0.009065,-0.770626,0.730631,1.258112,1.631207,-0.065442,0.140732,-0.037250,6.792655,-9.866423,100.994537
91943.0,2025-12-17T11:06:41.168833,77.467926,-0.628398,-0.099348,0.018370,-0.771303,0.669799,1.133503,0.977507,-0.222558,0.240446,-0.024119,5.627395,-10.156748,101.158540
91972.0,2025-12-17T11:06:41.169176,77.468268,-0.628355,-0.095631,0.027245,-0.771545,0.611660,1.421263,-0.599926,-0.236789,0.273530,-0.036404,4.557701,-10.474979,101.262464
92001.0,2025-12-17T11:06:41.169176,77.468268,-0.628281,-0.093620,0.034942,-0.771542,0.484786,1.573309,-1.215114,-0.185347,0.254520,-0.039369,3.720088,-10.857707,101.333248
92025.0,2025-12-17T11:06:41.224422,77.523515,-0.628527,-0.093713,0.042069,-0.770975,0.300000,1.660480,-2.456140,-0.118013,0.193990,-0.059186,3.095295,-11.384033,101.315108
92056.0,2025-12-17T11:06:41.224422,77.523515,-0.628153,-0.096008,0.049325,-0.770567,0.245143,2.017887,-2.754579,-0.058611,0.072012,-0.033087,2.614407,-12.118153,101.349728
92087.0,2025-12-17T11:06:41.286416,77.585509,-0.627631,-0.099556,0.056513,-0.770048,-0.068924,1.959822,-2.713886,-0.084485,0.024010,-0.016069,2.230788,-12.959678,101.382807
92112.0,2025-12-17T11:06:41.289598,77.588690,-0.627207,-0.104276,0.063490,-0.769225,-0.214725,1.670007,-2.716497,-0.062890,-0.021902,-0.031258,1.955700,-13.890466,101.375820
92140.0,2025-12-17T11:06:41.404297,77.703389,-0.626498,-0.110453,0.069572,-0.768414,-0.124571,1.365446,-2.303750,0.051721,-0.124464,-0.061133,1.866448,-14.887395,101.374495
92166.0,2025-12-17T11:06:41.408398,77.707491,-0.625641,-0.115822,0.077698,-0.767542,0.294623,0.941123,-1.152951,0.101025,-0.178391,-0.051659,1.528912,-15.963170,101.417064
92197.0,2025-12-17T11:06:41.465029,77.764122,-0.623164,-0.121129,0.088027,-0.767624,0.302648,0.361218,0.221335,0.121083,-0.169927,0.039629,0.949120,-17.197939,101.716461
92234.0,2025-12-17T11:06:41.468450,77.767542,-0.620840,-0.125469,0.078719,-0.769818,0.467295,0.486240,0.492527,0.149081,-0.181220,0.094292,2.072057,-16.913050,101.921203
92268.0,2025-12-17T11:06:41.468450,77.767542,-0.617392,-0.121785,0.089683,-0.771979,0.257784,-0.132893,1.255982,0.002473,-0.223375,0.144843,0.715188,-17.383724,102.588342
92303.0,2025-12-17T11:06:41.524407,77.823499,-0.617013,-0.118755,0.084414,-0.773348,0.030363,-0.521600,1.309835,-0.077740,-0.211604,0.115984,0.956345,-16.729087,102.690356
92340.0,2025-12-17T11:06:41.524407,77.823499,-0.616324,-0.117047,0.077380,-0.774892,0.098413,-0.462869,1.407677,-0.071935,-0.081842,0.115873,1.452287,-16.068083,102.799826
92366.0,2025-12-17T11:06:41.585387,77.884479,-0.616724,-0.113908,0.069915,-0.775750,-0.005984,-0.234133,1.384318,-0.107582,0.002172,0.087418,1.902237,-15.246036,102.775733
92392.0,2025-12-17T11:06:41.646990,77.946082,-0.614807,-0.106782,0.080336,-0.777274,-0.121240,-0.083467,0.730999,-0.223137,0.062081,0.108762,0.381193,-15.353902,103.262115
92428.0,2025-12-17T11:06:41.646990,77.946082,-0.613740,-0.103927,0.074070,-0.779125,-0.240005,-0.001605,0.211105,-0.301323,0.110777,0.158509,0.719461,-14.647060,103.450352
92456.0,2025-12-17T11:06:41.646990,77.946082,-0.613534,-0.106383,0.070144,-0.779320,-0.506423,-0.007503,-0.106516,-0.246475,0.130716,0.126569,1.255888,-14.589054,103.414754
92489.0,2025-12-17T11:06:41.705665,78.004757,-0.614639,-0.113579,0.064250,-0.777940,-0.696666,0.127287,-0.395194,-0.020677,0.086956,-0.031837,2.350856,-14.814824,103.070791
92526.0,2025-12-17T11:06:41.705665,78.004757,-0.616388,-0.112146,0.052101,-0.777673,-0.128215,0.097652,-0.746574,0.096290,0.051818,-0.187082,3.377662,-13.807151,102.789816
92551.0,2025-12-17T11:06:41.768211,78.067303,-0.618573,-0.121150,0.055130,-0.774372,0.006256,0.154213,0.452083,0.064993,-0.000229,-0.249296,3.825504,-14.822980,102.266063
92588.0,2025-12-17T11:06:41.768540,78.067632,-0.621088,-0.115633,0.062983,-0.772601,0.105169,0.086831,-0.293904,-0.072860,0.054641,-0.274044,2.746861,-14.886989,102.049966
92619.0,2025-12-17T11:06:41.824504,78.123596,-0.625042,-0.102910,0.070271,-0.770580,0.270480,-0.028919,0.825700,-0.295781,0.146924,-0.299182,1.203038,-14.267241,101.756184
92654.0,2025-12-17T11:06:41.824504,78.123596,-0.628336,-0.099166,0.064604,-0.768887,0.279745,0.326939,0.035295,-0.371970,0.158670,-0.252006,1.489431,-13.513837,101.311989
92677.0,2025-12-17T11:06:41.884506,78.183598,-0.630247,-0.096159,0.074109,-0.766845,0.196301,0.961164,0.520362,-0.377864,0.268036,-0.186265,0.445623,-13.939177,101.114014
92704.0,2025-12-17T11:06:41.887639,78.186731,-0.629573,-0.095744,0.081903,-0.766657,0.276809,1.920200,-3.426276,-0.209076,0.142165,0.019602,-0.297514,-14.473550,101.252593
92727.0,2025-12-17T11:06:41.944648,78.243740,-0.626268,-0.100995,0.089025,-0.767895,-0.018838,1.814045,-2.735192,0.021198,-0.179556,0.222311,-0.607849,-15.462904,101.683632
92745.0,2025-12-17T11:06:41.944648,78.243740,-0.622557,-0.111204,0.091565,-0.769203,-0.844054,1.070416,-1.798247,0.139777,-0.179516,0.291665,-0.143606,-16.563907,102.050712
92782.0,2025-12-17T11:06:41.944648,78.243740,-0.618944,-0.123390,0.091716,-0.770241,-0.511251,0.175221,-0.490955,0.119981,-0.335557,0.301731,0.688982,-17.674829,102.324155
92810.0,2025-12-17T11:06:42.006928,78.306021,-0.616927,-0.130944,0.087924,-0.771054,-0.753132,-0.486494,0.700425,0.028908,-0.369403,0.247212,1.565920,-18.084263,102.423550
92842.0,2025-12-17T11:06:42.068280,78.367373,-0.616412,-0.132941,0.084254,-0.771534,-0.613201,-0.840229,1.628090,-0.121532,-0.342995,0.088969,2.041676,-17.999396,102.430829
92862.0,2025-12-17T11:06:42.126833,78.425925,-0.617325,-0.129633,0.081925,-0.771618,-0.006335,-0.776332,1.641659,-0.235793,-0.257922,0.041977,2.020629,-17.529865,102.366037
92895.0,2025-12-17T11:06:42.126833,78.425925,-0.617856,-0.128408,0.076783,-0.771926,-0.364960,-0.740678,1.747901,-0.219402,-0.099915,0.096951,2.405841,-17.045080,102.291230
92924.0,2025-12-17T11:06:42.126833,78.425925,-0.618650,-0.128008,0.068042,-0.772176,-0.682397,-0.681686,1.548490,-0.049720,0.057598,0.038403,3.184789,-16.372334,102.139933
92959.0,2025-12-17T11:06:42.126833,78.425925,-0.620971,-0.125642,0.054774,-0.771757,-0.227868,-0.425103,1.081612,0.073279,0.205846,-0.064542,4.248535,-15.186230,101.791694
92996.0,2025-12-17T11:06:42.186458,78.485551,-0.622437,-0.131552,0.040666,-0.770463,-0.070043,0.046845,0.596838,0.328414,0.269824,-0.098820,5.999084,-14.674979,101.359123
93016.0,2025-12-17T11:06:42.189532,78.488624,-0.621872,-0.135046,0.040747,-0.770310,0.304522,0.461211,0.232937,0.485088,0.277244,-0.122450,6.251628,-14.994924,101.348452
93050.0,2025-12-17T11:06:42.244541,78.543633,-0.619180,-0.133236,0.040473,-0.772804,1.198915,1.071479,-0.556628,0.505287,0.219785,0.061867,6.083128,-14.835880,101.802985
93074.0,2025-12-17T11:06:42.244541,78.543633,-0.614700,-0.138740,0.043795,-0.775227,0.188575,0.901300,-1.366142,0.381107,0.084396,0.227900,6.118897,-15.601890,102.337039
93098.0,2025-12-17T11:06:42.305397,78.604490,-0.611604,-0.147765,0.046379,-0.775857,-0.323043,0.724343,-1.641175,0.269415,-0.085127,0.159159,6.518443,-16.619851,102.549828
93135.0,2025-12-17T11:06:42.305397,78.604490,-0.608025,-0.142422,0.048655,-0.779522,0.373453,0.297493,-0.390706,0.036805,-0.237659,0.193032,5.821587,-16.332398,103.255610
93152.0,2025-12-17T11:06:42.367632,78.666724,-0.607766,-0.138420,0.046938,-0.780549,0.001824,-0.163664,0.260555,-0.147946,-0.280691,0.133734,5.666256,-15.851334,103.399069
93186.0,2025-12-17T11:06:42.368865,78.667957,-0.607663,-0.130472,0.054553,-0.781503,0.088657,-0.175007,0.959399,-0.324203,-0.269784,0.063312,4.366203,-15.677847,103.664451
93211.0,2025-12-17T11:06:42.424649,78.723741,-0.608505,-0.130746,0.053161,-0.780898,-0.057491,-0.150458,0.864901,-0.428741,-0.219414,0.072777,4.531190,-15.598593,103.524914
93245.0,2025-12-17T11:06:42.424649,78.723741,-0.609404,-0.128538,0.051057,-0.780703,-0.129912,-0.233363,1.078669,-0.375966,-0.145479,0.004368,4.574064,-15.243875,103.437557
93266.0,2025-12-17T11:06:42.487267,78.786360,-0.611181,-0.122678,0.046952,-0.780515,0.060396,-0.190043,1.314732,-0.194480,-0.069245,-0.031799,4.539950,-14.412193,103.300366
93303.0,2025-12-17T11:06:42.487267,78.786360,-0.613333,-0.126288,0.034990,-0.778878,0.246636,0.111827,0.744630,0.064512,0.108273,-0.085730,5.936153,-13.865727,102.839737
93341.0,2025-12-17T11:06:42.544427,78.843519,-0.611062,-0.130389,0.025087,-0.780367,0.175753,0.600250,-0.466708,0.155113,0.190912,-0.172148,7.101934,-13.542260,103.030594
93368.0,2025-12-17T11:06:42.549368,78.848460,-0.612341,-0.131232,0.029639,-0.779063,0.353691,0.709477,-0.608103,0.178191,0.187424,-0.229593,6.777156,-13.932211,102.836563
93394.0,2025-12-17T11:06:42.607302,78.906395,-0.614378,-0.132431,0.035316,-0.777016,0.191504,0.433095,-0.587491,0.102959,0.107844,-0.297032,6.393460,-14.429978,102.523748
93421.0,2025-12-17T11:06:42.607838,78.906930,-0.617500,-0.132531,0.042181,-0.774177,0.182352,0.298374,-0.324934,0.028659,0.068638,-0.381253,5.842426,-14.909840,102.081696
93450.0,2025-12-17T11:06:42.667851,78.966943,-0.620056,-0.127593,0.049715,-0.772515,0.584523,0.566673,-0.222996,-0.139724,-0.021946,-0.380085,4.835210,-14.998054,101.858890
93484.0,2025-12-17T11:06:42.667851,78.966943,-0.621917,-0.124545,0.063355,-0.770515,0.682267,0.558316,-0.480452,-0.278285,-0.141589,-0.210274,3.411339,-15.707729,101.712246
93510.0,2025-12-17T11:06:42.726670,79.025762,-0.620593,-0.121289,0.075295,-0.771028,0.600141,0.186125,0.522735,-0.233540,-0.218452,0.052306,2.055866,-16.289420,102.045281
93544.0,2025-12-17T11:06:42.728689,79.027781,-0.617861,-0.122718,0.070296,-0.773464,-0.314320,-0.146510,0.594777,-0.107941,-0.244186,0.183572,2.558920,-16.063490,102.401451
93572.0,2025-12-17T11:06:42.786083,79.085175,-0.618034,-0.125921,0.064698,-0.773299,-0.061513,-0.266612,1.010391,-0.053717,-0.243655,0.074893,3.314105,-15.945352,102.270831
93604.0,2025-12-17T11:06:42.847857,79.146949,-0.619286,-0.124371,0.058299,-0.773057,0.057730,-0.281586,1.297595,-0.047516,-0.175739,-0.003070,3.799533,-15.337182,102.092706
93636.0,2025-12-17T11:06:42.847857,79.146949,-0.620383,-0.118802,0.052304,-0.773482,0.177869,-0.169638,1.169667,-0.072636,-0.059443,-0.067691,3.936408,-14.399402,102.038787
93670.0,2025-12-17T11:06:42.847857,79.146949,-0.618527,-0.114529,0.062729,-0.774837,0.116585,0.039667,0.482377,-0.053364,0.014026,0.061262,2.635992,-14.778418,102.459594
93707.0,2025-12-17T11:06:42.904844,79.203937,-0.616676,-0.115492,0.073311,-0.775241,-0.085057,-0.082150,-0.126485,-0.052656,0.053296,0.041929,1.712247,-15.633691,102.763004
93747.0,2025-12-17T11:06:42.966404,79.265497,-0.615434,-0.120291,0.060050,-0.776637,-0.071661,0.250677,-0.511504,0.127985,0.024128,0.114882,3.253342,-15.115029,102.779246
93779.0,2025-12-17T11:06:42.968087,79.267179,-0.612989,-0.126504,0.067399,-0.776981,-0.024059,-0.003096,-0.479239,0.084323,-0.018635,0.078239,3.005990,-16.213192,103.029287
93811.0,2025-12-17T11:06:43.026545,79.325637,-0.609660,-0.121216,0.076617,-0.779584,0.055958,0.005031,-0.269246,0.019042,-0.076688,0.155856,1.693023,-16.404488,103.702873
93855.0,2025-12-17T11:06:43.026545,79.325637,-0.609309,-0.121198,0.068852,-0.780585,-0.252034,-0.059975,0.105436,-0.081529,-0.098400,0.057177,2.395306,-15.849730,103.716803
93880.0,2025-12-17T11:06:43.085170,79.384263,-0.610306,-0.123552,0.061126,-0.780080,-0.049654,-0.069142,0.382230,-0.115094,-0.036219,0.034922,3.298464,-15.507988,103.474051
93922.0,2025-12-17T11:06:43.144325,79.443417,-0.610540,-0.112780,0.061014,-0.781536,0.009435,-0.014405,0.324870,-0.045729,0.014344,0.015582,2.506985,-14.524072,103.686260
93960.0,2025-12-17T11:06:43.144325,79.443417,-0.605962,-0.120879,0.064780,-0.783583,-0.061268,0.219036,-0.548754,0.051178,-0.020428,0.138681,2.675646,-15.542127,104.203612
93991.0,2025-12-17T11:06:43.206480,79.505572,-0.604436,-0.119689,0.054036,-0.785756,0.079462,-0.074432,0.707869,0.132155,-0.045411,0.186249,3.542425,-14.679747,104.405605
94027.0,2025-12-17T11:06:43.208497,79.507589,-0.601670,-0.114627,0.047920,-0.789023,0.100794,0.028221,-0.275202,0.434220,-0.018733,0.176294,3.679084,-13.801066,104.899931
94052.0,2025-12-17T11:06:43.268193,79.567286,-0.597862,-0.114568,0.036296,-0.792539,0.154130,0.186169,-0.031683,0.543913,-0.001709,0.225230,4.677767,-13.002803,105.407464
94078.0,2025-12-17T11:06:43.268644,79.567736,-0.594596,-0.119083,0.039127,-0.794194,0.246386,0.212208,0.456816,0.476419,-0.015987,0.187852,4.690141,-13.631690,105.796295
94102.0,2025-12-17T11:06:43.386921,79.686013,-0.591768,-0.122683,0.043071,-0.795553,0.407947,0.356978,1.108258,0.376625,-0.025310,0.140439,4.537083,-14.251484,106.145516
94129.0,2025-12-17T11:06:43.386921,79.686013,-0.592027,-0.122306,0.033830,-0.795865,0.061092,-0.193767,0.426043,0.239273,-0.080283,0.028613,5.369761,-13.576019,106.070897
94164.0,2025-12-17T11:06:43.386921,79.686013,-0.591728,-0.115753,0.040338,-0.796763,0.595577,0.045415,1.165072,0.022695,-0.074282,-0.034064,4.286990,-13.426236,106.295179
94198.0,2025-12-17T11:06:43.386921,79.686013,-0.589554,-0.112181,0.051089,-0.798268,0.752093,0.441038,2.167318,-0.044581,0.041794,0.078492,2.993684,-13.847630,106.741606
94221.0,2025-12-17T11:06:43.392880,79.691972,-0.587569,-0.105138,0.057157,-0.800276,0.450737,0.174241,-0.835983,-0.049856,0.108844,0.136038,1.890864,-13.617896,107.201454
94260.0,2025-12-17T11:06:43.446352,79.745444,-0.583902,-0.104496,0.060220,-0.802816,-0.013886,0.110633,-0.246365,0.070396,0.045766,0.134532,1.494979,-13.774807,107.761336
94295.0,2025-12-17T11:06:43.508264,79.807356,-0.582247,-0.099418,0.062331,-0.804499,0.114547,0.044187,-0.681711,0.286630,-0.030304,0.039267,0.911997,-13.447115,108.103023
94323.0,2025-12-17T11:06:43.508264,79.807356,-0.582125,-0.104972,0.050331,-0.804722,0.177676,0.103693,-0.188687,0.327018,-0.059116,0.044334,2.425403,-13.152601,107.957412
94358.0,2025-12-17T11:06:43.567081,79.866173,-0.582080,-0.106357,0.039158,-0.805195,0.204117,0.164434,0.592844,0.256905,-0.040165,-0.024115,3.568302,-12.524768,107.881553
94382.0,2025-12-17T11:06:43.567081,79.866173,-0.581096,-0.105219,0.047874,-0.805584,0.711574,0.517348,2.104671,-0.005639,-0.002651,0.004727,2.656152,-13.012463,108.088551
94408.0,2025-12-17T11:06:43.624241,79.923333,-0.579922,-0.106018,0.056668,-0.805754,0.386234,0.752847,1.508960,-0.103635,0.039887,0.033782,1.866329,-13.684505,108.288935
94435.0,2025-12-17T11:06:43.624241,79.923333,-0.578166,-0.098738,0.051290,-0.808297,0.245821,0.485615,0.894822,-0.164118,0.070945,0.007209,1.835872,-12.646005,108.645052
94476.0,2025-12-17T11:06:43.687812,79.986905,-0.577002,-0.086339,0.058071,-0.810088,0.136008,-0.020178,-0.838350,-0.244833,0.080758,0.093885,0.325071,-11.940622,109.043647
94503.0,2025-12-17T11:06:43.687812,79.986905,-0.577105,-0.093143,0.059717,-0.809141,-0.765230,0.724122,0.135380,-0.096362,0.099119,-0.005324,0.638278,-12.688927,108.933695
94539.0,2025-12-17T11:06:43.753520,80.052612,-0.576723,-0.101831,0.056190,-0.808618,-0.206331,0.612963,-1.391310,-0.067377,0.019370,0.007685,1.565168,-13.267449,108.823487
94574.0,2025-12-17T11:06:43.754036,80.053128,-0.576024,-0.109798,0.061771,-0.807666,-0.145450,0.160010,-0.672021,-0.073557,0.033629,0.010421,1.580250,-14.390177,108.807859
94605.0,2025-12-17T11:06:43.806839,80.105931,-0.576865,-0.118835,0.064056,-0.805607,-0.736692,0.646949,1.939967,-0.110069,0.007240,-0.063206,2.014764,-15.389062,108.517686
94640.0,2025-12-17T11:06:43.866903,80.165995,-0.577750,-0.107392,0.070248,-0.806063,0.481162,-0.028635,1.308383,-0.402934,-0.044505,-0.084507,0.642429,-14.732134,108.654400
94657.0,2025-12-17T11:06:43.866903,80.165995,-0.579690,-0.104038,0.067538,-0.805341,0.139101,-0.078298,2.768234,-0.515762,0.052135,-0.012313,0.699692,-14.233480,108.419428
94691.0,2025-12-17T11:06:43.866903,80.165995,-0.581774,-0.098234,0.063365,-0.804906,-0.271289,-0.365636,1.004871,-0.466369,0.201449,-0.039949,0.724155,-13.407059,108.197140
94717.0,2025-12-17T11:06:43.924411,80.223503,-0.584344,-0.093760,0.058315,-0.803959,-0.715961,-0.601304,-1.395079,-0.392439,0.173458,-0.097738,0.928442,-12.645053,107.875333
94746.0,2025-12-17T11:06:43.924411,80.223503,-0.587665,-0.098059,0.056173,-0.801173,-0.348159,-0.158643,0.167019,-0.175209,0.077452,-0.162664,1.483930,-12.893945,107.311827
94768.0,2025-12-17T11:06:43.987602,80.286694,-0.590602,-0.104198,0.059119,-0.798021,-0.698494,0.777234,-2.208018,-0.144807,0.092763,-0.256604,1.693866,-13.658583,106.788108
94802.0,2025-12-17T11:06:43.989071,80.288163,-0.590396,-0.103805,0.069269,-0.797408,0.474383,0.712455,-1.181625,-0.096894,-0.077456,-0.065956,0.715618,-14.320243,106.878003
94839.0,2025-12-17T11:06:44.046525,80.345618,-0.585478,-0.115659,0.066711,-0.799618,-0.019469,0.175353,-0.424312,0.124810,-0.071064,0.269316,1.707318,-15.253034,107.348438
94873.0,2025-12-17T11:06:44.046525,80.345618,-0.581541,-0.124488,0.057330,-0.801889,0.029042,-0.121401,3.012900,0.337674,0.027568,0.339803,3.142816,-15.446023,107.673353
94892.0,2025-12-17T11:06:44.106722,80.405814,-0.579345,-0.130231,0.042638,-0.803481,-0.612950,-0.626874,-1.791346,0.609505,-0.030725,0.188772,4.892227,-14.991801,107.769426
94924.0,2025-12-17T11:06:44.106722,80.405814,-0.578952,-0.133035,0.029628,-0.803889,0.247617,-0.169814,1.117510,0.788794,-0.048041,0.006224,6.306274,-14.370817,107.682132
94947.0,2025-12-17T11:06:44.225127,80.524219,-0.576571,-0.135100,0.026208,-0.805374,1.071358,0.291547,-1.279212,0.885475,-0.028756,0.022093,6.732373,-14.349345,107.953451
94967.0,2025-12-17T11:06:44.225127,80.524219,-0.574204,-0.138559,0.024556,-0.806528,1.268418,0.585866,-0.351365,0.891288,-0.084606,0.039686,7.093460,-14.578386,108.193889
94991.0,2025-12-17T11:06:44.229677,80.528769,-0.572097,-0.141706,0.023228,-0.807517,1.814963,0.860917,0.163113,0.880998,-0.089843,0.035455,7.406096,-14.799497,108.404378
95016.0,2025-12-17T11:06:44.229677,80.528769,-0.569116,-0.144584,0.022221,-0.809140,2.230121,0.874671,-0.206667,0.825915,-0.117084,0.113081,7.652423,-15.026752,108.747265
95069.0,2025-12-17T11:06:44.284478,80.583570,-0.565573,-0.139920,0.021981,-0.812445,1.491704,0.299792,1.083369,0.219443,-0.111148,0.035067,7.275959,-14.608810,109.379756
95094.0,2025-12-17T11:06:44.284478,80.583570,-0.565899,-0.138939,0.024333,-0.812319,1.899026,-0.013341,3.778477,-0.132746,-0.048664,-0.007054,6.989388,-14.670875,109.373496
95108.0,2025-12-17T11:06:44.284478,80.583570,-0.567199,-0.132070,0.034332,-0.812197,1.087038,0.670917,1.439294,-0.440759,0.130101,-0.128893,5.579518,-14.683526,109.423449
95134.0,2025-12-17T11:06:44.344600,80.643693,-0.569125,-0.123598,0.047770,-0.811504,1.082232,0.584605,-0.089226,-0.671520,0.011619,-0.149462,3.744816,-14.772045,109.428854
95169.0,2025-12-17T11:06:44.344600,80.643693,-0.569801,-0.113008,0.054424,-0.812154,0.396757,0.738784,-1.801403,-0.728338,-0.073744,-0.257014,2.387613,-14.216209,109.595807
95190.0,2025-12-17T11:06:44.405506,80.704598,-0.572488,-0.106626,0.067537,-0.810140,0.674213,0.442912,-1.716893,-0.641378,-0.134412,-0.273511,0.748924,-14.483025,109.410751
95216.0,2025-12-17T11:06:44.405506,80.704598,-0.573859,-0.100090,0.074251,-0.809416,0.634624,0.027235,-2.444982,-0.324246,-0.102110,-0.167678,-0.314835,-14.314778,109.367819
95235.0,2025-12-17T11:06:44.405506,80.704598,-0.576600,-0.101180,0.066593,-0.807998,-0.493163,-0.771585,-0.243328,0.071676,-0.070783,-0.202812,0.535222,-13.904307,108.910269
95277.0,2025-12-17T11:06:44.466806,80.765898,-0.581066,-0.108488,0.050034,-0.805040,-0.334008,0.224880,-1.752796,0.509067,0.029791,-0.401700,2.682718,-13.463143,108.040858
95297.0,2025-12-17T11:06:44.466806,80.765898,-0.584423,-0.108558,0.051111,-0.802529,1.216229,0.619982,-0.861919,0.489146,0.022824,-0.415082,2.644167,-13.531662,107.560060
95321.0,2025-12-17T11:06:44.524261,80.823354,-0.586714,-0.108911,0.052911,-0.800690,0.812832,0.372081,0.019148,0.437629,-0.033793,-0.381769,2.540535,-13.679835,107.230245
95354.0,2025-12-17T11:06:44.524261,80.823354,-0.588698,-0.111210,0.040895,-0.799622,1.007903,0.235681,1.190588,0.491015,0.008112,-0.336520,3.857628,-13.061753,106.835677
95371.0,2025-12-17T11:06:44.584185,80.883277,-0.589620,-0.107854,0.044624,-0.799202,1.982911,0.565289,0.870827,0.241908,0.028656,-0.164394,3.286485,-13.003942,106.788440
95409.0,2025-12-17T11:06:44.589124,80.888216,-0.587992,-0.101667,0.055222,-0.800550,1.517843,0.757722,0.773418,-0.152482,0.032143,0.075944,1.832735,-13.162816,107.195106
95444.0,2025-12-17T11:06:44.649342,80.948434,-0.585089,-0.093456,0.060499,-0.803291,0.458608,0.291567,1.173107,-0.136164,-0.064953,0.014760,0.714633,-12.764258,107.783479
95479.0,2025-12-17T11:06:44.707603,81.006695,-0.583784,-0.086243,0.070803,-0.804205,1.394948,0.242288,1.683124,-0.141805,-0.042381,0.043765,-0.774665,-12.790201,108.133935
95509.0,2025-12-17T11:06:44.707603,81.006695,-0.582012,-0.077524,0.077203,-0.805786,0.210389,-0.118534,1.666803,-0.124123,-0.007441,0.108528,-2.005468,-12.403939,108.537445
95544.0,2025-12-17T11:06:44.768234,81.067327,-0.580266,-0.073813,0.088172,-0.806268,0.319392,0.276693,0.518329,-0.194671,0.011352,0.081133,-3.322425,-12.788493,108.887808
95573.0,2025-12-17T11:06:44.768234,81.067327,-0.573273,-0.075784,0.088343,-0.811055,0.790188,0.992429,-0.926088,-0.385370,-0.031069,0.205449,-3.318490,-12.956914,109.869813
95598.0,2025-12-17T11:06:44.770618,81.069711,-0.564797,-0.067719,0.107842,-0.815346,1.793975,1.489603,-0.919807,-0.905720,-0.209629,0.750266,-5.863335,-13.429376,111.269619
95626.0,2025-12-17T11:06:44.824303,81.123395,-0.553487,-0.049207,0.124005,-0.822103,-0.153100,-0.574167,3.397301,-1.579119,-0.038362,1.256986,-8.807035,-12.601956,113.072959
95652.0,2025-12-17T11:06:44.824303,81.123395,-0.539662,-0.024074,0.141381,-0.829576,-2.902790,-1.123614,3.722615,-1.949727,0.704932,1.409721,-12.272787,-11.100950,115.106951
95671.0,2025-12-17T11:06:44.888338,81.187430,-0.531230,-0.005699,0.147758,-0.834224,-5.376971,-2.647939,-1.238217,-1.678457,0.768160,1.047201,-14.115408,-9.584167,116.211725
95695.0,2025-12-17T11:06:44.888338,81.187430,-0.528280,0.001901,0.147836,-0.836099,-6.693672,-0.888461,-4.777265,-0.931793,0.690160,0.573557,-14.607090,-8.801938,116.557664
95720.0,2025-12-17T11:06:44.948205,81.247297,-0.527929,-0.001696,0.141885,-0.837351,-5.966160,0.113510,-5.837802,0.079600,0.199193,0.174600,-13.805142,-8.780564,116.604252
95739.0,2025-12-17T11:06:44.948205,81.247297,-0.528575,-0.013733,0.130560,-0.838674,-4.078989,0.586902,-3.996240,0.792997,-0.066572,0.017574,-11.957261,-9.268245,116.530316
95755.0,2025-12-17T11:06:44.949629,81.248721,-0.528983,-0.025961,0.119546,-0.839769,-3.351245,0.420199,-2.767009,0.999551,-0.193078,-0.012117,-10.129808,-9.792324,116.455106
95787.0,2025-12-17T11:06:45.004729,81.303822,-0.529344,-0.037049,0.110517,-0.840362,-3.061794,0.217001,-2.206190,0.948580,-0.240188,-0.032441,-8.565381,-10.327298,116.361858
95807.0,2025-12-17T11:06:45.004729,81.303822,-0.530632,-0.053588,0.098064,-0.840203,-2.665642,-0.109411,-1.475052,0.806686,-0.303303,-0.112810,-6.315825,-11.193456,116.070431
95831.0,2025-12-17T11:06:45.004729,81.303822,-0.532573,-0.064475,0.091615,-0.838937,-1.926144,-0.252476,-0.048159,0.505970,-0.357664,-0.228549,-4.985483,-11.874279,115.702527
95856.0,2025-12-17T11:06:45.068018,81.367110,-0.536247,-0.075556,0.085691,-0.836294,-1.894901,-0.451476,0.578314,0.317193,-0.402286,-0.380383,-3.659754,-12.607845,115.066947
95880.0,2025-12-17T11:06:45.086733,81.385826,-0.543146,-0.088975,0.081042,-0.830968,-1.952975,-0.312191,0.697328,0.263848,-0.505486,-0.683473,-2.243070,-13.645103,113.928750
95899.0,2025-12-17T11:06:45.086733,81.385826,-0.551881,-0.101647,0.075886,-0.824219,-1.695606,-0.710012,0.295662,0.231581,-0.584644,-0.881516,-0.763602,-14.555499,112.486535
95927.0,2025-12-17T11:06:45.127680,81.426772,-0.562391,-0.103080,0.071060,-0.817338,0.556708,-1.806105,2.256017,0.138879,-0.438389,-1.050114,-0.012836,-14.384554,110.939769
95953.0,2025-12-17T11:06:45.128289,81.427381,-0.567443,-0.099317,0.073118,-0.814124,1.472026,-0.439310,0.420612,-0.033940,-0.288919,-0.606833,-0.374651,-14.163681,110.293736
95977.0,2025-12-17T11:06:45.184223,81.483316,-0.569019,-0.093234,0.078008,-0.813290,0.674821,-0.338544,0.568293,-0.155883,-0.213838,-0.176699,-1.226808,-13.911841,110.192493
95997.0,2025-12-17T11:06:45.184223,81.483316,-0.566770,-0.086131,0.084262,-0.815017,0.611393,-0.217542,0.350653,-0.236372,-0.137907,0.197731,-2.342376,-13.645366,110.650105
96033.0,2025-12-17T11:06:45.246037,81.545129,-0.565993,-0.085860,0.079442,-0.816069,-1.864513,-1.097568,-1.445068,-0.289783,0.058810,0.189069,-1.911920,-13.300716,110.735692
96060.0,2025-12-17T11:06:45.246037,81.545129,-0.567051,-0.085881,0.072616,-0.815969,-1.594977,-0.946503,-0.170675,-0.171530,0.090249,0.002617,-1.240595,-12.856273,110.545648
96095.0,2025-12-17T11:06:45.304371,81.603463,-0.568686,-0.088346,0.066305,-0.815104,-0.631761,-0.291654,-0.534492,-0.189079,0.006754,-0.025963,-0.446826,-12.675933,110.243883
96123.0,2025-12-17T11:06:45.304371,81.603463,-0.568411,-0.088919,0.058179,-0.815854,-0.016830,0.026052,-0.142357,-0.103187,0.012182,0.111321,0.360783,-12.194391,110.231123
96159.0,2025-12-17T11:06:45.366822,81.665915,-0.567823,-0.096430,0.052192,-0.815815,-0.616057,-0.176294,-0.800188,-0.063126,-0.106375,0.098320,1.429412,-12.510004,110.166015
96194.0,2025-12-17T11:06:45.369835,81.668928,-0.568136,-0.100951,0.042867,-0.815593,-0.184512,-0.299586,0.332739,0.033442,-0.161358,0.039504,2.627290,-12.320459,109.994837
96228.0,2025-12-17T11:06:45.424071,81.723163,-0.568625,-0.107061,0.032859,-0.814938,-0.168546,-0.240815,0.155017,0.141293,-0.161379,0.007203,4.001540,-12.231709,109.759986
96256.0,2025-12-17T11:06:45.424071,81.723163,-0.569543,-0.101537,0.029767,-0.815122,0.076591,-0.116111,-0.024357,0.158748,-0.163645,-0.005625,3.928327,-11.504099,109.718521
96291.0,2025-12-17T11:06:45.484646,81.783739,-0.569979,-0.095528,0.025457,-0.815690,0.335900,-0.530726,0.836152,0.071556,-0.114036,0.007888,3.930659,-10.653062,109.744057
96326.0,2025-12-17T11:06:45.544824,81.843916,-0.570517,-0.085976,0.023822,-0.816426,0.051900,-0.050656,1.245613,-0.088565,-0.056746,0.014285,3.442803,-9.646403,109.817828
96361.0,2025-12-17T11:06:45.544824,81.843916,-0.571381,-0.095711,0.024196,-0.814726,-0.076064,-0.244320,0.917882,-0.094767,-0.033806,-0.017833,4.080572,-10.579930,109.536777
96393.0,2025-12-17T11:06:45.605074,81.904166,-0.573372,-0.105603,0.019991,-0.812215,-0.141710,-0.027202,-0.022122,-0.039304,-0.109355,-0.125656,5.183764,-11.213737,109.051413
96434.0,2025-12-17T11:06:45.607656,81.906748,-0.577551,-0.117688,0.013135,-0.807720,-0.371445,-0.095194,-0.544891,0.144925,-0.254816,-0.313394,6.731670,-11.846454,108.168338
96458.0,2025-12-17T11:06:45.666528,81.965621,-0.584536,-0.123368,0.003328,-0.801927,0.253137,-0.186583,0.852701,0.484348,-0.391741,-0.532332,8.152287,-11.639662,106.990044
96483.0,2025-12-17T11:06:45.669437,81.968529,-0.590509,-0.125789,0.000691,-0.797167,0.410965,-0.131748,-0.957788,0.685322,-0.442483,-0.695754,8.658324,-11.616872,106.058526
96502.0,2025-12-17T11:06:45.724335,82.023427,-0.593883,-0.126383,-0.001905,-0.794561,3.036312,0.355597,0.533880,0.733261,-0.053413,-0.474364,8.989456,-11.453680,105.545191
96527.0,2025-12-17T11:06:45.784605,82.083697,-0.595176,-0.122958,-0.008549,-0.794087,1.772449,-0.479654,2.084662,0.738808,0.252670,-0.236751,9.366755,-10.667119,105.419706
96553.0,2025-12-17T11:06:45.784605,82.083697,-0.595454,-0.120404,-0.016287,-0.794149,0.417799,0.668441,-1.312696,0.912228,0.440386,-0.367206,9.893346,-9.894897,105.416268
96576.0,2025-12-17T11:06:45.788894,82.087987,-0.594488,-0.122877,-0.021034,-0.794382,2.928128,1.148549,-2.490297,0.996257,0.104965,-0.079940,10.496501,-9.800261,105.477782
96595.0,2025-12-17T11:06:45.788894,82.087987,-0.593260,-0.123341,-0.020893,-0.795231,2.687325,0.877589,-0.490768,0.607378,-0.019654,0.028338,10.502224,-9.868045,105.643334
96647.0,2025-12-17T11:06:45.844538,82.143630,-0.590938,-0.117676,-0.007425,-0.798054,2.446126,0.792810,-0.338473,-0.236589,-0.184213,0.200862,8.824464,-10.314323,106.164079
96673.0,2025-12-17T11:06:45.844538,82.143630,-0.588896,-0.110526,0.010617,-0.800545,1.839454,0.591855,-0.596313,-0.733836,-0.332554,0.255107,6.618967,-10.921694,106.688786
96692.0,2025-12-17T11:06:45.904416,82.203509,-0.587444,-0.097572,0.034215,-0.802632,1.707565,-0.051103,1.267741,-1.460968,-0.378564,0.299660,3.491735,-11.351506,107.252298
96711.0,2025-12-17T11:06:45.904416,82.203509,-0.585894,-0.089202,0.051144,-0.803838,1.639900,-1.213325,3.775949,-1.825423,-0.347410,0.389815,1.305235,-11.732215,107.691470
96736.0,2025-12-17T11:06:45.904416,82.203509,-0.584732,-0.076617,0.066740,-0.804838,-1.875633,-2.484769,4.962601,-2.144786,0.109475,0.385973,-1.042899,-11.617600,108.107721
96760.0,2025-12-17T11:06:45.965820,82.264912,-0.584566,-0.057438,0.084016,-0.804937,-3.194891,-2.040615,3.184356,-2.080989,0.435898,0.236095,-3.978138,-10.993284,108.406726
96779.0,2025-12-17T11:06:45.968759,82.267851,-0.584590,-0.040641,0.091863,-0.805086,-2.395273,-1.108377,-0.389467,-1.911151,0.607796,0.262259,-5.850518,-9.953156,108.541518
96799.0,2025-12-17T11:06:45.968759,82.267851,-0.585006,-0.029653,0.098265,-0.804507,-2.983102,-0.565922,-3.155180,-1.785203,0.533662,0.165704,-7.185525,-9.362676,108.542790
96817.0,2025-12-17T11:06:46.024148,82.323240,-0.586317,-0.022337,0.102323,-0.803283,-3.162198,-0.753670,-1.369586,-1.331786,0.357481,0.008762,-8.042414,-8.967483,108.380254
96841.0,2025-12-17T11:06:46.024148,82.323240,-0.586964,-0.020422,0.101270,-0.802995,-3.412498,-0.703505,-1.322710,-0.623545,0.293429,0.037178,-8.064466,-8.724317,108.284912
96867.0,2025-12-17T11:06:46.084620,82.383713,-0.588599,-0.027558,0.094332,-0.802429,-4.488358,-0.320113,-3.100739,0.248872,0.059243,-0.084514,-6.915678,-8.932728,108.019131
96886.0,2025-12-17T11:06:46.084620,82.383713,-0.590639,-0.039543,0.081811,-0.801804,-3.454389,-0.478963,-1.511792,0.742364,-0.086107,-0.170087,-4.909717,-9.209980,107.642210
96910.0,2025-12-17T11:06:46.084620,82.383713,-0.592006,-0.049942,0.070227,-0.801313,-2.107259,-0.480557,-0.970674,0.903493,-0.107900,-0.164005,-3.103611,-9.391942,107.341356
96931.0,2025-12-17T11:06:46.144447,82.443539,-0.593737,-0.059238,0.059681,-0.800254,-1.081629,-0.304035,-0.205855,0.602787,-0.085709,-0.177753,-1.462866,-9.536731,106.975985
96950.0,2025-12-17T11:06:46.144447,82.443539,-0.595433,-0.064537,0.053636,-0.799011,-0.619567,-0.154446,-0.129696,0.159768,-0.034998,-0.166309,-0.514710,-9.613765,106.655449
96989.0,2025-12-17T11:06:46.204524,82.503617,-0.598145,-0.068639,0.056137,-0.796467,-0.837013,-0.230311,-0.286463,-0.492785,0.028981,-0.101182,-0.425564,-10.165645,106.224906
97015.0,2025-12-17T11:06:46.204524,82.503617,-0.600274,-0.065502,0.055977,-0.795140,-1.598625,-0.483833,0.010918,-0.740501,0.169795,-0.072416,-0.603735,-9.867498,105.951686
97039.0,2025-12-17T11:06:46.265955,82.565047,-0.602686,-0.062071,0.055205,-0.793643,-2.308401,-0.590078,-0.036197,-0.735097,0.269848,-0.125665,-0.744006,-9.501096,105.636301
97065.0,2025-12-17T11:06:46.265955,82.565047,-0.606005,-0.061223,0.052084,-0.791389,-2.437322,-0.349505,-0.449767,-0.426463,0.397055,-0.228782,-0.477949,-9.208527,105.152439
97085.0,2025-12-17T11:06:46.270753,82.569845,-0.608830,-0.062813,0.044416,-0.789562,-1.950663,0.231146,-1.677412,-0.046513,0.438549,-0.205840,0.367953,-8.816644,104.700050
97118.0,2025-12-17T11:06:46.324851,82.623944,-0.609364,-0.072752,0.036429,-0.788705,-1.744684,0.824786,-2.470789,0.349619,0.158563,-0.055238,1.811099,-9.157892,104.474613
97146.0,2025-12-17T11:06:46.324851,82.623944,-0.607853,-0.084404,0.029411,-0.789003,-1.283826,0.569932,-2.088989,0.453612,-0.003488,0.096914,3.268766,-9.726427,104.499974
97178.0,2025-12-17T11:06:46.447372,82.746464,-0.605211,-0.095708,0.025819,-0.789869,-0.604407,0.334370,-1.083839,0.395790,-0.055822,0.208846,4.378290,-10.512211,104.677058
97197.0,2025-12-17T11:06:46.455439,82.754532,-0.596667,-0.093116,0.032890,-0.796390,0.757892,0.143567,1.350827,0.162168,-0.104850,0.678443,3.427915,-10.810527,105.993364
97223.0,2025-12-17T11:06:46.455439,82.754532,-0.588926,-0.093531,0.028317,-0.802257,-0.327440,-0.204440,-0.715573,-0.103797,0.013996,0.957315,3.775520,-10.569361,107.086865
97247.0,2025-12-17T11:06:46.455439,82.754532,-0.582102,-0.093229,0.025403,-0.807354,-2.933650,-1.135336,0.389319,-0.348692,0.152010,0.779443,3.935996,-10.376240,108.059323
97297.0,2025-12-17T11:06:46.504186,82.803278,-0.581259,-0.102287,0.021557,-0.806976,-1.842253,-0.488408,-2.825227,-0.193126,-0.168112,-0.003883,4.915206,-10.961378,107.998188
97317.0,2025-12-17T11:06:46.504186,82.803278,-0.584037,-0.108756,0.020829,-0.804139,-1.186254,-0.359297,0.226238,-0.254380,-0.355325,-0.229642,5.477223,-11.492487,107.467470
97347.0,2025-12-17T11:06:46.566875,82.865967,-0.584867,-0.117430,0.013823,-0.802465,-0.362485,-0.276563,1.114561,0.123242,-0.243091,-0.050059,6.757532,-11.808199,107.128365
97384.0,2025-12-17T11:06:46.569148,82.868241,-0.585177,-0.130350,-0.002063,-0.800358,-0.314709,-1.031024,0.903462,0.680351,-0.279037,-0.067749,9.165284,-11.902038,106.698239
97407.0,2025-12-17T11:06:46.624884,82.923977,-0.585335,-0.135753,-0.015196,-0.799202,0.171304,-0.801771,1.309404,0.845662,-0.242249,-0.064770,10.775332,-11.490043,106.474728
97426.0,2025-12-17T11:06:46.624884,82.923977,-0.585459,-0.135657,-0.020633,-0.799005,0.683559,-0.174020,2.175029,0.716808,-0.183936,-0.065085,11.272504,-11.105850,106.437483
97452.0,2025-12-17T11:06:46.630390,82.929482,-0.585005,-0.133796,-0.021341,-0.799633,1.240255,-0.078363,1.925761,0.475895,-0.067344,0.001926,11.196361,-10.894796,106.551159
97474.0,2025-12-17T11:06:46.685637,82.984730,-0.584137,-0.132434,-0.016274,-0.800613,1.082421,0.288104,0.981997,0.167407,0.033237,0.066064,10.617035,-11.130477,106.732673
97512.0,2025-12-17T11:06:46.685637,82.984730,-0.582732,-0.122266,-0.008291,-0.803372,0.199766,0.025314,0.938128,-0.106785,0.073272,0.112665,9.126159,-10.765385,107.227198
97548.0,2025-12-17T11:06:46.744474,83.043566,-0.581696,-0.115930,-0.019367,-0.804869,0.098185,-0.200096,0.328287,0.178317,0.079282,0.130553,9.690716,-9.444066,107.484731
97585.0,2025-12-17T11:06:46.806581,83.105673,-0.580254,-0.109923,-0.031818,-0.806356,0.429508,-0.099407,0.894827,0.356872,0.102689,0.166490,10.408700,-8.068050,107.786347
97602.0,2025-12-17T11:06:46.808665,83.107757,-0.576631,-0.118688,-0.033070,-0.807661,0.043674,0.324095,0.626221,0.431156,0.134249,0.181117,11.103543,-8.834503,108.089523
97637.0,2025-12-17T11:06:46.808665,83.107757,-0.574281,-0.118563,-0.028643,-0.809521,0.428814,0.477576,0.504024,0.227918,0.134583,0.135348,10.655574,-9.152388,108.440272
97671.0,2025-12-17T11:06:46.867287,83.166379,-0.574925,-0.119987,-0.022302,-0.809053,0.177370,-0.160439,-0.138262,0.039968,0.153855,0.127741,10.170516,-9.701067,108.338414
97699.0,2025-12-17T11:06:46.867287,83.166379,-0.573750,-0.127676,-0.023705,-0.808670,-0.478580,0.347661,0.210025,-0.003616,0.123698,0.024884,10.829777,-10.328694,108.307006
97738.0,2025-12-17T11:06:46.924122,83.223214,-0.574185,-0.115876,-0.012257,-0.810391,0.191614,0.044122,-0.592466,-0.247926,0.058702,0.006066,8.933965,-10.005017,108.579101
97773.0,2025-12-17T11:06:46.986933,83.286025,-0.574374,-0.123325,-0.015650,-0.809099,-0.374375,-0.195949,-0.904337,-0.039681,0.038138,-0.020726,9.777158,-10.462154,108.361317
97799.0,2025-12-17T11:06:46.986933,83.286025,-0.577087,-0.124090,-0.027660,-0.806727,0.075546,0.056323,-0.270879,0.188362,-0.085687,-0.146480,10.985856,-9.688320,107.910554
97828.0,2025-12-17T11:06:47.048084,83.347176,-0.576989,-0.124667,-0.022471,-0.806869,0.876533,0.530382,-0.068741,0.314290,-0.079772,-0.072532,10.542002,-10.093107,107.929610
97865.0,2025-12-17T11:06:47.048611,83.347703,-0.578042,-0.133285,-0.020482,-0.804787,0.324450,0.265372,0.260313,0.467374,-0.032058,-0.086530,10.985445,-11.002616,107.562769
97889.0,2025-12-17T11:06:47.105186,83.404278,-0.578516,-0.131746,-0.017758,-0.804765,1.274703,0.517858,-0.838747,0.336873,-0.006234,-0.123256,10.627868,-11.040480,107.548042
97922.0,2025-12-17T11:06:47.108414,83.407506,-0.577788,-0.129138,-0.011770,-0.805820,1.920392,0.506119,1.098057,0.135852,-0.118293,0.028501,9.873509,-11.216875,107.745607
97950.0,2025-12-17T11:06:47.168972,83.468065,-0.579468,-0.135581,-0.024176,-0.803275,0.162497,0.015508,0.573912,0.289756,-0.107280,-0.122180,11.513429,-10.940998,107.281691
97985.0,2025-12-17T11:06:47.168972,83.468065,-0.581076,-0.134131,-0.020849,-0.802449,1.589033,0.503963,1.786222,0.325376,0.030800,-0.185362,11.121705,-11.013297,107.105762
98006.0,2025-12-17T11:06:47.224140,83.523233,-0.581065,-0.129127,-0.019530,-0.803311,1.604348,0.095785,0.600406,0.283708,0.053306,-0.036189,10.638835,-10.647203,107.246558
98029.0,2025-12-17T11:06:47.229084,83.528176,-0.579931,-0.126078,-0.016439,-0.804683,0.519764,0.213288,-0.692046,0.303994,0.061764,0.024848,10.118401,-10.593413,107.499335
98071.0,2025-12-17T11:06:47.287394,83.586486,-0.580509,-0.120832,-0.012548,-0.805140,1.255075,0.029418,-0.545953,0.131114,-0.050144,-0.058523,9.390302,-10.370058,107.562514
98105.0,2025-12-17T11:06:47.287394,83.586486,-0.580133,-0.123570,-0.007942,-0.805055,0.388013,0.109306,2.165791,0.409729,0.003079,-0.095017,9.151786,-10.937993,107.567862
98123.0,2025-12-17T11:06:47.347381,83.646473,-0.582265,-0.132850,-0.019404,-0.801836,0.251621,0.116155,1.654671,0.528923,0.115445,-0.294694,10.911383,-10.979150,106.976557
98157.0,2025-12-17T11:06:47.348466,83.647558,-0.583374,-0.129334,-0.020056,-0.801589,2.937395,0.977521,1.136082,0.446115,0.235520,-0.205843,10.732988,-10.599645,106.909322
98184.0,2025-12-17T11:06:47.404871,83.703963,-0.582557,-0.125864,-0.019834,-0.802740,1.087672,0.765323,-1.278698,0.404683,0.251002,-0.044206,10.452418,-10.309385,107.116931
98209.0,2025-12-17T11:06:47.409773,83.708865,-0.582989,-0.131424,-0.016883,-0.801602,0.134148,1.064483,-1.926916,0.351255,0.011435,-0.187313,10.584540,-11.012038,106.921549
98236.0,2025-12-17T11:06:47.409773,83.708865,-0.582721,-0.127624,-0.012170,-0.802496,3.145427,1.699981,0.260719,0.144601,0.125462,-0.038737,9.870119,-10.990866,107.078526
98270.0,2025-12-17T11:06:47.466872,83.765964,-0.580337,-0.124091,-0.005262,-0.804850,1.348725,0.854837,-0.094807,0.130965,0.032465,0.111163,8.942396,-11.165406,107.537194
98302.0,2025-12-17T11:06:47.524610,83.823702,-0.579085,-0.117318,0.003341,-0.806775,2.815675,0.905761,0.110880,-0.061803,0.027914,0.075657,7.642301,-11.137704,107.913870
98338.0,2025-12-17T11:06:47.524610,83.823702,-0.575208,-0.116920,0.016418,-0.809442,0.762649,1.311497,0.424803,-0.138837,-0.005257,0.209036,6.335160,-12.014983,108.535737
98369.0,2025-12-17T11:06:47.587747,83.886839,-0.574473,-0.113048,0.025399,-0.810282,0.839167,0.907581,1.573979,-0.028564,0.125129,-0.024678,5.209396,-12.262037,108.768386
98403.0,2025-12-17T11:06:47.587747,83.886839,-0.572643,-0.110321,0.033373,-0.811662,1.020152,1.094796,-0.653053,0.041955,0.107080,0.064873,4.240383,-12.550918,109.126116
98440.0,2025-12-17T11:06:47.648218,83.947310,-0.571528,-0.097494,0.034527,-0.814039,0.532832,-0.145084,1.516404,-0.019364,0.195685,0.090943,3.230150,-11.431367,109.532049
98475.0,2025-12-17T11:06:47.649011,83.948104,-0.570076,-0.089073,0.039463,-0.815796,0.424675,0.201943,-1.057493,-0.019371,0.053343,0.053241,2.169810,-10.971688,109.900091
98501.0,2025-12-17T11:06:47.705569,84.004661,-0.567878,-0.088242,0.048053,-0.816957,0.273308,0.415803,0.519038,0.033352,0.112507,0.089729,1.269176,-11.464202,110.265186
98541.0,2025-12-17T11:06:47.765195,84.064287,-0.568054,-0.076399,0.039917,-0.818465,0.111435,-0.433785,-0.765687,-0.011522,0.152925,0.044055,1.247680,-9.811595,110.367831
98582.0,2025-12-17T11:06:47.769467,84.068560,-0.567764,-0.085088,0.041310,-0.817739,-0.519359,0.819636,1.036870,0.075373,0.077174,-0.009955,1.694753,-10.723403,110.295668
98607.0,2025-12-17T11:06:47.826462,84.125554,-0.569102,-0.093472,0.043641,-0.815770,-0.637379,0.898009,-1.141335,0.028861,0.048681,-0.139804,2.059096,-11.664151,109.988457
98642.0,2025-12-17T11:06:47.828222,84.127315,-0.568268,-0.090007,0.051367,-0.816291,0.605863,0.532126,-0.588470,0.100804,0.087323,-0.018010,1.079350,-11.848470,110.199954
98678.0,2025-12-17T11:06:47.884060,84.183152,-0.568017,-0.101681,0.049418,-0.815215,-0.158716,0.475285,1.315720,0.245755,0.036350,-0.057220,2.053612,-12.822071,110.034092
98710.0,2025-12-17T11:06:47.888542,84.187635,-0.566851,-0.101721,0.056363,-0.815571,0.547868,0.850791,-1.607340,0.145259,0.040356,-0.004737,1.376888,-13.286451,110.238230
98740.0,2025-12-17T11:06:47.947611,84.246703,-0.565219,-0.095813,0.064139,-0.816844,0.039504,-0.005114,0.649818,0.028230,0.069981,0.047566,0.207640,-13.240136,110.612900
98785.0,2025-12-17T11:06:48.008641,84.307733,-0.562401,-0.100887,0.069673,-0.817724,-0.036791,0.389163,-1.398171,0.040088,0.036530,-0.029820,-0.027690,-14.085123,110.965800
98807.0,2025-12-17T11:06:48.008641,84.307733,-0.561444,-0.100679,0.071740,-0.818229,0.919093,0.340031,-0.274030,0.009529,-0.065131,0.053072,-0.257027,-14.200304,111.118562
98848.0,2025-12-17T11:06:48.068208,84.367301,-0.561065,-0.102599,0.071203,-0.818297,-0.905132,0.221633,-3.309094,-0.017910,-0.017771,0.035038,-0.082826,-14.348029,111.137504
98873.0,2025-12-17T11:06:48.068208,84.367301,-0.560832,-0.103325,0.074962,-0.818029,-0.025500,0.541053,-1.766768,-0.149225,-0.126510,0.013430,-0.399491,-14.662692,111.183112
98903.0,2025-12-17T11:06:48.124819,84.423911,-0.559364,-0.104018,0.072087,-0.819205,0.056777,0.456504,0.226270,-0.370301,-0.110849,0.082766,-0.102978,-14.540852,111.361587
98929.0,2025-12-17T11:06:48.124819,84.423911,-0.561128,-0.104666,0.067980,-0.818266,-0.232439,-0.192266,0.092122,-0.294615,-0.061631,-0.036382,0.367246,-14.334365,111.072923
98962.0,2025-12-17T11:06:48.185383,84.484476,-0.559262,-0.100652,0.078000,-0.819153,0.517033,0.115102,1.587478,-0.024595,-0.057528,0.049351,-0.900442,-14.604380,111.470227
98999.0,2025-12-17T11:06:48.189583,84.488676,-0.560101,-0.107365,0.066549,-0.818738,-0.570820,-0.232985,2.156003,0.275524,-0.008234,-0.049674,0.668628,-14.498541,111.162644
99024.0,2025-12-17T11:06:48.247727,84.546819,-0.561803,-0.100141,0.065190,-0.818596,0.434756,-0.204240,-0.126366,0.148190,-0.003644,-0.163606,0.341530,-13.721277,111.035236
99059.0,2025-12-17T11:06:48.247727,84.546819,-0.560085,-0.104218,0.072433,-0.818655,0.195090,0.117766,3.096880,-0.024219,0.077501,0.068964,-0.109764,-14.582550,111.257843
99085.0,2025-12-17T11:06:48.308239,84.607332,-0.559776,-0.109695,0.065100,-0.818767,-1.040065,0.204220,-0.717956,0.093509,0.064281,0.011740,0.959619,-14.626213,111.157480
99118.0,2025-12-17T11:06:48.308239,84.607332,-0.558528,-0.099949,0.070605,-0.820410,0.965548,-0.043602,0.828471,-0.014889,0.056658,0.044041,-0.248134,-14.055841,111.537220
99157.0,2025-12-17T11:06:48.367187,84.666280,-0.560518,-0.109975,0.057434,-0.818796,-0.952580,-0.062728,-0.157056,0.247504,0.092821,-0.088128,1.727571,-14.151136,110.997298
99193.0,2025-12-17T11:06:48.367187,84.666280,-0.561294,-0.101977,0.061521,-0.819003,1.559427,0.414113,-0.284051,0.061669,0.014297,-0.169671,0.808182,-13.656520,111.054585
99228.0,2025-12-17T11:06:48.424483,84.723575,-0.562242,-0.110216,0.052078,-0.817939,-0.661514,0.048990,0.010792,0.143022,0.122134,-0.030877,2.286583,-13.819304,110.714533
99261.0,2025-12-17T11:06:48.424483,84.723575,-0.565050,-0.106982,0.057418,-0.816074,0.182262,0.061902,1.069738,0.157845,0.131117,-0.302499,1.604544,-13.856954,110.407507
99295.0,2025-12-17T11:06:48.485144,84.784236,-0.565103,-0.097656,0.054404,-0.817412,1.115155,0.625297,0.531984,0.247296,0.331825,-0.151510,1.259194,-12.775919,110.544310
99315.0,2025-12-17T11:06:48.485144,84.784236,-0.563695,-0.102287,0.057839,-0.817582,0.200119,1.236402,-0.223954,0.272837,0.127011,0.015702,1.221956,-13.442069,110.686103
99348.0,2025-12-17T11:06:48.547555,84.846648,-0.561963,-0.103847,0.066042,-0.817956,0.661818,1.958911,-0.210075,-0.002717,0.049706,0.059982,0.512690,-14.129327,110.955669
99387.0,2025-12-17T11:06:48.607529,84.906621,-0.559839,-0.102329,0.057854,-0.820221,0.258259,0.255204,0.045779,-0.167448,-0.076002,0.124721,1.158809,-13.452724,111.232575
99421.0,2025-12-17T11:06:48.607529,84.906621,-0.558949,-0.091710,0.060193,-0.821914,0.347517,-0.271558,1.642470,-0.138080,-0.004584,0.086054,0.209929,-12.594271,111.540895
99456.0,2025-12-17T11:06:48.664527,84.963619,-0.556169,-0.090431,0.069508,-0.823205,0.325035,0.765118,-2.209277,-0.037059,0.034514,0.148953,-0.814614,-13.073665,112.006276
99482.0,2025-12-17T11:06:48.728221,85.027313,-0.553735,-0.097811,0.071491,-0.823833,-0.296345,0.340146,-0.065808,-0.101128,-0.053835,0.169175,-0.559005,-13.906259,112.254557
99512.0,2025-12-17T11:06:48.728221,85.027313,-0.552857,-0.089645,0.082313,-0.824341,0.258821,0.236410,-1.819847,-0.242549,0.017940,0.019578,-2.159206,-13.816284,112.564905
99541.0,2025-12-17T11:06:48.728221,85.027313,-0.550734,-0.080918,0.090995,-0.825751,0.943682,0.052887,-0.687509,-0.251705,-0.037253,0.133383,-3.605888,-13.524679,113.025151
99577.0,2025-12-17T11:06:48.786493,85.085585,-0.551139,-0.085682,0.083300,-0.825812,-1.208853,0.488301,0.764865,0.011977,0.107822,-0.015392,-2.542461,-13.493492,112.863266
99594.0,2025-12-17T11:06:48.786493,85.085585,-0.550909,-0.082887,0.092649,-0.825255,0.860292,1.318672,-2.839660,-0.052425,0.068836,-0.058227,-3.636654,-13.820956,112.989771
99630.0,2025-12-17T11:06:48.847085,85.146177,-0.550005,-0.087314,0.089930,-0.825702,-0.726501,-0.210530,0.988777,-0.245910,-0.013971,0.171753,-3.100439,-14.070414,113.047055
99666.0,2025-12-17T11:06:48.847085,85.146177,-0.551487,-0.093780,0.088626,-0.824144,-0.973599,0.049846,-1.467191,-0.271246,-0.055295,-0.021628,-2.525842,-14.615360,112.745991
99700.0,2025-12-17T11:06:48.907619,85.206712,-0.546454,-0.098924,0.088563,-0.826897,0.891114,0.755778,-0.851985,-0.309415,-0.141607,0.279691,-2.276418,-15.093274,113.384217
99725.0,2025-12-17T11:06:48.907619,85.206712,-0.540222,-0.105659,0.090789,-0.829912,-0.450416,0.011028,0.721848,-0.230134,-0.142012,0.612553,-2.176780,-15.870668,114.180103
99744.0,2025-12-17T11:06:48.967639,85.266731,-0.537932,-0.108804,0.088500,-0.831239,-3.121648,-1.473066,0.013192,-0.254463,-0.129685,0.333434,-1.792881,-16.027476,114.435029
99778.0,2025-12-17T11:06:48.967639,85.266731,-0.535921,-0.106737,0.082686,-0.833402,-0.249875,-0.016773,-0.798603,-0.191557,-0.033336,0.209160,-1.392181,-15.458272,114.702702
99810.0,2025-12-17T11:06:49.024312,85.323405,-0.539393,-0.112012,0.074335,-0.831254,-1.327914,-0.493379,1.471199,0.041620,0.076587,-0.197613,-0.163191,-15.450906,114.063810
99837.0,2025-12-17T11:06:49.024312,85.323405,-0.541802,-0.113208,0.080257,-0.828971,0.071949,0.213624,-0.886522,0.154863,0.030925,-0.314531,-0.619099,-15.941715,113.750774
99865.0,2025-12-17T11:06:49.084534,85.383626,-0.540955,-0.105837,0.081827,-0.830344,0.839276,-0.240306,1.635993,0.098554,0.023280,0.021590,-1.270423,-15.324807,114.003766
99899.0,2025-12-17T11:06:49.084534,85.383626,-0.542082,-0.110725,0.068818,-0.830151,-1.067336,-0.383956,0.133816,0.238858,0.076015,-0.063622,0.343157,-14.977947,113.666500
99930.0,2025-12-17T11:06:49.147509,85.446602,-0.540221,-0.108136,0.075907,-0.831087,0.465080,0.299422,0.260998,0.109804,0.010631,0.043881,-0.554275,-15.174145,114.024642
99966.0,2025-12-17T11:06:49.181642,85.480734,-0.542941,-0.119431,0.059731,-0.829086,-1.453699,-0.458506,-0.495448,0.424187,0.007880,-0.154884,1.820066,-15.242123,113.317537
99991.0,2025-12-17T11:06:49.207102,85.506194,-0.546748,-0.113133,0.054560,-0.827823,0.465477,0.010378,0.907920,0.359536,0.134587,-0.429996,1.973903,-14.298253,112.865708
100016.0,2025-12-17T11:06:49.208256,85.507349,-0.548964,-0.108670,0.056383,-0.826832,1.859332,0.809467,-0.673845,0.225397,0.207353,-0.308411,1.539690,-13.981444,112.647911
100045.0,2025-12-17T11:06:49.265008,85.564101,-0.549666,-0.112409,0.058050,-0.825749,0.046883,0.577644,-1.732441,0.378090,0.188999,-0.181246,1.639468,-14.445577,112.492121
100072.0,2025-12-17T11:06:49.265008,85.564101,-0.547315,-0.111065,0.063699,-0.827075,1.707594,1.521456,-1.079152,0.168009,0.020773,0.110684,0.960049,-14.681458,112.887344
100108.0,2025-12-17T11:06:49.325703,85.624796,-0.542958,-0.106673,0.056888,-0.831012,0.079487,0.091380,-0.270854,-0.028569,-0.123025,0.245797,1.256279,-13.831541,113.528908
100142.0,2025-12-17T11:06:49.328441,85.627533,-0.544243,-0.113443,0.056193,-0.829321,-0.728607,0.274544,-1.502871,-0.147365,0.056973,-0.069036,1.791627,-14.437604,113.223178
100170.0,2025-12-17T11:06:49.385632,85.684724,-0.542395,-0.107061,0.071955,-0.830161,1.670745,1.091344,0.885995,-0.454898,-0.084425,0.109635,-0.197333,-14.821751,113.707601
100197.0,2025-12-17T11:06:49.385632,85.684724,-0.540610,-0.106173,0.068655,-0.831718,-0.085173,0.089602,1.649906,-0.355528,-0.028861,0.216745,0.035112,-14.527413,113.948436
100222.0,2025-12-17T11:06:49.446867,85.745959,-0.542006,-0.111476,0.066743,-0.830270,-0.533358,-0.071103,0.444689,-0.225939,-0.037717,-0.047157,0.593630,-14.919475,113.648671
100254.0,2025-12-17T11:06:49.446867,85.745959,-0.538146,-0.101870,0.075175,-0.833288,1.710119,0.068776,1.878505,-0.184050,0.043131,0.263026,-0.925859,-14.518063,114.408353
100288.0,2025-12-17T11:06:49.503997,85.803089,-0.539839,-0.109406,0.063451,-0.832213,-2.181834,-0.343148,2.010106,0.253725,0.153807,-0.080564,0.740607,-14.513322,113.964491
100314.0,2025-12-17T11:06:49.507836,85.806928,-0.542475,-0.114280,0.065046,-0.829717,-0.596692,1.424849,-1.329203,0.092396,0.196276,-0.296484,0.952363,-15.082580,113.520081
100342.0,2025-12-17T11:06:49.507836,85.806928,-0.540300,-0.108140,0.076135,-0.831015,1.253126,0.788129,-0.577181,-0.295131,0.001218,0.141752,-0.574855,-15.189028,114.015326
100370.0,2025-12-17T11:06:49.567438,85.866530,-0.541617,-0.108259,0.066950,-0.830932,-1.145095,-1.167464,-0.010582,-0.009555,0.109612,-0.006083,0.355769,-14.621598,113.760266
100409.0,2025-12-17T11:06:49.624980,85.924072,-0.537336,-0.112429,0.077470,-0.832243,0.821753,1.748576,-1.116723,0.036015,-0.100010,0.118296,-0.483468,-15.687550,114.370142
100445.0,2025-12-17T11:06:49.624980,85.924072,-0.535984,-0.117519,0.068853,-0.833168,-0.354489,-0.408639,1.690260,0.027605,-0.055358,0.175413,0.669015,-15.642504,114.401065
100467.0,2025-12-17T11:06:49.684055,85.983147,-0.536664,-0.111885,0.063055,-0.833965,-0.125722,-0.627756,-1.348936,-0.107710,0.005255,0.040953,0.883764,-14.731828,114.362527
100504.0,2025-12-17T11:06:49.684055,85.983147,-0.535188,-0.119804,0.063728,-0.833762,-0.124995,0.518374,1.305741,-0.179888,0.001087,0.111757,1.306551,-15.544680,114.429210
100539.0,2025-12-17T11:06:49.746574,86.045666,-0.536076,-0.112491,0.055807,-0.834778,-0.194459,-0.787624,-0.166025,-0.159119,0.091760,0.058682,1.622600,-14.338143,114.380567
100572.0,2025-12-17T11:06:49.746574,86.045666,-0.535232,-0.102794,0.068293,-0.835641,0.349233,0.272385,-0.895755,-0.366572,0.097338,0.041743,-0.242218,-14.176090,114.750610
100606.0,2025-12-17T11:06:49.804677,86.103769,-0.532444,-0.111232,0.067607,-0.836397,-0.619474,1.222104,0.154330,0.087897,-0.004857,0.157386,0.317674,-14.955121,114.997285
100631.0,2025-12-17T11:06:49.804677,86.103769,-0.531875,-0.120806,0.064403,-0.835683,-0.643176,0.233092,-0.517586,0.109474,-0.028378,0.047652,1.241905,-15.689304,114.878994
100668.0,2025-12-17T11:06:49.867448,86.166540,-0.530402,-0.118900,0.052574,-0.837719,-0.145117,-0.576474,-0.145274,0.100770,-0.032240,0.165240,2.254925,-14.772407,115.027736
100705.0,2025-12-17T11:06:49.928418,86.227511,-0.528894,-0.126616,0.058463,-0.837151,-0.531086,1.491956,-3.116713,0.111060,0.015069,0.039590,2.147974,-15.892661,115.132496
100731.0,2025-12-17T11:06:49.986873,86.285965,-0.526556,-0.124276,0.069336,-0.838145,0.868918,0.947086,-0.904513,-0.216783,-0.102110,0.142564,0.874723,-16.340302,115.597040
100766.0,2025-12-17T11:06:49.986873,86.285965,-0.526964,-0.125644,0.060448,-0.838372,-0.774562,-0.895717,1.388595,-0.006316,0.050646,0.068463,1.851189,-15.925077,115.437696
100788.0,2025-12-17T11:06:49.986873,86.285965,-0.528144,-0.130331,0.052956,-0.837421,-0.669271,-0.028028,-0.408239,0.030467,0.099420,-0.057649,2.919162,-15.915543,115.114295
100827.0,2025-12-17T11:06:50.046566,86.345659,-0.525710,-0.138518,0.047872,-0.837944,-0.426590,-0.033032,-1.088740,-0.053730,-0.041051,0.212504,3.910028,-16.407973,115.229314
100859.0,2025-12-17T11:06:50.049234,86.348326,-0.527341,-0.139814,0.036678,-0.837268,-0.433897,-0.654560,2.403182,0.072701,0.119034,-0.036791,5.131047,-15.831366,114.877758
100889.0,2025-12-17T11:06:50.107687,86.406779,-0.525709,-0.137856,0.045749,-0.838172,0.499013,1.039435,-2.078817,-0.128949,0.014647,0.059815,4.075995,-16.212237,115.226646
100909.0,2025-12-17T11:06:50.107687,86.406779,-0.526158,-0.138870,0.040723,-0.837982,-0.275522,-0.501661,2.711422,-0.211195,-0.006961,0.082372,4.647306,-15.997426,115.098256
100942.0,2025-12-17T11:06:50.166612,86.465705,-0.525512,-0.137943,0.047624,-0.838177,0.088566,0.184668,-0.227491,0.084731,0.096363,-0.056782,3.892742,-16.337553,115.268062
100982.0,2025-12-17T11:06:50.166612,86.465705,-0.523601,-0.142246,0.060176,-0.837847,-0.114774,0.902056,-2.278432,-0.146463,-0.124246,0.045491,2.892954,-17.540292,115.548100
101008.0,2025-12-17T11:06:50.224544,86.523636,-0.525159,-0.139612,0.055252,-0.837654,-0.006321,-0.314361,0.549835,-0.157168,-0.139443,0.009093,3.241022,-16.973220,115.345729
101038.0,2025-12-17T11:06:50.228700,86.527792,-0.524129,-0.141416,0.065709,-0.837241,-0.065686,0.071746,-1.010545,-0.027943,-0.089367,-0.032994,2.300038,-17.799011,115.545059
101067.0,2025-12-17T11:06:50.286386,86.585478,-0.525907,-0.147172,0.055607,-0.835865,-0.820310,-0.671799,-0.101610,0.102114,-0.100540,-0.053873,3.722302,-17.729301,115.064885
101112.0,2025-12-17T11:06:50.288407,86.587499,-0.527399,-0.150148,0.045882,-0.834986,0.529349,-0.121630,0.147786,0.053823,-0.143526,-0.103429,4.914953,-17.405855,114.692081
101139.0,2025-12-17T11:06:50.346227,86.645320,-0.529319,-0.142480,0.044839,-0.835171,0.413706,-0.506617,0.977606,-0.097065,-0.133478,-0.066358,4.544547,-16.586226,114.605457
101171.0,2025-12-17T11:06:50.346227,86.645320,-0.532345,-0.138323,0.036802,-0.834339,0.269648,-0.501264,1.753005,0.072562,-0.082650,-0.141670,5.116006,-15.664151,114.216495
101207.0,2025-12-17T11:06:50.404908,86.704000,-0.534800,-0.135792,0.037082,-0.833171,0.391893,-0.500706,2.503222,-0.138477,0.009553,-0.160305,4.966201,-15.422753,113.935581
101232.0,2025-12-17T11:06:50.404908,86.704000,-0.537691,-0.134037,0.034916,-0.831687,0.125910,-0.428607,2.203514,-0.035176,0.075971,-0.207835,5.114114,-15.099832,113.555920
101257.0,2025-12-17T11:06:50.466243,86.765335,-0.541080,-0.132601,0.031832,-0.829841,0.102170,-0.224573,1.942924,0.012405,0.110073,-0.269391,5.379531,-14.745314,113.092475
101293.0,2025-12-17T11:06:50.466243,86.765335,-0.542981,-0.131337,0.032184,-0.828786,0.471455,0.467255,0.721848,-0.109225,0.143734,-0.213534,5.294375,-14.634489,112.857842
101318.0,2025-12-17T11:06:50.527572,86.826665,-0.545283,-0.129994,0.031948,-0.827495,0.171214,0.204247,0.841077,0.030202,0.150745,-0.208274,5.267597,-14.476323,112.564250
101347.0,2025-12-17T11:06:50.654480,86.953572,-0.548254,-0.127759,0.030899,-0.825918,0.884699,0.892008,0.193734,0.056591,0.192411,-0.251999,5.269825,-14.177012,112.190843
101377.0,2025-12-17T11:06:50.654480,86.953572,-0.550909,-0.126062,0.030890,-0.824411,0.276221,0.953048,-0.194852,-0.003766,0.166443,-0.206118,5.201420,-13.998095,111.855756
101413.0,2025-12-17T11:06:50.654480,86.953572,-0.553876,-0.125039,0.030780,-0.822581,0.557063,1.057610,-0.501220,0.027374,0.129731,-0.233066,5.193283,-13.875057,111.459819
101447.0,2025-12-17T11:06:50.654480,86.953572,-0.555785,-0.123080,0.031946,-0.821543,1.062276,1.237492,-0.620475,-0.046780,0.107991,-0.157700,4.980236,-13.753273,111.241262
101476.0,2025-12-17T11:06:50.654480,86.953572,-0.556563,-0.123271,0.032285,-0.820975,0.293288,1.146377,-0.754436,0.054436,0.067214,-0.082187,4.974094,-13.788668,111.129133
101512.0,2025-12-17T11:06:50.706762,87.005854,-0.558429,-0.122397,0.034059,-0.819766,0.894760,1.097683,-0.488077,-0.029310,0.037365,-0.134868,4.776323,-13.810546,110.895484
101545.0,2025-12-17T11:06:50.764115,87.063207,-0.558544,-0.122181,0.037620,-0.819564,0.173966,1.265246,-1.000455,-0.111588,-0.008586,-0.010430,4.423083,-14.022094,110.905843
101581.0,2025-12-17T11:06:50.884425,87.183518,-0.559172,-0.122574,0.040753,-0.818927,0.753107,1.205731,-0.568545,-0.041866,-0.050187,-0.056732,4.161532,-14.260641,110.827904
101620.0,2025-12-17T11:06:50.884425,87.183518,-0.558295,-0.125182,0.042848,-0.819024,-0.236904,0.853807,-0.755877,0.009739,-0.052914,0.031796,4.124765,-14.649007,110.908350
101663.0,2025-12-17T11:06:50.884425,87.183518,-0.558145,-0.126298,0.046218,-0.818771,0.685770,0.693049,0.027209,-0.015392,-0.106417,-0.011051,3.876011,-14.975789,110.926886
101700.0,2025-12-17T11:06:50.884425,87.183518,-0.557339,-0.127573,0.049797,-0.818913,-0.044975,0.518301,-0.270387,-0.081129,-0.076630,0.058848,3.605229,-15.334281,111.037421
101729.0,2025-12-17T11:06:50.945673,87.244766,-0.557657,-0.131009,0.049101,-0.818196,-0.042605,-0.082548,1.163610,0.028445,-0.107166,-0.024903,3.915666,-15.613364,110.908739
101762.0,2025-12-17T11:06:50.948080,87.247172,-0.557670,-0.130797,0.052543,-0.818007,0.272051,0.312149,0.629238,-0.081594,-0.036733,-0.010292,3.570689,-15.818433,110.935936
101799.0,2025-12-17T11:06:51.006059,87.305151,-0.558313,-0.131772,0.050746,-0.817525,-0.284083,0.024301,0.588129,-0.001417,-0.038297,-0.045655,3.823575,-15.790307,110.808812
101833.0,2025-12-17T11:06:51.006059,87.305151,-0.558620,-0.131695,0.052398,-0.817224,0.265372,0.182479,0.316844,0.026624,-0.010017,-0.044424,3.665753,-15.889872,110.778449
101876.0,2025-12-17T11:06:51.067941,87.367033,-0.559212,-0.134472,0.052792,-0.816341,-0.073077,0.234372,-0.098979,0.057215,-0.021126,-0.063785,3.833142,-16.176240,110.631080
101911.0,2025-12-17T11:06:51.126509,87.425601,-0.560085,-0.134673,0.050942,-0.815826,0.296183,0.165889,0.182469,-0.029791,-0.020052,-0.047975,4.042192,-16.069518,110.488018
101950.0,2025-12-17T11:06:51.126509,87.425601,-0.560677,-0.136850,0.051738,-0.815007,0.065977,0.184750,0.397860,0.062412,-0.012691,-0.068689,4.130462,-16.324910,110.355902
101986.0,2025-12-17T11:06:51.184392,87.483484,-0.562002,-0.135313,0.053545,-0.814234,0.592442,0.097877,0.766575,-0.027763,-0.003801,-0.098123,3.876790,-16.292250,110.216310
102023.0,2025-12-17T11:06:51.246635,87.545727,-0.562687,-0.135331,0.054860,-0.813671,0.153287,0.265996,0.322996,-0.011522,0.013369,-0.057788,3.766370,-16.377672,110.126911
102060.0,2025-12-17T11:06:51.246635,87.545727,-0.564118,-0.133965,0.054881,-0.812904,0.553468,-0.029493,1.069324,0.051878,0.014116,-0.109704,3.697748,-16.243468,109.954364
102090.0,2025-12-17T11:06:51.305007,87.604099,-0.565420,-0.133021,0.057310,-0.811986,0.183082,0.238574,0.540144,-0.069699,0.035868,-0.099915,3.426008,-16.309789,109.806605
102136.0,2025-12-17T11:06:51.310114,87.609206,-0.566564,-0.131220,0.058466,-0.811399,0.616802,0.336223,0.730771,-0.037108,0.031879,-0.103369,3.212424,-16.212039,109.692553
102168.0,2025-12-17T11:06:51.367089,87.666181,-0.567859,-0.132999,0.059517,-0.810127,-0.165584,0.459810,-0.102935,-0.004933,-0.006305,-0.105868,3.264550,-16.444443,109.470996
102206.0,2025-12-17T11:06:51.425234,87.724326,-0.572292,-0.130929,0.061844,-0.807165,-0.326660,2.458807,4.779490,-0.214932,0.012648,-0.271883,2.988811,-16.388419,108.895050
102234.0,2025-12-17T11:06:51.428845,87.727937,-0.577877,-0.119867,0.071783,-0.804075,0.745218,6.288828,5.028574,-1.028351,0.214177,-0.288856,1.376938,-16.005376,108.397852
102254.0,2025-12-17T11:06:51.428845,87.727937,-0.581647,-0.100455,0.088941,-0.802299,4.124813,8.237144,16.558470,-1.840489,0.413594,-0.043674,-1.536315,-15.346441,108.324619
102278.0,2025-12-17T11:06:51.484377,87.783469,-0.584456,-0.087498,0.094750,-0.801110,-3.101599,18.619316,9.001216,-1.213760,0.689255,-0.116625,-2.933166,-14.533458,108.148254
102304.0,2025-12-17T11:06:51.484377,87.783469,-0.586294,-0.072131,0.108345,-0.799573,-10.552227,29.744249,-3.826637,-1.726753,0.376937,0.023525,-5.244410,-14.027753,108.143546
102326.0,2025-12-17T11:06:51.547633,87.846725,-0.581105,-0.038699,0.154897,-0.798014,-9.454109,32.372120,-13.601098,-4.410268,-0.096301,0.795672,-12.030197,-13.992025,109.358203
102345.0,2025-12-17T11:06:51.547633,87.846725,-0.567934,-0.030886,0.220175,-0.792477,-6.865435,20.628841,-23.250694,-5.320971,-3.170631,1.029949,-19.204224,-17.400126,111.710732
102360.0,2025-12-17T11:06:51.547633,87.846725,-0.565140,-0.003943,0.237960,-0.789922,-7.364621,7.359146,-8.318863,-2.917042,1.055207,0.719963,-22.730792,-15.973349,112.068180
102386.0,2025-12-17T11:06:51.606063,87.905155,-0.558781,-0.002906,0.261413,-0.787032,-4.007162,25.499334,-33.264587,-2.369597,-1.672733,0.446801,-25.308111,-17.260662,113.155014
102412.0,2025-12-17T11:06:51.606063,87.905155,-0.560366,0.023710,0.282081,-0.778369,-3.093451,10.305185,-24.996462,-2.698987,0.790754,0.075137,-29.011832,-16.214051,112.719399
102437.0,2025-12-17T11:06:51.606063,87.905155,-0.528511,0.010301,0.362300,-0.767664,7.201897,17.349121,-34.327271,-4.054738,-4.739624,0.991514,-37.569131,-21.539588,118.311122
102460.0,2025-12-17T11:06:51.665355,87.964447,-0.486521,-0.016200,0.409183,-0.771754,9.305079,1.858023,-35.140549,-1.799351,-5.189362,2.089595,-42.817370,-25.034019,125.493737
102479.0,2025-12-17T11:06:51.665355,87.964447,-0.442240,-0.058739,0.477401,-0.757009,10.986406,3.451508,-39.504921,-3.284281,-7.435918,0.942875,-51.308707,-30.742655,134.456557
102505.0,2025-12-17T11:06:51.728570,88.027663,-0.402449,-0.091572,0.522063,-0.746391,8.896280,3.351578,-39.038090,-2.143187,-6.250777,1.204431,-58.163258,-33.841981,142.540573
102529.0,2025-12-17T11:06:51.728570,88.027663,-0.336259,-0.162431,0.524916,-0.764859,2.663509,12.481596,-39.637520,3.283420,-6.779519,1.548462,-60.271346,-36.976568,154.505669
102554.0,2025-12-17T11:06:51.728570,88.027663,-0.296803,-0.214816,0.570604,-0.734965,4.219591,25.839972,-47.813797,-2.287430,-6.961830,0.004237,-70.166344,-40.880092,165.357373
102573.0,2025-12-17T11:06:51.784221,88.083313,-0.249019,-0.264483,0.640427,-0.676677,3.961998,35.734684,-51.451344,-4.897877,-7.976319,0.368211,-86.900271,-42.601553,-179.863449
102597.0,2025-12-17T11:06:51.784221,88.083313,-0.203405,-0.294205,0.677143,-0.643076,-0.252653,44.054531,-52.605263,-2.610326,-6.536457,1.278579,-96.843693,-40.833307,-169.581141
102623.0,2025-12-17T11:06:51.846151,88.145244,-0.143393,-0.333730,0.708387,-0.605186,-2.546467,40.133869,-44.167542,-1.763127,-7.346116,1.170412,-106.551861,-37.379660,-157.876503
102648.0,2025-12-17T11:06:51.849209,88.148301,-0.100432,-0.352391,0.745368,-0.556920,-4.893915,45.493359,-36.678650,-3.055681,-4.877078,1.405941,-115.332229,-32.835251,-150.522960
102667.0,2025-12-17T11:06:51.849209,88.148301,-0.056804,-0.355821,0.776193,-0.517387,-6.609986,45.075733,-33.006725,-2.519855,-4.194201,2.333896,-120.991979,-27.153519,-146.307851
102689.0,2025-12-17T11:06:51.905646,88.204738,-0.018836,-0.356312,0.800734,-0.481157,-8.208965,46.500038,-28.738194,-2.655071,-4.283125,2.524249,-125.309341,-21.903804,-143.452918
102714.0,2025-12-17T11:06:51.907834,88.206927,0.009078,-0.351294,0.824337,-0.443822,-3.841305,38.180935,-23.109373,-3.121308,-3.348305,2.500565,-129.381454,-17.268984,-142.051865
102739.0,2025-12-17T11:06:51.907834,88.206927,0.044245,-0.333891,0.853523,-0.397564,-4.476664,39.896809,-17.344387,-2.998276,-2.895499,3.157867,-133.834764,-10.950295,-141.948425
102762.0,2025-12-17T11:06:51.968035,88.267127,0.068694,-0.310311,0.880432,-0.351892,-1.710648,42.311596,-14.115515,-3.320420,-2.096287,3.351409,-138.284507,-5.591234,-143.301485
102786.0,2025-12-17T11:06:51.968035,88.267127,0.089838,-0.285329,0.904775,-0.303148,3.404022,42.876446,-11.114719,-3.506970,-1.889529,3.274243,-143.140076,-0.597491,-145.192787
102809.0,2025-12-17T11:06:52.026090,88.325182,0.107649,-0.255407,0.925513,-0.258077,4.812115,34.740566,-5.551204,-3.455172,-1.586338,3.731512,-147.729905,3.866525,-148.025999
102834.0,2025-12-17T11:06:52.028464,88.327556,0.130470,-0.215150,0.944006,-0.213400,6.041936,23.411617,-7.532993,-3.115045,-1.745703,4.563601,-152.314147,8.887977,-152.127527
102853.0,2025-12-17T11:06:52.028464,88.327556,0.106994,-0.173073,0.944422,-0.258196,5.510351,28.075989,-21.439095,3.505076,3.356683,2.380393,-148.123243,6.472259,-157.380475
102871.0,2025-12-17T11:06:52.084347,88.383440,0.097478,-0.164845,0.921210,-0.338669,-10.065557,31.970154,-32.705002,7.914071,2.197624,-0.712638,-138.880841,3.895688,-158.247601
102895.0,2025-12-17T11:06:52.084347,88.383440,0.101488,-0.168291,0.886998,-0.417867,-9.183648,7.347194,-17.495708,10.173059,0.412550,-1.668821,-129.099198,2.257587,-157.439276
102921.0,2025-12-17T11:06:52.146847,88.445939,0.106716,-0.149075,0.831159,-0.524941,-3.053304,4.316903,-16.983774,10.208016,1.326787,-0.087123,-115.226053,1.196755,-158.904276
102940.0,2025-12-17T11:06:52.146847,88.445939,0.076183,-0.131363,0.776218,-0.611904,-6.444249,-7.289929,-19.498140,7.725530,3.277924,-1.473410,-103.872173,-2.435482,-162.696385
102955.0,2025-12-17T11:06:52.146847,88.445939,0.052654,-0.140651,0.729617,-0.667161,-4.060865,1.185013,-19.741879,6.523597,1.571541,-3.078103,-96.020978,-6.363718,-163.906325
102982.0,2025-12-17T11:06:52.146847,88.445939,0.044516,-0.134789,0.679580,-0.719737,-5.590049,7.560968,-19.834023,8.521342,1.755677,-1.316962,-87.686433,-7.673136,-165.551297
103012.0,2025-12-17T11:06:52.207067,88.506159,0.035685,-0.112292,0.614959,-0.779707,-4.591996,-0.049476,-13.801913,6.103394,1.920531,-0.171504,-77.271187,-7.540084,-168.729107
103036.0,2025-12-17T11:06:52.207067,88.506159,0.009640,-0.116706,0.589152,-0.799492,-1.789327,19.235479,-37.661358,2.258317,1.072878,-2.058786,-73.564316,-10.093395,-171.063865
103059.0,2025-12-17T11:06:52.264833,88.563925,0.010199,-0.103612,0.491594,-0.864579,-8.483359,17.408524,-35.677792,10.097416,1.463516,-0.308863,-59.838499,-9.737451,-173.035614
103078.0,2025-12-17T11:06:52.264833,88.563925,0.015523,-0.057686,0.400986,-0.914135,14.727079,1.955873,-19.071491,9.249290,3.682940,1.541527,-47.569845,-5.337187,-175.700624
103093.0,2025-12-17T11:06:52.264833,88.563925,0.014002,-0.009263,0.309074,-0.950890,7.190946,1.792637,-9.240658,9.579830,4.066612,0.788463,-36.020480,-0.513388,-178.145806
103121.0,2025-12-17T11:06:52.328375,88.627468,0.003410,0.041113,0.282535,-0.958370,-4.026700,-4.808177,3.641190,3.351334,6.129519,0.611899,-32.890649,4.630533,179.040176
103145.0,2025-12-17T11:06:52.328903,88.627995,0.009487,0.072400,0.193974,-0.978285,-8.162648,2.203640,-32.543144,5.971625,2.295432,1.520258,-22.470492,8.356743,179.448371
103167.0,2025-12-17T11:06:52.384108,88.683200,0.017009,0.128058,0.161287,-0.978416,-10.204757,-1.444286,-9.577291,3.294583,5.425247,2.113579,-18.783457,14.837250,179.524311
103192.0,2025-12-17T11:06:52.384108,88.683200,0.024015,0.152538,0.181209,-0.971246,0.901070,2.444901,-38.046471,-1.899776,2.164982,0.752994,-21.217913,17.758609,179.480610
103218.0,2025-12-17T11:06:52.384108,88.683200,0.014657,0.210759,0.105355,-0.971734,4.912220,1.014566,-31.231873,6.301063,4.635863,1.071156,-12.591987,24.374076,178.998254
103241.0,2025-12-17T11:06:52.445017,88.744109,0.050132,0.250254,0.158788,-0.953754,3.526822,6.971914,-14.687950,-4.682885,3.032322,2.159400,-18.624031,29.556550,-178.936064
103265.0,2025-12-17T11:06:52.448830,88.747922,0.066347,0.303452,0.173043,-0.934650,1.757039,3.127413,-19.763941,-1.536111,4.574081,1.815920,-20.537734,36.171564,-178.651258
103284.0,2025-12-17T11:06:52.507913,88.807005,0.084582,0.361120,0.162002,-0.914436,-9.707674,1.503327,3.185308,0.428244,4.701337,2.655633,-18.906286,43.460009,-177.023915
103305.0,2025-12-17T11:06:52.507913,88.807005,0.106715,0.389897,0.162257,-0.900147,3.334247,3.937702,-18.953297,-0.786418,2.707498,2.523866,-17.989696,47.439227,-174.434941
103329.0,2025-12-17T11:06:52.507913,88.807005,0.123936,0.380460,0.190625,-0.896411,11.707799,7.704782,-41.705997,-3.257168,-0.654615,0.318175,-21.204283,46.831670,-173.525499
103350.0,2025-12-17T11:06:52.564413,88.863505,0.126822,0.369253,0.176572,-0.903544,8.069870,2.401165,-31.559370,1.006835,-1.321235,0.431332,-18.726970,45.402662,-171.912390
103375.0,2025-12-17T11:06:52.564413,88.863505,0.147298,0.375570,0.198572,-0.893208,-10.498717,-5.035740,-8.154216,-2.733974,0.835633,1.229842,-20.905262,46.838038,-170.408577
103394.0,2025-12-17T11:06:52.564413,88.863505,0.165908,0.368148,0.238382,-0.883242,0.460782,-2.577194,-16.231804,-3.699776,-0.058256,0.135111,-25.913130,46.838342,-170.104658
103420.0,2025-12-17T11:06:52.627803,88.926895,0.171929,0.365965,0.250606,-0.879606,0.175126,-4.080060,-15.066387,-1.377719,0.000275,0.087018,-27.447142,46.884906,-169.970161
103444.0,2025-12-17T11:06:52.628332,88.927424,0.178946,0.364723,0.257865,-0.876619,-2.770826,-4.787829,-10.030904,-0.796093,-0.015632,0.291145,-28.150579,47.031996,-169.378040
103467.0,2025-12-17T11:06:52.684355,88.983448,0.180967,0.359112,0.264722,-0.876477,-3.092382,-7.000970,-6.769868,-0.892329,-0.008730,-0.272957,-29.030571,46.495357,-169.360797
103486.0,2025-12-17T11:06:52.684355,88.983448,0.181020,0.352599,0.272015,-0.876877,-4.471467,-5.432355,-5.736204,-0.839037,-0.018323,-0.387651,-30.074090,45.795215,-169.618564
103507.0,2025-12-17T11:06:52.684355,88.983448,0.183158,0.347850,0.274257,-0.877631,-5.952255,-5.588177,-2.685006,-0.470670,-0.010741,0.032678,-30.225201,45.319060,-169.288644
103530.0,2025-12-17T11:06:52.745980,89.045072,0.185448,0.344815,0.273946,-0.878445,-4.279006,-6.712294,-4.839154,-0.296686,0.012951,0.072218,-29.999936,45.024372,-168.832699
103555.0,2025-12-17T11:06:52.748657,89.047750,0.184570,0.340073,0.276934,-0.879541,-4.686551,-6.534277,-3.866248,-0.459640,0.044741,-0.310570,-30.442245,44.462586,-168.988813
103569.0,2025-12-17T11:06:52.748657,89.047750,0.185125,0.335631,0.277442,-0.880969,-5.399946,-5.362205,-3.579217,-0.255731,0.031966,-0.056957,-30.425530,43.954266,-168.790640
103611.0,2025-12-17T11:06:52.805334,89.104427,0.186680,0.330539,0.274187,-0.883581,-3.777958,-6.949231,-5.102917,-0.071702,0.003778,-0.004954,-29.777555,43.352611,-168.205095
103646.0,2025-12-17T11:06:52.864302,89.163394,0.187427,0.324631,0.270556,-0.886727,-4.992271,-5.620974,-3.530715,-0.041825,0.007660,0.000830,-29.122864,42.620365,-167.702273
103690.0,2025-12-17T11:06:52.864302,89.163394,0.187377,0.320018,0.263160,-0.890632,-3.768830,-6.820481,-4.585268,0.112366,0.011066,-0.031617,-27.977599,41.963486,-167.152678
103727.0,2025-12-17T11:06:52.928249,89.227342,0.187573,0.314185,0.256558,-0.894585,-4.824453,-5.467712,-3.278024,0.160595,0.002641,0.061552,-26.952817,41.176175,-166.603670
103754.0,2025-12-17T11:06:52.928249,89.227342,0.188360,0.310322,0.247881,-0.898207,-4.042291,-6.339679,-3.858221,0.222495,-0.001161,0.066858,-25.629264,40.605570,-165.933319
103788.0,2025-12-17T11:06:52.988609,89.287701,0.186998,0.304623,0.242097,-0.902012,-4.616291,-5.482256,-3.129456,0.109746,0.003926,-0.086792,-24.845757,39.798596,-165.693675
103826.0,2025-12-17T11:06:53.045006,89.344098,0.187815,0.299390,0.234154,-0.905684,-4.169498,-5.877402,-3.397474,0.174171,-0.001599,0.051765,-23.668923,39.069384,-165.072463
103861.0,2025-12-17T11:06:53.045006,89.344098,0.187628,0.293819,0.228806,-0.908908,-4.627528,-5.053074,-2.762089,0.082440,0.000682,-0.017299,-22.928059,38.313872,-164.732102
103888.0,2025-12-17T11:06:53.106979,89.406071,0.189019,0.288372,0.221418,-0.912188,-4.277964,-5.401027,-2.908686,0.110890,-0.002552,0.073282,-21.847097,37.575335,-164.098965
103930.0,2025-12-17T11:06:53.106979,89.406071,0.188871,0.281303,0.215903,-0.915742,-4.308772,-5.142296,-2.622999,0.034567,0.001289,-0.051509,-21.122416,36.637952,-163.757081
103968.0,2025-12-17T11:06:53.167109,89.466202,0.190268,0.274988,0.209445,-0.918865,-4.144920,-5.140565,-2.584789,0.040393,-0.000855,0.048243,-20.217062,35.806827,-163.195002
104006.0,2025-12-17T11:06:53.227488,89.526580,0.190725,0.267603,0.204383,-0.922085,-4.251785,-4.755960,-2.249015,-0.013996,0.000984,-0.012896,-19.567451,34.852593,-162.823687
104053.0,2025-12-17T11:06:53.228298,89.527391,0.191494,0.260118,0.198758,-0.925291,-3.969354,-4.904426,-2.314925,-0.018802,-0.000147,-0.013822,-18.847924,33.882492,-162.403459
104088.0,2025-12-17T11:06:53.284826,89.583918,0.192481,0.252329,0.193356,-0.928383,-3.983906,-4.611770,-2.040960,-0.028109,0.000368,0.008527,-18.170692,32.884662,-161.977625
104129.0,2025-12-17T11:06:53.344612,89.643704,0.192655,0.243397,0.188682,-0.931687,-3.769348,-4.638375,-2.042644,-0.019915,-0.000311,-0.000531,-17.648438,31.751842,-161.690032
104172.0,2025-12-17T11:06:53.344612,89.643704,0.192935,0.241945,0.187654,-0.932215,-3.738282,-4.653537,-2.014202,-0.009979,0.000318,0.005211,-17.521120,31.567328,-161.602249
104209.0,2025-12-17T11:06:53.406521,89.705613,0.193208,0.240455,0.186298,-0.932816,-3.724419,-4.603942,-1.976188,0.003077,0.000481,0.007501,-17.352428,31.371801,-161.503819
104247.0,2025-12-17T11:06:53.466590,89.765682,0.193399,0.231493,0.181138,-0.936054,-3.617997,-4.452215,-1.835574,0.005426,0.000520,0.010463,-16.788692,30.228097,-161.217342
104291.0,2025-12-17T11:06:53.468470,89.767562,0.194243,0.223529,0.174500,-0.939071,-3.514518,-4.311271,-1.698065,0.003579,0.000530,0.008768,-16.017045,29.183656,-160.822040
104337.0,2025-12-17T11:06:53.528533,89.827625,0.194841,0.215370,0.168669,-0.941915,-3.400657,-4.190262,-1.567721,-0.002415,0.000532,0.008370,-15.374757,28.128248,-160.499142
104368.0,2025-12-17T11:06:53.584243,89.883335,0.195615,0.207800,0.162510,-0.944534,-3.282294,-4.069028,-1.482166,-0.004734,-0.000261,0.007474,-14.691431,27.137437,-160.162859
104411.0,2025-12-17T11:06:53.584243,89.883335,0.196426,0.199446,0.155705,-0.947309,-3.174427,-3.922994,-1.345455,-0.003715,0.000343,0.007241,-13.953397,26.042857,-159.813343
104457.0,2025-12-17T11:06:53.646483,89.945575,0.195490,0.189629,0.151835,-0.950142,-3.022016,-3.830553,-1.242904,-0.002683,0.000484,0.008775,-13.662376,24.816527,-159.767079
104489.0,2025-12-17T11:06:53.707746,90.006838,0.196199,0.181889,0.145264,-0.952534,-2.916492,-3.683692,-1.116823,0.000755,0.000520,0.008372,-12.970505,23.797933,-159.466734
104533.0,2025-12-17T11:06:53.707746,90.006838,0.197320,0.172911,0.137191,-0.955168,-2.781057,-3.509145,-0.999609,-0.001608,0.000530,0.008266,-12.121268,22.610178,-159.087769
104576.0,2025-12-17T11:06:53.768566,90.067659,0.197998,0.164953,0.130509,-0.957369,-2.665971,-3.358458,-0.900159,-0.000559,-0.000262,0.008242,-11.446838,21.562914,-158.816971
104610.0,2025-12-17T11:06:53.827519,90.126611,0.198678,0.156908,0.123757,-0.959475,-2.547749,-3.215952,-0.813755,-0.001085,-0.000464,0.009030,-10.776599,20.504032,-158.556946
104650.0,2025-12-17T11:06:53.827519,90.126611,0.198310,0.146937,0.118389,-0.961804,-2.384596,-3.081329,-0.733838,0.000375,-0.001313,0.008434,-10.339794,19.244803,-158.457085
104686.0,2025-12-17T11:06:53.884664,90.183756,0.198931,0.138747,0.111406,-0.963724,-2.271117,-2.915774,-0.626597,-0.000848,-0.001525,0.008285,-9.665445,18.164900,-158.222402
104727.0,2025-12-17T11:06:53.944636,90.243728,0.198892,0.128799,0.104598,-0.965874,-2.113283,-2.753437,-0.542640,0.000448,-0.000775,0.009051,-9.068539,16.882732,-158.077298
104768.0,2025-12-17T11:06:53.948694,90.247786,0.199458,0.120545,0.097373,-0.967576,-1.993441,-2.591845,-0.444370,0.002348,0.000200,0.008442,-8.386368,15.790247,-157.869163
104808.0,2025-12-17T11:06:54.005622,90.304714,0.200002,0.112124,0.089965,-0.969192,-1.868990,-2.425750,-0.355613,0.004426,0.000449,0.008286,-7.695282,14.674441,-157.672596
104849.0,2025-12-17T11:06:54.067923,90.367016,0.196914,0.101266,0.088597,-0.971144,-1.669219,-2.345387,-0.311910,0.001775,0.000511,0.007454,-7.810345,13.390080,-157.993876
104885.0,2025-12-17T11:06:54.067923,90.367016,0.197421,0.093080,0.080862,-0.972534,-1.546938,-2.172820,-0.225549,0.001096,0.000527,0.008832,-7.086127,12.296714,-157.814482
104927.0,2025-12-17T11:06:54.127511,90.426604,0.194108,0.082599,0.078897,-0.974307,-1.362520,-2.084711,-0.189026,0.000131,-0.000262,0.008386,-7.121263,11.045136,-158.154815
104965.0,2025-12-17T11:06:54.184796,90.483888,0.194611,0.073778,0.069813,-0.975607,-1.231481,-1.881223,-0.135976,0.002324,-0.000469,0.009085,-6.264282,9.853460,-157.978326
105011.0,2025-12-17T11:06:54.184796,90.483888,0.195006,0.065825,0.061588,-0.976651,-1.113160,-1.695607,-0.054714,0.004414,0.000278,0.007656,-5.494351,8.777451,-157.838707
105050.0,2025-12-17T11:06:54.247217,90.546310,0.191189,0.056473,0.060257,-0.978073,-0.949372,-1.621921,-0.031881,0.000977,0.000468,0.008086,-5.574905,7.672498,-158.253257
105086.0,2025-12-17T11:06:54.305108,90.604200,0.191559,0.048380,0.051177,-0.978951,-0.828620,-1.425477,0.003929,-0.006368,-0.000290,0.007391,-4.715229,6.565049,-158.127308
105128.0,2025-12-17T11:06:54.309277,90.608369,0.185753,0.038896,0.054779,-0.980297,-0.637242,-1.457715,0.015456,-0.012172,0.000332,0.008028,-5.358423,5.544022,-158.800554
105167.0,2025-12-17T11:06:54.367611,90.666704,0.186067,0.032301,0.045284,-0.980961,-0.544680,-1.257285,0.067621,-0.009591,0.000482,0.008182,-4.420330,4.601403,-158.697297
105207.0,2025-12-17T11:06:54.427011,90.726104,0.186353,0.025843,0.035741,-0.981492,-0.449768,-1.055977,0.092027,-0.003388,-0.001068,0.008220,-3.477259,3.672335,-158.610314
105246.0,2025-12-17T11:06:54.428895,90.727988,0.179441,0.019709,0.041168,-0.982709,-0.325855,-1.137451,0.103735,0.001371,-0.001463,0.007436,-4.240593,3.067408,-159.417348
105288.0,2025-12-17T11:06:54.484257,90.783349,0.179682,0.014538,0.030747,-0.983137,-0.265254,-0.904077,0.103681,0.003375,0.000024,0.008824,-3.168728,2.271535,-159.348298
105326.0,2025-12-17T11:06:54.544181,90.843273,0.174643,0.011071,0.032442,-0.984035,-0.186391,-0.915684,0.123689,0.001464,-0.000400,0.008374,-3.440671,1.897973,-159.929241
105364.0,2025-12-17T11:06:54.544181,90.843273,0.174839,0.006727,0.021677,-0.984335,-0.145738,-0.697009,0.167858,-0.001364,-0.000499,0.008269,-2.311447,1.193177,-159.880245
105407.0,2025-12-17T11:06:54.608188,90.907280,0.175025,0.001964,0.009972,-0.984512,-0.093334,-0.448307,0.148722,-0.004535,0.000287,0.008242,-1.085725,0.421582,-159.842743
105447.0,2025-12-17T11:06:54.664746,90.963839,0.167941,-0.001990,0.018034,-0.985630,0.007176,-0.598145,0.156618,-0.002872,-0.000331,0.007432,-2.075632,0.122291,-160.662730
105491.0,2025-12-17T11:06:54.667963,90.967055,0.168062,-0.003865,0.006579,-0.985747,0.003150,-0.373671,0.192994,-0.001674,0.000313,0.008030,-0.817605,-0.309848,-160.646952
105528.0,2025-12-17T11:06:54.728498,91.027591,0.160732,-0.006715,0.014142,-0.986874,0.078702,-0.505626,0.182101,0.001042,0.000478,0.008183,-1.723252,-0.498943,-161.491479
105565.0,2025-12-17T11:06:54.784284,91.083376,0.160826,-0.006836,0.002554,-0.986956,0.042319,-0.270400,0.174378,-0.001470,-0.000275,0.008221,-0.414924,-0.726083,-161.487238
105608.0,2025-12-17T11:06:54.784284,91.083376,0.160904,-0.007008,-0.010257,-0.986892,0.004531,-0.024168,0.207448,-0.002941,0.001156,0.008231,1.030938,-0.981715,-161.488650
105650.0,2025-12-17T11:06:54.847097,91.146189,0.157285,-0.007219,-0.005061,-0.987514,0.027106,-0.123702,0.183885,-0.002486,-0.000895,0.009026,0.442636,-0.908178,-161.904161
105686.0,2025-12-17T11:06:54.904258,91.203350,0.157341,-0.006569,-0.016724,-0.987381,-0.018357,0.090676,0.202605,-0.004759,0.000968,0.008434,1.774416,-1.044836,-161.908041
105728.0,2025-12-17T11:06:54.909442,91.208534,0.151162,-0.008978,-0.007654,-0.988439,0.051256,-0.077949,0.192474,-0.002119,0.000639,0.008283,0.711571,-1.149549,-162.617404
105762.0,2025-12-17T11:06:54.967955,91.267048,0.151189,-0.004403,-0.018358,-0.988325,-0.070899,0.117785,0.203750,0.000105,-0.000234,0.009040,2.003397,-0.816674,-162.619473
105805.0,2025-12-17T11:06:55.026231,91.325323,0.151529,-0.008867,-0.007510,-0.988385,0.048964,-0.077872,0.216489,0.001469,0.000339,0.010029,0.696829,-1.134719,-162.574635
105851.0,2025-12-17T11:06:55.026231,91.325323,0.144639,-0.011446,0.000451,-0.989418,0.123965,-0.223760,0.204629,-0.000567,-0.000310,0.008692,-0.240936,-1.290360,-163.363458
105887.0,2025-12-17T11:06:55.084341,91.383433,0.144676,-0.007057,-0.011501,-0.989387,-0.000290,0.003359,0.217569,-0.002724,0.000333,0.008342,1.187229,-0.990784,-163.371670
105929.0,2025-12-17T11:06:55.148611,91.447703,0.140477,-0.007632,-0.005376,-0.990040,0.031223,-0.123239,0.192599,-0.002431,-0.000312,0.008261,0.487140,-0.952456,-163.852409
105969.0,2025-12-17T11:06:55.148611,91.447703,0.140526,-0.006756,-0.017014,-0.989908,-0.020053,0.097217,0.165742,0.001614,-0.000476,0.008241,1.821795,-1.040347,-163.857250
106006.0,2025-12-17T11:06:55.204117,91.503210,0.140827,-0.008231,-0.004634,-0.989989,0.034074,-0.123964,0.208450,0.009150,0.001102,0.008235,0.392905,-1.008565,-163.811302
106047.0,2025-12-17T11:06:55.266652,91.565744,0.134316,-0.010208,0.003133,-0.990881,0.097352,-0.271181,0.182118,0.009330,-0.000133,0.008234,-0.512928,-1.110910,-164.556042
106091.0,2025-12-17T11:06:55.266652,91.565744,0.134350,-0.007782,-0.008315,-0.990869,0.013098,-0.033906,0.194838,0.003021,0.001157,0.007440,0.824422,-1.011692,-164.564165
106128.0,2025-12-17T11:06:55.326798,91.625890,0.129743,-0.008543,-0.001384,-0.991510,0.044342,-0.178968,0.184865,-0.003448,0.000684,0.008041,0.030194,-0.991316,-165.090196
106165.0,2025-12-17T11:06:55.385282,91.684375,0.129809,-0.007364,-0.013445,-0.991421,-0.012055,0.056737,0.164737,-0.007431,0.000570,0.008991,1.418323,-1.036629,-165.093989
106208.0,2025-12-17T11:06:55.385282,91.684375,0.130070,-0.007553,-0.001645,-0.991475,0.028578,-0.186558,0.181907,-0.005214,-0.000253,0.008426,0.074346,-0.882736,-165.052874
106248.0,2025-12-17T11:06:55.446501,91.745593,0.123906,-0.009847,0.006149,-0.992226,0.089315,-0.330350,0.189432,0.000906,0.000333,0.007488,-0.839075,-1.032369,-165.756325
106285.0,2025-12-17T11:06:55.505354,91.804446,0.123946,-0.008165,-0.005423,-0.992241,0.028049,-0.096944,0.178038,0.003257,-0.000312,0.007250,0.500776,-1.005484,-165.763909
106330.0,2025-12-17T11:06:55.505354,91.804446,0.119120,-0.008983,0.000524,-0.992839,0.059675,-0.217033,0.192948,0.002268,-0.000477,0.008778,-0.182282,-1.014924,-166.315219
106364.0,2025-12-17T11:06:55.565581,91.864673,0.119192,-0.007570,-0.011783,-0.992773,-0.002700,0.017070,0.207640,-0.002831,0.000288,0.009173,1.237409,-1.022144,-166.318775
106405.0,2025-12-17T11:06:55.626687,91.925779,0.119390,-0.002321,-0.000924,-0.992844,-0.073688,-0.215678,0.182092,-0.004055,0.000472,0.008468,0.073389,-0.276704,-166.286334
106451.0,2025-12-17T11:06:55.626687,91.925779,0.114169,-0.004182,0.005563,-0.993437,-0.026414,-0.325157,0.181124,-0.002769,0.000517,0.008293,-0.688030,-0.403327,-166.885834
106487.0,2025-12-17T11:06:55.686373,91.985466,0.114295,-0.006531,-0.007210,-0.993399,-0.004627,-0.080180,0.182287,0.000827,-0.000286,0.009063,0.735355,-0.837940,-166.878784
106525.0,2025-12-17T11:06:55.744141,92.043233,0.114400,-0.010558,-0.018825,-0.993200,0.039031,0.172099,0.173367,0.000856,0.000332,0.008436,2.005200,-1.448525,-166.884290
106572.0,2025-12-17T11:06:55.749000,92.048092,0.108895,-0.011506,-0.011130,-0.993924,0.071491,0.025772,0.209825,0.000049,0.000485,0.009096,1.124540,-1.449489,-167.509402
106610.0,2025-12-17T11:06:55.807222,92.106314,0.108981,-0.000350,-0.007902,-0.994012,-0.138669,-0.056240,0.191016,-0.000136,-0.000273,0.008453,0.895756,-0.138496,-167.487496
106650.0,2025-12-17T11:06:55.866116,92.165209,0.101888,-0.003987,0.000497,-0.994788,-0.050703,-0.225370,0.195678,-0.001798,0.000337,0.008287,-0.103186,-0.448669,-168.303669
106690.0,2025-12-17T11:06:55.866116,92.165209,0.102009,-0.007676,-0.010515,-0.994698,0.002158,0.006478,0.205295,-0.000607,0.000483,0.009041,1.109002,-0.997925,-168.298907
106727.0,2025-12-17T11:06:55.925948,92.225040,0.102010,-0.002752,-0.021031,-0.994557,-0.114561,0.194275,0.184790,-0.000304,0.000520,0.007646,2.365484,-0.559458,-168.299012
106771.0,2025-12-17T11:06:55.984174,92.283267,0.098108,-0.004148,-0.013789,-0.995072,-0.073434,0.061189,0.189637,0.002157,0.000529,0.008878,1.525903,-0.627977,-168.746698
106811.0,2025-12-17T11:06:55.992523,92.291616,0.098441,-0.013869,-0.005094,-0.995033,0.135249,-0.096868,0.195757,0.000351,0.000532,0.007568,0.424551,-1.639037,-168.706003
106852.0,2025-12-17T11:06:56.044531,92.343624,0.091397,-0.016084,0.002728,-0.995681,0.193611,-0.236401,0.178161,0.000736,-0.000264,0.008066,-0.479894,-1.806855,-169.503123
106889.0,2025-12-17T11:06:56.109521,92.408613,0.091435,-0.009782,-0.007024,-0.995738,0.050289,-0.062479,0.170739,-0.002344,-0.000464,0.008985,0.699145,-1.189803,-169.514108
106929.0,2025-12-17T11:06:56.109521,92.408613,0.091436,-0.003459,-0.016809,-0.995663,-0.089313,0.116382,0.210944,-0.002334,0.001074,0.007630,1.882001,-0.570737,-169.515340
106969.0,2025-12-17T11:06:56.166102,92.465194,0.087145,-0.004920,-0.009802,-0.996135,-0.049059,-0.015093,0.192899,-0.002331,0.000671,0.008080,1.069915,-0.659524,-170.006777
107006.0,2025-12-17T11:06:56.227579,92.526672,0.087383,-0.016095,-0.013056,-0.995959,0.153324,0.060354,0.211992,-0.001537,-0.000226,0.008194,1.329801,-1.968014,-169.994570
107051.0,2025-12-17T11:06:56.227579,92.526672,0.081319,-0.017823,-0.004692,-0.996518,0.210274,-0.090989,0.202916,-0.000541,0.000339,0.008224,0.369950,-2.079487,-170.676372
107086.0,2025-12-17T11:06:56.284161,92.583253,0.081360,-0.006696,-0.010345,-0.996609,-0.023764,0.010812,0.216119,-0.001898,0.000486,0.009039,1.119200,-0.861225,-170.674190
107125.0,2025-12-17T11:06:56.349057,92.648149,0.081652,-0.017691,-0.006546,-0.996482,0.203663,-0.050845,0.197972,-0.003013,-0.000273,0.008439,0.582377,-2.081783,-170.641815
107166.0,2025-12-17T11:06:56.349057,92.648149,0.075052,-0.019403,0.001356,-0.996990,0.246711,-0.203877,0.177463,-0.001710,0.000327,0.008286,-0.322040,-2.205626,-171.383790
107201.0,2025-12-17T11:06:56.407152,92.706245,0.075075,-0.010647,-0.007043,-0.997096,0.058412,-0.046844,0.178431,-0.000573,0.000482,0.008247,0.713328,-1.277230,-171.396201
107247.0,2025-12-17T11:06:56.467161,92.766253,0.067398,-0.012990,0.000546,-0.997641,0.113762,-0.199707,0.197920,-0.001099,-0.000289,0.008237,-0.162842,-1.480996,-172.268096
107290.0,2025-12-17T11:06:56.469179,92.768271,0.067441,-0.007765,-0.009817,-0.997645,-0.005380,0.011789,0.212988,-0.001223,0.000323,0.009028,1.062497,-0.963633,-172.274263
107327.0,2025-12-17T11:06:56.704182,93.003275,0.067772,-0.017287,-0.001403,-0.997550,0.194251,-0.147608,0.188809,-0.000444,-0.001139,0.008423,0.026114,-1.987423,-172.227246
107369.0,2025-12-17T11:06:56.704182,93.003275,0.064030,-0.016717,0.002822,-0.997804,0.189889,-0.243816,0.180369,-0.002644,0.000107,0.007488,-0.445598,-1.891112,-172.649306
107405.0,2025-12-17T11:06:56.709407,93.008499,0.064047,-0.010129,-0.006842,-0.997872,0.045020,-0.055804,0.179558,-0.001614,-0.000371,0.008045,0.708197,-1.208575,-172.662608
107449.0,2025-12-17T11:06:56.710156,93.009248,0.062519,-0.009898,-0.004695,-0.997984,0.037412,-0.101431,0.187669,-0.002148,0.000303,0.008186,0.466079,-1.165651,-172.835493
107569.0,2025-12-17T11:06:56.764363,93.063455,0.057037,-0.011630,0.003262,-0.998299,0.083720,-0.252068,0.200958,-0.002072,0.000482,0.008233,-0.449320,-1.309279,-173.454924
107605.0,2025-12-17T11:06:56.825563,93.124656,0.057093,-0.008390,-0.008349,-0.998299,0.010170,-0.026772,0.187604,-0.001465,0.000520,0.009035,0.900422,-1.014518,-173.461533
107651.0,2025-12-17T11:06:56.825563,93.124656,0.052556,-0.009414,-0.002523,-0.998570,0.035422,-0.131287,0.185200,-0.001316,-0.000265,0.008438,0.232031,-1.092539,-173.976660
107687.0,2025-12-17T11:06:56.884342,93.183434,0.052604,-0.007069,-0.015220,-0.998474,-0.024550,0.109310,0.219938,-0.002092,-0.000470,0.008281,1.699303,-0.900615,-173.981788
107726.0,2025-12-17T11:06:56.944268,93.243360,0.052900,-0.009561,-0.003844,-0.998547,0.032897,-0.114287,0.215567,-0.002269,0.000277,0.009039,0.381979,-1.117368,-173.938623
107770.0,2025-12-17T11:06:56.944268,93.243360,0.049479,-0.009908,0.000540,-0.998726,0.044056,-0.205951,0.193171,-0.002316,-0.001974,0.008423,-0.118049,-1.130974,-174.326348
107809.0,2025-12-17T11:06:57.004357,93.303449,0.049525,-0.008050,-0.011050,-0.998679,-0.002536,0.016737,0.192168,-0.002327,0.000696,0.008281,1.219172,-0.984006,-174.332498
107850.0,2025-12-17T11:06:57.068207,93.367299,0.046068,-0.008657,-0.006101,-0.998882,0.012585,-0.068440,0.198782,-0.001535,0.001368,0.008246,0.652806,-1.023152,-174.724705
107886.0,2025-12-17T11:06:57.068207,93.367299,0.046112,-0.007055,-0.017634,-0.998756,-0.027277,0.153616,0.203979,-0.001334,0.000745,0.008237,1.981520,-0.900648,-174.728690
107927.0,2025-12-17T11:06:57.128195,93.427288,0.046418,-0.008694,-0.005397,-0.998870,0.017003,-0.086778,0.214839,-0.002087,0.000585,0.009039,0.571603,-1.023880,-174.683801
107967.0,2025-12-17T11:06:57.185589,93.484681,0.039792,-0.011000,0.002107,-0.999145,0.073244,-0.235162,0.197218,-0.002271,0.000545,0.008431,-0.291467,-1.249933,-175.435481
108011.0,2025-12-17T11:06:57.185589,93.484681,0.039856,-0.007729,-0.010341,-0.999122,-0.004174,0.016016,0.192305,-0.001502,0.001350,0.009094,1.148856,-0.932164,-175.440607
108042.0,2025-12-17T11:06:57.245441,93.544533,0.035157,-0.008917,-0.004500,-0.999332,0.021110,-0.094246,0.203514,-0.001325,0.000741,0.008453,0.479513,-1.039348,-175.974675
108094.0,2025-12-17T11:06:57.304510,93.603602,0.035203,-0.007220,-0.015928,-0.999227,-0.022640,0.128795,0.188862,-0.003661,0.000586,0.008289,1.795230,-0.891011,-175.978572
108131.0,2025-12-17T11:06:57.308924,93.608016,0.035504,-0.009203,-0.003330,-0.999322,0.024295,-0.119836,0.205032,-0.001836,0.001357,0.008247,0.343918,-1.067471,-175.933705
108172.0,2025-12-17T11:06:57.425021,93.724114,0.033874,-0.009190,-0.001580,-0.999383,0.021557,-0.149142,0.224778,0.000184,0.000741,0.009033,0.145337,-1.058667,-176.118703
108209.0,2025-12-17T11:06:57.425021,93.724114,0.033927,-0.007951,-0.013094,-0.999307,-0.010253,0.080030,0.188902,-0.000102,0.000586,0.008438,1.468909,-0.961477,-176.123372
108255.0,2025-12-17T11:06:57.425021,93.724114,0.027699,-0.010674,-0.005172,-0.999546,0.045591,-0.083455,0.190423,-0.001763,-0.000248,0.009080,0.558696,-1.239156,-176.831354
108290.0,2025-12-17T11:06:57.484468,93.783561,0.027738,-0.005258,-0.015427,-0.999482,-0.062624,0.113703,0.195420,-0.002980,0.000334,0.009243,1.750593,-0.651243,-176.830592
108327.0,2025-12-17T11:06:57.545044,93.844137,0.028026,-0.010645,-0.005070,-0.999538,0.049104,-0.085949,0.173126,-0.001702,0.000482,0.007697,0.546631,-1.235686,-176.793658
108366.0,2025-12-17T11:06:57.545044,93.844137,0.023835,-0.011425,0.000307,-0.999651,0.062846,-0.192892,0.210335,-0.001376,0.000520,0.007303,-0.066362,-1.308048,-177.267462
108408.0,2025-12-17T11:06:57.608103,93.907195,0.023863,-0.008030,-0.010757,-0.999625,-0.006411,0.022668,0.196074,-0.002087,0.000529,0.007996,1.210552,-0.949309,-177.274993
108445.0,2025-12-17T11:06:57.666676,93.965768,0.018002,-0.010294,-0.003367,-0.999779,0.039045,-0.112473,0.201696,-0.002268,0.000532,0.008173,0.364579,-1.186414,-177.940612
108486.0,2025-12-17T11:06:57.666676,93.965768,0.018034,-0.007069,-0.014479,-0.999708,-0.028895,0.097388,0.202006,-0.003108,0.000532,0.008218,1.644489,-0.839795,-177.945130
108521.0,2025-12-17T11:06:57.728100,94.027192,0.018353,-0.011146,-0.002393,-0.999767,0.051858,-0.140662,0.197591,-0.002516,-0.000279,0.008230,0.250763,-1.282045,-177.899472
108567.0,2025-12-17T11:06:57.784838,94.083931,0.014897,-0.011387,0.001281,-0.999823,0.059706,-0.211006,0.178191,0.000069,0.000341,0.009047,-0.166285,-1.302529,-178.290870
108605.0,2025-12-17T11:06:57.784838,94.083931,0.014936,-0.008278,-0.009925,-0.999805,-0.002785,0.012921,0.179645,-0.001720,0.000484,0.008441,1.123145,-0.965466,-178.297685
108650.0,2025-12-17T11:06:57.847199,94.146291,0.012150,-0.008791,-0.005547,-0.999872,0.006997,-0.066228,0.209747,-0.003811,-0.000292,0.008283,0.623470,-1.015072,-178.613137
108686.0,2025-12-17T11:06:57.907823,94.206915,0.012200,-0.007819,-0.017063,-0.999749,-0.013527,0.153264,0.193517,-0.002708,-0.000471,0.008246,1.944507,-0.919696,-178.617273
108729.0,2025-12-17T11:06:57.907823,94.206915,0.012530,-0.008855,-0.004250,-0.999873,0.010669,-0.098986,0.201172,-0.001607,-0.000518,0.009863,0.474271,-1.020775,-178.568338
108770.0,2025-12-17T11:06:57.966300,94.265393,0.006957,-0.010747,0.002207,-0.999916,0.048392,-0.218568,0.194591,0.001029,-0.000529,0.008649,-0.261466,-1.229752,-179.199873
108805.0,2025-12-17T11:06:58.027509,94.326601,0.007002,-0.008537,-0.009637,-0.999893,-0.003170,0.023104,0.207829,-0.000696,0.000269,0.008337,1.097602,-0.985914,-179.206984
108851.0,2025-12-17T11:06:58.086509,94.385601,0.004159,-0.009110,-0.005184,-0.999936,0.004471,-0.066300,0.175602,-0.003557,0.000469,0.007449,0.589804,-1.046434,-179.528746
108889.0,2025-12-17T11:06:58.091051,94.390144,0.004201,-0.007531,-0.016677,-0.999824,-0.021289,0.159171,0.189252,-0.003437,-0.000278,0.008034,1.907702,-0.870941,-179.533038
108929.0,2025-12-17T11:06:58.144173,94.443265,0.004522,-0.009324,-0.003856,-0.999939,0.016514,-0.105353,0.205891,-0.000962,0.000342,0.009001,0.437098,-1.070467,-179.485913
108976.0,2025-12-17T11:06:58.144173,94.443265,-0.002116,-0.011882,0.003682,-0.999920,0.060393,-0.251093,0.178640,-0.000382,0.000487,0.008417,-0.419115,-1.362443,179.762441
109017.0,2025-12-17T11:06:58.209944,94.509037,-0.002094,-0.008859,-0.008802,-0.999920,0.002666,-0.006787,0.188210,-0.001056,0.000522,0.007463,1.010900,-1.013055,179.751063
109059.0,2025-12-17T11:06:58.265264,94.564357,-0.004499,-0.009242,-0.005318,-0.999933,0.012529,-0.072114,0.181877,-0.001212,0.000530,0.008038,0.614268,-1.056289,179.478711
109095.0,2025-12-17T11:06:58.265264,94.564357,-0.004456,-0.007466,-0.016900,-0.999819,-0.021833,0.154551,0.183437,-0.001252,0.000532,0.008184,1.940602,-0.846772,179.474995
109139.0,2025-12-17T11:06:58.331336,94.630429,-0.004161,-0.009514,-0.005390,-0.999932,0.014571,-0.074144,0.204812,-0.001262,-0.001056,0.009015,0.622220,-1.087635,179.517207
109177.0,2025-12-17T11:06:58.386701,94.685793,-0.006217,-0.009779,-0.002777,-0.999929,0.016135,-0.136495,0.201667,-0.002058,-0.000666,0.008433,0.325224,-1.118644,179.284367
109213.0,2025-12-17T11:06:58.386701,94.685793,-0.006155,-0.008283,-0.014736,-0.999838,-0.011042,0.103212,0.200115,-0.003065,0.000236,0.009085,1.694624,-0.938616,179.280665
109259.0,2025-12-17T11:06:58.444677,94.743769,-0.011988,-0.010516,-0.007671,-0.999843,0.028769,-0.023076,0.175431,-0.002517,-0.001924,0.009244,0.893518,-1.194426,178.616786
109295.0,2025-12-17T11:06:58.507797,94.806889,-0.011970,-0.000772,-0.016179,-0.999797,-0.160581,0.145718,0.194287,-0.001559,-0.000044,0.008471,1.855026,-0.066219,178.627091
109336.0,2025-12-17T11:06:58.507797,94.806889,-0.011645,-0.010013,-0.008000,-0.999850,0.019187,-0.016017,0.201890,-0.002947,-0.000413,0.008292,0.930205,-1.136683,178.656225
109381.0,2025-12-17T11:06:58.566415,94.865507,-0.018214,-0.012545,-0.000816,-0.999755,0.075129,-0.166392,0.172731,-0.002487,0.001085,0.007455,0.119742,-1.435649,177.911059
109416.0,2025-12-17T11:06:58.625854,94.924947,-0.018193,-0.007380,-0.012032,-0.999735,-0.026534,0.064044,0.205175,-0.001562,-0.000139,0.008044,1.394039,-0.820444,177.904895
109462.0,2025-12-17T11:06:58.686229,94.985322,-0.022503,-0.008841,-0.006274,-0.999688,-0.000073,-0.058833,0.200069,-0.001341,-0.000432,0.008185,0.741638,-0.996628,177.414570
109497.0,2025-12-17T11:06:58.686229,94.985322,-0.022415,-0.009674,-0.018899,-0.999523,0.019077,0.203948,0.185186,-0.000472,0.000302,0.009033,2.190397,-1.059547,177.410413
109538.0,2025-12-17T11:06:58.744304,95.043396,-0.022132,-0.009385,-0.006589,-0.999689,-0.000213,-0.032329,0.222215,-0.001071,0.000476,0.008429,0.778820,-1.058501,177.456284
109584.0,2025-12-17T11:06:58.808553,95.107645,-0.027486,-0.011120,-0.000668,-0.999560,0.036997,-0.162094,0.215497,-0.001215,-0.000275,0.008284,0.111615,-1.271737,176.848476
109620.0,2025-12-17T11:06:58.808553,95.107645,-0.027430,-0.007472,-0.013152,-0.999509,-0.022315,0.089188,0.199105,-0.000438,0.001159,0.009061,1.530241,-0.814493,176.845141
109666.0,2025-12-17T11:06:58.865327,95.164420,-0.032340,-0.009172,-0.007119,-0.999409,-0.000728,-0.023757,0.193361,-0.001848,0.000692,0.008444,0.849404,-1.024038,176.285571
109698.0,2025-12-17T11:06:58.865327,95.164420,-0.032297,-0.006911,-0.018499,-0.999283,-0.030356,0.192033,0.212505,-0.002208,0.000573,0.008287,2.144575,-0.722913,176.284186
109741.0,2025-12-17T11:06:58.925134,95.224226,-0.031995,-0.008993,-0.005648,-0.999432,0.008573,-0.056438,0.219909,-0.000670,0.000542,0.008246,0.679961,-1.009330,176.326836
109785.0,2025-12-17T11:06:58.983999,95.283092,-0.033051,-0.009128,-0.004332,-0.999403,0.004385,-0.090909,0.211251,-0.000320,-0.000258,0.007444,0.530821,-1.029003,176.206939
109819.0,2025-12-17T11:06:58.983999,95.283092,-0.033000,-0.008754,-0.015915,-0.999290,0.001216,0.139128,0.194074,-0.001024,0.000331,0.008032,1.856127,-0.942332,176.201914
109861.0,2025-12-17T11:06:59.044200,95.343292,-0.039439,-0.010913,-0.009035,-0.999122,0.044518,0.015277,0.216821,-0.002010,0.000483,0.008184,1.084105,-1.208678,175.467561
109896.0,2025-12-17T11:06:59.107913,95.407006,-0.039361,0.000572,-0.005592,-0.999209,-0.194881,-0.049638,0.181145,-0.002250,0.000520,0.007422,0.637694,0.090741,175.488792
109939.0,2025-12-17T11:06:59.165140,95.464232,-0.039132,-0.010708,-0.009709,-0.999129,0.041790,0.013555,0.224322,-0.002310,-0.000271,0.008032,1.159927,-1.182509,175.502256
109985.0,2025-12-17T11:06:59.168407,95.467499,-0.044997,-0.012750,-0.003013,-0.998901,0.077997,-0.111843,0.179380,-0.000739,-0.000466,0.007389,0.410762,-1.444027,174.836326
110017.0,2025-12-17T11:06:59.232713,95.531805,-0.044984,-0.006165,-0.012623,-0.998889,-0.051360,0.085292,0.197301,-0.001131,0.000279,0.008019,1.476867,-0.640673,174.834734
110058.0,2025-12-17T11:06:59.232713,95.531805,-0.045055,-0.006595,-0.011693,-0.998894,-0.051472,0.071470,0.190658,-0.001231,0.001266,0.008180,1.372666,-0.694493,174.826575
110099.0,2025-12-17T11:06:59.347428,95.646521,-0.044725,-0.013661,-0.000891,-0.998906,0.089072,-0.148155,0.180694,-0.002884,0.000706,0.008221,0.172017,-1.559316,174.870342
110138.0,2025-12-17T11:06:59.348485,95.647578,-0.044706,-0.007157,-0.011281,-0.998911,-0.032614,0.059640,0.168273,-0.002466,-0.000230,0.008230,1.328235,-0.761448,174.866105
110184.0,2025-12-17T11:06:59.407486,95.706579,-0.043876,-0.007466,-0.011851,-0.998939,-0.028943,0.067548,0.200509,-0.000743,0.000350,0.007423,1.394424,-0.795113,174.960377
110221.0,2025-12-17T11:06:59.407486,95.706579,-0.043569,-0.012379,-0.001304,-0.998973,0.058105,-0.136276,0.207668,-0.000338,0.000486,0.008821,0.211117,-1.410740,175.002764
110262.0,2025-12-17T11:06:59.464085,95.763178,-0.050258,-0.014490,0.005362,-0.998617,0.095101,-0.281222,0.153095,-0.000232,-0.001108,0.008372,-0.530420,-1.689217,174.245556
110306.0,2025-12-17T11:06:59.526223,95.825315,-0.050247,-0.009761,-0.006312,-0.998669,0.015363,-0.038835,0.180919,0.000602,-0.000671,0.007457,0.778733,-1.080716,174.231901
110345.0,2025-12-17T11:06:59.526223,95.825315,-0.050211,-0.007571,-0.017745,-0.998552,-0.026470,0.197810,0.171106,-0.000790,-0.000568,0.008036,2.074741,-0.764260,174.228880
110389.0,2025-12-17T11:06:59.584302,95.883394,-0.052287,-0.008387,-0.012680,-0.998516,-0.012258,0.098037,0.198364,-0.002782,-0.000541,0.008187,1.501444,-0.883719,173.993341
110427.0,2025-12-17T11:06:59.648956,95.948049,-0.052012,-0.010203,-0.001126,-0.998594,0.015834,-0.141660,0.171500,-0.003239,0.000259,0.008222,0.189689,-1.160880,174.034916
110470.0,2025-12-17T11:06:59.648956,95.948049,-0.054292,-0.010565,0.001175,-0.998468,0.016882,-0.187142,0.188711,-0.000116,-0.000343,0.009041,-0.068677,-1.216168,173.775881
110506.0,2025-12-17T11:06:59.707207,96.006300,-0.054246,-0.008620,-0.010292,-0.998437,-0.003001,0.042563,0.187063,-0.000178,-0.002072,0.008439,1.231317,-0.922286,173.770385
110549.0,2025-12-17T11:06:59.766019,96.065111,-0.053973,-0.008476,0.002095,-0.998504,-0.011423,-0.191860,0.200716,-0.001000,-0.000102,0.008284,-0.187282,-0.982829,173.813486
110595.0,2025-12-17T11:06:59.768035,96.067128,-0.055438,-0.008797,0.002995,-0.998419,-0.014425,-0.211363,0.181159,-0.002785,-0.000423,0.008246,-0.286821,-1.025509,173.646283
110630.0,2025-12-17T11:06:59.828495,96.127587,-0.055377,-0.009325,-0.009366,-0.998378,0.004086,0.030015,0.220947,-0.004055,0.000301,0.008237,1.130894,-1.007464,173.640552
110669.0,2025-12-17T11:06:59.886248,96.185340,-0.057427,-0.009756,-0.006061,-0.998284,0.008968,-0.038554,0.233360,-0.002754,0.001279,0.008234,0.757731,-1.076229,173.408153
110713.0,2025-12-17T11:06:59.886248,96.185340,-0.057385,-0.006362,-0.018492,-0.998161,-0.043024,0.209297,0.207444,-0.000802,0.000709,0.008234,2.157596,-0.606156,173.407869
110757.0,2025-12-17T11:06:59.945651,96.244743,-0.057110,-0.009139,-0.007204,-0.998300,0.002903,-0.008232,0.221638,-0.000353,0.000578,0.008234,0.884049,-0.998346,173.444011
110787.0,2025-12-17T11:07:00.007955,96.307047,-0.062172,-0.010799,-0.001716,-0.998006,0.028852,-0.131207,0.199458,-0.001032,-0.000249,0.008234,0.273277,-1.222819,172.867690
110829.0,2025-12-17T11:07:00.009883,96.308975,-0.062152,-0.008126,-0.012979,-0.997949,-0.016331,0.101071,0.192385,-0.002793,0.000333,0.007440,1.542434,-0.836836,172.861269
110871.0,2025-12-17T11:07:00.127886,96.426978,-0.063113,-0.008452,-0.010714,-0.997913,-0.011083,0.059856,0.205235,-0.001654,0.000482,0.008826,1.286516,-0.889075,172.752290
110907.0,2025-12-17T11:07:00.127886,96.426978,-0.062809,-0.010220,0.002074,-0.997971,0.015623,-0.194305,0.172942,-0.000543,0.000521,0.008373,-0.163656,-1.183719,172.799155
110953.0,2025-12-17T11:07:00.127886,96.426978,-0.062759,-0.008773,-0.010161,-0.997938,-0.001257,0.044645,0.177759,-0.000283,-0.000276,0.008268,1.225305,-0.930257,172.792986
110998.0,2025-12-17T11:07:00.184643,96.483736,-0.063565,-0.008948,-0.008483,-0.997901,0.000655,0.014388,0.179703,-0.001015,0.000327,0.008242,1.035375,-0.961455,172.701815
111029.0,2025-12-17T11:07:00.244443,96.543535,-0.063278,-0.009382,0.004146,-0.997943,-0.005759,-0.238534,0.178900,-0.001205,-0.000326,0.008236,-0.406171,-1.102979,172.747554
111079.0,2025-12-17T11:07:00.308688,96.607781,-0.063816,-0.009424,0.003507,-0.997911,-0.008259,-0.223987,0.186367,-0.002044,0.000314,0.007440,-0.332133,-1.103385,172.685074
111116.0,2025-12-17T11:07:00.308688,96.607781,-0.063736,-0.008948,-0.008087,-0.997894,0.001126,-0.001770,0.191704,-0.002257,-0.000317,0.009620,0.990247,-0.964232,172.682519
111149.0,2025-12-17T11:07:00.367302,96.666395,-0.063416,-0.014048,0.003223,-0.997883,0.086140,-0.224250,0.197233,-0.001506,0.000326,0.008571,-0.266534,-1.630030,172.731186
111193.0,2025-12-17T11:07:00.367302,96.666395,-0.064388,-0.013501,0.003259,-0.997828,0.073092,-0.224712,0.194398,-0.002120,0.000480,0.008320,-0.273173,-1.568019,172.619650
111235.0,2025-12-17T11:07:00.427918,96.727011,-0.064345,-0.008962,-0.007417,-0.997860,0.003469,-0.007235,0.203572,-0.002277,0.000519,0.009049,0.914357,-0.970159,172.613314
111265.0,2025-12-17T11:07:00.487209,96.786301,-0.064310,-0.008924,-0.007281,-0.997863,0.006074,-0.004562,0.223118,-0.001523,0.000529,0.006854,0.898466,-0.966831,172.617477
111312.0,2025-12-17T11:07:00.487209,96.786301,-0.064235,-0.009068,-0.018853,-0.997716,0.017782,0.217285,0.211475,-0.001331,0.001325,0.008675,2.223073,-0.897977,172.615136
111349.0,2025-12-17T11:07:00.544050,96.843142,-0.063959,-0.008906,-0.006219,-0.997893,-0.001276,-0.026898,0.178570,-0.001281,0.000723,0.008339,0.776526,-0.972815,172.658851
111389.0,2025-12-17T11:07:00.607773,96.906865,-0.063417,-0.008905,-0.006933,-0.997923,-0.002719,-0.010745,0.190488,-0.001269,-0.000225,0.008259,0.857727,-0.967948,172.720404
111431.0,2025-12-17T11:07:00.607773,96.906865,-0.063324,-0.009805,-0.019157,-0.997761,0.032294,0.226854,0.214009,-0.002876,0.001153,0.009045,2.262434,-0.982132,172.717707
111472.0,2025-12-17T11:07:00.665526,96.964619,-0.068863,-0.011682,-0.012486,-0.997480,0.060699,0.088725,0.201066,-0.002468,-0.000107,0.008439,1.519893,-1.236845,172.085046
111509.0,2025-12-17T11:07:00.844358,97.143451,-0.068680,-0.005996,-0.002305,-0.997618,-0.066465,-0.102919,0.184163,-0.001572,0.000370,0.007492,0.310700,-0.667299,172.121729
111551.0,2025-12-17T11:07:00.844358,97.143451,-0.068553,-0.012095,-0.013252,-0.997486,0.069030,0.105565,0.184096,-0.001339,0.001303,0.008055,1.610353,-1.278451,172.118979
111592.0,2025-12-17T11:07:01.026840,97.325933,-0.072639,-0.013160,-0.007313,-0.997245,0.079197,-0.017261,0.195153,-0.000487,0.000727,0.007392,0.945539,-1.443180,171.656039
111629.0,2025-12-17T11:07:01.028688,97.327781,-0.072586,-0.001545,-0.008101,-0.997328,-0.145935,0.021202,0.177466,-0.002655,-0.000212,0.008019,0.938753,-0.109194,171.673812
111711.0,2025-12-17T11:07:01.028688,97.327781,-0.078194,-0.012436,-0.011158,-0.996798,0.064046,0.064351,0.173672,-0.001545,0.000291,0.009025,1.386449,-1.320648,171.013249
111751.0,2025-12-17T11:07:01.028688,97.327781,-0.078016,-0.003945,-0.002255,-0.996942,-0.110854,-0.099641,0.192328,-0.000529,0.000474,0.008427,0.292886,-0.430537,171.049739
111879.0,2025-12-17T11:07:01.084293,97.383386,-0.080336,-0.015775,-0.006336,-0.996623,0.126242,-0.036395,0.226619,-0.000157,-0.000311,0.008443,0.869214,-1.743495,170.769738
111914.0,2025-12-17T11:07:01.089541,97.388633,-0.080288,-0.003398,-0.008866,-0.996727,-0.113588,0.034075,0.194231,-0.000189,0.000331,0.008284,1.043956,-0.306495,170.786587
111953.0,2025-12-17T11:07:01.144045,97.443137,-0.080013,-0.014808,-0.006612,-0.996662,0.112693,-0.030804,0.193092,-0.001785,0.000481,0.008246,0.891343,-1.630776,170.807489
111996.0,2025-12-17T11:07:01.207076,97.506168,-0.082712,-0.014788,-0.003262,-0.996458,0.107460,-0.101151,0.185130,-0.002985,0.001314,0.007443,0.512907,-1.657911,170.502582
112031.0,2025-12-17T11:07:01.207076,97.506168,-0.082665,-0.005585,-0.010391,-0.996508,-0.069240,0.064735,0.170100,-0.001703,-0.000063,0.009621,1.239604,-0.539286,170.509965
112071.0,2025-12-17T11:07:01.266017,97.565110,-0.084332,-0.006472,-0.007563,-0.996388,-0.052432,0.005054,0.189907,-0.001376,-0.000413,0.008586,0.926192,-0.665894,170.318946
112108.0,2025-12-17T11:07:01.324437,97.623529,-0.084088,-0.018109,-0.007916,-0.996262,0.177310,-0.008314,0.208398,0.000295,0.000292,0.007529,1.078959,-1.991463,170.332168
112150.0,2025-12-17T11:07:01.328389,97.627481,-0.084016,-0.005898,-0.007906,-0.996416,-0.065349,0.006593,0.185566,0.000726,-0.001134,0.008865,0.959607,-0.597374,170.355592
112193.0,2025-12-17T11:07:01.388287,97.687379,-0.087435,-0.007326,-0.003646,-0.996137,-0.043136,-0.069935,0.184606,-0.000758,-0.000686,0.009188,0.489605,-0.799756,169.964142
112228.0,2025-12-17T11:07:01.447195,97.746288,-0.087309,-0.012826,-0.014618,-0.995991,0.085837,0.138325,0.191741,-0.001946,0.000235,0.008467,1.797428,-1.317765,169.959827
112273.0,2025-12-17T11:07:01.455608,97.754700,-0.087109,-0.007414,-0.004256,-0.996162,-0.038754,-0.061967,0.199078,-0.002233,0.000457,0.008293,0.559904,-0.803813,170.001105
112311.0,2025-12-17T11:07:01.507805,97.806897,-0.092367,-0.009521,0.001565,-0.995678,-0.004018,-0.166096,0.193880,-0.001497,-0.000296,0.007438,-0.077827,-1.102893,169.400635
112349.0,2025-12-17T11:07:01.564818,97.863910,-0.092318,-0.008937,-0.010015,-0.995639,0.003514,0.064536,0.205821,-0.002118,0.001115,0.008031,1.237411,-0.913694,169.395238
112392.0,2025-12-17T11:07:01.564818,97.863910,-0.091218,-0.008865,-0.010994,-0.995731,0.002388,0.069818,0.184020,-0.001469,0.000672,0.007375,1.347359,-0.896654,169.521040
112430.0,2025-12-17T11:07:01.624434,97.923527,-0.090936,-0.010124,0.000656,-0.995805,0.003897,-0.163055,0.179676,-0.002905,-0.000226,0.008809,0.030649,-1.162153,169.564196
112470.0,2025-12-17T11:07:01.687184,97.986276,-0.090880,-0.009127,-0.012227,-0.995745,0.002752,0.106647,0.197793,-0.000836,-0.000461,0.008369,1.490506,-0.914125,169.558389
112517.0,2025-12-17T11:07:01.689878,97.988971,-0.094187,-0.010243,-0.006942,-0.995477,0.018674,-0.006419,0.213913,-0.001164,0.000298,0.009080,0.902633,-1.093648,169.181485
112560.0,2025-12-17T11:07:01.748194,98.047286,-0.094161,-0.002165,-0.015255,-0.995438,-0.127273,0.160620,0.184235,-0.000446,-0.000320,0.008450,1.763755,-0.082306,169.191343
112597.0,2025-12-17T11:07:01.807985,98.107078,-0.092746,-0.003048,-0.015944,-0.995557,-0.105339,0.183003,0.187584,0.000532,0.000316,0.008289,1.851606,-0.178235,169.352499
112633.0,2025-12-17T11:07:01.807985,98.107078,-0.092451,-0.009982,-0.006366,-0.995647,0.009648,-0.012638,0.198047,0.000782,-0.000319,0.008247,0.832248,-1.071517,169.382230
112677.0,2025-12-17T11:07:01.868357,98.167449,-0.097573,-0.011658,-0.000707,-0.995160,0.034609,-0.133597,0.181628,-0.000783,0.000332,0.007423,0.211057,-1.321649,168.797953
112713.0,2025-12-17T11:07:01.924337,98.223429,-0.097547,-0.008514,-0.011917,-0.995123,-0.016041,0.097304,0.176384,-0.001142,-0.000313,0.008027,1.454425,-0.837728,168.792346
112754.0,2025-12-17T11:07:01.924337,98.223429,-0.097269,-0.010801,-0.000426,-0.995199,0.014448,-0.131613,0.207945,-0.002028,0.000318,0.008181,0.169012,-1.227066,168.833703
112799.0,2025-12-17T11:07:01.986312,98.285404,-0.101787,-0.012413,0.004670,-0.994718,0.035803,-0.228511,0.189942,-0.001460,-0.000316,0.009014,-0.387695,-1.469553,168.319796
112832.0,2025-12-17T11:07:02.045880,98.344972,-0.101753,-0.009664,-0.006613,-0.994741,0.002273,-0.008766,0.194121,-0.001315,0.000317,0.008432,0.866642,-1.024515,168.311156
112871.0,2025-12-17T11:07:02.045880,98.344972,-0.101721,-0.003775,-0.016649,-0.994667,-0.090486,0.201112,0.189749,-0.000484,0.000478,0.008284,1.942059,-0.236167,168.317738
112911.0,2025-12-17T11:07:02.107382,98.406475,-0.102657,-0.004850,-0.013653,-0.994611,-0.075864,0.141186,0.194860,-0.001067,-0.000277,0.008246,1.613341,-0.392120,168.208895
112947.0,2025-12-17T11:07:02.164371,98.463463,-0.102352,-0.011621,-0.003460,-0.994674,0.039380,-0.072477,0.193292,-0.002020,0.000334,0.008237,0.530843,-1.284102,168.243922
112991.0,2025-12-17T11:07:02.167862,98.466954,-0.102939,-0.011485,-0.002904,-0.994617,0.029950,-0.080559,0.190213,-0.001457,0.000482,0.008234,0.466533,-1.274886,168.177139
113025.0,2025-12-17T11:07:02.224197,98.523290,-0.102910,-0.005987,-0.013126,-0.994586,-0.056879,0.140935,0.184223,-0.002902,0.000520,0.008234,1.566849,-0.527596,168.178012
113068.0,2025-12-17T11:07:02.284297,98.583390,-0.102586,-0.012740,-0.002285,-0.994640,0.051643,-0.102705,0.212590,-0.002466,0.000530,0.008234,0.410320,-1.425319,168.217727
113111.0,2025-12-17T11:07:02.288841,98.587934,-0.106694,-0.013843,0.002317,-0.994193,0.061904,-0.185397,0.192821,-0.002365,-0.000262,0.008234,-0.094797,-1.605660,167.750513
113150.0,2025-12-17T11:07:02.346569,98.645661,-0.106658,-0.008938,-0.008210,-0.994222,-0.009551,0.031020,0.183641,-0.001545,0.000330,0.009027,1.044761,-0.917979,167.745382
113188.0,2025-12-17T11:07:02.405167,98.704259,-0.105210,-0.008879,-0.009741,-0.994363,-0.000533,0.065412,0.223108,-0.000539,0.000482,0.008434,1.217214,-0.894281,167.910886
113226.0,2025-12-17T11:07:02.405167,98.704259,-0.104941,-0.010030,0.001830,-0.994426,0.000014,-0.178970,0.180780,-0.001873,0.001313,0.008285,-0.087977,-1.164985,167.952685
113269.0,2025-12-17T11:07:02.464423,98.763515,-0.104880,-0.006211,-0.010612,-0.994409,-0.014271,0.068451,0.291391,-0.003039,0.007242,0.008246,1.284105,-0.580210,167.952107
113309.0,2025-12-17T11:07:02.525729,98.824822,-0.109229,-0.007924,-0.004160,-0.993976,-0.035347,-0.095706,0.267739,-0.004917,0.032745,0.007432,0.573045,-0.850493,167.453460
113351.0,2025-12-17T11:07:02.525729,98.824822,-0.109173,-0.004137,-0.016417,-0.993879,-0.024305,0.117583,0.470318,0.016364,0.025306,0.007233,1.921843,-0.265764,167.458507
113390.0,2025-12-17T11:07:02.588234,98.887326,-0.107554,-0.006355,-0.018448,-0.994008,-0.198621,0.159898,-0.255338,0.041069,-0.028310,0.010327,2.180260,-0.496463,167.639522
113426.0,2025-12-17T11:07:02.643978,98.943070,-0.107177,-0.009038,-0.008242,-0.994165,-0.010753,0.133211,0.108764,0.043639,0.000923,0.014297,1.050141,-0.928507,167.685409
113469.0,2025-12-17T11:07:02.643978,98.943070,-0.106884,-0.014574,0.003072,-0.994160,0.054488,-0.142856,0.088498,0.016663,-0.002630,0.006411,-0.171504,-1.698166,167.729709
113513.0,2025-12-17T11:07:02.709431,99.008524,-0.105976,-0.013889,0.000545,-0.994272,0.065133,-0.118369,0.192393,0.006452,-0.001859,0.004589,0.106613,-1.589258,167.830531
113549.0,2025-12-17T11:07:02.764514,99.063606,-0.105876,-0.004375,-0.006882,-0.994346,-0.086360,0.080597,0.197421,-0.017870,0.000751,0.010557,0.837260,-0.415009,167.841304
113591.0,2025-12-17T11:07:02.764514,99.063606,-0.103966,-0.005084,-0.009126,-0.994526,-0.073105,0.090494,0.190141,-0.014178,-0.000219,0.007997,1.100668,-0.470695,168.059579
113629.0,2025-12-17T11:07:02.826112,99.125204,-0.103694,-0.012561,0.000060,-0.994530,0.052698,-0.081895,0.212658,-0.014081,-0.000453,0.008173,0.142489,-1.432315,168.093391
113665.0,2025-12-17T11:07:02.888963,99.188055,-0.103197,-0.024847,0.000685,-0.994350,0.193560,-0.030951,-0.133703,-0.005241,-0.011732,0.023445,0.216001,-2.840437,168.144352
113705.0,2025-12-17T11:07:02.888963,99.188055,-0.102587,-0.025132,-0.000140,-0.994407,0.328689,-0.334656,0.331529,0.070756,-0.020057,0.067679,0.311761,-2.863301,168.212174
113747.0,2025-12-17T11:07:02.944360,99.243452,-0.102393,-0.024178,-0.006166,-0.994431,0.232309,-0.199176,0.092059,0.225013,-0.008687,0.006733,0.987395,-2.683755,168.219247
113774.0,2025-12-17T11:07:02.944360,99.243452,-0.102876,-0.023029,-0.009683,-0.994381,0.279757,0.157625,0.081264,0.269006,-0.011199,-0.037265,1.376289,-2.510734,168.156569
113811.0,2025-12-17T11:07:03.005117,99.304210,-0.104372,-0.023717,-0.010983,-0.994195,0.329957,0.492729,-0.179883,0.129698,-0.052226,-0.097916,1.536602,-2.571494,167.979453
113845.0,2025-12-17T11:07:03.064505,99.363597,-0.105911,-0.024812,-0.008063,-0.994033,0.334905,0.594899,-0.207357,-0.041923,-0.108522,-0.086539,1.221008,-2.729452,167.807406
113881.0,2025-12-17T11:07:03.064505,99.363597,-0.108567,-0.019678,0.005334,-0.993880,0.301682,0.120129,-0.030316,-0.294791,-0.157274,-0.146506,-0.363006,-2.308063,167.539236
113916.0,2025-12-17T11:07:03.125435,99.424528,-0.110384,-0.018951,0.010979,-0.993648,0.385594,-0.108185,0.343252,-0.434751,-0.162238,-0.163682,-1.011280,-2.297325,167.342317
113936.0,2025-12-17T11:07:03.125435,99.424528,-0.113387,-0.012001,0.013496,-0.993387,0.360313,-0.514783,1.104109,-0.527594,-0.068860,-0.191384,-1.381044,-1.541698,166.995257
113967.0,2025-12-17T11:07:03.185076,99.484168,-0.113894,-0.007347,0.027926,-0.993073,0.054578,-0.014754,0.217732,-0.673258,0.033654,-0.045396,-3.084198,-1.200578,166.947156
113992.0,2025-12-17T11:07:03.189561,99.488653,-0.111308,-0.008443,0.039580,-0.992962,-0.382134,0.018031,-1.364602,-0.917091,-0.036042,0.143135,-4.401648,-1.465720,167.264392
114012.0,2025-12-17T11:07:03.189561,99.488653,-0.107455,-0.013795,0.048953,-0.992908,-0.544315,-0.761549,-0.869599,-1.178904,-0.180993,0.326450,-5.411905,-2.172920,167.749397
114034.0,2025-12-17T11:07:03.244748,99.543840,-0.102511,-0.017380,0.059290,-0.992811,-0.558004,-1.576887,-0.520120,-1.535359,-0.358469,0.504369,-6.562606,-2.674718,168.363172
114058.0,2025-12-17T11:07:03.244748,99.543840,-0.096227,-0.021083,0.071500,-0.992564,-0.361753,-2.292072,-1.003242,-1.721538,-0.520052,0.627189,-7.937524,-3.188090,169.146408
114077.0,2025-12-17T11:07:03.244748,99.543840,-0.087774,-0.026272,0.082587,-0.992363,0.416461,-3.853830,0.083845,-1.417897,-0.717687,0.683769,-9.186955,-3.821046,170.197813
114101.0,2025-12-17T11:07:03.305222,99.604314,-0.082013,-0.032966,0.085863,-0.992378,0.709253,-4.983498,-0.422906,-0.815409,-0.902066,0.577220,-9.528247,-4.560553,170.931634
114121.0,2025-12-17T11:07:03.308922,99.608014,-0.076472,-0.043189,0.084612,-0.992536,1.298703,-3.994637,-5.541357,-0.343667,-1.124579,0.380535,-9.331510,-5.662853,171.650998
114145.0,2025-12-17T11:07:03.364324,99.663416,-0.072936,-0.052310,0.083326,-0.992472,1.893319,-3.677470,-6.023255,-0.256637,-1.334568,0.284166,-9.139500,-6.660530,172.126773
114170.0,2025-12-17T11:07:03.369174,99.668266,-0.070003,-0.064354,0.082458,-0.992048,2.676136,-4.256403,-0.968131,-0.309767,-1.368049,0.148011,-8.981466,-8.003285,172.556882
114196.0,2025-12-17T11:07:03.369174,99.668266,-0.068909,-0.079113,0.087464,-0.990627,3.210934,-4.615163,2.087074,-0.355060,-1.255344,0.005887,-9.482729,-9.717851,172.849686
114214.0,2025-12-17T11:07:03.425559,99.724651,-0.069041,-0.087549,0.086619,-0.989983,3.192686,-4.386958,-1.933292,-0.322596,-1.041401,-0.067881,-9.335964,-10.678871,172.895867
114238.0,2025-12-17T11:07:03.425559,99.724651,-0.069569,-0.092362,0.085784,-0.989581,3.352288,-3.989412,-4.437288,-0.277601,-0.923268,-0.105280,-9.206478,-11.229286,172.864326
114257.0,2025-12-17T11:07:03.425559,99.724651,-0.071105,-0.096097,0.084127,-0.989258,3.900081,-4.026303,-4.074746,-0.210741,-0.753952,-0.174202,-8.974794,-11.659362,172.695851
114281.0,2025-12-17T11:07:03.488277,99.787369,-0.073128,-0.096547,0.081490,-0.989288,4.021023,-4.027806,-3.579000,-0.093664,-0.473144,-0.238366,-8.640802,-11.709218,172.432487
114307.0,2025-12-17T11:07:03.488277,99.787369,-0.074100,-0.094201,0.075776,-0.989896,3.375185,-3.625263,-3.776427,-0.028760,-0.125104,-0.152860,-7.978396,-11.404140,172.235979
114331.0,2025-12-17T11:07:03.546809,99.845901,-0.076857,-0.088764,0.071462,-0.990509,3.211679,-4.188869,-3.445924,-0.112639,0.033900,-0.186482,-7.482113,-10.767738,171.832419
114355.0,2025-12-17T11:07:03.546809,99.845901,-0.079152,-0.083541,0.066961,-0.991096,3.469108,-4.054931,-3.833337,-0.039607,0.041829,-0.180516,-6.973135,-10.148143,171.487674
114375.0,2025-12-17T11:07:03.664541,99.963633,-0.080948,-0.079033,0.061545,-0.991672,2.739990,-3.680486,-4.596215,0.003762,-0.011023,-0.135637,-6.362671,-9.596788,171.201458
114417.0,2025-12-17T11:07:03.664541,99.963633,-0.080948,-0.076320,0.054320,-0.992306,2.675215,-4.240004,-2.801701,-0.057226,-0.141849,-0.036617,-5.549029,-9.221995,171.120616
114444.0,2025-12-17T11:07:03.726373,100.025465,-0.080903,-0.071723,0.048884,-0.992936,2.649458,-3.906343,-1.083859,-0.125676,-0.110742,0.025434,-4.959633,-8.646793,171.058992
114479.0,2025-12-17T11:07:03.844318,100.143410,-0.079615,-0.063647,0.043765,-0.993828,2.621594,-3.302668,-1.617410,-0.128925,0.040055,0.100157,-4.447720,-7.670598,171.137971
114519.0,2025-12-17T11:07:03.844318,100.143410,-0.076993,-0.056231,0.039937,-0.994643,3.287889,-4.324745,-0.134672,-0.250343,0.063627,0.152572,-4.087854,-6.777179,171.389559
114538.0,2025-12-17T11:07:03.844318,100.143410,-0.075299,-0.050222,0.038459,-0.995153,3.062547,-4.141179,-3.175630,-0.333060,-0.012547,0.147825,-3.977874,-6.070360,171.556817
114568.0,2025-12-17T11:07:03.844318,100.143410,-0.074363,-0.047929,0.038013,-0.995353,3.002834,-4.556989,-4.361722,-0.414366,-0.249935,0.086743,-3.950598,-5.800505,171.654940
114668.0,2025-12-17T11:07:03.907365,100.206457,-0.070304,-0.054413,0.044856,-0.995030,3.128811,-4.858041,-0.201031,-0.658678,-0.504115,0.210262,-4.712488,-6.580113,172.187984
114706.0,2025-12-17T11:07:03.907365,100.206457,-0.063463,-0.053772,0.068668,-0.994166,3.361827,-6.740704,4.082526,-1.134253,-0.067348,0.391142,-7.503433,-6.640054,173.130859
114726.0,2025-12-17T11:07:03.908929,100.208022,-0.059997,-0.050477,0.082392,-0.993511,2.893924,-6.864411,2.697970,-1.251980,0.194562,0.398806,-9.126987,-6.326063,173.593745
114746.0,2025-12-17T11:07:04.027072,100.326165,-0.057572,-0.043788,0.090240,-0.993290,2.037067,-6.702153,-2.363680,-1.409303,0.395224,0.381678,-10.082106,-5.588218,173.858871
114770.0,2025-12-17T11:07:04.088686,100.387778,-0.055487,-0.037857,0.104246,-0.992281,1.906708,-7.139641,-1.989395,-1.487657,0.478832,0.322821,-11.738679,-4.973657,174.110420
114796.0,2025-12-17T11:07:04.088686,100.387778,-0.053870,-0.030855,0.121115,-0.990695,2.030204,-7.308140,-0.791723,-1.431985,0.453884,0.233197,-13.727542,-4.254341,174.287392
114814.0,2025-12-17T11:07:04.088686,100.387778,-0.053207,-0.021066,0.135300,-0.989151,2.064578,-7.008875,-2.994701,-1.673120,0.445041,0.152911,-15.416959,-3.214383,174.277233
114881.0,2025-12-17T11:07:04.088686,100.387778,-0.049108,0.010963,0.189081,-0.980672,1.875897,-8.844277,-6.131611,-2.422568,1.058669,0.348740,-21.834786,0.167964,174.234136
114931.0,2025-12-17T11:07:04.204987,100.504080,-0.044121,0.048034,0.243850,-0.967617,1.358284,-9.007665,-9.874179,-2.532703,1.366929,0.394836,-28.513460,4.096594,173.737144
114956.0,2025-12-17T11:07:04.204987,100.504080,-0.042543,0.066250,0.267958,-0.960208,1.089904,-9.109374,-11.197906,-2.254194,1.405926,0.377203,-31.539646,5.994277,173.232032
114970.0,2025-12-17T11:07:04.204987,100.504080,-0.040870,0.085057,0.284621,-0.953984,1.391596,-7.984733,-14.683644,-2.000003,1.337137,0.327069,-33.737794,7.991202,172.667041
114998.0,2025-12-17T11:07:04.210020,100.509112,-0.039892,0.095466,0.295709,-0.949659,1.260378,-7.999021,-15.205050,-1.895954,1.258356,0.298397,-35.203121,9.074967,172.304734
115042.0,2025-12-17T11:07:04.210020,100.509112,-0.037914,0.127473,0.324842,-0.936371,1.841392,-7.483849,-18.625620,-1.912239,1.271247,0.161285,-39.248155,12.362259,170.939894
115069.0,2025-12-17T11:07:04.264419,100.563512,-0.037953,0.144749,0.346757,-0.925941,1.014465,-8.412117,-19.821297,-2.098890,1.407346,0.193629,-42.307087,13.989112,169.869711
115094.0,2025-12-17T11:07:04.264419,100.563512,-0.039454,0.165536,0.373096,-0.912053,1.879296,-7.934797,-21.522762,-2.272133,1.566729,0.102680,-46.130001,15.813937,168.277061
115118.0,2025-12-17T11:07:04.327860,100.626952,-0.042760,0.186348,0.399782,-0.896449,1.824360,-8.240292,-21.285976,-2.474456,1.768013,-0.023079,-50.180049,17.452354,166.316945
115138.0,2025-12-17T11:07:04.327860,100.626952,-0.047530,0.209469,0.427578,-0.878089,2.779785,-5.905535,-26.065876,-2.681669,2.060822,-0.082634,-54.658885,19.100094,163.865170
115162.0,2025-12-17T11:07:04.388263,100.687356,-0.053434,0.230315,0.451287,-0.860488,3.962668,-4.056253,-27.765240,-2.732225,2.258291,-0.210431,-58.730747,20.373536,161.346561
115187.0,2025-12-17T11:07:04.389106,100.688198,-0.060377,0.254375,0.477290,-0.838953,4.974833,-1.719908,-29.087488,-2.954375,2.326956,-0.353634,-63.479499,21.665219,158.266667
115213.0,2025-12-17T11:07:04.444374,100.743466,-0.067655,0.277153,0.508681,-0.812313,6.338495,2.403207,-32.815563,-3.305450,2.241303,-0.385645,-69.160102,22.422981,154.917005
115236.0,2025-12-17T11:07:04.444374,100.743466,-0.072246,0.300870,0.543671,-0.780179,7.887389,5.512356,-34.478962,-3.664119,2.197379,-0.420969,-75.670938,23.011021,151.451339
115255.0,2025-12-17T11:07:04.444374,100.743466,-0.074808,0.320721,0.580869,-0.744401,9.228360,8.086106,-33.787083,-4.324798,2.148345,-0.581188,-82.543923,22.990742,148.282793
115280.0,2025-12-17T11:07:04.444374,100.743466,-0.073464,0.337712,0.621527,-0.703035,12.182333,13.363539,-36.676037,-5.455204,2.134591,-0.654863,-90.042767,22.552359,145.500314
115309.0,2025-12-17T11:07:04.507526,100.806618,-0.078066,0.353284,0.654353,-0.664017,14.078057,17.138329,-36.810841,-3.994639,1.978869,-0.676274,-96.541620,21.531235,142.520277
115334.0,2025-12-17T11:07:04.507526,100.806618,-0.082632,0.370763,0.691975,-0.613903,15.328541,19.695374,-34.318367,-3.766808,1.948612,-0.722933,-104.324088,19.929697,139.176993
115352.0,2025-12-17T11:07:04.564390,100.863482,-0.086306,0.383316,0.721290,-0.570405,16.791193,22.494385,-32.498226,-3.720668,1.918427,-0.775828,-110.612396,18.227279,136.698701
115376.0,2025-12-17T11:07:04.569155,100.868247,-0.089043,0.391521,0.742944,-0.535553,17.649420,24.337479,-30.654814,-3.675841,1.867420,-0.839107,-115.375179,16.681597,135.018391
115402.0,2025-12-17T11:07:04.624259,100.923351,-0.092668,0.400277,0.768259,-0.490887,18.382933,25.691086,-27.739382,-3.602924,1.784961,-0.890392,-121.157620,14.512757,133.173868
115426.0,2025-12-17T11:07:04.628675,100.927767,-0.094833,0.406489,0.793447,-0.442961,18.252069,25.982433,-24.014048,-3.440470,1.620324,-0.928670,-127.083773,12.100592,131.786119
115446.0,2025-12-17T11:07:04.628675,100.927767,-0.095347,0.409916,0.815066,-0.398179,17.748699,25.560343,-20.330711,-3.287399,1.427825,-0.940070,-132.428059,9.846675,130.950832
115470.0,2025-12-17T11:07:04.688648,100.987740,-0.092538,0.409281,0.832147,-0.362570,17.483667,25.592066,-18.158730,-3.153281,0.973961,-1.015814,-136.669834,8.208479,130.886115
115496.0,2025-12-17T11:07:04.688648,100.987740,-0.082676,0.400702,0.850649,-0.330149,17.546343,26.484764,-17.316053,-2.639687,0.007336,-1.281618,-140.741766,7.118693,132.095801
115520.0,2025-12-17T11:07:04.748525,101.047617,-0.072760,0.386335,0.868602,-0.301632,14.453288,23.095749,-14.757828,-2.139564,-0.259236,-1.492531,-144.299805,6.122983,134.016639
115540.0,2025-12-17T11:07:04.748525,101.047617,-0.072323,0.372593,0.883580,-0.274281,12.726063,23.080746,-10.723689,-1.746071,0.350228,-1.635232,-147.304210,4.392230,135.559987
115559.0,2025-12-17T11:07:04.750342,101.049435,-0.072582,0.360021,0.896198,-0.248891,13.040297,25.455944,-10.834446,-1.897252,0.451668,-1.699213,-150.067822,2.815308,136.980083
115584.0,2025-12-17T11:07:04.804532,101.103625,-0.072623,0.347014,0.906053,-0.231029,12.287712,25.553122,-10.066030,-1.449351,0.219678,-1.814848,-152.014667,1.646926,138.497258
115610.0,2025-12-17T11:07:04.809821,101.108913,-0.072744,0.328629,0.917767,-0.210749,9.808867,22.289982,-8.404810,-0.999104,0.098534,-1.766736,-154.236727,0.286093,140.663068
115629.0,2025-12-17T11:07:04.809821,101.108913,-0.073745,0.309400,0.927698,-0.195472,8.537923,21.359772,-7.934257,-0.614785,0.019245,-1.699216,-155.897956,-0.909231,142.917406
115648.0,2025-12-17T11:07:04.867976,101.167069,-0.074841,0.293664,0.934904,-0.184699,7.682199,20.674843,-7.559983,-0.454290,0.001401,-1.690904,-157.076516,-1.802748,144.758264
115673.0,2025-12-17T11:07:04.867976,101.167069,-0.076261,0.279761,0.940686,-0.176145,6.856482,19.690268,-6.940364,-0.316057,0.020006,-1.660678,-158.010127,-2.574445,146.374656
115692.0,2025-12-17T11:07:04.867976,101.167069,-0.079664,0.262580,0.946117,-0.171957,5.471268,16.885811,-6.178825,-0.179749,0.071573,-1.520811,-158.414392,-3.464990,148.316963
115710.0,2025-12-17T11:07:04.924015,101.223108,-0.082722,0.248717,0.950212,-0.168503,4.748641,15.758154,-6.242930,-0.164545,0.101473,-1.465696,-158.755201,-4.208544,149.874305
115734.0,2025-12-17T11:07:04.924015,101.223108,-0.085478,0.237005,0.953717,-0.164153,4.449475,15.896736,-6.020698,-0.304299,0.154401,-1.418056,-159.211413,-4.889442,151.191227
115759.0,2025-12-17T11:07:04.929204,101.228297,-0.088915,0.223258,0.957941,-0.156842,4.031901,15.558724,-5.572273,-0.455513,0.202132,-1.320706,-160.006263,-5.757527,152.745923
115786.0,2025-12-17T11:07:04.986757,101.285849,-0.092467,0.210247,0.962195,-0.146382,3.573518,14.599747,-5.541549,-0.677047,0.266227,-1.211162,-161.169448,-6.683761,154.238805
115812.0,2025-12-17T11:07:04.986757,101.285849,-0.096373,0.197185,0.966552,-0.132693,3.113600,13.654453,-5.400110,-0.869195,0.318862,-1.130555,-162.710768,-7.698953,155.766589
115831.0,2025-12-17T11:07:05.044523,101.343615,-0.100117,0.185964,0.970286,-0.118064,2.773636,12.264349,-4.830333,-0.992540,0.360511,-1.044672,-164.370775,-8.648545,157.111526
115856.0,2025-12-17T11:07:05.044523,101.343615,-0.103342,0.177941,0.972903,-0.105436,2.575990,11.636170,-4.495801,-1.076641,0.411882,-0.956711,-165.804066,-9.413682,158.095824
115880.0,2025-12-17T11:07:05.106982,101.406074,-0.107188,0.169705,0.975495,-0.090107,2.300627,11.066737,-3.926731,-1.133349,0.454563,-0.890280,-167.546676,-10.284694,159.137119
115906.0,2025-12-17T11:07:05.109001,101.408093,-0.111479,0.161873,0.977706,-0.073895,1.829601,9.379644,-3.304665,-1.167946,0.495017,-0.825961,-169.392152,-11.190020,160.156158
115926.0,2025-12-17T11:07:05.109001,101.408093,-0.116412,0.154288,0.979548,-0.055934,1.419339,6.912621,-2.951365,-1.193921,0.533002,-0.765898,-171.439860,-12.169388,161.183636
115950.0,2025-12-17T11:07:05.169235,101.468327,-0.120597,0.148518,0.980642,-0.041710,1.299496,5.171646,-2.569424,-1.189000,0.569427,-0.738846,-173.067607,-12.952038,161.988129
115974.0,2025-12-17T11:07:05.169235,101.468327,-0.125641,0.142008,0.981513,-0.026069,1.309156,3.016968,-2.177658,-1.146178,0.604763,-0.729115,-174.867646,-13.841232,162.911466
115994.0,2025-12-17T11:07:05.170643,101.469735,-0.130970,0.135170,0.982074,-0.010293,1.352481,1.591607,-1.839335,-1.119505,0.624569,-0.732435,-176.702775,-14.741672,163.899769
116020.0,2025-12-17T11:07:05.224697,101.523789,-0.135638,0.129331,0.982277,0.002952,1.312059,0.086313,-1.598588,-1.118383,0.619506,-0.733544,-178.258480,-15.499595,164.761676
116044.0,2025-12-17T11:07:05.224697,101.523789,-0.134050,0.120691,0.983508,0.013279,1.449650,-0.797189,-1.620620,-0.637612,0.565243,-0.775565,-179.629213,-15.478883,165.957433
116067.0,2025-12-17T11:07:05.288787,101.587879,-0.139736,0.111075,0.983841,0.013919,1.341410,-1.250592,-1.675447,0.110664,0.529773,-0.811790,-179.782075,-16.143686,167.086344
116092.0,2025-12-17T11:07:05.288787,101.587879,-0.139113,0.104105,0.984681,0.014570,1.296377,-3.368895,-1.283183,-0.230167,0.489328,-0.687523,-179.983823,-16.081081,167.927375
116118.0,2025-12-17T11:07:05.290367,101.589459,-0.140430,0.098495,0.984858,0.025160,1.465436,-3.214561,-1.480856,-0.809816,0.443150,-0.695722,178.692525,-16.353567,168.765615
116141.0,2025-12-17T11:07:05.407954,101.707046,-0.136975,0.091134,0.985830,0.032742,1.519840,-3.459352,-1.330423,-0.730972,0.358333,-0.706402,177.639288,-16.023716,169.769033
116165.0,2025-12-17T11:07:05.409134,101.708226,-0.133520,0.084234,0.986751,0.037394,1.461018,-3.886876,-1.146571,-0.596135,0.291678,-0.703097,176.945859,-15.652520,170.661393
116184.0,2025-12-17T11:07:05.409134,101.708226,-0.129053,0.076793,0.987881,0.039234,1.443515,-3.921573,-0.976789,-0.379990,0.181142,-0.708065,176.573517,-15.129682,171.565262
116205.0,2025-12-17T11:07:05.409134,101.708226,-0.127670,0.069995,0.988484,0.041234,1.405560,-4.473001,-0.913236,-0.263565,0.118530,-0.712336,176.222661,-14.961589,172.395461
116252.0,2025-12-17T11:07:05.464152,101.763244,-0.117728,0.056633,0.990793,0.035528,1.090503,-4.734750,-0.360770,-0.029585,-0.087052,-0.673749,176.632204,-13.727906,173.862629
116276.0,2025-12-17T11:07:05.469539,101.768632,-0.110683,0.049192,0.992175,0.030308,0.938071,-4.637451,-0.339557,0.026162,-0.182366,-0.660467,177.104226,-12.862670,174.649736
116302.0,2025-12-17T11:07:05.527598,101.826690,-0.105830,0.042430,0.993075,0.028311,0.894250,-4.576025,-0.244255,0.060314,-0.266843,-0.630747,177.228454,-12.274613,175.404984
116327.0,2025-12-17T11:07:05.536383,101.835476,-0.096863,0.035225,0.994439,0.021617,0.820282,-4.278115,-0.417332,0.082353,-0.321250,-0.599071,177.886956,-11.196384,176.149805
116346.0,2025-12-17T11:07:05.536383,101.835476,-0.088250,0.028755,0.995561,0.015583,0.657207,-3.306210,-0.685529,0.060598,-0.335709,-0.573446,178.489096,-10.172563,176.825580
116372.0,2025-12-17T11:07:05.586595,101.885687,-0.079589,0.023167,0.996497,0.011051,0.559691,-1.837421,-0.700120,0.040436,-0.319859,-0.529840,178.935707,-9.156501,177.421585
116387.0,2025-12-17T11:07:05.588611,101.887703,-0.069533,0.017505,0.997388,0.008756,0.475836,-0.598740,-0.792640,0.028651,-0.266410,-0.482340,179.130255,-7.990488,178.049747
116423.0,2025-12-17T11:07:05.644342,101.943434,-0.066989,0.013277,0.997621,0.009458,0.444441,-0.201227,-1.017268,0.015410,-0.139716,-0.440347,179.011783,-7.695666,178.541550
116448.0,2025-12-17T11:07:05.644342,101.943434,-0.060153,0.008441,0.998133,0.006349,0.268659,-0.375604,-1.067282,0.023448,0.030770,-0.377937,179.327148,-6.903014,179.071577
116474.0,2025-12-17T11:07:05.644342,101.943434,-0.058543,0.004053,0.998276,-0.000559,0.242906,-1.094292,-1.139433,0.021174,0.176956,-0.357666,-179.908277,-6.711999,179.529364
116500.0,2025-12-17T11:07:05.704748,102.003841,-0.060624,-0.000119,0.998130,-0.007863,0.267964,-1.812844,-1.176256,0.011244,0.337492,-0.353795,-179.094734,-6.951156,179.958696
116527.0,2025-12-17T11:07:05.708307,102.007400,-0.066367,-0.000857,0.997766,-0.007659,0.388454,-2.403994,-1.274794,0.010023,0.465515,-0.344090,-179.123026,-7.611249,-179.959929
116549.0,2025-12-17T11:07:05.768092,102.067184,-0.069946,-0.004805,0.997442,-0.013953,0.476615,-1.482056,-1.194055,0.013116,0.607058,-0.347786,-178.428135,-8.028659,-179.558309
116575.0,2025-12-17T11:07:05.769695,102.068787,-0.072402,-0.008282,0.997182,-0.017822,0.537675,-0.716194,-1.134241,0.029658,0.711465,-0.341569,-178.010935,-8.319439,-179.192993
116599.0,2025-12-17T11:07:05.826126,102.125218,-0.075159,-0.011680,0.996917,-0.019272,0.762247,-0.067062,-1.155185,0.087377,0.828723,-0.314825,-177.874377,-8.644541,-178.818124
116626.0,2025-12-17T11:07:05.826126,102.125218,-0.084951,-0.012660,0.996111,-0.019649,1.057201,0.427664,-1.106302,0.156045,0.919934,-0.293998,-177.848660,-9.772616,-178.727605
116646.0,2025-12-17T11:07:05.826126,102.125218,-0.090455,-0.016395,0.995542,-0.021115,1.294460,0.948823,-0.952594,0.251365,0.991375,-0.274898,-177.722962,-10.416103,-178.320651
116670.0,2025-12-17T11:07:05.886248,102.185340,-0.095037,-0.019195,0.994996,-0.024127,1.480064,1.087085,-0.958375,0.418533,1.036020,-0.257533,-177.410078,-10.955596,-178.038093
116690.0,2025-12-17T11:07:05.888107,102.187199,-0.100351,-0.022392,0.994268,-0.029314,1.538653,1.684492,-1.073548,0.619156,1.037348,-0.236796,-176.851868,-11.587501,-177.739242
116715.0,2025-12-17T11:07:05.888107,102.187199,-0.108178,-0.022590,0.993246,-0.035346,1.688865,2.801041,-1.071274,0.840497,1.013102,-0.217790,-176.163252,-12.503009,-177.814656
116733.0,2025-12-17T11:07:05.948278,102.247370,-0.113834,-0.026659,0.992111,-0.045242,1.809842,4.805670,-1.024643,1.135819,0.938863,-0.203597,-175.068092,-13.196119,-177.492340
116757.0,2025-12-17T11:07:05.949301,102.248393,-0.117196,-0.029919,0.991121,-0.055223,1.780773,6.403143,-1.162676,1.487940,0.813781,-0.183034,-173.948579,-13.627942,-177.265661
116782.0,2025-12-17T11:07:06.004442,102.303535,-0.119808,-0.034317,0.989645,-0.071215,1.858221,8.154979,-1.402054,1.845237,0.670042,-0.170483,-172.137370,-14.005961,-176.995292
116807.0,2025-12-17T11:07:06.004442,102.303535,-0.120518,-0.039973,0.987488,-0.093513,2.026375,11.370783,-1.828198,2.298616,0.480339,-0.183823,-169.596591,-14.211193,-176.664248
116833.0,2025-12-17T11:07:06.004442,102.303535,-0.121154,-0.042167,0.984530,-0.119347,2.042869,14.382483,-2.562730,2.607335,0.320500,-0.211370,-166.580931,-14.396163,-176.797510
116852.0,2025-12-17T11:07:06.067458,102.366550,-0.118883,-0.049953,0.980571,-0.147822,1.748187,18.321804,-3.673487,2.775657,0.168962,-0.256298,-163.322589,-14.354166,-176.282275
116877.0,2025-12-17T11:07:06.126654,102.425746,-0.115401,-0.057447,0.976902,-0.170426,1.442376,21.000404,-4.598923,2.767321,-0.027920,-0.357098,-160.744838,-14.184939,-175.687437
116901.0,2025-12-17T11:07:06.126654,102.425746,-0.110054,-0.067130,0.972536,-0.193791,0.871330,23.333254,-5.757222,2.644553,-0.203824,-0.469069,-158.094701,-13.891301,-174.803774
116927.0,2025-12-17T11:07:06.126654,102.425746,-0.104802,-0.075499,0.967988,-0.215213,0.181286,26.690681,-7.105991,2.424057,-0.340488,-0.567648,-155.643669,-13.614646,-174.031794
116970.0,2025-12-17T11:07:06.188217,102.487309,-0.092256,-0.100162,0.959018,-0.248476,-1.501658,29.521000,-9.417936,1.659262,-0.578745,-0.811397,-151.942774,-13.104398,-171.362748
116994.0,2025-12-17T11:07:06.188217,102.487309,-0.085613,-0.112901,0.956744,-0.254097,-2.210651,29.464598,-9.745706,1.204358,-0.654505,-0.882097,-151.396918,-12.779270,-169.810297
117020.0,2025-12-17T11:07:06.244248,102.543341,-0.079833,-0.124799,0.955200,-0.256213,-2.963798,29.683033,-10.170751,0.830628,-0.690375,-0.927692,-151.252756,-12.501396,-168.328294
117040.0,2025-12-17T11:07:06.248619,102.547711,-0.073550,-0.139809,0.954395,-0.253327,-3.822982,29.596050,-10.339894,0.440944,-0.668160,-0.949089,-151.727295,-12.194173,-166.414159
117055.0,2025-12-17T11:07:06.248619,102.547711,-0.068774,-0.152299,0.953989,-0.248959,-4.318931,28.852463,-10.154954,0.259187,-0.647125,-0.950633,-152.346961,-11.949640,-164.810210
117082.0,2025-12-17T11:07:06.248619,102.547711,-0.065604,-0.161554,0.953830,-0.244548,-4.657379,28.361528,-9.995525,0.124146,-0.602421,-0.929693,-152.941497,-11.780666,-163.617732
117112.0,2025-12-17T11:07:06.305698,102.604790,-0.063225,-0.173172,0.954247,-0.235429,-5.137925,27.706333,-9.684444,-0.038169,-0.493098,-0.868139,-154.123479,-11.665864,-162.117264
117136.0,2025-12-17T11:07:06.308428,102.607520,-0.061421,-0.184637,0.954495,-0.225999,-5.576810,26.915733,-9.120100,-0.135343,-0.381855,-0.790403,-155.339645,-11.578317,-160.643059
117159.0,2025-12-17T11:07:06.369139,102.668231,-0.060649,-0.193850,0.954796,-0.217044,-5.725627,25.559904,-8.549288,-0.183626,-0.300433,-0.707116,-156.483653,-11.534761,-159.455510
117178.0,2025-12-17T11:07:06.369139,102.668231,-0.060401,-0.201296,0.955186,-0.208450,-5.812353,24.238792,-7.844465,-0.186183,-0.235680,-0.584674,-157.569969,-11.496531,-158.486159
117193.0,2025-12-17T11:07:06.369139,102.668231,-0.060469,-0.207301,0.955532,-0.200820,-6.031907,23.256910,-7.358113,-0.171544,-0.203444,-0.508472,-158.529890,-11.467997,-157.700089
117228.0,2025-12-17T11:07:06.428103,102.727196,-0.061561,-0.210387,0.956436,-0.192817,-6.187660,22.551456,-6.840765,-0.092223,-0.171756,-0.366303,-159.517534,-11.472122,-157.267903
117254.0,2025-12-17T11:07:06.485927,102.785019,-0.061379,-0.214717,0.956898,-0.185673,-6.199663,21.161819,-6.291632,0.028735,-0.156951,-0.228061,-160.392734,-11.373289,-156.677424
117287.0,2025-12-17T11:07:06.485927,102.785019,-0.060557,-0.217727,0.957525,-0.179089,-6.297337,19.630196,-5.944435,0.148165,-0.172209,-0.072327,-161.172329,-11.183610,-156.239202
117320.0,2025-12-17T11:07:06.485927,102.785019,-0.060125,-0.216403,0.958886,-0.173473,-6.613955,19.115992,-6.068643,0.217557,-0.205018,0.057607,-161.797683,-10.975304,-156.328366
117351.0,2025-12-17T11:07:06.607895,102.906987,-0.058471,-0.215836,0.959723,-0.170080,-6.969151,18.942444,-6.298624,0.281949,-0.218283,0.175718,-162.148618,-10.699129,-156.335944
117376.0,2025-12-17T11:07:06.607895,102.906987,-0.057047,-0.214344,0.960534,-0.167860,-7.184411,18.873367,-6.605002,0.325102,-0.202202,0.245880,-162.359060,-10.460043,-156.468588
117402.0,2025-12-17T11:07:06.607895,102.906987,-0.056272,-0.212321,0.961267,-0.166491,-7.232296,19.292225,-6.957653,0.359463,-0.136972,0.279736,-162.479668,-10.304784,-156.681586
117450.0,2025-12-17T11:07:06.668926,102.968018,-0.058095,-0.205584,0.962772,-0.165620,-6.763615,20.584084,-6.891550,0.450965,0.076407,0.265829,-162.547278,-10.367591,-157.488514
117478.0,2025-12-17T11:07:06.844409,103.143502,-0.060277,-0.203624,0.962927,-0.166359,-6.635685,21.383316,-6.960052,0.490187,0.182507,0.227762,-162.484479,-10.593207,-157.756324
117503.0,2025-12-17T11:07:06.906709,103.205801,-0.063523,-0.202234,0.962853,-0.167275,-6.548512,22.207829,-7.161100,0.489952,0.286997,0.165223,-162.426563,-10.951813,-157.974345
117529.0,2025-12-17T11:07:06.964804,103.263897,-0.068388,-0.199389,0.963015,-0.167836,-6.392146,23.304855,-7.304910,0.476033,0.350694,0.113088,-162.422007,-11.457779,-158.382074
117548.0,2025-12-17T11:07:06.970163,103.269255,-0.072872,-0.199062,0.962656,-0.168400,-6.373933,24.501003,-7.396383,0.447224,0.383878,0.053142,-162.436209,-11.966779,-158.488867
117664.0,2025-12-17T11:07:06.970862,103.269954,-0.087914,-0.200785,0.962285,-0.161136,-6.204933,26.987644,-7.372565,0.175180,0.140159,-0.092952,-163.581343,-13.527051,-158.388644
117746.0,2025-12-17T11:07:06.970862,103.269954,-0.086621,-0.208863,0.963277,-0.144811,-6.375621,24.992977,-6.814558,0.122723,-0.207375,-0.203834,-165.561989,-13.142314,-157.204248
117799.0,2025-12-17T11:07:07.023960,103.323052,-0.079343,-0.219380,0.963184,-0.133620,-6.548205,23.050232,-6.633203,0.219083,-0.338858,-0.235373,-166.836028,-12.208598,-155.751764
117829.0,2025-12-17T11:07:07.023960,103.323052,-0.076165,-0.222730,0.963408,-0.128204,-6.907866,22.801720,-6.514936,0.271620,-0.348146,-0.212395,-167.427864,-11.763092,-155.265326
117853.0,2025-12-17T11:07:07.023960,103.323052,-0.072820,-0.226600,0.963215,-0.124762,-7.208091,22.347586,-6.407748,0.282090,-0.335923,-0.179848,-167.790894,-11.351401,-154.741262
117887.0,2025-12-17T11:07:07.085885,103.384978,-0.069570,-0.229640,0.963248,-0.120745,-7.274734,21.094810,-6.181836,0.267227,-0.303334,-0.085031,-168.207680,-10.922535,-154.313157
117916.0,2025-12-17T11:07:07.089225,103.388317,-0.067932,-0.229345,0.963885,-0.117097,-7.316651,20.480350,-6.006843,0.234333,-0.281723,-0.025341,-168.581042,-10.641829,-154.299045
117945.0,2025-12-17T11:07:07.144367,103.443459,-0.066119,-0.229879,0.964454,-0.112305,-7.660149,20.744602,-5.985635,0.147453,-0.254275,0.059626,-169.088621,-10.321502,-154.175610
117973.0,2025-12-17T11:07:07.144367,103.443459,-0.065043,-0.229045,0.965524,-0.105219,-7.856547,21.268803,-5.807964,-0.003765,-0.221611,0.137787,-169.859283,-10.008887,-154.199819
118007.0,2025-12-17T11:07:07.205661,103.504754,-0.065123,-0.226607,0.967172,-0.094793,-7.765501,21.349770,-5.543063,-0.233315,-0.185516,0.219881,-171.019915,-9.725677,-154.392652
118029.0,2025-12-17T11:07:07.208238,103.507330,-0.066643,-0.221878,0.969256,-0.082892,-7.408299,20.905619,-5.282321,-0.384415,-0.169876,0.249007,-172.359391,-9.553676,-154.851978
118053.0,2025-12-17T11:07:07.266572,103.565664,-0.067982,-0.218871,0.970821,-0.070579,-7.167164,20.406597,-4.981629,-0.539525,-0.148173,0.263008,-173.757668,-9.374769,-155.102586
118085.0,2025-12-17T11:07:07.268875,103.567968,-0.069727,-0.215959,0.972173,-0.058141,-6.773829,19.755688,-4.444067,-0.643150,-0.123342,0.263574,-175.180278,-9.246665,-155.341255
118104.0,2025-12-17T11:07:07.324163,103.623255,-0.072648,-0.212430,0.973567,-0.041999,-6.150105,18.690014,-3.691241,-0.712335,-0.075292,0.250021,-177.043954,-9.166234,-155.619218
118136.0,2025-12-17T11:07:07.324163,103.623255,-0.075826,-0.208697,0.974611,-0.028792,-5.699419,17.751701,-3.209349,-0.717252,-0.029901,0.246757,-178.579409,-9.196419,-155.941396
118156.0,2025-12-17T11:07:07.324163,103.623255,-0.080343,-0.205150,0.975344,-0.012712,-5.074587,16.157391,-2.669526,-0.655318,0.036044,0.229890,179.525768,-9.319523,-156.204869
118180.0,2025-12-17T11:07:07.387385,103.686477,-0.084023,-0.202548,0.975659,-0.002139,-4.707557,15.347240,-2.300570,-0.532851,0.093732,0.233167,178.264964,-9.486863,-156.399874
118200.0,2025-12-17T11:07:07.387385,103.686477,-0.088017,-0.199776,0.975847,0.008045,-4.453936,14.765133,-1.875275,-0.445119,0.119919,0.240543,177.041805,-9.704605,-156.609263
118231.0,2025-12-17T11:07:07.444361,103.743454,-0.093356,-0.194268,0.976296,0.019763,-4.291105,14.380192,-1.587156,-0.305954,0.136654,0.263114,175.639615,-10.055834,-157.108255
118265.0,2025-12-17T11:07:07.444361,103.743454,-0.097233,-0.190024,0.976566,0.027490,-4.231100,14.126524,-1.238234,-0.159238,0.109036,0.346958,174.713260,-10.338444,-157.498868
118284.0,2025-12-17T11:07:07.507478,103.806571,-0.100542,-0.184826,0.977007,0.034460,-3.981809,13.743284,-0.954321,-0.074524,0.071584,0.411257,173.897271,-10.586634,-158.009278
118318.0,2025-12-17T11:07:07.507478,103.806571,-0.103545,-0.175614,0.978101,0.041915,-3.624356,13.511409,-0.631102,-0.024118,0.005839,0.485043,173.078579,-10.826375,-158.985764
118344.0,2025-12-17T11:07:07.564122,103.863214,-0.104471,-0.169019,0.978893,0.047831,-3.466944,13.706733,-0.613508,-0.010373,-0.069750,0.549625,172.454785,-10.857315,-159.689384
118364.0,2025-12-17T11:07:07.564122,103.863214,-0.104666,-0.162411,0.979701,0.053413,-3.449114,14.469606,-0.524297,-0.016888,-0.119403,0.584631,171.884715,-10.820500,-160.404777
118391.0,2025-12-17T11:07:07.569478,103.868570,-0.104438,-0.155780,0.980469,0.059201,-3.304516,14.755262,-0.377582,-0.045763,-0.153105,0.597533,171.298978,-10.740008,-161.124774
118416.0,2025-12-17T11:07:07.624316,103.923408,-0.104677,-0.147315,0.981289,0.066424,-2.967108,14.474603,-0.422094,-0.106309,-0.172631,0.579758,170.557275,-10.711705,-162.037361
118441.0,2025-12-17T11:07:07.624316,103.923408,-0.104185,-0.140761,0.981767,0.073932,-2.649508,14.043634,-0.519351,-0.152448,-0.165991,0.547436,169.774533,-10.588671,-162.731529
118460.0,2025-12-17T11:07:07.624316,103.923408,-0.104041,-0.135293,0.981964,0.081344,-2.419741,14.119267,-0.457327,-0.160079,-0.120312,0.472247,168.982437,-10.504867,-163.294595
118492.0,2025-12-17T11:07:07.687238,103.986330,-0.104542,-0.130188,0.981889,0.089531,-2.309151,14.204325,-0.264888,-0.140551,-0.060871,0.393235,168.083382,-10.485430,-163.797067
118509.0,2025-12-17T11:07:07.687238,103.986330,-0.105790,-0.126728,0.981491,0.097079,-2.087044,13.488237,-0.176638,-0.110081,0.012995,0.292449,167.225542,-10.547996,-164.101563
118544.0,2025-12-17T11:07:07.744459,104.043551,-0.108272,-0.122207,0.980837,0.106307,-1.932652,13.104095,-0.048575,-0.077702,0.060153,0.210454,166.160950,-10.743446,-164.488145
118580.0,2025-12-17T11:07:07.744459,104.043551,-0.110315,-0.120646,0.979828,0.114946,-1.871939,12.847379,0.233871,-0.086880,0.069171,0.140877,165.139417,-10.862030,-164.540286
118608.0,2025-12-17T11:07:07.804156,104.103248,-0.112013,-0.119812,0.978504,0.125009,-1.610108,11.570493,0.262094,-0.132235,0.049827,0.086482,163.949636,-10.909319,-164.495784
118649.0,2025-12-17T11:07:07.864407,104.163499,-0.112700,-0.118318,0.977044,0.136690,-1.333738,10.490767,0.272582,-0.147544,0.005340,0.031934,162.596445,-10.829033,-164.528184
118682.0,2025-12-17T11:07:07.868292,104.167384,-0.112785,-0.119098,0.975310,0.147869,-1.251882,9.356052,0.281606,-0.108998,-0.023198,-0.012811,161.287106,-10.648269,-164.316399
118719.0,2025-12-17T11:07:07.928151,104.227243,-0.112900,-0.117795,0.973773,0.158569,-1.131832,7.779613,0.124349,-0.043035,-0.050877,-0.048643,160.053066,-10.516557,-164.350748
118753.0,2025-12-17T11:07:07.928151,104.227243,-0.112066,-0.119494,0.972150,0.167591,-1.148198,6.328986,-0.131892,0.010510,-0.107152,-0.079285,159.001570,-10.243815,-164.081716
118787.0,2025-12-17T11:07:07.988722,104.287814,-0.111047,-0.120953,0.970656,0.175689,-1.255929,5.738502,-0.147987,0.041855,-0.156844,-0.085289,158.064153,-9.966785,-163.857740
118823.0,2025-12-17T11:07:08.046708,104.345800,-0.108824,-0.120589,0.969745,0.182236,-1.394607,5.072983,-0.226488,0.094202,-0.202015,-0.090876,157.349609,-9.619916,-163.892111
118858.0,2025-12-17T11:07:08.046708,104.345800,-0.108446,-0.121591,0.968695,0.187309,-1.700569,5.465469,-0.183916,0.155629,-0.201912,-0.089357,156.756350,-9.471182,-163.739119
118884.0,2025-12-17T11:07:08.105286,104.404378,-0.107264,-0.123722,0.967650,0.191942,-1.499378,6.164248,-0.066051,0.213720,-0.163013,-0.134495,156.221110,-9.212286,-163.484066
118920.0,2025-12-17T11:07:08.108209,104.407302,-0.105764,-0.125659,0.966523,0.197120,-1.176790,6.732240,-0.140204,0.197667,-0.086093,-0.191171,155.631572,-8.911428,-163.257034
118945.0,2025-12-17T11:07:08.167903,104.466996,-0.104831,-0.129206,0.964953,0.202934,-1.303942,7.774723,0.053674,0.119609,-0.043782,-0.208010,154.943135,-8.619643,-162.828233
118975.0,2025-12-17T11:07:08.167903,104.466996,-0.104404,-0.132895,0.962590,0.211800,-1.245772,8.697483,0.238148,-0.075404,0.003835,-0.212506,153.887539,-8.320081,-162.346266
119007.0,2025-12-17T11:07:08.224338,104.523430,-0.102128,-0.134826,0.960655,0.220303,0.041262,7.614947,2.696696,-0.420529,-0.134790,-0.181204,152.929313,-7.863563,-162.125918
119035.0,2025-12-17T11:07:08.224338,104.523430,-0.099170,-0.134910,0.958929,0.228954,1.367014,6.025892,4.743923,-0.749673,-0.345134,-0.167336,151.982064,-7.378157,-162.140269
119059.0,2025-12-17T11:07:08.230147,104.529240,-0.092481,-0.133039,0.955739,0.245583,1.792119,3.246099,3.617823,-1.294470,-0.711252,-0.147376,150.189690,-6.397838,-162.446070
119086.0,2025-12-17T11:07:08.288114,104.587206,-0.080124,-0.131024,0.950561,0.269901,0.383750,1.745864,1.334837,-1.566161,-0.888131,-0.082150,147.595125,-4.680421,-162.943042
119106.0,2025-12-17T11:07:08.288114,104.587206,-0.072282,-0.126432,0.945294,0.291907,-1.340022,2.351340,-1.392611,-1.576859,-0.837979,-0.019408,145.160351,-3.602937,-163.633086
119129.0,2025-12-17T11:07:08.344404,104.643496,-0.068459,-0.123577,0.941715,0.305311,-1.674746,1.239162,-2.551488,-1.273283,-0.581700,0.003907,143.643987,-3.065554,-164.041256
119153.0,2025-12-17T11:07:08.344404,104.643496,-0.067254,-0.121597,0.938833,0.315094,-1.491141,0.059481,-3.512477,-0.867697,-0.236825,0.040568,142.501001,-2.846001,-164.274127
119178.0,2025-12-17T11:07:08.344404,104.643496,-0.070837,-0.121322,0.937713,0.317739,-1.006692,-0.983390,-3.784843,-0.281856,0.259658,0.091959,142.117877,-3.196081,-164.158941
119201.0,2025-12-17T11:07:08.406064,104.705157,-0.079185,-0.122788,0.937874,0.314715,-0.794234,-1.487396,-3.813088,0.161459,0.705979,0.123341,142.314631,-4.085514,-163.687591
119227.0,2025-12-17T11:07:08.408572,104.707664,-0.092155,-0.125594,0.938734,0.307428,-0.458728,-1.631202,-3.921234,0.468986,1.134742,0.174414,142.907129,-5.497147,-162.913643
119250.0,2025-12-17T11:07:08.468089,104.767181,-0.112077,-0.129252,0.939708,0.296112,0.736122,-2.610127,-3.366122,0.687291,1.660451,0.302640,143.784363,-7.706147,-161.813506
119275.0,2025-12-17T11:07:08.468089,104.767181,-0.129664,-0.132740,0.941412,0.281621,2.008035,-3.824306,-1.343906,0.584374,1.938109,0.418480,145.044252,-9.751205,-160.871245
119294.0,2025-12-17T11:07:08.468089,104.767181,-0.152004,-0.133508,0.939288,0.277143,3.032803,-3.407027,1.032979,0.031670,1.828317,0.488202,144.955166,-12.213168,-159.951401
119312.0,2025-12-17T11:07:08.524480,104.823572,-0.169949,-0.132967,0.936492,0.276442,3.445436,-3.334635,0.849041,-0.278232,1.695513,0.516369,144.504929,-14.169792,-159.281836
119338.0,2025-12-17T11:07:08.524480,104.823572,-0.181321,-0.131360,0.933815,0.279029,2.795272,-0.550605,0.555284,-0.527709,1.416532,0.500429,143.849813,-15.386772,-158.936496
119362.0,2025-12-17T11:07:08.588156,104.887248,-0.190203,-0.131376,0.930986,0.282540,3.190216,-0.354196,0.752200,-0.623193,1.157919,0.401320,143.126972,-16.255183,-158.484122
119387.0,2025-12-17T11:07:08.588156,104.887248,-0.198502,-0.129847,0.928312,0.286310,5.189181,-2.576192,1.449727,-0.464815,0.601466,0.222145,142.401796,-17.108977,-158.212228
119406.0,2025-12-17T11:07:08.588156,104.887248,-0.200029,-0.129443,0.927282,0.288756,4.418672,0.472221,2.660034,-0.232693,0.097297,0.015810,142.055583,-17.230235,-158.143202
119429.0,2025-12-17T11:07:08.644210,104.943302,-0.196852,-0.130864,0.927057,0.291013,4.473871,0.452733,2.025778,-0.141733,-0.269679,-0.263141,141.873095,-16.787271,-158.092382
119454.0,2025-12-17T11:07:08.644210,104.943302,-0.189303,-0.135595,0.926294,0.296239,3.697503,-2.052900,0.644968,-0.290220,-0.500972,-0.648864,141.438008,-15.685840,-157.826315
119473.0,2025-12-17T11:07:08.649413,104.948505,-0.175664,-0.143904,0.925771,0.302295,3.111808,-4.846937,-1.106792,-0.606677,-0.562953,-0.960845,141.070540,-13.783044,-157.437097
119492.0,2025-12-17T11:07:08.705222,105.004315,-0.165660,-0.152031,0.923898,0.309605,2.687958,-6.165266,-1.777683,-0.944988,-0.504242,-1.183969,140.436665,-12.237648,-156.895027
119516.0,2025-12-17T11:07:08.705222,105.004315,-0.155918,-0.164708,0.919565,0.320877,2.339669,-5.649854,-1.319940,-1.299755,-0.353974,-1.646525,139.286620,-10.431014,-155.810764
119542.0,2025-12-17T11:07:08.768372,105.067464,-0.146618,-0.181940,0.911272,0.339093,2.195845,-6.228256,-0.459835,-1.408959,-0.250346,-2.081569,137.279953,-8.269413,-154.179325
119567.0,2025-12-17T11:07:08.768372,105.067464,-0.135497,-0.208036,0.899321,0.359976,2.384588,-7.808738,-0.867331,-1.354923,-0.249280,-2.511472,135.011045,-5.389973,-151.716921
119586.0,2025-12-17T11:07:08.770283,105.069376,-0.123017,-0.235740,0.885658,0.380662,2.921191,-10.398663,-2.075192,-1.445522,-0.304141,-2.881159,132.877121,-2.202279,-149.229220
119611.0,2025-12-17T11:07:08.823936,105.123028,-0.111096,-0.260361,0.874103,0.394733,4.069671,-13.835217,-4.178091,-1.634784,-0.367606,-3.105655,131.584918,0.649057,-147.118389
119636.0,2025-12-17T11:07:08.823936,105.123028,-0.096348,-0.286662,0.857694,0.415815,5.466133,-16.530815,-5.901503,-1.924713,-0.533054,-3.140922,129.593432,4.193385,-145.012482
119661.0,2025-12-17T11:07:08.887428,105.186520,-0.078987,-0.315066,0.834180,0.445688,6.709069,-20.455227,-7.954588,-2.204885,-0.744978,-3.234768,126.649307,8.572587,-142.930367
119680.0,2025-12-17T11:07:08.889442,105.188535,-0.059754,-0.339964,0.807832,0.477766,8.721273,-23.950390,-11.932627,-2.527250,-1.073409,-3.291919,123.427855,13.197243,-141.478086
119695.0,2025-12-17T11:07:08.889442,105.188535,-0.043220,-0.359489,0.786296,0.500638,10.209846,-25.317627,-14.940775,-2.680632,-1.250165,-3.260199,121.167396,16.976496,-140.481003
119722.0,2025-12-17T11:07:08.889442,105.188535,-0.029564,-0.373863,0.767510,0.519886,11.035457,-25.909086,-16.830528,-2.808137,-1.412185,-3.193006,119.164191,20.081136,-139.926990
119746.0,2025-12-17T11:07:08.944288,105.243381,-0.004307,-0.396390,0.732048,0.554042,12.243281,-25.959330,-19.746056,-2.928246,-1.614314,-3.238757,115.356604,25.653427,-139.525589
119766.0,2025-12-17T11:07:08.949203,105.248296,0.014536,-0.411795,0.704689,0.577605,13.382794,-25.662922,-22.500210,-2.885505,-1.691187,-3.210726,112.505200,29.748634,-139.523934
119788.0,2025-12-17T11:07:09.003908,105.303001,0.032563,-0.425448,0.679928,0.596349,14.540793,-26.309319,-25.466421,-2.651683,-1.709149,-3.304651,110.099390,33.484565,-139.676137
119813.0,2025-12-17T11:07:09.003908,105.303001,0.055236,-0.441750,0.647172,0.618850,15.048753,-24.089386,-26.832275,-2.342579,-1.490900,-3.402837,106.858958,38.188247,-140.172000
119839.0,2025-12-17T11:07:09.067589,105.366682,0.074394,-0.455402,0.616013,0.638438,16.633575,-22.954376,-29.390976,-2.016765,-1.199480,-2.733709,103.586905,42.310340,-140.931490
119858.0,2025-12-17T11:07:09.067589,105.366682,0.090171,-0.469610,0.591355,0.649334,19.262064,-23.579712,-32.724358,-1.605012,-0.881003,-2.184051,101.616993,45.767442,-141.072564
119883.0,2025-12-17T11:07:09.070028,105.369121,0.103686,-0.485049,0.571678,0.653576,20.991325,-21.675632,-34.024620,-1.264105,-0.426110,-2.406785,100.869645,48.814605,-140.478068
119907.0,2025-12-17T11:07:09.126347,105.425439,0.116062,-0.504243,0.551458,0.654342,22.197083,-20.997419,-33.847794,-1.088024,-0.029965,-2.265046,100.927288,51.989735,-138.969610
119933.0,2025-12-17T11:07:09.128359,105.427451,0.124611,-0.523450,0.537686,0.649127,23.382607,-20.822441,-33.122627,-0.659004,0.296624,-1.773397,102.536443,54.446552,-136.380965
119953.0,2025-12-17T11:07:09.128359,105.427451,0.131665,-0.541274,0.527118,0.641742,24.386890,-19.812588,-32.601360,-0.362504,0.476487,-1.359102,104.857173,56.462338,-133.366821
119973.0,2025-12-17T11:07:09.188022,105.487114,0.135483,-0.553576,0.522073,0.634538,25.047337,-19.508112,-31.944199,-0.151234,0.556954,-0.984925,107.133927,57.564278,-130.790363
119997.0,2025-12-17T11:07:09.188022,105.487114,0.137426,-0.562759,0.520610,0.627202,25.019188,-19.121304,-30.777451,0.039759,0.587253,-0.591888,109.395620,58.104879,-128.488710
120016.0,2025-12-17T11:07:09.188022,105.487114,0.137161,-0.571232,0.522660,0.617825,25.680187,-19.834549,-30.452665,0.136806,0.539054,-0.121913,112.134724,58.126876,-125.917985
120042.0,2025-12-17T11:07:09.605368,105.904460,0.135345,-0.577114,0.526034,0.609845,25.405228,-19.284920,-29.718164,0.142223,0.492217,0.100994,114.337813,57.810562,-123.915722
120066.0,2025-12-17T11:07:09.605368,105.904460,0.132556,-0.580482,0.531097,0.602831,24.338949,-18.238960,-28.321873,0.112374,0.313560,0.402942,116.076085,57.210466,-122.495159
120087.0,2025-12-17T11:07:09.605368,105.904460,0.129793,-0.581376,0.536435,0.597823,23.793518,-17.842970,-27.851097,0.098357,0.160451,0.565288,117.149606,56.550479,-121.781894
120106.0,2025-12-17T11:07:09.607944,105.907037,0.127851,-0.580744,0.540750,0.594962,23.677128,-18.514788,-27.904398,0.030002,-0.055346,0.584770,117.653844,56.028088,-121.598250
120140.0,2025-12-17T11:07:09.607944,105.907037,0.124527,-0.579875,0.545695,0.591992,23.285349,-19.401197,-27.084700,-0.073443,-0.170542,0.540881,118.118463,55.332933,-121.414329
120167.0,2025-12-17T11:07:09.609967,105.909059,0.121491,-0.579234,0.547985,0.591135,23.065811,-19.216099,-26.921736,-0.284685,-0.233133,0.433873,118.172199,54.881268,-121.368748
120186.0,2025-12-17T11:07:09.609967,105.909059,0.117817,-0.580857,0.547157,0.591053,23.943558,-20.190269,-28.329227,-0.486845,-0.149707,0.239157,118.211404,54.643106,-120.932215
120219.0,2025-12-17T11:07:09.609967,105.909059,0.114582,-0.583391,0.545306,0.590904,25.313755,-21.083317,-29.823563,-0.537160,-0.086420,0.127225,118.334314,54.530130,-120.332740
120245.0,2025-12-17T11:07:09.609967,105.909059,0.111418,-0.587820,0.542684,0.589533,26.130066,-21.056961,-30.417295,-0.516129,-0.075836,-0.030311,118.827652,54.489258,-119.282836
120264.0,2025-12-17T11:07:09.612032,105.911125,0.110739,-0.592460,0.537875,0.589422,26.599880,-19.950842,-30.213661,-0.544799,-0.100722,-0.170431,119.165368,54.839786,-118.350371
120297.0,2025-12-17T11:07:09.612032,105.911125,0.110352,-0.596988,0.532894,0.589450,27.214378,-19.303366,-30.478891,-0.557654,-0.089726,-0.203505,119.487150,55.225339,-117.442942
120316.0,2025-12-17T11:07:09.612032,105.911125,0.109950,-0.602725,0.526835,0.589133,26.135145,-18.217979,-29.250544,-0.558160,-0.072551,-0.228283,119.982132,55.692159,-116.247154
120350.0,2025-12-17T11:07:09.614008,105.913100,0.109652,-0.608649,0.521646,0.587715,26.086346,-18.119202,-28.992609,-0.571914,-0.046975,-0.288795,120.728508,56.080570,-114.910943
120374.0,2025-12-17T11:07:09.614661,105.913753,0.109571,-0.615233,0.514821,0.586892,26.007530,-17.400021,-28.313469,-0.556760,-0.061920,-0.286721,121.448130,56.612644,-113.447310
120391.0,2025-12-17T11:07:09.614661,105.913753,0.109122,-0.620711,0.508821,0.586440,25.792713,-16.779154,-28.118208,-0.595044,-0.056663,-0.279908,122.008695,57.041651,-112.207302
120424.0,2025-12-17T11:07:09.615705,105.914797,0.108203,-0.626720,0.500843,0.587087,27.566051,-17.027679,-30.065699,-0.684381,-0.077677,-0.309672,122.409891,57.593131,-110.881936
120447.0,2025-12-17T11:07:09.664432,105.963524,0.107725,-0.631003,0.495829,0.586842,27.539398,-16.649521,-29.660934,-0.529426,-0.135269,-0.279774,122.854135,57.932669,-109.871144
120466.0,2025-12-17T11:07:09.668188,105.967281,0.109616,-0.634947,0.491380,0.585979,28.124235,-16.570419,-30.143766,-0.346773,-0.148434,-0.284251,123.517906,58.414379,-108.899215
120499.0,2025-12-17T11:07:09.668188,105.967281,0.113482,-0.640345,0.486869,0.583129,27.405937,-15.307888,-28.856686,-0.180141,-0.086792,-0.310723,124.848866,59.015720,-107.424895
120528.0,2025-12-17T11:07:09.724839,106.023931,0.116015,-0.645598,0.483964,0.579243,27.792076,-15.348687,-28.134123,-0.150723,-0.021220,-0.158600,126.320174,59.340224,-105.874931
120564.0,2025-12-17T11:07:09.789792,106.088884,0.116667,-0.650764,0.482278,0.574720,27.739216,-14.763817,-27.808285,-0.189604,-0.022408,-0.012239,127.796132,59.377974,-104.297178
120588.0,2025-12-17T11:07:09.789792,106.088884,0.116613,-0.653926,0.482486,0.570954,27.218349,-14.674164,-27.277210,-0.135934,-0.019728,0.158487,128.840999,59.232786,-103.286305
120625.0,2025-12-17T11:07:09.904640,106.203732,0.115619,-0.656938,0.482819,0.567407,26.773048,-14.534189,-27.081972,-0.171064,0.002157,0.193142,129.751187,58.997967,-102.345954
120659.0,2025-12-17T11:07:09.904640,106.203732,0.113955,-0.660631,0.482687,0.563556,27.388586,-14.698318,-27.598360,-0.197451,-0.002056,0.127121,130.732940,58.717016,-101.234196
120691.0,2025-12-17T11:07:09.909243,106.208335,0.115796,-0.664420,0.483367,0.558116,29.525520,-16.186783,-28.969694,-0.008955,-0.000943,0.066716,132.239516,58.604429,-99.979256
120723.0,2025-12-17T11:07:09.909243,106.208335,0.117633,-0.667597,0.483836,0.553516,29.195324,-15.573447,-27.939341,0.004364,0.002994,0.058017,133.526019,58.526362,-98.919818
120759.0,2025-12-17T11:07:09.966712,106.265804,0.116017,-0.672015,0.484032,0.548315,28.163057,-14.824993,-26.781370,-0.138727,0.064537,0.089886,134.762733,58.131632,-97.604884
120794.0,2025-12-17T11:07:09.968849,106.267942,0.116832,-0.677040,0.484469,0.541532,27.171127,-13.596830,-25.359026,-0.039824,0.128311,0.086266,136.497252,57.830931,-96.030566
120830.0,2025-12-17T11:07:10.024980,106.324072,0.118420,-0.680875,0.486099,0.534878,27.891247,-14.219801,-25.813400,0.031980,0.074612,0.126568,138.095243,57.511255,-94.781416
120867.0,2025-12-17T11:07:10.084792,106.383884,0.119103,-0.683402,0.488703,0.529100,27.978397,-14.743109,-25.594992,0.060949,-0.001690,0.150266,139.283560,57.096529,-93.964018
120898.0,2025-12-17T11:07:10.147169,106.446261,0.122343,-0.685931,0.491671,0.522294,28.309374,-15.069052,-25.581541,0.169906,0.013658,0.140844,140.836027,56.805866,-93.042898
120929.0,2025-12-17T11:07:10.147169,106.446261,0.125606,-0.688966,0.494619,0.514685,28.469379,-15.431102,-25.172749,0.210746,0.071313,0.108147,142.542385,56.455383,-91.980480
120963.0,2025-12-17T11:07:10.147169,106.446261,0.127777,-0.692678,0.496800,0.507012,27.652121,-14.945063,-23.976517,0.136632,0.062660,0.056134,144.210521,56.032082,-90.793833
120998.0,2025-12-17T11:07:10.324961,106.624053,0.131026,-0.696923,0.496444,0.500673,27.896461,-14.848345,-23.751596,0.014819,-0.005329,-0.018586,145.890200,55.889365,-89.413598
121039.0,2025-12-17T11:07:10.324961,106.624053,0.133493,-0.702525,0.493627,0.494945,28.121407,-14.518328,-22.907072,-0.150822,-0.066513,-0.068833,147.600223,55.813618,-87.682211
121071.0,2025-12-17T11:07:10.324961,106.624053,0.132508,-0.706836,0.489241,0.493425,28.371449,-14.397326,-22.847330,-0.412216,-0.096990,-0.037380,148.274151,55.811866,-86.495155
121098.0,2025-12-17T11:07:10.330831,106.629923,0.130112,-0.710526,0.484957,0.492991,28.034111,-13.665943,-22.952703,-0.547705,-0.061699,-0.016854,148.579866,55.767674,-85.559591
121172.0,2025-12-17T11:07:10.385986,106.685078,0.123748,-0.724032,0.479374,0.480275,26.821697,-12.676286,-21.628719,-0.127449,0.291560,0.025483,151.029847,54.499645,-82.173967
121195.0,2025-12-17T11:07:10.385986,106.685078,0.124162,-0.728405,0.482887,0.469926,26.140902,-11.746111,-19.827211,0.170882,0.406369,0.209853,152.640460,53.562489,-81.091116
121230.0,2025-12-17T11:07:10.445037,106.744129,0.124726,-0.730217,0.490379,0.459081,25.477709,-11.231107,-18.696024,0.422038,0.482772,0.522910,153.905386,52.446447,-80.790629
121256.0,2025-12-17T11:07:10.445037,106.744129,0.124910,-0.729488,0.502089,0.447383,24.923576,-11.440690,-17.875744,0.735299,0.555067,0.857406,154.841366,51.091694,-81.253107
121280.0,2025-12-17T11:07:10.505040,106.804132,0.127451,-0.726790,0.519141,0.431306,24.491743,-12.163342,-17.012394,1.091079,0.616480,1.108039,156.205877,49.399711,-82.145311
121300.0,2025-12-17T11:07:10.505040,106.804132,0.132180,-0.722231,0.539410,0.412247,23.998734,-13.083378,-16.210272,1.558733,0.712676,1.308687,157.903123,47.567522,-83.346390
121324.0,2025-12-17T11:07:10.505040,106.804132,0.137654,-0.717015,0.559081,0.392899,23.379032,-13.569621,-15.477247,1.894326,0.823211,1.422961,159.681556,45.835922,-84.554550
121349.0,2025-12-17T11:07:10.566647,106.865739,0.144987,-0.709988,0.582624,0.368027,22.442947,-14.198515,-14.408400,2.192339,0.949523,1.504777,162.020926,43.751827,-86.014192
121373.0,2025-12-17T11:07:10.568774,106.867867,0.153710,-0.701055,0.609102,0.337477,20.844713,-14.776503,-12.904252,2.510471,1.099771,1.565764,164.900894,41.332667,-87.694343
121392.0,2025-12-17T11:07:10.568774,106.867867,0.162505,-0.690947,0.635083,0.304719,18.858944,-14.406176,-11.156305,2.657796,1.208543,1.587705,167.955206,38.865686,-89.438422
121414.0,2025-12-17T11:07:10.625398,106.924490,0.169079,-0.681527,0.656251,0.276165,16.961060,-13.900270,-9.478839,2.637697,1.277581,1.604672,170.517285,36.751457,-90.991631
121439.0,2025-12-17T11:07:10.629102,106.928194,0.172189,-0.670798,0.677435,0.247916,15.480207,-14.204951,-7.978641,2.504447,1.310489,1.624194,172.691282,34.464643,-92.833848
121463.0,2025-12-17T11:07:10.686674,106.985767,0.174625,-0.657383,0.701137,0.213919,13.266562,-15.495442,-6.006285,2.232131,1.245996,1.595389,175.252597,31.744040,-95.039946
121488.0,2025-12-17T11:07:10.686674,106.985767,0.174894,-0.644904,0.720564,0.185197,10.425430,-14.747703,-4.254347,1.985052,1.122199,1.503192,177.281992,29.400702,-97.056243
121507.0,2025-12-17T11:07:10.686674,106.985767,0.174022,-0.632433,0.737938,0.158719,8.158800,-13.630726,-2.876174,1.720504,0.946853,1.366373,179.089142,27.231967,-99.025699
121530.0,2025-12-17T11:07:10.745083,107.044175,0.172742,-0.623554,0.749385,0.140579,6.147524,-12.233076,-1.858096,1.385717,0.689193,1.122598,-179.699060,25.735525,-100.404419
121556.0,2025-12-17T11:07:10.748899,107.047991,0.169343,-0.613800,0.759993,0.130321,4.605887,-10.921039,-1.195813,1.076770,0.447275,0.848582,-179.382196,24.669351,-102.013502
121580.0,2025-12-17T11:07:10.866220,107.165313,0.172101,-0.607904,0.765207,0.123662,3.237660,-10.842393,-0.684480,0.659058,0.125313,0.487027,-178.741924,24.439692,-102.798137
121600.0,2025-12-17T11:07:10.866220,107.165313,0.174925,-0.605455,0.766836,0.121607,2.043736,-10.482046,-0.240050,0.323035,-0.116341,0.176822,-178.405265,24.552906,-103.067223
121624.0,2025-12-17T11:07:10.866220,107.165313,0.177357,-0.605690,0.765877,0.122953,1.368656,-9.927984,0.058855,0.032128,-0.310929,-0.080164,-178.325373,24.873101,-102.953587
121647.0,2025-12-17T11:07:10.866220,107.165313,0.179819,-0.607862,0.762731,0.128102,1.423190,-9.737719,0.149670,-0.253666,-0.478887,-0.276201,-178.527820,25.470340,-102.560791
121713.0,2025-12-17T11:07:10.925558,107.224650,0.184120,-0.622878,0.743051,0.161239,4.262482,-12.518417,-0.479467,-1.066437,-0.837908,-0.589042,179.332861,28.325904,-100.224076
121737.0,2025-12-17T11:07:10.925558,107.224650,0.183184,-0.628450,0.735386,0.175221,5.177252,-13.081154,-1.647402,-1.280150,-0.863188,-0.597041,178.194785,29.318002,-99.438826
121763.0,2025-12-17T11:07:10.987332,107.286424,0.174309,-0.634628,0.727955,0.192212,6.346885,-13.711928,-2.852527,-1.434619,-0.795582,-0.688151,176.125879,29.850904,-98.869482
121782.0,2025-12-17T11:07:10.987332,107.286424,0.166500,-0.644582,0.717750,0.204028,7.820649,-15.180202,-4.161822,-1.421580,-0.713050,-0.778378,174.809766,30.134795,-97.546681
121806.0,2025-12-17T11:07:10.987332,107.286424,0.160721,-0.652893,0.709218,0.211916,10.862574,-17.730627,-6.119149,-1.355264,-0.612010,-0.834505,173.967783,30.310782,-96.371108
121829.0,2025-12-17T11:07:11.049476,107.348568,0.154388,-0.662950,0.699256,0.218411,14.558847,-20.148411,-8.130317,-1.285849,-0.422706,-0.919985,173.294608,30.364812,-94.874945
121855.0,2025-12-17T11:07:11.049476,107.348568,0.145924,-0.672032,0.690394,0.224578,16.804771,-20.764963,-9.388247,-1.203704,-0.249288,-0.950751,172.421267,30.221046,-93.593497
121874.0,2025-12-17T11:07:11.051066,107.350158,0.138410,-0.683800,0.679612,0.226689,18.776669,-20.380510,-10.730106,-1.072823,-0.012908,-0.929452,172.123058,29.877627,-91.752685
121898.0,2025-12-17T11:07:11.105346,107.404439,0.132534,-0.692960,0.671325,0.227078,20.987129,-21.262594,-11.346540,-0.987652,0.100485,-0.922196,171.993747,29.515493,-90.295147
121923.0,2025-12-17T11:07:11.105346,107.404439,0.126741,-0.702494,0.662664,0.226528,22.006737,-21.247726,-11.388556,-0.864880,0.114095,-0.865231,171.964135,29.093898,-88.746099
121946.0,2025-12-17T11:07:11.166448,107.465541,0.123014,-0.709246,0.655989,0.226970,22.200233,-20.481411,-11.266997,-0.640048,-0.072011,-0.720994,171.904207,28.904147,-87.621871
121965.0,2025-12-17T11:07:11.168257,107.467350,0.122506,-0.715338,0.649454,0.226922,22.553741,-19.752653,-11.142549,-0.512465,-0.241020,-0.619175,172.153291,28.932238,-86.499781
121989.0,2025-12-17T11:07:11.168257,107.467350,0.123311,-0.719685,0.644266,0.227527,22.139065,-18.195007,-11.082176,-0.454222,-0.355876,-0.512275,172.391514,29.103353,-85.647918
122010.0,2025-12-17T11:07:11.225590,107.524683,0.124282,-0.723371,0.639585,0.228515,21.987942,-16.944118,-11.347663,-0.439927,-0.357512,-0.368272,172.586676,29.313023,-84.905864
122029.0,2025-12-17T11:07:11.225590,107.524683,0.124116,-0.726245,0.636182,0.228990,21.663614,-16.412769,-11.271835,-0.464111,-0.263207,-0.259455,172.676556,29.375235,-84.357970
122055.0,2025-12-17T11:07:11.225590,107.524683,0.121778,-0.728229,0.633967,0.230085,21.413383,-16.166817,-10.931034,-0.492841,-0.155040,-0.200532,172.463547,29.308709,-84.056443
122079.0,2025-12-17T11:07:11.287010,107.586102,0.119061,-0.730973,0.631641,0.229201,21.626709,-16.488375,-10.471790,-0.503698,-0.080258,-0.085275,172.409238,29.044358,-83.630221
122103.0,2025-12-17T11:07:11.287010,107.586102,0.116093,-0.732921,0.630153,0.228599,21.675682,-16.448395,-10.092657,-0.531119,-0.081725,-0.001155,172.267573,28.777021,-83.363287
122123.0,2025-12-17T11:07:11.349246,107.648339,0.112793,-0.734709,0.628712,0.228479,21.553982,-15.953523,-10.123453,-0.572130,-0.091895,0.027613,172.047562,28.526111,-83.133788
122157.0,2025-12-17T11:07:11.349797,107.648889,0.109097,-0.735604,0.628349,0.228393,21.379391,-16.222891,-10.255167,-0.497562,-0.041381,-0.009498,171.743513,28.236685,-83.087611
122181.0,2025-12-17T11:07:11.406282,107.705374,0.105788,-0.738449,0.626572,0.225632,21.747507,-15.499233,-10.729960,-0.424946,0.046990,-0.037662,171.780297,27.762213,-82.663571
122208.0,2025-12-17T11:07:11.406282,107.705374,0.103444,-0.741193,0.625279,0.221266,21.510981,-15.681487,-10.306477,-0.297024,0.102073,-0.060379,172.026109,27.217163,-82.236103
122236.0,2025-12-17T11:07:11.468868,107.767961,0.102180,-0.744196,0.623900,0.215595,21.655394,-16.124756,-9.366764,-0.197720,0.063769,-0.089364,172.482756,26.640412,-81.732106
122270.0,2025-12-17T11:07:11.469310,107.768403,0.099125,-0.746441,0.622288,0.213910,20.848562,-14.276055,-9.070807,-0.324548,-0.004679,-0.127954,172.422161,26.277032,-81.405419
122298.0,2025-12-17T11:07:11.469310,107.768403,0.096508,-0.750464,0.618170,0.212969,20.829800,-13.262791,-8.895080,-0.558142,-0.045442,-0.203626,172.424563,26.038020,-80.711743
122316.0,2025-12-17T11:07:11.525478,107.824570,0.094140,-0.753910,0.614156,0.213471,21.361414,-13.381111,-8.877612,-0.637937,-0.124269,-0.218942,172.314135,25.945069,-80.107506
122351.0,2025-12-17T11:07:11.525478,107.824570,0.093067,-0.755500,0.611412,0.216178,22.231079,-13.783370,-9.444122,-0.553430,-0.256931,-0.220105,172.078809,26.132587,-79.806344
122376.0,2025-12-17T11:07:11.585526,107.884618,0.094704,-0.758417,0.607323,0.216778,22.973934,-14.619020,-9.568073,-0.373515,-0.333003,-0.205857,172.326216,26.349698,-79.172743
122395.0,2025-12-17T11:07:11.585526,107.884618,0.096823,-0.760664,0.604217,0.216650,23.119032,-15.097324,-9.419562,-0.283379,-0.356427,-0.203802,172.647191,26.525739,-78.657562
122427.0,2025-12-17T11:07:11.648106,107.947199,0.098671,-0.764605,0.599082,0.216204,22.023952,-13.979223,-9.431416,-0.337852,-0.297606,-0.313199,173.048023,26.669647,-77.808454
122454.0,2025-12-17T11:07:11.648106,107.947199,0.098661,-0.767227,0.595371,0.217169,21.692186,-13.254885,-9.375150,-0.402757,-0.201751,-0.351342,173.102587,26.789567,-77.267632
122479.0,2025-12-17T11:07:11.648106,107.947199,0.098467,-0.771555,0.590203,0.216025,22.039755,-13.761493,-8.974146,-0.430265,-0.177209,-0.366433,173.375157,26.716812,-76.403359
122507.0,2025-12-17T11:07:11.706239,108.005332,0.098178,-0.774843,0.586152,0.215417,22.313316,-12.085077,-9.688663,-0.444804,-0.127441,-0.268941,173.549472,26.674644,-75.744264
122527.0,2025-12-17T11:07:11.706239,108.005332,0.098504,-0.777260,0.583540,0.213646,22.103607,-11.594790,-9.837701,-0.317758,-0.091846,-0.103623,173.825077,26.556501,-75.254466
122561.0,2025-12-17T11:07:11.766436,108.065528,0.102301,-0.776960,0.584556,0.210146,21.997711,-12.384114,-9.398273,0.057135,-0.078035,0.002627,174.439606,26.497099,-75.223022
122596.0,2025-12-17T11:07:11.768545,108.067637,0.112199,-0.776524,0.586853,0.200063,21.615534,-12.669415,-8.743287,0.426258,-0.128047,0.093132,176.127654,26.256894,-75.063370
122621.0,2025-12-17T11:07:11.825330,108.124422,0.120017,-0.775500,0.589149,0.192610,19.852358,-11.491407,-7.905868,0.471250,-0.150870,0.164011,177.395278,26.113661,-75.052234
122638.0,2025-12-17T11:07:11.825330,108.124422,0.125792,-0.773750,0.592148,0.186678,19.307163,-11.510447,-7.378077,0.331203,-0.163983,0.292386,178.316035,25.967356,-75.241708
122672.0,2025-12-17T11:07:11.885321,108.184414,0.128726,-0.770571,0.596277,0.184671,19.105190,-11.609549,-7.533532,0.112286,-0.181268,0.318603,178.607559,25.983793,-75.787521
122700.0,2025-12-17T11:07:11.885321,108.184414,0.131506,-0.768993,0.599005,0.180411,19.589945,-12.188698,-7.478571,-0.016071,-0.159828,0.294401,179.116741,25.786234,-76.035576
122735.0,2025-12-17T11:07:11.945981,108.245074,0.132071,-0.768525,0.600305,0.177655,21.621040,-13.674169,-7.994013,-0.186859,-0.143028,0.212671,179.346080,25.571024,-76.136115
122766.0,2025-12-17T11:07:11.949549,108.248641,0.131213,-0.767851,0.601330,0.177738,22.573977,-14.697346,-8.207396,-0.245062,-0.160195,0.076050,179.222006,25.515648,-76.307556
122796.0,2025-12-17T11:07:12.008200,108.307292,0.133313,-0.768772,0.600582,0.174698,22.375637,-14.750420,-7.897828,-0.114978,-0.207356,0.025548,179.691357,25.387401,-76.065046
122831.0,2025-12-17T11:07:12.008200,108.307292,0.136370,-0.770588,0.598750,0.170577,22.130716,-14.321215,-7.486997,-0.065033,-0.190780,-0.069674,-179.626039,25.226187,-75.611029
122859.0,2025-12-17T11:07:12.068882,108.367975,0.138548,-0.770749,0.598774,0.167989,20.659773,-13.285786,-7.102718,-0.016093,-0.160152,-0.064291,-179.215350,25.142624,-75.510372
122892.0,2025-12-17T11:07:12.068882,108.367975,0.139427,-0.772816,0.597591,0.161867,20.514555,-13.252460,-7.418235,-0.106492,-0.024769,-0.024419,-178.610464,24.634445,-75.123632
122928.0,2025-12-17T11:07:12.127860,108.426952,0.140673,-0.773767,0.598106,0.154157,21.532768,-14.117895,-7.248095,-0.019483,0.014736,0.075723,-177.911404,24.006386,-74.962407
122965.0,2025-12-17T11:07:12.186320,108.485412,0.141399,-0.772032,0.600913,0.151250,21.244255,-14.020803,-7.301091,-0.038869,-0.105432,0.133844,-177.710526,23.795745,-75.308601
122997.0,2025-12-17T11:07:12.186320,108.485412,0.145028,-0.772034,0.601766,0.144253,19.986958,-13.209417,-7.129228,0.099924,-0.079948,0.102694,-176.856718,23.408442,-75.218283
123032.0,2025-12-17T11:07:12.245250,108.544343,0.150548,-0.772529,0.601667,0.136127,20.235516,-13.123638,-6.930670,0.148018,-0.107105,0.033582,-175.712272,23.046866,-74.950355
123069.0,2025-12-17T11:07:12.248652,108.547744,0.155665,-0.770039,0.604502,0.131859,19.616749,-13.384266,-6.367740,0.242897,-0.205094,0.118842,-174.993097,23.033660,-75.244971
123094.0,2025-12-17T11:07:12.305442,108.604534,0.162382,-0.768678,0.605753,0.125815,20.400269,-14.036713,-6.441803,0.321417,-0.244407,0.157570,-173.939367,22.963774,-75.247324
123125.0,2025-12-17T11:07:12.309321,108.608414,0.168377,-0.767160,0.607248,0.119850,20.665388,-14.575296,-6.666966,0.345644,-0.213182,0.185156,-172.969638,22.853789,-75.304277
123146.0,2025-12-17T11:07:12.367591,108.666684,0.174438,-0.765360,0.609293,0.112062,19.744114,-14.601759,-5.773446,0.452135,-0.136244,0.213430,-171.877075,22.588061,-75.420891
123182.0,2025-12-17T11:07:12.367591,108.666684,0.177144,-0.763291,0.611991,0.107115,19.031244,-14.169950,-5.676441,0.303543,-0.078930,0.155958,-171.336039,22.354857,-75.728776
123201.0,2025-12-17T11:07:12.369263,108.668355,0.180682,-0.763037,0.612493,0.099906,18.602667,-14.260546,-5.314559,0.191437,-0.107968,0.097247,-170.483225,21.949969,-75.658693
123241.0,2025-12-17T11:07:12.425314,108.724406,0.182732,-0.763475,0.612018,0.095647,19.462173,-14.978479,-4.765007,-0.031346,-0.215769,0.072897,-169.962169,21.698278,-75.504381
123266.0,2025-12-17T11:07:12.487362,108.786455,0.180437,-0.763369,0.612830,0.095656,19.121143,-14.648872,-4.999864,-0.238714,-0.197398,0.036447,-170.205101,21.542809,-75.646974
123295.0,2025-12-17T11:07:12.488233,108.787325,0.179060,-0.765304,0.611399,0.091868,18.219189,-13.865034,-4.945953,-0.238053,-0.090426,-0.016733,-170.018743,21.073638,-75.381397
123327.0,2025-12-17T11:07:12.545161,108.844254,0.178834,-0.767603,0.609393,0.086276,19.753242,-15.831885,-5.841420,-0.091696,-0.093191,-0.073019,-169.580006,20.512553,-75.001060
123368.0,2025-12-17T11:07:12.548845,108.847938,0.169161,-0.766311,0.616142,0.067242,16.699469,-13.510936,-3.021282,0.137134,0.750132,0.090144,-169.301826,18.150247,-75.887408
123390.0,2025-12-17T11:07:12.608483,108.907575,0.162348,-0.765448,0.620722,0.049363,15.777344,-13.254729,-1.803175,0.237739,1.120185,0.290628,-168.761698,16.088135,-76.485768
123415.0,2025-12-17T11:07:12.667610,108.966702,0.156502,-0.763078,0.626156,0.033879,14.118126,-11.930038,-1.431015,0.245421,1.089785,0.480668,-168.302951,14.341022,-77.265698
123434.0,2025-12-17T11:07:12.667610,108.966702,0.148317,-0.758658,0.634137,0.017625,13.992919,-11.851690,-1.446458,0.098868,1.112284,0.691598,-168.021884,12.406679,-78.475629
123460.0,2025-12-17T11:07:12.667610,108.966702,0.139747,-0.750733,0.645622,0.006559,12.403957,-10.948713,-1.776692,0.065777,1.111870,0.920972,-168.164402,10.969977,-80.249762
123484.0,2025-12-17T11:07:12.667610,108.966702,0.130633,-0.743784,0.655444,-0.010655,11.132561,-10.566666,-1.390848,0.148940,1.207974,0.912786,-167.827584,8.939744,-81.819772
123503.0,2025-12-17T11:07:12.667610,108.966702,0.122998,-0.738050,0.662799,-0.029171,10.454768,-9.873143,-0.941049,0.290813,1.243980,0.696798,-167.183515,6.891325,-83.075415
123531.0,2025-12-17T11:07:12.725200,109.024292,0.116303,-0.732851,0.668633,-0.048294,10.875832,-9.579967,-0.747979,0.320405,1.229282,0.545868,-166.355533,4.861220,-84.171028
123557.0,2025-12-17T11:07:12.725200,109.024292,0.110215,-0.727528,0.674274,-0.062538,10.544732,-8.806807,-0.446945,0.256506,1.086316,0.326041,-165.811572,3.303954,-85.237479
123580.0,2025-12-17T11:07:12.786550,109.085642,0.105162,-0.725113,0.676022,-0.078397,9.850908,-8.053655,-0.001613,0.155906,0.883493,0.163271,-165.012426,1.632550,-85.771962
123599.0,2025-12-17T11:07:12.786550,109.085642,0.100976,-0.723727,0.676784,-0.089369,9.349357,-7.319089,0.053726,-0.030205,0.681629,0.085232,-164.506311,0.419447,-86.103400
123623.0,2025-12-17T11:07:12.848531,109.147624,0.096390,-0.723404,0.676894,-0.095969,8.747716,-6.461303,-0.211898,-0.322219,0.536943,-0.006519,-164.372068,-0.478843,-86.261102
123648.0,2025-12-17T11:07:12.848531,109.147624,0.088470,-0.724439,0.676435,-0.098978,8.299627,-5.491154,-0.566191,-0.784550,0.449342,-0.131044,-164.801715,-1.359098,-86.256074
123674.0,2025-12-17T11:07:12.848531,109.147624,0.076945,-0.723345,0.679300,-0.096968,8.539802,-5.090943,-0.788572,-1.085838,0.393933,-0.208491,-165.923818,-2.048475,-86.655751
123691.0,2025-12-17T11:07:12.907321,109.206413,0.065783,-0.726471,0.677571,-0.093859,10.129958,-5.786255,-0.766459,-1.260092,0.262966,-0.314329,-167.113521,-2.706861,-86.316411
123710.0,2025-12-17T11:07:12.907321,109.206413,0.058102,-0.728943,0.676042,-0.090734,10.539612,-5.675344,-1.063959,-1.311398,0.194378,-0.363727,-168.013243,-3.079471,-86.010809
123735.0,2025-12-17T11:07:12.907321,109.206413,0.050670,-0.731758,0.674120,-0.086751,11.541654,-5.813246,-1.537411,-1.272656,0.109743,-0.389714,-168.962785,-3.362093,-85.629585
123758.0,2025-12-17T11:07:12.968030,109.267122,0.042674,-0.732997,0.673904,-0.082145,11.604082,-5.524314,-1.886606,-1.116129,0.082906,-0.385254,-170.001678,-3.606668,-85.505255
123783.0,2025-12-17T11:07:12.969157,109.268250,0.037225,-0.735796,0.671418,-0.080100,12.751831,-6.305918,-1.498358,-0.898317,0.091517,-0.363932,-170.635354,-3.892642,-85.080175
123802.0,2025-12-17T11:07:12.969157,109.268250,0.033226,-0.737777,0.669489,-0.079788,13.347219,-6.489168,-1.355215,-0.693249,0.117551,-0.267411,-171.008864,-4.200228,-84.774123
123830.0,2025-12-17T11:07:13.025549,109.324642,0.030440,-0.738747,0.668463,-0.080523,12.779748,-5.812340,-1.543033,-0.577251,0.150973,-0.166938,-171.193505,-4.489544,-84.627238
123854.0,2025-12-17T11:07:13.025549,109.324642,0.026889,-0.738864,0.668294,-0.082099,12.272308,-5.407720,-1.859750,-0.574694,0.247643,-0.073268,-171.372270,-4.897907,-84.627593
123877.0,2025-12-17T11:07:13.084878,109.383970,0.022295,-0.737202,0.670160,-0.083197,12.642653,-5.368966,-2.192380,-0.577207,0.299931,-0.032195,-171.662314,-5.323766,-84.933647
123902.0,2025-12-17T11:07:13.084878,109.383970,0.019275,-0.736663,0.670463,-0.086230,13.821237,-6.014441,-2.207022,-0.442770,0.341174,-0.012602,-171.676034,-5.808199,-85.035962
123921.0,2025-12-17T11:07:13.084878,109.383970,0.019465,-0.735897,0.670483,-0.092351,13.490131,-5.574158,-2.102319,-0.082303,0.340640,-0.006674,-171.175094,-6.304921,-85.160965
123949.0,2025-12-17T11:07:13.148305,109.447397,0.021572,-0.734964,0.670438,-0.099380,12.769858,-4.812839,-1.998223,0.084634,0.314938,0.005045,-170.438320,-6.728037,-85.305836
123975.0,2025-12-17T11:07:13.148305,109.447397,0.023220,-0.732632,0.672039,-0.105240,12.454072,-4.753868,-1.760083,0.084880,0.256604,0.037545,-169.815594,-7.065002,-85.690278
123999.0,2025-12-17T11:07:13.206724,109.505816,0.026783,-0.731323,0.672267,-0.111834,11.916725,-4.379994,-1.624277,0.106787,0.207078,0.041404,-168.983038,-7.328715,-85.889200
124034.0,2025-12-17T11:07:13.208865,109.507957,0.031128,-0.729788,0.672518,-0.118994,10.895964,-3.723130,-1.143479,0.057802,0.180957,0.032317,-168.036187,-7.574397,-86.117560
124057.0,2025-12-17T11:07:13.267820,109.566912,0.033011,-0.726504,0.674977,-0.124534,10.983234,-3.745107,-1.244707,-0.047859,0.160976,0.026552,-167.401455,-7.838770,-86.655425
124099.0,2025-12-17T11:07:13.324964,109.624057,0.036218,-0.724637,0.675581,-0.131067,11.082646,-3.891062,-1.234934,-0.079461,0.171483,0.034248,-166.590993,-8.106648,-86.941501
124132.0,2025-12-17T11:07:13.324964,109.624057,0.039502,-0.723046,0.675734,-0.137940,10.360147,-3.635959,-1.173987,-0.015494,0.199920,0.013467,-165.748127,-8.400295,-87.177624
124166.0,2025-12-17T11:07:13.388701,109.687793,0.042190,-0.719390,0.677820,-0.145799,10.409089,-3.458714,-1.137087,0.070118,0.212743,0.005914,-164.845946,-8.776377,-87.761299
124200.0,2025-12-17T11:07:13.388701,109.687793,0.048536,-0.717031,0.678084,-0.153987,10.101274,-3.239461,-0.904606,0.137368,0.146870,0.053982,-163.629758,-8.917054,-88.086994
124228.0,2025-12-17T11:07:13.451505,109.750597,0.055292,-0.714442,0.678558,-0.161477,9.674477,-3.191708,-0.724695,0.173481,0.108862,0.088732,-162.432484,-8.957064,-88.435560
124271.0,2025-12-17T11:07:13.467120,109.766212,0.061288,-0.709734,0.681182,-0.168857,8.543436,-2.460322,-0.629293,0.217789,0.075276,0.110100,-161.277710,-8.985865,-89.132371
124295.0,2025-12-17T11:07:13.506497,109.805589,0.068553,-0.707032,0.681806,-0.174777,8.425609,-2.482438,-0.579900,0.150289,0.039405,0.109634,-160.165964,-8.839440,-89.467292
124328.0,2025-12-17T11:07:13.508749,109.807842,0.075920,-0.704680,0.682141,-0.179852,7.841082,-2.241183,-0.662096,0.084116,-0.001155,0.073095,-159.121082,-8.621139,-89.729079
124368.0,2025-12-17T11:07:13.748652,110.047744,0.082070,-0.698858,0.685876,-0.185567,7.981259,-2.585508,-0.198547,0.041903,-0.053110,0.068419,-158.080268,-8.440985,-90.563215
124403.0,2025-12-17T11:07:13.748652,110.047744,0.090589,-0.696332,0.686037,-0.190444,7.661563,-2.446646,0.241928,0.068739,-0.048163,0.070366,-156.960216,-8.101640,-90.800529
124438.0,2025-12-17T11:07:13.748652,110.047744,0.100224,-0.690789,0.688197,-0.197867,7.467655,-2.729864,1.265787,0.200816,0.041587,0.267898,-155.504041,-7.782927,-91.476700
124466.0,2025-12-17T11:07:13.748652,110.047744,0.106958,-0.683023,0.693053,-0.204248,5.858253,-0.288275,0.204935,0.310611,0.070899,0.415125,-154.345994,-7.513328,-92.548198
124534.0,2025-12-17T11:07:13.804981,110.104073,0.145301,-0.656205,0.704536,-0.227843,6.642735,-5.140448,0.856876,0.667929,-0.246317,0.848019,-149.067312,-5.410071,-95.566355
124611.0,2025-12-17T11:07:13.809751,110.108843,0.168436,-0.628406,0.712181,-0.263691,-0.071938,-1.861355,1.001398,1.003089,-0.048988,0.296674,-143.860144,-5.249729,-98.865579
124636.0,2025-12-17T11:07:13.809751,110.108843,0.169390,-0.626856,0.710852,-0.270274,-1.474127,-1.203043,1.344505,0.938125,0.006457,0.229752,-143.165688,-5.625383,-99.060437
124658.0,2025-12-17T11:07:13.866588,110.165681,0.166730,-0.626859,0.710056,-0.273988,-1.794204,-0.629490,0.855957,0.546135,0.077551,0.099769,-143.018197,-6.126786,-99.172496
124684.0,2025-12-17T11:07:13.869545,110.168637,0.163858,-0.622040,0.712867,-0.279351,-1.873118,-0.116709,0.570819,0.186650,0.187940,0.007771,-142.693500,-6.541208,-99.995046
124705.0,2025-12-17T11:07:13.928670,110.227762,0.153005,-0.624121,0.713726,-0.278672,-1.289102,0.088227,0.251381,-0.128603,0.339150,-0.082618,-143.574760,-7.437461,-100.113728
124735.0,2025-12-17T11:07:13.928670,110.227762,0.137912,-0.627777,0.714209,-0.277096,-0.493966,0.117613,0.124851,-0.334774,0.438911,-0.229025,-144.861413,-8.679884,-100.123185
124759.0,2025-12-17T11:07:13.931376,110.230469,0.134890,-0.628153,0.714205,-0.277740,0.496484,0.125643,0.176221,-0.535552,0.464866,-0.361488,-145.024151,-8.989175,-100.173334
124788.0,2025-12-17T11:07:13.985239,110.284331,0.125247,-0.626775,0.716603,-0.279189,1.420354,0.053697,0.129064,-0.701175,0.392446,-0.450876,-145.568888,-9.815296,-100.699069
124813.0,2025-12-17T11:07:13.985239,110.284331,0.118435,-0.630850,0.714839,-0.277500,2.824123,-0.613476,0.231528,-0.834390,0.292224,-0.571681,-146.267502,-10.416240,-100.308700
124835.0,2025-12-17T11:07:14.108328,110.407421,0.113268,-0.635320,0.712979,-0.274225,2.940868,-0.088138,-0.242322,-0.892260,0.187528,-0.654857,-147.005692,-10.773422,-99.792234
124854.0,2025-12-17T11:07:14.108328,110.407421,0.109267,-0.640041,0.710951,-0.270105,2.806732,0.158729,-0.471345,-0.919253,0.076116,-0.699767,-147.744437,-10.975518,-99.191768
124880.0,2025-12-17T11:07:14.108328,110.407421,0.102163,-0.643752,0.710234,-0.265919,3.249195,-0.072593,-0.523890,-1.074616,-0.028401,-0.751311,-148.703172,-11.376358,-98.818430
124909.0,2025-12-17T11:07:14.108328,110.407421,0.094076,-0.651817,0.708096,-0.254724,3.732970,0.119115,-0.602902,-1.312371,-0.059254,-0.758677,-150.447060,-11.468981,-97.774294
124952.0,2025-12-17T11:07:14.164977,110.464069,0.079028,-0.662475,0.706043,-0.237455,5.961544,-1.106557,-0.338362,-1.358532,0.034163,-0.606583,-153.296520,-11.713711,-96.436186
124978.0,2025-12-17T11:07:14.168667,110.467760,0.071311,-0.664251,0.706422,-0.233779,6.805371,-1.231346,-0.464315,-1.145693,0.155745,-0.531240,-154.233348,-12.112014,-96.304607
125003.0,2025-12-17T11:07:14.226499,110.525591,0.065716,-0.666324,0.705961,-0.230896,7.312335,-1.049530,-0.547626,-0.858235,0.246068,-0.381692,-154.945522,-12.410679,-96.076821
125027.0,2025-12-17T11:07:14.226499,110.525591,0.063398,-0.666474,0.706085,-0.230730,7.186075,-0.749713,-0.634368,-0.551992,0.266173,-0.210649,-155.136983,-12.592950,-96.092740
125047.0,2025-12-17T11:07:14.226499,110.525591,0.063275,-0.665611,0.706547,-0.231841,7.326421,-0.523709,-0.786373,-0.345986,0.232159,-0.098703,-155.031915,-12.663124,-96.232181
125073.0,2025-12-17T11:07:14.285355,110.584447,0.063711,-0.662936,0.708186,-0.234369,7.458641,-0.361932,-0.961108,-0.191970,0.167704,0.014983,-154.726769,-12.738704,-96.647628
125097.0,2025-12-17T11:07:14.285355,110.584447,0.068021,-0.660461,0.709384,-0.236514,6.963010,-0.146365,-1.338032,-0.060313,0.077646,0.094295,-154.171095,-12.468932,-96.960575
125121.0,2025-12-17T11:07:14.347743,110.646835,0.072087,-0.658573,0.710302,-0.237815,6.785020,-0.322206,-1.355477,-0.090536,0.017032,0.074095,-153.721062,-12.171048,-97.179495
125141.0,2025-12-17T11:07:14.347743,110.646835,0.075888,-0.657299,0.711118,-0.237721,7.231464,-1.144869,-0.739839,-0.214958,-0.069614,0.032096,-153.428327,-11.804712,-97.301243
125183.0,2025-12-17T11:07:14.409285,110.708377,0.078187,-0.655060,0.713006,-0.237501,8.228854,-2.078886,-0.385759,-0.318043,-0.171763,-0.076992,-153.244957,-11.517028,-97.598455
125203.0,2025-12-17T11:07:14.409285,110.708377,0.079234,-0.657068,0.712596,-0.232788,8.470950,-2.322889,-0.421732,-0.588800,-0.194110,-0.212135,-153.625105,-11.127395,-97.258254
125229.0,2025-12-17T11:07:14.411122,110.710214,0.076872,-0.659834,0.712370,-0.226362,8.104352,-2.146281,-0.457899,-0.966895,-0.181528,-0.329862,-154.421308,-10.906066,-96.867857
125250.0,2025-12-17T11:07:14.467820,110.766912,0.071023,-0.664066,0.711834,-0.217404,9.540236,-3.202837,-0.521989,-1.258213,-0.152566,-0.446393,-155.723488,-10.814403,-96.309315
125275.0,2025-12-17T11:07:14.467820,110.766912,0.063985,-0.666937,0.711949,-0.210306,9.953323,-3.097507,-0.856289,-1.398308,-0.109016,-0.548569,-156.927368,-10.918583,-95.974485
125300.0,2025-12-17T11:07:14.527259,110.826351,0.055049,-0.672723,0.710359,-0.199507,9.944357,-2.387133,-1.474164,-1.450699,-0.069775,-0.616254,-158.644206,-10.965438,-95.191169
125319.0,2025-12-17T11:07:14.530768,110.829860,0.046276,-0.678188,0.708619,-0.189155,10.815159,-2.520503,-2.008422,-1.455095,-0.062870,-0.623002,-160.302814,-11.009989,-94.431183
125334.0,2025-12-17T11:07:14.530768,110.829860,0.038812,-0.682690,0.707001,-0.180491,11.925018,-3.008740,-2.336570,-1.440331,-0.063183,-0.616799,-161.698160,-11.043756,-93.788782
125390.0,2025-12-17T11:07:14.585248,110.884341,0.026470,-0.688128,0.705391,-0.167935,12.623878,-3.551971,-2.733789,-1.013690,-0.026581,-0.406404,-163.821535,-11.173353,-93.012505
125415.0,2025-12-17T11:07:14.585248,110.884341,0.023084,-0.689978,0.704741,-0.163516,12.806601,-3.824941,-2.983151,-0.778958,-0.012885,-0.262611,-164.492757,-11.134208,-92.733642
125436.0,2025-12-17T11:07:14.649757,110.948849,0.021431,-0.690683,0.704848,-0.160274,13.130969,-3.973425,-3.306014,-0.652672,-0.041669,-0.142296,-164.909588,-11.021992,-92.627470
125456.0,2025-12-17T11:07:14.649757,110.948849,0.021244,-0.690523,0.705559,-0.157840,13.318913,-4.131217,-3.605739,-0.531714,-0.083450,-0.028055,-165.128840,-10.836474,-92.652544
125482.0,2025-12-17T11:07:14.651811,110.950903,0.021987,-0.689098,0.707144,-0.156866,13.096415,-4.059384,-3.868700,-0.387173,-0.114026,0.036170,-165.132169,-10.666682,-92.876716
125508.0,2025-12-17T11:07:14.705707,111.004799,0.024682,-0.688023,0.708326,-0.155851,12.169067,-3.363571,-4.189354,-0.277928,-0.101274,0.055636,-164.991921,-10.340168,-93.031802
125533.0,2025-12-17T11:07:14.705707,111.004799,0.026480,-0.686861,0.709603,-0.154869,12.445406,-3.412625,-4.105618,-0.312489,-0.082022,0.091016,-164.918738,-10.088337,-93.204844
125552.0,2025-12-17T11:07:14.768189,111.067281,0.027500,-0.685537,0.711312,-0.152705,13.087443,-4.031156,-3.686787,-0.436819,-0.095505,0.107116,-165.005656,-9.802180,-93.407291
125586.0,2025-12-17T11:07:14.768189,111.067281,0.037513,-0.683282,0.711928,-0.157725,14.315903,-4.539137,-3.971698,0.370651,-0.237212,0.063156,-163.767259,-9.330474,-93.685951
125609.0,2025-12-17T11:07:14.889108,111.188200,0.043843,-0.680857,0.713734,-0.158413,15.331431,-5.790954,-2.708032,-0.000129,-0.225036,0.223652,-163.187395,-8.808311,-94.005185
125644.0,2025-12-17T11:07:14.889108,111.188200,0.054852,-0.676683,0.716450,-0.160595,16.451891,-6.416722,-2.189142,0.190675,-0.294146,0.324214,-162.101982,-7.975275,-94.528006
125667.0,2025-12-17T11:07:14.889108,111.188200,0.063035,-0.672869,0.719038,-0.162043,16.200165,-6.706339,-1.943331,0.183720,-0.304649,0.414646,-161.308561,-7.320443,-95.005987
125695.0,2025-12-17T11:07:14.889108,111.188200,0.070182,-0.667640,0.722976,-0.163210,14.784430,-6.988871,-2.343987,0.060711,-0.318316,0.408684,-160.611884,-6.687282,-95.701137
125749.0,2025-12-17T11:07:14.947046,111.246138,0.083501,-0.664071,0.725009,-0.162481,12.687277,-5.670218,-2.971529,-0.082649,-0.293151,0.093310,-159.630962,-5.435212,-96.001014
125780.0,2025-12-17T11:07:15.007395,111.306487,0.086091,-0.662253,0.726499,-0.161889,12.859253,-5.736884,-2.361156,-0.302300,-0.186359,0.012960,-159.472571,-5.125233,-96.226059
125809.0,2025-12-17T11:07:15.007395,111.306487,0.086534,-0.661121,0.728092,-0.159102,13.131701,-5.980237,-2.236198,-0.496208,-0.083318,0.094661,-159.675337,-4.839373,-96.387870
125836.0,2025-12-17T11:07:15.007395,111.306487,0.086884,-0.659288,0.730144,-0.157100,13.176642,-6.219513,-2.284170,-0.477400,-0.049607,0.175819,-159.812847,-4.604186,-96.658732
125861.0,2025-12-17T11:07:15.068341,111.367433,0.090477,-0.656075,0.732337,-0.158311,14.278057,-7.396424,-1.721386,-0.127487,-0.064375,0.284950,-159.415459,-4.313199,-97.071498
125897.0,2025-12-17T11:07:15.080386,111.379478,0.099485,-0.647855,0.736724,-0.166208,13.487861,-7.000856,-1.422420,0.403082,-0.065158,0.471869,-157.994856,-3.943426,-98.111939
125919.0,2025-12-17T11:07:15.125563,111.424655,0.112997,-0.638578,0.740612,-0.175907,12.536545,-6.804591,-1.220153,0.698186,-0.088250,0.669946,-156.075166,-3.284083,-99.158208
125944.0,2025-12-17T11:07:15.125563,111.424655,0.124576,-0.630147,0.743795,-0.184835,12.862477,-7.767013,-1.019190,0.935668,-0.084047,0.820246,-154.376691,-2.729914,-100.078011
125963.0,2025-12-17T11:07:15.187307,111.486400,0.138264,-0.619629,0.747531,-0.195297,11.980832,-8.198981,-0.799305,0.993437,-0.107995,0.907961,-152.379385,-2.023567,-101.186744
125990.0,2025-12-17T11:07:15.187307,111.486400,0.149110,-0.609281,0.751169,-0.205639,10.250764,-7.535218,-0.893175,1.038024,-0.064951,0.864442,-150.605981,-1.522494,-102.307662
126014.0,2025-12-17T11:07:15.187307,111.486400,0.161791,-0.599013,0.753694,-0.216686,7.815555,-5.662465,-1.406209,0.898840,-0.039968,0.781507,-148.632679,-0.900376,-103.299544
