t_imu_ms,pc_timestamp_iso,pc_timestamp_s,qw,qx,qy,qz,ax_lin_mps2,ay_lin_mps2,az_lin_mps2,gx_rads,gy_rads,gz_rads,roll_deg,pitch_deg,yaw_deg
7854.0,2026-02-06T14:05:32.956736,0.071366,0.995898,-0.010378,-0.002831,-0.089839,-0.129401,0.082821,0.234573,-0.000544,-0.006542,0.012885,-1.155371,-0.429945,-10.304926
7892.0,2026-02-06T14:05:32.984875,0.099505,0.995161,-0.008120,0.005523,-0.097768,0.032404,0.029717,0.238454,-0.022976,-0.001507,0.009972,-0.988003,0.538898,-11.226540
7933.0,2026-02-06T14:05:33.030242,0.144872,0.995229,0.001175,-0.000490,-0.097555,-0.083770,-0.104632,0.244680,-0.004105,-0.001067,0.011618,0.139510,-0.042706,-11.196840
7968.0,2026-02-06T14:05:33.060836,0.175466,0.995208,-0.007886,0.004953,-0.097337,0.030161,0.037948,0.248721,0.011711,-0.000952,0.012047,-0.954708,0.476933,-11.176193
8008.0,2026-02-06T14:05:33.105705,0.220335,0.994380,-0.004902,0.011282,-0.105155,0.151499,-0.041892,0.246770,0.008200,-0.001699,0.010608,-0.694640,1.226599,-12.080503
8041.0,2026-02-06T14:05:33.135349,0.249979,0.994444,-0.006911,0.000701,-0.105038,-0.058329,0.017332,0.247031,0.001030,-0.000345,0.010997,-0.796000,-0.003328,-12.059009
8075.0,2026-02-06T14:05:33.165712,0.280342,0.994439,-0.002609,0.010593,-0.104752,0.131794,-0.075541,0.240673,0.003762,0.000020,0.011880,-0.424570,1.175861,-12.030784
8116.0,2026-02-06T14:05:33.210793,0.325423,0.993640,-0.000513,0.018747,-0.111028,0.286813,-0.166044,0.233571,0.002165,-0.002994,0.012118,-0.297148,2.128566,-12.756969
8149.0,2026-02-06T14:05:33.241150,0.355780,0.993776,-0.005509,0.008567,-0.110929,0.084174,-0.041425,0.241640,-0.021076,0.000117,0.010610,-0.736421,0.905584,-12.744190
8191.0,2026-02-06T14:05:33.286847,0.401477,0.992763,-0.002815,0.016551,-0.118915,0.248453,-0.089400,0.230027,-0.003264,-0.002254,0.012609,-0.546110,1.844890,-13.669663
8223.0,2026-02-06T14:05:33.315650,0.430280,0.992883,-0.005795,0.006127,-0.118798,0.041354,-0.017468,0.247217,-0.000503,-0.000492,0.011535,-0.742826,0.618263,-13.649981
8265.0,2026-02-06T14:05:33.360834,0.475464,0.992902,-0.006627,-0.004609,-0.118663,-0.172134,0.035082,0.238256,-0.008321,-0.000019,0.011247,-0.691378,-0.614478,-13.626648
8301.0,2026-02-06T14:05:33.390011,0.504641,0.992086,-0.004541,0.003273,-0.125436,-0.015488,-0.021025,0.240612,0.012148,0.001666,0.011948,-0.563321,0.306792,-14.413562
8338.0,2026-02-06T14:05:33.434680,0.549310,0.991976,-0.016737,0.004751,-0.125225,0.050213,0.196115,0.237750,-0.014986,-0.001868,0.011342,-1.971107,0.299896,-14.394823
8373.0,2026-02-06T14:05:33.466776,0.581406,0.992131,-0.006211,0.003925,-0.124989,0.005103,0.021748,0.236519,-0.013781,-0.000389,0.011974,-0.762435,0.357307,-14.362999
8414.0,2026-02-06T14:05:33.509586,0.624216,0.991018,-0.003818,0.009743,-0.133321,0.117364,-0.061349,0.239935,-0.004110,0.001567,0.010586,-0.582486,1.048210,-15.329202
8450.0,2026-02-06T14:05:33.540054,0.654684,0.991054,-0.008428,-0.001288,-0.133192,-0.101392,0.059539,0.243312,0.000959,0.001307,0.011003,-0.937489,-0.274957,-15.306480
8483.0,2026-02-06T14:05:33.569130,0.683760,0.991083,-0.004223,0.008614,-0.132901,0.086027,-0.051082,0.236598,-0.001704,-0.001870,0.011882,-0.610924,0.914020,-15.280108
8527.0,2026-02-06T14:05:33.616325,0.730955,0.990196,-0.002221,0.017262,-0.138594,0.250933,-0.112453,0.236035,0.003810,-0.002726,0.011340,-0.526498,1.923826,-15.944221
8558.0,2026-02-06T14:05:33.645153,0.759783,0.990329,-0.006189,0.006100,-0.138464,0.041006,-0.017741,0.246357,-0.008982,-0.006934,0.011986,-0.799213,0.594077,-15.922655
8603.0,2026-02-06T14:05:33.692208,0.806838,0.989319,-0.004620,0.014046,-0.145017,0.193813,-0.050841,0.245293,-0.032398,-0.002533,0.010590,-0.757418,1.515783,-16.688416
8638.0,2026-02-06T14:05:33.735508,0.850138,0.989434,-0.005573,0.002067,-0.144865,-0.033640,0.007463,0.243807,0.000322,-0.000514,0.011804,-0.666227,0.141853,-16.660028
8677.0,2026-02-06T14:05:33.765276,0.879906,0.989364,-0.008609,0.013631,-0.144568,0.197626,0.021146,0.239879,-0.000336,-0.000811,0.011306,-1.202236,1.402918,-16.641391
8716.0,2026-02-06T14:05:33.810291,0.924921,0.988113,-0.006106,0.020049,-0.152293,0.317954,-0.028809,0.227105,-0.009062,-0.000105,0.011185,-1.042043,2.164136,-17.543258
8750.0,2026-02-06T14:05:33.839451,0.954081,0.988298,-0.005281,0.009184,-0.152170,0.098212,-0.010317,0.239443,0.004181,-0.001474,0.011153,-0.758305,0.948033,-17.512702
8783.0,2026-02-06T14:05:33.872368,0.986998,0.988356,-0.005745,-0.001630,-0.152042,-0.116363,0.021241,0.239287,0.011624,0.001276,0.011144,-0.622289,-0.284713,-17.489302
8822.0,2026-02-06T14:05:33.915872,1.030502,0.987415,-0.003845,0.006927,-0.157949,0.043474,-0.057053,0.234811,0.004276,-0.000323,0.011921,-0.560464,0.714240,-18.179810
8858.0,2026-02-06T14:05:33.945644,1.060274,0.987404,-0.011124,-0.001252,-0.157821,-0.097059,0.120281,0.228811,-0.005494,-0.003091,0.011350,-1.236138,-0.342838,-18.158278
8890.0,2026-02-06T14:05:33.975759,1.090389,0.986298,-0.009040,0.006570,-0.164595,0.059469,0.060411,0.243490,-0.004218,0.000845,0.011197,-1.145718,0.572060,-18.954341
8942.0,2026-02-06T14:05:34.035616,1.150246,0.986400,0.002550,-0.001899,-0.164334,-0.136625,-0.131741,0.243387,-0.010543,-0.003043,0.011153,0.323960,-0.166666,-18.917683
8978.0,2026-02-06T14:05:34.065616,1.180246,0.986408,-0.005938,0.004549,-0.164146,0.002118,-0.000916,0.241277,0.009214,0.000073,0.010366,-0.756839,0.402498,-18.898458
9017.0,2026-02-06T14:05:34.110591,1.225221,0.985067,-0.003753,0.013392,-0.171610,0.169900,-0.077203,0.239986,-0.008593,-0.000668,0.010950,-0.687249,1.438035,-19.773477
9056.0,2026-02-06T14:05:34.157606,1.272236,0.985165,-0.005800,0.002741,-0.171491,-0.027379,0.011175,0.244355,-0.002714,-0.000845,0.011090,-0.708705,0.195469,-19.750683
9098.0,2026-02-06T14:05:34.216022,1.330652,0.983710,-0.003701,0.008905,-0.179505,0.074596,-0.054537,0.252270,-0.003472,0.003002,0.011127,-0.600453,0.927723,-20.687635
9127.0,2026-02-06T14:05:34.217011,1.331641,0.983748,-0.007562,-0.001142,-0.179391,-0.099364,0.064136,0.240903,-0.016127,0.004035,0.010359,-0.829043,-0.284167,-20.667135
9163.0,2026-02-06T14:05:34.275719,1.390349,0.983783,-0.003334,0.008852,-0.179112,0.090161,-0.058522,0.227497,-0.004737,0.001977,0.011710,-0.557600,0.929573,-20.641481
9203.0,2026-02-06T14:05:34.335778,1.450408,0.982304,-0.001499,0.015630,-0.186632,0.212211,-0.134128,0.245468,-0.025865,-0.004040,0.011293,-0.503205,1.727583,-21.522917
9238.0,2026-02-06T14:05:34.336768,1.451398,0.982436,-0.004934,0.004475,-0.186481,0.007388,0.005067,0.245056,-0.021304,-0.005673,0.011972,-0.651086,0.398347,-21.497780
9271.0,2026-02-06T14:05:34.395241,1.509871,0.982489,0.002123,-0.003538,-0.186274,-0.177506,-0.104579,0.236511,-0.013921,-0.004527,0.012143,0.314589,-0.352961,-21.471980
9317.0,2026-02-06T14:05:34.454396,1.569026,0.981105,0.003960,0.003878,-0.193398,-0.046030,-0.157473,0.240913,0.005994,0.002018,0.011410,0.359277,0.523714,-22.300991
9352.0,2026-02-06T14:05:34.455422,1.570052,0.981120,-0.006749,0.004221,-0.193239,0.008316,0.029478,0.245441,0.006658,0.003773,0.011213,-0.852311,0.325089,-22.286818
9387.0,2026-02-06T14:05:34.515130,1.629760,0.981174,0.004069,0.006129,-0.192985,-0.004373,-0.179546,0.249783,0.010732,-0.003547,0.011160,0.321989,0.779087,-22.252445
9424.0,2026-02-06T14:05:34.516117,1.630747,0.979640,0.005676,0.015328,-0.200096,0.158766,-0.259372,0.240679,0.011057,0.001649,0.011146,0.285865,1.851169,-23.083674
9462.0,2026-02-06T14:05:34.575296,1.689926,0.979767,-0.002385,0.007388,-0.199989,0.045634,-0.074188,0.238347,0.007971,0.005287,0.011142,-0.437170,0.774847,-23.076308
9501.0,2026-02-06T14:05:34.635008,1.749638,0.977794,0.000003,0.013726,-0.209119,0.158467,-0.159137,0.243791,-0.005690,-0.001797,0.011945,-0.328719,1.538153,-24.148209
9540.0,2026-02-06T14:05:34.636018,1.750648,0.977884,-0.006199,0.004115,-0.209014,0.004039,0.002640,0.247758,-0.012148,0.002019,0.010559,-0.793290,0.312669,-24.132049
9580.0,2026-02-06T14:05:34.695221,1.809851,0.977934,0.005319,0.006703,-0.208737,0.001722,-0.214617,0.239424,-0.001871,-0.003365,0.010995,0.435739,0.878467,-24.094231
9618.0,2026-02-06T14:05:34.754874,1.869504,0.976444,0.006326,0.014841,-0.215165,0.145532,-0.274378,0.238225,0.010006,-0.002348,0.010322,0.342085,1.816930,-24.848222
9652.0,2026-02-06T14:05:34.755875,1.870505,0.976563,-0.001920,0.007798,-0.215082,0.046219,-0.085197,0.236002,-0.000843,0.001824,0.010142,-0.407052,0.825388,-24.844382
9685.0,2026-02-06T14:05:34.816116,1.930746,0.976568,-0.010545,0.001231,-0.214949,-0.046501,0.099547,0.240515,0.006389,-0.002518,0.011653,-1.210444,-0.122017,-24.825245
9730.0,2026-02-06T14:05:34.816116,1.930746,0.974998,-0.008881,0.010697,-0.221778,0.129887,0.030734,0.238569,-0.006889,-0.002108,0.012071,-1.264442,0.969506,-25.640244
9766.0,2026-02-06T14:05:34.875479,1.990109,0.975128,-0.003090,0.001566,-0.221616,-0.078578,-0.028358,0.246425,-0.002251,0.002669,0.011390,-0.384987,0.096476,-25.608438
9808.0,2026-02-06T14:05:34.935007,2.049637,0.973282,-0.000999,0.007453,-0.229491,0.037370,-0.129495,0.248345,0.002107,-0.004625,0.011987,-0.307437,0.805033,-26.537146
9838.0,2026-02-06T14:05:34.935007,2.049637,0.973288,-0.010217,0.001479,-0.229356,-0.036469,0.107356,0.237937,-0.009193,-0.001907,0.011368,-1.178447,-0.103595,-26.518640
9874.0,2026-02-06T14:05:34.995561,2.110191,0.973373,-0.001608,0.007963,-0.229085,0.042973,-0.096764,0.241019,-0.005988,-0.002737,0.011202,-0.388484,0.846024,-26.490140
9917.0,2026-02-06T14:05:35.055589,2.170219,0.971767,-0.000758,0.016197,-0.235383,0.209267,-0.138084,0.233696,-0.022288,-0.004519,0.011157,-0.521560,1.783500,-27.240145
9952.0,2026-02-06T14:05:35.056579,2.171209,0.971908,-0.003977,0.005767,-0.235259,0.025183,-0.018434,0.245016,0.006125,-0.001094,0.011926,-0.598482,0.535036,-27.217245
9988.0,2026-02-06T14:05:35.115528,2.230158,0.971865,-0.013746,0.001703,-0.235130,-0.026318,0.173147,0.239904,0.015270,0.005278,0.010572,-1.576903,-0.180683,-27.198753
10026.0,2026-02-06T14:05:35.116525,2.231155,0.969842,-0.011209,0.006671,-0.243386,0.069166,0.100988,0.246687,0.006803,-0.003153,0.012548,-1.431995,0.428755,-28.180770
10060.0,2026-02-06T14:05:35.175016,2.289646,0.969980,-0.000632,0.003800,-0.243152,-0.054521,-0.097719,0.239422,0.005316,-0.000731,0.012298,-0.176145,0.404745,-28.146162
10097.0,2026-02-06T14:05:35.236567,2.351197,0.969941,-0.011333,0.006736,-0.242981,0.056238,0.096459,0.240055,-0.011467,0.001478,0.010670,-1.447344,0.433135,-28.133115
10134.0,2026-02-06T14:05:35.237092,2.351722,0.968216,-0.009832,0.014752,-0.249486,0.216021,0.040666,0.242109,-0.007376,0.000510,0.010235,-1.513138,1.355748,-28.916799
10160.0,2026-02-06T14:05:35.305764,2.420394,0.968380,-0.005478,0.004910,-0.249372,0.000270,0.000179,0.245695,-0.006281,0.004152,0.010118,-0.748264,0.388331,-28.884025
10206.0,2026-02-06T14:05:35.305764,2.420394,0.965970,-0.003726,0.011584,-0.258367,0.132514,-0.075401,0.254608,-0.022879,0.001133,0.010086,-0.755572,1.171973,-29.956346
10241.0,2026-02-06T14:05:35.356405,2.471035,0.966068,-0.004889,0.000730,-0.258240,-0.066040,0.028677,0.254247,-0.011222,-0.005817,0.010858,-0.562794,-0.063836,-29.931347
10278.0,2026-02-06T14:05:35.416518,2.531148,0.966066,-0.006238,0.011445,-0.257965,0.136057,-0.021757,0.243508,0.014508,0.003229,0.011844,-1.029141,1.082646,-29.910992
10321.0,2026-02-06T14:05:35.416518,2.531148,0.964179,-0.004124,0.019020,-0.264539,0.261586,-0.113110,0.243850,0.013619,-0.001363,0.012109,-1.032939,1.976854,-30.702862
10349.0,2026-02-06T14:05:35.475693,2.590323,0.964353,-0.005080,0.008215,-0.264443,0.057627,-0.026425,0.252946,0.007921,0.002869,0.011400,-0.810366,0.753885,-30.674550
10391.0,2026-02-06T14:05:35.535957,2.650587,0.964400,-0.007698,-0.002324,-0.264326,-0.121619,0.067244,0.238039,0.011073,0.000103,0.011210,-0.780442,-0.489975,-30.651540
10429.0,2026-02-06T14:05:35.536985,2.651615,0.962135,-0.006148,0.003216,-0.272485,-0.037223,-0.001709,0.238918,-0.016966,0.000922,0.009598,-0.778245,0.162604,-31.626221
10460.0,2026-02-06T14:05:35.594860,2.709490,0.962164,0.000310,0.011882,-0.272212,0.114652,-0.149986,0.251869,-0.012745,-0.001983,0.010729,-0.336554,1.319809,-31.597992
10496.0,2026-02-06T14:05:35.595857,2.710487,0.962236,-0.007329,0.003655,-0.272095,-0.019992,0.031395,0.239709,0.000942,-0.006685,0.011817,-0.922084,0.174469,-31.580485
10534.0,2026-02-06T14:05:35.655223,2.769853,0.960149,-0.005506,0.010631,-0.279232,0.102678,-0.045861,0.249136,-0.009523,-0.000891,0.011322,-0.946176,0.993516,-32.439334
10569.0,2026-02-06T14:05:35.656217,2.770847,0.960241,-0.005894,-0.000299,-0.279111,-0.094581,0.032657,0.247098,-0.005295,-0.004026,0.011189,-0.638971,-0.221401,-32.413668
10611.0,2026-02-06T14:05:35.715789,2.830419,0.957773,-0.003740,0.007241,-0.287409,0.027767,-0.049428,0.241483,0.007163,-0.003280,0.011959,-0.648963,0.671556,-33.410729
10651.0,2026-02-06T14:05:35.775244,2.889874,0.957788,-0.010633,-0.002904,-0.287264,-0.119121,0.147520,0.243881,0.006161,-0.000685,0.011341,-1.071611,-0.668755,-33.384270
10691.0,2026-02-06T14:05:35.776142,2.890772,0.957905,-0.004652,0.007472,-0.286950,0.039609,-0.042876,0.246940,0.001117,-0.001654,0.011991,-0.756389,0.667283,-33.356684
10732.0,2026-02-06T14:05:35.836322,2.950952,0.955476,-0.002905,0.015454,-0.294649,0.174447,-0.127155,0.252968,-0.000939,0.004506,0.011352,-0.840179,1.594228,-34.289071
10764.0,2026-02-06T14:05:35.896038,3.010668,0.955599,-0.006637,0.005197,-0.294550,0.000462,0.000153,0.253494,-0.001438,-0.001801,0.011978,-0.902244,0.345070,-34.265081
10809.0,2026-02-06T14:05:35.897038,3.011668,0.952933,-0.004667,0.011811,-0.302914,0.111348,-0.069699,0.245637,-0.007168,0.001265,0.010551,-0.919822,1.127754,-35.277366
10844.0,2026-02-06T14:05:35.955110,3.069740,0.953030,-0.006867,0.001092,-0.302797,-0.070221,0.041044,0.248752,-0.005444,-0.001891,0.011764,-0.787813,-0.119045,-35.251379
10882.0,2026-02-06T14:05:36.015675,3.130305,0.953075,-0.003441,0.011334,-0.302502,0.110727,-0.080327,0.254092,-0.009667,-0.005856,0.012088,-0.768919,1.118648,-35.225903
10923.0,2026-02-06T14:05:36.016674,3.131304,0.950758,-0.002203,0.018739,-0.309359,0.228166,-0.160714,0.248188,0.001688,0.002448,0.011394,-0.904916,1.963862,-36.063414
10958.0,2026-02-06T14:05:36.074857,3.189487,0.950918,-0.005444,0.008373,-0.309283,0.052212,-0.035162,0.253320,-0.004639,0.002329,0.011209,-0.890103,0.719396,-36.039464
10994.0,2026-02-06T14:05:36.136278,3.250908,0.950975,-0.007500,-0.002358,-0.309169,-0.138621,0.076488,0.250719,0.006157,-0.000824,0.011159,-0.733789,-0.522641,-36.016104
11032.0,2026-02-06T14:05:36.137277,3.251907,0.948348,-0.005693,0.002934,-0.317168,-0.052747,0.008505,0.266068,0.003581,0.004577,0.010365,-0.725359,0.111930,-36.985037
11063.0,2026-02-06T14:05:36.195301,3.309931,0.948338,-0.007359,0.013635,-0.316883,0.163239,-0.029543,0.261421,0.001334,-0.000998,0.011712,-1.295179,1.214603,-36.967337
11103.0,2026-02-06T14:05:36.197301,3.311931,0.948487,-0.005397,0.002906,-0.316758,-0.057621,0.007135,0.255204,0.003071,-0.000153,0.012074,-0.692030,0.119923,-36.935349
11141.0,2026-02-06T14:05:36.255421,3.370051,0.945880,-0.003829,0.008920,-0.324371,0.047353,-0.081085,0.234962,-0.002707,0.002414,0.011390,-0.746637,0.824510,-37.862201
11176.0,2026-02-06T14:05:36.315626,3.430256,0.945892,-0.011922,0.001164,-0.324260,-0.050885,0.119358,0.247554,-0.020680,-0.003155,0.011207,-1.335643,-0.316878,-37.840574
11213.0,2026-02-06T14:05:36.316728,3.431358,0.942684,-0.010254,0.006187,-0.333471,0.037066,0.071281,0.264750,-0.027220,-0.006295,0.011157,-1.344257,0.276448,-38.965324
11247.0,2026-02-06T14:05:36.375493,3.490123,0.942827,0.000268,0.004109,-0.333258,-0.058206,-0.098263,0.257828,-0.008472,-0.003131,0.011145,-0.127940,0.454176,-38.934162
11287.0,2026-02-06T14:05:36.375493,3.490123,0.942811,-0.010716,0.007325,-0.333074,0.062952,0.085096,0.262694,0.008532,-0.002270,0.011142,-1.437537,0.382356,-38.919156
11330.0,2026-02-06T14:05:36.438257,3.552887,0.940154,-0.008879,0.013730,-0.340357,0.173981,-0.005330,0.262739,0.004998,0.002627,0.011141,-1.492475,1.132926,-39.817545
11362.0,2026-02-06T14:05:36.494580,3.609210,0.940313,-0.005370,0.003323,-0.340253,-0.050151,-0.003096,0.262687,0.013415,0.003938,0.011141,-0.708197,0.148634,-39.786369
11398.0,2026-02-06T14:05:36.495576,3.610206,0.940295,-0.009598,0.013853,-0.339944,0.169901,0.002090,0.260074,0.018868,0.005085,0.012725,-1.574337,1.118871,-39.768201
11428.0,2026-02-06T14:05:36.614375,3.729005,0.937388,-0.007446,0.018920,-0.347693,0.244292,-0.085049,0.263065,0.008540,0.003815,0.011564,-1.554546,1.735968,-40.724913
11471.0,2026-02-06T14:05:36.615378,3.730008,0.937576,-0.007355,0.007901,-0.347612,0.044293,-0.025951,0.257825,0.018289,0.005039,0.012818,-1.105070,0.555933,-40.690464
11508.0,2026-02-06T14:05:36.616377,3.731007,0.937342,-0.015760,-0.000069,-0.348053,-0.055176,0.135377,0.245083,-0.014400,-0.022079,-0.020565,-1.690402,-0.636006,-40.732426
11544.0,2026-02-06T14:05:36.675656,3.790286,0.934638,-0.014081,0.006461,-0.355262,0.061535,0.123605,0.264524,-0.022220,-0.005762,0.006611,-1.771384,0.118774,-41.626066
11586.0,2026-02-06T14:05:36.677029,3.791659,0.934814,-0.003570,0.005678,-0.355073,-0.024460,-0.057013,0.255790,-0.020395,-0.001427,0.009930,-0.613538,0.463023,-41.599330
11617.0,2026-02-06T14:05:36.737859,3.852489,0.931694,-0.002452,0.010248,-0.363091,0.047853,-0.092125,0.261192,-0.013658,-0.006516,0.011599,-0.688316,0.992190,-42.588685
11657.0,2026-02-06T14:05:36.795546,3.910176,0.931731,-0.011538,0.002156,-0.362961,-0.041704,0.125139,0.260417,-0.021399,-0.005508,0.012054,-1.321706,-0.249653,-42.564449
11694.0,2026-02-06T14:05:36.796552,3.911182,0.931867,-0.003068,0.007962,-0.362700,0.023471,-0.061519,0.266270,-0.049849,-0.008385,0.011385,-0.658586,0.722779,-42.538004
11732.0,2026-02-06T14:05:36.855102,3.969732,0.928880,-0.001480,0.013579,-0.370130,0.130654,-0.098730,0.265304,-0.016070,-0.001346,0.010425,-0.733693,1.382742,-43.460329
11766.0,2026-02-06T14:05:36.856102,3.970732,0.929016,-0.003439,0.002766,-0.370013,-0.048949,0.021289,0.261439,0.028099,0.001316,0.011731,-0.483461,0.148668,-43.433956
11808.0,2026-02-06T14:05:36.915082,4.029712,0.929026,-0.008020,0.012057,-0.369731,0.124905,0.004004,0.268968,0.041457,-0.000316,0.013642,-1.364949,0.943872,-43.414094
11842.0,2026-02-06T14:05:36.978211,4.092841,0.925865,-0.005279,0.015658,-0.377493,0.151152,-0.095382,0.269306,0.048920,-0.003093,0.014931,-1.237866,1.433043,-44.378796
11877.0,2026-02-06T14:05:36.978622,4.093252,0.926018,-0.006854,0.004173,-0.377393,-0.050698,0.021318,0.262640,0.024879,-0.004633,0.012911,-0.907779,0.146373,-44.347275
11910.0,2026-02-06T14:05:37.038102,4.152732,0.926005,-0.010696,0.014276,-0.377088,0.142445,-0.007079,0.250898,0.014040,0.003565,0.012394,-1.752420,1.052719,-44.330413
11955.0,2026-02-06T14:05:37.095013,4.209643,0.922776,-0.008819,0.022062,-0.384602,0.289733,-0.090084,0.264142,0.015083,0.000995,0.011449,-1.906253,1.944559,-45.283954
11991.0,2026-02-06T14:05:37.096038,4.210668,0.923005,-0.007730,0.011111,-0.384551,0.066486,-0.029015,0.273981,0.014552,0.002723,0.012004,-1.307474,0.834615,-45.245606
12032.0,2026-02-06T14:05:37.155399,4.270029,0.919201,-0.006601,0.017291,-0.393354,0.107157,0.056449,0.192805,-0.074651,0.017638,-0.018332,-1.475414,1.523961,-46.354762
12068.0,2026-02-06T14:05:37.156397,4.271027,0.919248,-0.006940,0.006513,-0.393563,-0.066514,0.037850,0.216769,-0.030417,-0.000673,-0.006078,-1.024809,0.373110,-46.358322
12110.0,2026-02-06T14:05:37.216110,4.330739,0.919290,0.000051,0.014921,-0.393299,0.088461,-0.172687,0.253504,-0.028038,-0.001632,0.008173,-0.667328,1.574352,-46.334441
12143.0,2026-02-06T14:05:37.282124,4.396754,0.916262,0.000819,0.022162,-0.399966,0.213625,-0.259649,0.266617,-0.016463,-0.003448,0.010352,-0.930577,2.365164,-47.183598
12179.0,2026-02-06T14:05:37.282124,4.396754,0.916425,-0.004958,0.012741,-0.399972,0.088563,-0.079601,0.267578,-0.050105,-0.001587,0.007806,-1.104917,1.110867,-47.168211
12213.0,2026-02-06T14:05:37.338170,4.452800,0.916523,-0.007369,0.002240,-0.399909,-0.066395,0.063874,0.265118,-0.055954,-0.003434,0.008689,-0.876651,-0.102438,-47.145622
12257.0,2026-02-06T14:05:37.394342,4.508972,0.913194,-0.006346,0.007433,-0.407407,0.068059,0.051717,0.277470,-0.048918,-0.004708,0.008925,-1.011182,0.481504,-48.090775
12292.0,2026-02-06T14:05:37.395431,4.510061,0.913345,0.005549,0.002732,-0.407139,-0.111362,-0.108204,0.280978,0.021497,-0.001030,0.012212,0.453306,0.544799,-48.049241
12329.0,2026-02-06T14:05:37.455680,4.570310,0.912739,0.007222,0.003262,-0.408467,-0.150232,-0.189356,0.282591,0.081052,0.009986,0.012988,0.602747,0.679300,-48.215121
12365.0,2026-02-06T14:05:37.456688,4.571318,0.912830,0.006235,0.003416,-0.408279,-0.183124,-0.230179,0.272342,0.064971,0.006686,0.012415,0.492414,0.649032,-48.192020
12402.0,2026-02-06T14:05:37.516417,4.631047,0.912901,0.002934,0.004327,-0.408149,-0.144766,-0.177192,0.284314,-0.067396,-0.009814,0.008358,0.104565,0.589945,-48.177368
12442.0,2026-02-06T14:05:37.575856,4.690486,0.912289,0.001762,0.005775,-0.409502,-0.043908,-0.091593,0.280854,-0.082419,-0.010315,0.010396,-0.086810,0.686378,-48.348562
12478.0,2026-02-06T14:05:37.576861,4.691491,0.912376,-0.001282,0.005917,-0.409308,0.002364,-0.011201,0.279533,-0.032764,-0.000818,0.010957,-0.411563,0.558465,-48.325703
12506.0,2026-02-06T14:05:37.636636,4.751266,0.912456,-0.002833,0.004700,-0.409138,-0.006344,0.011385,0.275535,0.019736,0.001457,0.011092,-0.516626,0.358645,-48.303824
12558.0,2026-02-06T14:05:37.696060,4.810690,0.911843,-0.001836,0.005334,-0.410500,-0.022123,-0.035619,0.282463,0.040003,0.002065,0.011909,-0.442760,0.471042,-48.475128
12588.0,2026-02-06T14:05:37.696060,4.810690,0.911915,-0.003547,0.006077,-0.410318,-0.038423,-0.038795,0.288467,0.017309,0.002227,0.011346,-0.656427,0.468206,-48.453588
12624.0,2026-02-06T14:05:37.755474,4.870104,0.911977,-0.006184,0.005916,-0.410152,0.011858,0.017988,0.272696,-0.029318,-0.000850,0.010416,-0.924310,0.327617,-48.433267
12667.0,2026-02-06T14:05:37.756459,4.871089,0.911361,-0.006115,0.006857,-0.411505,0.027105,0.033965,0.274784,-0.016033,-0.003238,0.011729,-0.962044,0.427808,-48.604640
12695.0,2026-02-06T14:05:37.815499,4.930129,0.911455,-0.004763,0.006020,-0.411328,0.018750,0.012433,0.277397,-0.032804,0.001593,0.010517,-0.781236,0.404322,-48.580915
12735.0,2026-02-06T14:05:37.875764,4.990394,0.910928,-0.004342,0.007377,-0.412477,0.049003,0.019526,0.273543,0.008017,-0.001023,0.011755,-0.801979,0.564793,-48.726943
12770.0,2026-02-06T14:05:37.876174,4.990804,0.911028,-0.004133,0.005060,-0.412292,-0.015852,0.001988,0.264672,0.013449,-0.001721,0.012086,-0.670548,0.332949,-48.700890
12804.0,2026-02-06T14:05:37.937960,5.052590,0.911078,0.002386,0.013874,-0.411994,0.098508,-0.179953,0.276369,0.006299,-0.001908,0.012174,-0.406036,1.561375,-48.671031
12847.0,2026-02-06T14:05:37.937960,5.052590,0.907230,0.004892,0.018145,-0.420215,0.140242,-0.252468,0.275469,0.033979,0.002046,0.012198,-0.365417,2.122363,-49.712442
12883.0,2026-02-06T14:05:37.995484,5.110114,0.907392,-0.001175,0.009517,-0.420175,0.026784,-0.098318,0.277552,0.051617,0.010033,0.011423,-0.580491,0.933101,-49.698460
12919.0,2026-02-06T14:05:38.054917,5.169547,0.907460,-0.009438,0.003354,-0.420019,-0.027929,0.088302,0.276536,0.064133,0.001228,0.015121,-1.142933,-0.105523,-49.673158
12957.0,2026-02-06T14:05:38.055918,5.170547,0.904111,-0.008384,0.009685,-0.427106,0.024134,-0.018317,0.265262,-0.002043,-0.000339,0.012203,-1.342758,0.593047,-50.579506
12993.0,2026-02-06T14:05:38.115609,5.230239,0.904243,-0.004131,0.000228,-0.426998,-0.147332,0.006281,0.276437,-0.048665,-0.006234,0.009859,-0.439224,-0.178573,-50.554168
13036.0,2026-02-06T14:05:38.175308,5.289938,0.900934,-0.003363,0.006771,-0.433890,-0.016786,-0.036722,0.281779,-0.027446,-0.006236,0.010799,-0.683910,0.531815,-51.434126
13065.0,2026-02-06T14:05:38.176316,5.290946,0.900982,-0.008465,-0.002951,-0.433765,-0.128743,0.175710,0.272973,0.007118,-0.002330,0.011050,-0.727338,-0.725493,-51.411043
13105.0,2026-02-06T14:05:38.237000,5.351630,0.900894,-0.006094,0.008763,-0.433908,0.035673,-0.017577,0.269325,-0.036809,0.047170,-0.013112,-1.064958,0.601707,-51.440351
13143.0,2026-02-06T14:05:38.238019,5.352649,0.896863,-0.004168,0.013544,-0.442081,0.191172,-0.069863,0.299138,-0.005503,0.000543,0.009158,-1.114804,1.180890,-52.490675
13178.0,2026-02-06T14:05:38.295787,5.410417,0.897218,-0.004118,0.010216,-0.441450,-0.004487,-0.071064,0.257244,0.100314,-0.044987,0.041814,-0.940263,0.842054,-52.403176
13214.0,2026-02-06T14:05:38.355146,5.469776,0.897347,-0.006049,0.009405,-0.441183,-0.042833,-0.061513,0.264308,0.027825,-0.033863,0.017988,-1.097599,0.661295,-52.368676
13252.0,2026-02-06T14:05:38.356142,5.470772,0.896850,-0.007834,0.011622,-0.442112,-0.137205,-0.010896,0.196262,-0.116645,-0.007312,0.025478,-1.394130,0.797564,-52.492678
13283.0,2026-02-06T14:05:38.416305,5.530935,0.896864,-0.008986,0.011145,-0.442075,0.097634,0.062657,0.348817,-0.163051,-0.023540,0.000383,-1.488348,0.690226,-52.487417
13319.0,2026-02-06T14:05:38.416305,5.530935,0.896985,-0.007949,0.009642,-0.441885,0.202664,0.088665,0.301086,-0.020617,-0.021063,0.012675,-1.305436,0.588528,-52.459479
13348.0,2026-02-06T14:05:38.474952,5.589582,0.894232,-0.009487,0.010521,-0.447379,-0.285678,-0.222157,0.419733,-0.066758,-0.062459,-0.257497,-1.511795,0.591760,-53.164881
13386.0,2026-02-06T14:05:38.475943,5.590573,0.891520,-0.002069,0.004076,-0.452959,0.277522,0.119750,0.237488,0.046018,-0.016667,-0.410057,-0.422952,0.309036,-53.869070
13412.0,2026-02-06T14:05:38.535234,5.649864,0.889307,-0.005788,-0.003419,-0.457261,-0.027914,0.029589,0.243116,0.027646,-0.018959,-0.356203,-0.410744,-0.651761,-54.420057
13446.0,2026-02-06T14:05:38.536736,5.651366,0.885320,-0.004674,0.000844,-0.464958,0.110808,-0.061145,0.250963,-0.004510,-0.018245,-0.077716,-0.519169,-0.163388,-55.414972
13482.0,2026-02-06T14:05:38.595978,5.710608,0.886565,-0.009570,-0.008887,-0.462420,0.502285,-0.580944,0.258564,-0.038361,0.002301,0.157208,-0.501537,-1.410083,-55.085719
13516.0,2026-02-06T14:05:38.655655,5.770285,0.887522,-0.012450,-0.018398,-0.460230,0.953008,-0.858868,0.285636,-0.018769,0.016894,0.143282,-0.296266,-2.528532,-54.812002
13557.0,2026-02-06T14:05:38.656080,5.770710,0.883853,-0.014925,-0.015663,-0.467265,1.159206,-2.282658,0.478921,-0.040188,0.019417,0.048055,-0.673546,-2.386163,-55.713952
13582.0,2026-02-06T14:05:38.715470,5.830100,0.883454,-0.018227,-0.023747,-0.467560,2.444309,-2.694659,0.606689,-0.024459,0.022324,-0.023641,-0.573908,-3.382644,-55.762340
13609.0,2026-02-06T14:05:38.716480,5.831110,0.883083,-0.017974,-0.024097,-0.468252,3.465943,-3.217692,0.692275,0.017556,0.025336,-0.056963,-0.526758,-3.404953,-55.853599
13633.0,2026-02-06T14:05:38.775577,5.890207,0.884524,-0.017041,-0.031250,-0.465135,4.069228,-1.761473,0.518338,0.044856,0.009202,0.300637,-0.061744,-4.079213,-55.473907
13659.0,2026-02-06T14:05:38.776576,5.891206,0.886538,-0.015077,-0.031842,-0.461312,3.361387,-0.992675,0.484016,0.029266,0.030909,0.853328,0.151954,-4.035109,-54.985983
13679.0,2026-02-06T14:05:38.777577,5.892207,0.891994,-0.020982,-0.036504,-0.450081,1.016343,-2.534903,0.804655,-0.043363,0.048631,0.957279,-0.262892,-4.819073,-53.538020
13703.0,2026-02-06T14:05:38.837494,5.952124,0.894998,-0.027268,-0.038694,-0.443550,0.154482,-3.249318,0.679423,-0.074403,0.024283,0.685166,-0.833606,-5.362229,-52.685851
13728.0,2026-02-06T14:05:38.838509,5.953139,0.896603,-0.033938,-0.040458,-0.439676,-0.282051,-2.278872,0.473048,-0.005606,0.028595,0.343140,-1.456316,-5.876974,-52.170073
13753.0,2026-02-06T14:05:38.895451,6.010081,0.892411,-0.033802,-0.035501,-0.448553,-0.636094,0.437759,0.160481,-0.096263,-0.046480,-0.424661,-1.639376,-5.375817,-53.294077
13773.0,2026-02-06T14:05:38.896448,6.011078,0.891764,-0.032373,-0.028135,-0.450463,-1.232871,1.467711,0.010546,-0.119543,-0.029785,-0.161291,-1.862106,-4.550913,-53.526039
13814.0,2026-02-06T14:05:38.955591,6.070221,0.890168,-0.039282,-0.018848,-0.453544,-1.350168,0.094877,0.171275,-0.177191,-0.045571,-0.233166,-3.036105,-3.967397,-53.892876
13840.0,2026-02-06T14:05:38.956598,6.071228,0.886527,-0.042587,-0.009577,-0.460614,-2.001117,0.755594,0.177244,-0.154492,-0.019844,-0.555561,-3.829731,-3.222431,-54.802467
13866.0,2026-02-06T14:05:38.956598,6.071228,0.876018,-0.042085,-0.004835,-0.480415,-2.203908,2.702721,-0.105479,-0.135460,-0.067052,-1.529130,-3.966356,-2.803357,-57.384377
13885.0,2026-02-06T14:05:39.014962,6.129592,0.868940,-0.036935,-0.000683,-0.493536,-1.557776,5.325240,-0.138563,0.013398,-0.063472,-1.176112,-3.644130,-2.157351,-59.122336
13910.0,2026-02-06T14:05:39.016090,6.130720,0.868303,-0.032448,0.003392,-0.494960,-1.774849,5.720643,-0.477700,0.038034,-0.022048,-0.166978,-3.424175,-1.503014,-59.324128
13934.0,2026-02-06T14:05:39.075442,6.190072,0.869861,-0.025722,0.006734,-0.492579,-0.356873,5.851789,-0.407106,0.082749,-0.004479,0.229496,-2.945642,-0.780729,-59.023346
13961.0,2026-02-06T14:05:39.076516,6.191146,0.868878,-0.024508,0.006315,-0.494379,0.035665,6.237775,-0.379613,0.090907,-0.011842,-0.154876,-2.799242,-0.759710,-59.259905
13980.0,2026-02-06T14:05:39.076516,6.191146,0.864786,-0.017190,0.009280,-0.501760,-0.026095,3.937303,-0.062863,0.073353,-0.029310,-0.659178,-2.237648,-0.068745,-60.244353
14005.0,2026-02-06T14:05:39.135907,6.250537,0.860037,-0.009637,0.011359,-0.510015,-0.082866,2.074908,0.045386,0.207953,-0.019474,-0.854918,-1.613927,0.556255,-61.344980
14024.0,2026-02-06T14:05:39.136919,6.251549,0.855097,-0.001307,0.015963,-0.518220,-0.698207,0.897458,0.228606,0.420059,0.035402,-0.732305,-1.076432,1.486682,-62.448729
14059.0,2026-02-06T14:05:39.196049,6.310679,0.851293,0.002150,0.018019,-0.524377,-0.211381,0.000182,0.235495,0.242785,0.021208,-0.337135,-0.873469,1.887313,-63.278635
14084.0,2026-02-06T14:05:39.197048,6.311678,0.850553,-0.001734,0.010125,-0.525789,-0.004820,-0.091300,0.217778,0.124664,0.006657,-0.099364,-0.779097,0.882385,-63.452430
14103.0,2026-02-06T14:05:39.198046,6.312676,0.848938,0.005670,0.006653,-0.528421,0.352497,0.242017,0.176894,0.074628,-0.003070,-0.258177,0.148703,0.990617,-63.799051
14129.0,2026-02-06T14:05:39.255762,6.370392,0.846246,-0.003282,0.007229,-0.532733,-0.414661,-0.545855,0.227378,0.017770,-0.003049,-0.328849,-0.759570,0.500636,-64.386243
14173.0,2026-02-06T14:05:39.316664,6.431294,0.842106,-0.002119,0.011672,-0.539182,-0.027647,-0.320639,0.214282,-0.024000,0.002068,-0.138147,-0.925842,0.995419,-65.269182
14201.0,2026-02-06T14:05:39.317662,6.432292,0.841828,-0.009564,0.004604,-0.539641,0.005902,-0.046440,0.216007,0.010603,0.000688,-0.025025,-1.207397,-0.147268,-65.320955
14238.0,2026-02-06T14:05:39.375861,6.490491,0.841697,-0.016783,-0.004163,-0.539674,-0.054459,0.178950,0.208789,-0.010240,-0.003642,0.000917,-1.361785,-1.439586,-65.316749
14281.0,2026-02-06T14:05:39.376859,6.491489,0.837420,-0.013528,0.002948,-0.546385,0.034530,0.051386,0.221274,0.019810,-0.003995,-0.011562,-1.482944,-0.564160,-66.238611
14315.0,2026-02-06T14:05:39.435595,6.550225,0.836254,-0.003025,0.005939,-0.548302,-0.039418,-0.133205,0.222562,-0.022794,-0.003289,-0.123108,-0.662998,0.379056,-66.505128
14359.0,2026-02-06T14:05:39.494604,6.609234,0.830320,0.001436,0.007524,-0.557234,0.216741,-0.315807,0.227769,0.166272,-0.003881,-0.217284,-0.343847,0.807608,-67.734161
14380.0,2026-02-06T14:05:39.495605,6.610235,0.830222,-0.006069,0.004111,-0.557385,-0.078618,-0.198300,0.153436,0.090187,0.006344,-0.007113,-0.839944,0.003454,-67.752340
14421.0,2026-02-06T14:05:39.554626,6.669256,0.830445,-0.017348,0.007687,-0.556777,0.111302,0.085777,0.218697,-0.051072,-0.017677,0.035873,-2.141830,-0.375319,-67.673169
14463.0,2026-02-06T14:05:39.555614,6.670244,0.826496,-0.015881,0.012833,-0.562572,0.223036,-0.014079,0.216252,-0.072731,-0.004530,0.010571,-2.332020,0.191595,-68.487904
14497.0,2026-02-06T14:05:39.615535,6.730165,0.826717,-0.010394,0.003106,-0.562513,-0.021388,0.014045,0.227163,-0.074547,-0.005825,0.011812,-1.185000,-0.375728,-68.460305
14537.0,2026-02-06T14:05:39.674916,6.789546,0.826915,0.000902,0.004813,-0.562306,-0.076404,-0.163630,0.217896,-0.023333,0.006581,0.012106,-0.224719,0.514217,-68.432778
14582.0,2026-02-06T14:05:39.675907,6.790537,0.822972,0.002675,0.009086,-0.568003,-0.008684,-0.240473,0.218529,-0.016731,0.005768,0.012968,-0.339221,1.031068,-69.228763
14615.0,2026-02-06T14:05:39.736146,6.850776,0.823081,-0.006701,0.002852,-0.567878,0.000920,-0.020861,0.220726,-0.000044,0.001618,0.012405,-0.817636,-0.167034,-69.205661
14653.0,2026-02-06T14:05:39.795776,6.910406,0.818914,-0.005004,0.006772,-0.573855,-0.010963,-0.089771,0.201482,-0.021192,-0.003472,0.011457,-0.914928,0.306449,-70.044255
14691.0,2026-02-06T14:05:39.796812,6.911442,0.819021,-0.007244,0.005561,-0.573690,0.031744,-0.037597,0.233488,-0.051660,-0.000786,0.011223,-1.045483,0.045696,-70.019710
14729.0,2026-02-06T14:05:39.855877,6.970507,0.819442,-0.006356,0.004307,-0.573111,0.052981,0.014716,0.192609,-0.044519,-0.007245,0.036626,-0.879739,-0.013052,-69.937113
14771.0,2026-02-06T14:05:39.855877,6.970507,0.815249,-0.004544,0.009879,-0.579009,0.017066,-0.144481,0.181323,-0.020956,-0.008093,0.031052,-1.080056,0.621460,-70.772388
14809.0,2026-02-06T14:05:39.915328,7.029958,0.815431,-0.006611,-0.001577,-0.578815,-0.058435,0.065891,0.209443,-0.014478,-0.004323,0.016992,-0.513212,-0.585874,-70.733730
14845.0,2026-02-06T14:05:39.975046,7.089676,0.815593,-0.004048,0.009449,-0.578534,0.095910,-0.108981,0.207875,0.000556,-0.000221,0.013450,-1.004810,0.614737,-70.704749
14886.0,2026-02-06T14:05:39.976059,7.090689,0.811536,-0.001809,0.015213,-0.584101,0.146587,-0.210259,0.212257,-0.004209,0.002423,0.011741,-1.186873,1.293721,-71.502158
14922.0,2026-02-06T14:05:40.035517,7.150146,0.811698,-0.005344,0.004588,-0.584036,0.033183,-0.032087,0.219108,-0.018848,0.000745,0.011297,-0.804099,0.069121,-71.472297
14962.0,2026-02-06T14:05:40.095805,7.210435,0.807766,-0.003331,0.010987,-0.589391,0.105753,-0.148453,0.200688,-0.023441,-0.000479,0.011181,-1.050550,0.792054,-72.240405
14998.0,2026-02-06T14:05:40.096804,7.211434,0.808263,-0.006697,0.000172,-0.588783,-0.017952,0.031181,0.207494,-0.011225,-0.002376,0.045076,-0.631896,-0.435874,-72.140868
15039.0,2026-02-06T14:05:40.155699,7.270329,0.808484,0.001040,0.008343,-0.588458,0.028235,-0.162577,0.172315,0.015603,-0.006811,0.017586,-0.466295,0.843127,-72.101757
15076.0,2026-02-06T14:05:40.216491,7.331121,0.804276,0.003006,0.012452,-0.594118,0.054338,-0.249050,0.181964,-0.009228,0.000789,0.011969,-0.570833,1.352402,-72.913299
15113.0,2026-02-06T14:05:40.217495,7.332125,0.804620,-0.004625,0.003892,-0.593759,0.021514,-0.028487,0.198317,-0.034397,-0.000471,0.028736,-0.691325,0.044160,-72.850289
15155.0,2026-02-06T14:05:40.275859,7.390489,0.800222,-0.002577,0.008098,-0.599643,0.108280,-0.099717,0.196166,-0.016774,-0.000805,0.025079,-0.792877,0.565512,-73.695722
15194.0,2026-02-06T14:05:40.335451,7.450081,0.800729,-0.009164,-0.001216,-0.598956,-0.029903,0.111887,0.195707,-0.026073,-0.001672,0.048706,-0.757495,-0.740557,-73.589067
15234.0,2026-02-06T14:05:40.336463,7.451093,0.800998,0.000868,0.005876,-0.598638,-0.000415,-0.102511,0.170958,-0.009216,0.003730,0.017925,-0.323425,0.598890,-73.547987
15274.0,2026-02-06T14:05:40.395163,7.509793,0.796822,0.002658,0.009336,-0.604136,0.049963,-0.210005,0.214552,-0.006697,-0.002995,0.030506,-0.403666,1.036570,-74.341117
15313.0,2026-02-06T14:05:40.455441,7.570071,0.797857,0.000578,0.008051,-0.602793,0.017428,-0.158334,0.212552,-0.021888,-0.003029,0.089598,-0.503355,0.775993,-74.146624
15350.0,2026-02-06T14:05:40.455441,7.570071,0.798219,-0.000567,0.006311,-0.602334,0.029608,-0.133851,0.220477,0.010860,0.004755,0.032986,-0.487548,0.538130,-74.078547
15390.0,2026-02-06T14:05:40.516890,7.631520,0.797542,-0.000026,0.006852,-0.603224,0.009168,-0.138737,0.209343,0.011887,-0.006689,0.016595,-0.476054,0.624408,-74.206961
15428.0,2026-02-06T14:05:40.518887,7.633517,0.797695,-0.001618,0.005200,-0.603036,0.019084,-0.084760,0.212630,-0.005212,-0.000833,0.013346,-0.507209,0.363545,-74.178157
15472.0,2026-02-06T14:05:40.578164,7.692794,0.796989,-0.001610,0.006572,-0.603956,0.038331,-0.089022,0.206075,-0.028577,-0.000890,0.012502,-0.601946,0.488814,-74.312007
15506.0,2026-02-06T14:05:40.636937,7.751567,0.798407,-0.001666,0.004161,-0.602102,0.221382,-0.204260,0.227789,0.002502,0.008831,0.110450,-0.439507,0.265721,-74.043050
15543.0,2026-02-06T14:05:40.636937,7.751567,0.799084,-0.002973,0.002480,-0.601207,0.064634,-0.181520,0.198617,-0.007473,-0.000581,0.063772,-0.443022,0.022266,-73.913562
15586.0,2026-02-06T14:05:40.695844,7.810474,0.799237,-0.002368,0.002960,-0.601004,-0.030286,-0.036990,0.207962,0.015693,0.002318,0.087801,-0.420722,0.108062,-73.884650
15616.0,2026-02-06T14:05:40.756070,7.870700,0.799940,-0.003298,0.004322,-0.600056,-0.002077,-0.006053,0.246475,0.031874,0.007754,0.065213,-0.599487,0.169362,-73.749906
15658.0,2026-02-06T14:05:40.757071,7.871701,0.800157,-0.000964,0.005458,-0.599765,-0.035470,0.023421,0.245252,0.069919,0.005299,0.019175,-0.463490,0.434223,-73.709213
15693.0,2026-02-06T14:05:40.816828,7.931458,0.799171,0.000384,0.005653,-0.601077,0.014134,-0.353769,0.213527,0.062746,0.007784,-0.013372,-0.354237,0.544204,-73.897158
15732.0,2026-02-06T14:05:40.875085,7.989715,0.799243,-0.001392,0.005057,-0.600985,-0.042903,-0.083906,0.188737,0.021574,0.007657,0.007057,-0.475781,0.367336,-73.883617
15769.0,2026-02-06T14:05:40.876227,7.990857,0.798454,-0.000558,0.005853,-0.602027,-0.062426,-0.152741,0.203580,0.020146,0.007623,0.010950,-0.454858,0.497041,-74.033944
15809.0,2026-02-06T14:05:40.936126,8.050756,0.798590,-0.002923,0.005533,-0.601843,-0.035077,-0.095534,0.198279,-0.006762,0.010834,0.011899,-0.649080,0.304705,-74.007433
15848.0,2026-02-06T14:05:40.937127,8.051757,0.798704,-0.005259,0.005425,-0.601677,-0.036518,-0.071882,0.194872,-0.008477,0.004500,0.011337,-0.855389,0.134005,-73.983594
15892.0,2026-02-06T14:05:40.995203,8.109833,0.797990,-0.005362,0.006503,-0.602612,0.033734,-0.064504,0.211243,-0.034184,0.002859,0.011192,-0.939429,0.224442,-74.119287
15926.0,2026-02-06T14:05:41.055146,8.169775,0.798137,-0.005979,0.004119,-0.602432,0.017081,-0.030413,0.210703,0.006783,0.005664,0.011963,-0.831172,-0.036037,-74.090549
15972.0,2026-02-06T14:05:41.114597,8.229227,0.794145,-0.003619,0.010475,-0.607628,0.059178,-0.149907,0.220422,-0.000227,0.009472,0.012143,-1.058887,0.701313,-74.848225
16008.0,2026-02-06T14:05:41.116597,8.231227,0.794226,-0.009252,0.000782,-0.607552,-0.017125,0.057598,0.221684,-0.018601,0.003366,0.010613,-0.896629,-0.572963,-74.824725
16040.0,2026-02-06T14:05:41.176763,8.291393,0.794395,-0.000195,0.007746,-0.607353,0.001131,-0.165855,0.212160,-0.004462,0.007296,0.010215,-0.556878,0.691624,-74.802632
16085.0,2026-02-06T14:05:41.177762,8.292392,0.795873,-0.000355,0.009190,-0.605394,0.000652,-0.554210,0.182665,-0.030749,0.002798,0.207268,-0.670008,0.813519,-74.522825
16112.0,2026-02-06T14:05:41.235689,8.350319,0.796265,-0.002066,0.008004,-0.604891,0.045599,-0.209216,0.223757,-0.027446,-0.000608,0.039172,-0.743428,0.587128,-74.448800
16149.0,2026-02-06T14:05:41.235689,8.350319,0.796479,-0.003500,0.006460,-0.604621,0.014508,-0.151055,0.213463,0.008206,0.007049,0.019225,-0.767084,0.347109,-74.407855
16193.0,2026-02-06T14:05:41.296328,8.410958,0.795792,-0.003617,0.007513,-0.605513,0.031914,-0.125614,0.218342,-0.029031,-0.009093,0.014029,-0.851167,0.434105,-74.537733
16222.0,2026-02-06T14:05:41.356066,8.470696,0.795945,-0.004580,0.005415,-0.605327,0.039179,-0.066503,0.215900,-0.002440,-0.003037,0.013469,-0.793357,0.176159,-74.508155
16266.0,2026-02-06T14:05:41.357064,8.471694,0.795174,-0.004292,0.006206,-0.606335,0.012998,-0.084614,0.208593,-0.005035,-0.002237,0.012517,-0.822282,0.267269,-74.654288
16304.0,2026-02-06T14:05:41.416605,8.531235,0.795308,-0.005617,0.004472,-0.606163,0.024146,-0.031443,0.215256,-0.021438,0.002690,0.012287,-0.822595,0.017375,-74.627527
16339.0,2026-02-06T14:05:41.476068,8.590698,0.795435,-0.006432,0.002450,-0.606000,0.004291,-0.001310,0.213873,-0.008229,0.006366,0.011431,-0.756437,-0.223306,-74.602225
16386.0,2026-02-06T14:05:41.477067,8.591697,0.794717,-0.006133,0.003176,-0.606941,0.000683,-0.030855,0.202003,-0.006491,0.003346,0.009639,-0.779464,-0.137293,-74.738381
16421.0,2026-02-06T14:05:41.534720,8.649350,0.794841,-0.006641,0.000803,-0.606780,-0.012943,0.015858,0.207329,0.000397,0.000940,0.010772,-0.660776,-0.388588,-74.713836
16459.0,2026-02-06T14:05:41.594657,8.709287,0.794922,-0.011108,0.011729,-0.606496,0.196072,-0.053455,0.213776,-0.027919,-0.000430,0.011045,-1.827339,0.296461,-74.689340
16498.0,2026-02-06T14:05:41.595660,8.710290,0.790837,-0.009068,0.014712,-0.611783,0.273691,-0.113169,0.225844,-0.013969,-0.007883,0.011116,-1.853622,0.697495,-75.461566
16534.0,2026-02-06T14:05:41.657296,8.771926,0.791037,-0.006161,0.003565,-0.611727,0.027976,-0.013416,0.209413,0.010923,-0.005089,0.011922,-0.808359,-0.108712,-75.430408
16578.0,2026-02-06T14:05:41.715445,8.830075,0.787171,-0.004361,0.009609,-0.616645,0.068420,-0.120800,0.187626,-0.022036,-0.009884,0.030279,-1.072421,0.558589,-76.153261
16610.0,2026-02-06T14:05:41.716447,8.831077,0.787326,-0.007174,-0.001090,-0.616495,-0.029366,0.061039,0.215851,-0.051929,-0.004018,0.014504,-0.570242,-0.605145,-76.120560
16650.0,2026-02-06T14:05:41.775170,8.889800,0.787505,-0.000270,0.007430,-0.616263,0.031532,-0.121467,0.184328,-0.024178,-0.016687,0.012805,-0.549106,0.651492,-76.093122
16687.0,2026-02-06T14:05:41.776163,8.890793,0.783325,0.001659,0.010838,-0.621516,0.056387,-0.207641,0.211176,0.000536,0.006152,0.011567,-0.623087,1.091110,-76.865176
16725.0,2026-02-06T14:05:41.835712,8.950342,0.781927,-0.000710,0.009583,-0.623297,0.081564,-0.194645,0.201224,-0.062593,-0.009333,-0.119702,-0.748234,0.807956,-77.124030
16759.0,2026-02-06T14:05:41.895865,9.010495,0.781831,-0.002424,0.007950,-0.623435,0.015576,-0.121957,0.185528,-0.005437,-0.016334,-0.008968,-0.785147,0.539091,-77.141652
16804.0,2026-02-06T14:05:41.896846,9.011476,0.782559,-0.002518,0.005629,-0.622546,1.228091,-0.245646,1.122959,0.011619,-0.354187,0.444545,-0.627353,0.325107,-77.008063
16823.0,2026-02-06T14:05:41.954197,9.068827,0.790137,0.002323,0.005412,-0.612902,-0.652804,2.147860,6.328872,0.260582,0.186137,0.823735,-0.169771,0.653176,-75.601817
16847.0,2026-02-06T14:05:41.956041,9.070671,0.788002,-0.003622,0.010698,-0.615569,-1.581895,1.299437,10.183384,-0.758852,0.051579,-0.331615,-1.081886,0.710515,-75.999014
16873.0,2026-02-06T14:05:41.957072,9.071702,0.774871,-0.012500,0.014701,-0.631825,0.191105,0.029022,12.636891,-0.822175,-0.185997,-1.847592,-2.174839,0.400309,-78.394775
16901.0,2026-02-06T14:05:42.016128,9.130758,0.763120,-0.016335,0.014132,-0.645895,-1.403027,-0.391618,11.055214,-0.197500,-0.194623,-1.423163,-2.475149,0.026797,-80.488875
16921.0,2026-02-06T14:05:42.017118,9.131748,0.753910,-0.015066,0.008226,-0.656753,-0.917661,0.715488,10.249104,0.339338,-0.239660,-1.014904,-1.921057,-0.423194,-82.113077
16943.0,2026-02-06T14:05:42.075085,9.189715,0.752028,-0.008092,-0.000313,-0.659082,0.079521,1.757598,7.636535,1.054093,-0.175424,-0.297394,-0.673701,-0.638137,-82.459328
16967.0,2026-02-06T14:05:42.076077,9.190706,0.753724,0.006635,-0.012270,-0.657044,0.202962,1.479930,6.545027,1.838748,0.067646,0.247102,1.497137,-0.560267,-82.166622
16992.0,2026-02-06T14:05:42.135881,9.250511,0.753279,0.013867,-0.038905,-0.656403,-0.679527,0.935300,6.658038,1.896832,-1.265899,0.023047,4.130277,-2.315811,-82.220907
17012.0,2026-02-06T14:05:42.135881,9.250511,0.762209,0.019515,-0.075650,-0.642600,-0.878711,1.198703,-1.234905,2.360190,-2.424550,1.334766,7.324784,-5.177480,-80.598488
17036.0,2026-02-06T14:05:42.137100,9.251730,0.775687,0.030049,-0.114757,-0.619868,-1.237094,-0.057165,-8.034834,3.320297,-2.069431,2.489371,10.998699,-8.092886,-78.038658
17061.0,2026-02-06T14:05:42.195987,9.310616,0.792317,0.052205,-0.148118,-0.589551,-1.498213,-0.192411,-9.264944,3.545285,-0.809356,2.802295,15.148380,-9.971456,-74.633959
17087.0,2026-02-06T14:05:42.197002,9.311632,0.800152,0.071927,-0.162670,-0.572820,-3.001466,-0.064296,-9.288805,2.137106,0.173390,1.278152,17.839620,-10.248510,-72.809619
17106.0,2026-02-06T14:05:42.197980,9.312610,0.802728,0.079590,-0.138516,-0.574549,-2.941817,0.505509,-10.481088,-0.636040,1.869151,-0.225088,16.824350,-7.523018,-72.300126
17129.0,2026-02-06T14:05:42.254763,9.369393,0.808465,0.094056,-0.110531,-0.570369,-1.212014,-1.244941,-8.663120,-0.421781,3.097145,0.234966,16.193420,-4.096039,-70.988617
17154.0,2026-02-06T14:05:42.256289,9.370919,0.815886,0.107283,-0.087624,-0.561375,-2.368174,-2.798637,-6.810945,-0.186513,2.492151,0.708872,15.873303,-1.290950,-69.240208
17180.0,2026-02-06T14:05:42.314031,9.428661,0.817426,0.103101,-0.068246,-0.562607,-2.359333,-3.007632,-6.786271,-1.196967,1.106673,-0.152334,14.202458,0.254340,-69.044985
17194.0,2026-02-06T14:05:42.315475,9.430105,0.816827,0.088870,-0.058552,-0.566981,-2.224173,-2.738602,-5.617415,-1.339832,-0.044437,-0.304813,12.215063,0.293439,-69.499692
17220.0,2026-02-06T14:05:42.374406,9.489036,0.816642,0.075926,-0.051999,-0.569760,-2.482444,-2.183208,-5.336092,-1.729697,-0.268903,-0.263500,10.559929,0.091107,-69.797486
17244.0,2026-02-06T14:05:42.375367,9.489997,0.819011,0.057682,-0.043821,-0.569187,-1.426844,-1.880254,-4.150019,-1.575500,-0.273342,0.172286,8.300904,-0.350419,-69.621632
17269.0,2026-02-06T14:05:42.376363,9.490993,0.824106,0.044100,-0.044067,-0.562995,-2.289554,-1.159319,-3.835827,-0.896839,-0.622229,0.729220,7.027017,-1.316541,-68.759406
17294.0,2026-02-06T14:05:42.435308,9.549938,0.825368,0.035399,-0.035471,-0.562367,-2.464717,-0.697058,-2.849412,-0.622993,-0.029279,0.451428,5.644044,-1.073753,-68.590272
17314.0,2026-02-06T14:05:42.435308,9.549938,0.826766,0.027792,-0.021521,-0.561447,-2.461954,-0.995564,-0.615789,-0.500407,0.540830,0.093936,4.021005,-0.250886,-68.368678
17338.0,2026-02-06T14:05:42.436831,9.551461,0.828248,0.020685,-0.012239,-0.559846,-1.659443,-1.331613,0.257047,-0.481371,0.501395,0.183995,2.749441,0.165465,-68.108689
17363.0,2026-02-06T14:05:42.495061,9.609691,0.830378,0.014514,-0.007341,-0.556963,-1.381703,-0.966096,0.056241,-0.100331,0.177527,0.307155,1.849997,0.227809,-67.698551
17389.0,2026-02-06T14:05:42.495061,9.609691,0.830284,0.016080,-0.003324,-0.557098,-1.419843,-0.854328,0.434093,0.151147,0.116325,0.369475,1.742524,0.710257,-67.710308
17408.0,2026-02-06T14:05:42.496044,9.610674,0.830280,0.002184,0.004151,-0.557327,-1.309669,-0.896405,1.644228,-0.630352,-0.006062,-0.016828,-0.057271,0.534455,-67.743427
17440.0,2026-02-06T14:05:42.555614,9.670244,0.829414,-0.013211,0.009628,-0.558395,-0.275257,-0.490330,0.851867,-0.847965,-0.059597,-0.120123,-1.872011,0.069809,-67.901158
17459.0,2026-02-06T14:05:42.556611,9.671241,0.827705,-0.025782,0.006863,-0.560528,0.153892,-0.227593,0.180716,-0.475882,-0.077646,-0.185178,-2.887917,-1.005145,-68.186981
17493.0,2026-02-06T14:05:42.616974,9.731604,0.825050,-0.018906,0.004251,-0.564727,0.003526,-0.038209,0.506158,0.531971,-0.108884,0.057872,-2.063228,-0.821582,-68.766575
17517.0,2026-02-06T14:05:42.618972,9.733602,0.826322,-0.021100,0.004951,-0.562780,-0.533549,-0.060177,1.056911,0.407117,-0.193305,0.174558,-2.318183,-0.891922,-68.496858
17540.0,2026-02-06T14:05:42.676064,9.790694,0.824950,-0.031407,0.012742,-0.564188,-0.555139,-0.036045,-0.451570,-0.425419,-0.077122,-0.156862,-3.795888,-0.825969,-68.709479
17563.0,2026-02-06T14:05:42.677054,9.791684,0.821691,-0.043883,0.022516,-0.567794,-0.134845,-0.071024,-0.726317,-0.621724,0.122273,-0.365252,-5.606317,-0.735145,-69.253483
17596.0,2026-02-06T14:05:42.735513,9.850143,0.816982,-0.044494,0.029462,-0.574189,0.575490,-0.084677,-0.197035,-0.421703,0.281546,-0.309602,-6.115665,-0.169376,-70.191443
17616.0,2026-02-06T14:05:42.735513,9.850143,0.816783,-0.040671,0.023133,-0.575045,0.649336,-0.326703,1.756176,0.008551,0.201040,-0.021884,-5.338919,-0.514908,-70.269935
17649.0,2026-02-06T14:05:42.736516,9.851146,0.817275,-0.047981,0.016624,-0.574007,0.389856,-0.162995,1.213844,-0.417009,-0.102540,0.098639,-5.598114,-1.599346,-70.085780
17681.0,2026-02-06T14:05:42.795591,9.910221,0.813277,-0.051663,0.028791,-0.578863,-0.041153,0.154229,-1.650417,-0.578982,0.212003,-0.013851,-6.740582,-0.743778,-70.840154
17705.0,2026-02-06T14:05:42.796744,9.911374,0.811467,-0.048974,0.028967,-0.581621,0.606999,-0.318543,0.219868,-0.276487,0.550675,-0.205718,-6.498884,-0.570510,-71.229933
17730.0,2026-02-06T14:05:42.855481,9.970111,0.811476,-0.044364,0.023610,-0.582220,1.120252,-0.222756,0.566806,0.045758,0.140151,-0.014046,-5.710472,-0.764397,-71.279433
17762.0,2026-02-06T14:05:42.855481,9.970111,0.813328,-0.038307,0.013317,-0.580390,0.454471,-0.148381,-0.617532,0.138243,0.033168,0.170612,-4.461565,-1.306616,-70.972338
17795.0,2026-02-06T14:05:42.915955,10.030585,0.809356,-0.037422,0.017921,-0.585850,0.456318,-0.055532,-0.751486,-0.137046,0.053264,0.010906,-4.679565,-0.850171,-71.762867
17830.0,2026-02-06T14:05:42.916971,10.031601,0.808398,-0.037216,0.012617,-0.587323,0.320070,-0.123276,-0.233341,-0.247153,0.151419,-0.078610,-4.301905,-1.336118,-71.948688
17863.0,2026-02-06T14:05:42.976416,10.091046,0.808341,-0.031603,0.005577,-0.587839,0.529938,-0.180015,0.370057,0.075547,0.152893,-0.007775,-3.306193,-1.612388,-72.003976
17900.0,2026-02-06T14:05:43.035493,10.150123,0.805660,-0.029952,0.008835,-0.591554,0.288872,-0.498353,0.784569,0.014993,0.003198,0.132298,-3.366847,-1.214773,-72.540119
17926.0,2026-02-06T14:05:43.035493,10.150123,0.805598,-0.033543,-0.000178,-0.591513,0.192829,-0.224027,0.215412,-0.049127,-0.008820,0.018806,-3.088363,-2.290676,-72.514435
17962.0,2026-02-06T14:05:43.096080,10.210710,0.804320,-0.042390,-0.007462,-0.592635,0.072096,-0.120516,0.430921,-0.086070,0.031325,-0.067332,-3.408834,-3.568837,-72.660497
18007.0,2026-02-06T14:05:43.097079,10.211709,0.800793,-0.040620,-0.000632,-0.597561,0.254291,-0.138595,0.158921,-0.013825,0.027251,0.047040,-3.691275,-2.840650,-73.369901
18041.0,2026-02-06T14:05:43.157908,10.272538,0.801039,-0.044247,-0.011195,-0.596869,0.171401,-0.052535,0.808120,-0.128394,-0.056534,0.063020,-3.305980,-4.057362,-73.263842
18076.0,2026-02-06T14:05:43.216265,10.330895,0.800203,-0.053758,-0.017521,-0.597058,0.029774,0.124457,0.157095,-0.132179,-0.069256,-0.023921,-3.749283,-5.292149,-73.282394
18107.0,2026-02-06T14:05:43.217269,10.331899,0.795714,-0.052404,-0.013795,-0.603244,0.224973,0.196967,0.067446,-0.022922,-0.036946,-0.046979,-3.841537,-4.886259,-74.168768
18137.0,2026-02-06T14:05:43.274643,10.389273,0.795812,-0.043153,-0.016316,-0.603784,0.348227,0.334090,0.430969,-0.055128,-0.077139,-0.006481,-2.816084,-4.478200,-74.265249
18180.0,2026-02-06T14:05:43.275646,10.390276,0.796016,-0.032207,-0.016368,-0.604196,0.063037,0.149265,-0.073473,0.021732,-0.063259,-0.006052,-1.808683,-3.725484,-74.340012
18210.0,2026-02-06T14:05:43.335182,10.449812,0.791764,-0.030994,-0.010926,-0.609942,0.059167,-0.049400,0.330737,-0.011949,-0.022823,0.010536,-2.051986,-3.159218,-75.161677
18254.0,2026-02-06T14:05:43.395748,10.510378,0.792701,-0.021199,-0.017892,-0.608978,-0.058210,0.011142,0.298292,0.066851,-0.083416,0.083758,-0.678079,-3.106181,-75.046838
18295.0,2026-02-06T14:05:43.396729,10.511359,0.788207,-0.019734,-0.015987,-0.614886,-0.252700,-0.061625,0.242901,0.087421,-0.071523,-0.041066,-0.656765,-2.835583,-75.899894
18329.0,2026-02-06T14:05:43.455873,10.570503,0.787953,-0.021082,-0.015419,-0.615182,-0.279641,-0.013648,0.122094,0.037491,-0.039605,-0.026371,-0.817610,-2.879571,-75.940189
18366.0,2026-02-06T14:05:43.455873,10.570503,0.788070,-0.023170,-0.013284,-0.615006,-0.107752,0.035264,0.364828,-0.047202,-0.024411,0.009179,-1.157662,-2.833676,-75.907946
18401.0,2026-02-06T14:05:43.515910,10.630540,0.786417,-0.025131,-0.012182,-0.617065,-0.163399,0.145792,0.257735,-0.101236,-0.064763,-0.059072,-1.405252,-2.876023,-76.204015
18435.0,2026-02-06T14:05:43.574841,10.689471,0.785901,-0.026342,-0.010849,-0.617696,-0.240094,0.203993,0.049829,-0.023155,-0.074131,-0.049042,-1.606539,-2.842813,-76.292851
18472.0,2026-02-06T14:05:43.575852,10.690482,0.785191,-0.030302,-0.009505,-0.618439,-0.239548,0.580170,0.494574,-0.183534,-0.190461,-0.057229,-2.056176,-3.004067,-76.396090
18505.0,2026-02-06T14:05:43.635008,10.749638,0.783121,-0.033843,-0.010235,-0.620863,-0.247697,1.434286,-0.440228,-0.137708,-0.261728,-0.144638,-2.313353,-3.328152,-76.747996
18526.0,2026-02-06T14:05:43.636005,10.750635,0.781603,-0.033781,-0.012618,-0.622733,-0.256035,2.812737,-0.541469,0.082640,-0.241399,-0.175866,-2.129708,-3.542949,-77.025539
18560.0,2026-02-06T14:05:43.695410,10.810040,0.780483,-0.026773,-0.013210,-0.624464,-0.266216,3.780215,-0.202783,0.285427,-0.321694,-0.161497,-1.451518,-3.098768,-77.287344
18588.0,2026-02-06T14:05:43.696399,10.811029,0.774438,-0.019903,-0.012349,-0.632216,-0.609876,4.633510,0.394682,0.415805,-0.136496,-0.534490,-0.872468,-2.538664,-78.433963
18612.0,2026-02-06T14:05:43.696399,10.811029,0.768536,-0.010849,-0.020129,-0.639398,-0.273105,4.853746,0.819036,0.942037,-0.057972,-0.774192,0.519934,-2.568416,-79.530520
18639.0,2026-02-06T14:05:43.756016,10.870646,0.765047,0.002606,-0.020031,-0.643657,-0.690485,4.239643,0.033989,0.814625,0.124097,-0.475126,1.706792,-1.564048,-80.173130
18659.0,2026-02-06T14:05:43.756016,10.870646,0.766190,0.004122,-0.021055,-0.642256,-1.801489,2.944857,3.486788,0.151222,-0.021078,0.132761,1.912582,-1.545451,-79.968483
18681.0,2026-02-06T14:05:43.816624,10.931254,0.770550,-0.004796,-0.027585,-0.636765,-2.023213,2.976108,2.712337,-0.226802,-1.058047,0.696296,1.591439,-2.786720,-79.177818
18706.0,2026-02-06T14:05:43.816624,10.931254,0.774854,-0.014046,-0.031214,-0.631213,-1.666751,3.599469,-1.196059,-0.317599,-1.260062,0.982981,1.012896,-3.790286,-78.367552
18730.0,2026-02-06T14:05:43.817624,10.932254,0.781929,-0.024394,-0.030330,-0.622152,-1.625507,3.406547,0.428762,-0.478354,-1.026681,0.926004,-0.023497,-4.461313,-77.015005
18754.0,2026-02-06T14:05:43.876770,10.991400,0.788956,-0.036876,-0.030844,-0.612566,-0.578649,3.155535,0.545309,-0.740877,-1.274477,1.010091,-1.174017,-5.385015,-75.598191
18778.0,2026-02-06T14:05:43.877757,10.992387,0.797503,-0.048540,-0.030774,-0.600572,-0.266748,2.806304,-1.460199,-0.778343,-1.178415,1.213426,-2.332206,-6.164751,-73.838710
18800.0,2026-02-06T14:05:43.935178,11.049808,0.802932,-0.058498,-0.027588,-0.592552,0.194383,2.248985,-2.310602,-0.758571,-0.743861,1.228609,-3.534169,-6.524581,-72.652078
18825.0,2026-02-06T14:05:43.935178,11.049808,0.809887,-0.057731,-0.025245,-0.583191,1.248080,1.094948,-1.865141,-0.553131,-0.063156,1.110183,-3.694921,-6.213125,-71.313921
18844.0,2026-02-06T14:05:43.936692,11.051322,0.815735,-0.056473,-0.021312,-0.575267,1.579946,-0.103622,-0.421258,-0.616818,0.507218,0.895743,-3.896375,-5.724405,-70.189127
18866.0,2026-02-06T14:05:43.994850,11.109480,0.819679,-0.057438,-0.017481,-0.569669,1.515395,-1.095300,0.549739,-0.577146,0.734259,0.761322,-4.276826,-5.399392,-69.396090
18891.0,2026-02-06T14:05:43.995868,11.110498,0.821124,-0.056040,-0.008589,-0.567927,1.626914,-1.439258,-0.303764,-0.401182,0.780709,0.727572,-4.733749,-4.459744,-69.154543
18916.0,2026-02-06T14:05:44.054437,11.169067,0.825489,-0.051064,-0.006332,-0.562068,1.831125,-1.581653,0.355640,-0.053055,0.859652,0.638594,-4.437171,-3.890863,-68.350458
18935.0,2026-02-06T14:05:44.055423,11.170053,0.829420,-0.041432,-0.006875,-0.557044,1.886742,-1.806902,1.827026,0.413714,0.913759,0.569362,-3.507038,-3.300012,-67.670132
18959.0,2026-02-06T14:05:44.056423,11.171053,0.832565,-0.034530,-0.003763,-0.552837,1.452303,-2.420981,1.858883,0.398917,0.652168,0.522801,-3.060440,-2.547336,-67.101567
18980.0,2026-02-06T14:05:44.116903,11.231533,0.835277,-0.030561,-0.007318,-0.548931,1.119982,-1.735437,-0.182806,0.345685,0.507248,0.441056,-2.468228,-2.623740,-66.568111
19006.0,2026-02-06T14:05:44.116903,11.231533,0.834283,-0.024495,-0.001784,-0.550789,0.653740,-2.074007,-0.898334,0.395069,0.656737,0.285976,-2.230724,-1.716801,-66.831666
19025.0,2026-02-06T14:05:44.117887,11.232517,0.834748,-0.027138,-0.001514,-0.549961,0.467172,-2.218690,0.405243,-0.052478,0.486831,0.093887,-2.502592,-1.855402,-66.716054
19047.0,2026-02-06T14:05:44.176009,11.290639,0.835411,-0.033065,-0.001264,-0.548629,0.543889,-1.677391,0.767825,-0.397806,0.291353,0.167921,-3.089660,-2.200231,-66.527937
19071.0,2026-02-06T14:05:44.176009,11.290639,0.836302,-0.040805,-0.001769,-0.546746,0.579177,-0.885007,0.397258,-0.620970,0.136563,0.233770,-3.806723,-2.727117,-66.259928
19090.0,2026-02-06T14:05:44.176996,11.291626,0.837319,-0.045083,-0.004256,-0.544837,0.732571,-0.211389,-0.007845,-0.586869,0.068195,0.217212,-4.069838,-3.224743,-65.988858
19121.0,2026-02-06T14:05:44.235136,11.349766,0.835652,-0.045149,0.002234,-0.547397,0.984327,0.144679,-0.229663,-0.251784,0.105484,0.169562,-4.472798,-2.619071,-66.351594
19146.0,2026-02-06T14:05:44.235136,11.349766,0.836356,-0.039241,-0.000712,-0.546780,0.568796,0.066002,-0.003812,-0.096163,0.184871,0.094754,-3.722493,-2.527775,-66.268296
19180.0,2026-02-06T14:05:44.294906,11.409536,0.835882,-0.030254,-0.006362,-0.548039,0.538424,0.067830,0.635755,0.083698,0.132808,-0.063906,-2.501535,-2.510189,-66.446209
19216.0,2026-02-06T14:05:44.354490,11.469120,0.831439,-0.026481,-0.000735,-0.554984,0.784235,0.245484,0.699232,0.057699,0.083599,-0.052887,-2.478179,-1.754410,-67.408178
19243.0,2026-02-06T14:05:44.355491,11.470121,0.831964,-0.017529,-0.005647,-0.554524,0.469411,0.210729,0.796253,0.019199,0.024858,0.049740,-1.312931,-1.652469,-67.349895
19279.0,2026-02-06T14:05:44.416098,11.530728,0.832468,-0.005272,-0.008515,-0.553983,0.075127,0.018123,0.145988,0.051749,0.096159,0.046415,0.037651,-1.147009,-67.285580
19316.0,2026-02-06T14:05:44.417101,11.531731,0.828307,-0.000688,-0.001829,-0.560270,0.173229,-0.380085,0.153102,0.157562,0.126430,-0.007397,0.052108,-0.217736,-68.149250
19343.0,2026-02-06T14:05:44.474779,11.589409,0.828522,-0.004722,-0.009171,-0.559862,0.079727,-0.435378,0.328264,0.121723,0.079930,0.027666,0.140053,-1.173709,-68.098025
19382.0,2026-02-06T14:05:44.475791,11.590421,0.828862,-0.013559,-0.016032,-0.559059,-0.003295,-0.126567,0.290293,0.010193,-0.052476,0.046529,-0.261016,-2.392096,-67.993087
19421.0,2026-02-06T14:05:44.534707,11.649337,0.824523,-0.011892,-0.010199,-0.565611,0.149767,0.093489,-0.225861,-0.033100,0.033503,0.003919,-0.462745,-1.734704,-68.892087
19458.0,2026-02-06T14:05:44.594950,11.709580,0.824337,-0.006744,-0.019029,-0.565739,-0.061933,0.015027,0.180761,-0.101740,0.009963,0.000529,0.597013,-2.235294,-68.934930
19503.0,2026-02-06T14:05:44.595937,11.710567,0.820377,-0.006264,-0.014102,-0.571615,0.109623,0.073398,0.044468,-0.071450,-0.008067,0.029246,0.335038,-1.736246,-69.740449
19533.0,2026-02-06T14:05:44.654505,11.769135,0.820855,-0.017877,-0.010099,-0.570767,0.085558,0.046363,-0.043853,-0.083537,0.032400,0.044898,-1.021846,-2.119661,-69.605382
19568.0,2026-02-06T14:05:44.655505,11.770135,0.820526,-0.023282,-0.020727,-0.570758,0.033330,-0.022296,0.773286,0.003460,-0.066548,-0.003841,-0.835092,-3.473706,-69.619664
19608.0,2026-02-06T14:05:44.715570,11.830200,0.816725,-0.023348,-0.018898,-0.576245,0.056900,0.197012,0.281686,-0.026696,-0.126742,0.012131,-0.938854,-3.312269,-70.383044
19636.0,2026-02-06T14:05:44.775355,11.889985,0.816465,-0.014477,-0.017022,-0.576962,0.112188,0.213943,0.151823,-0.071767,-0.038758,-0.031759,-0.229290,-2.550595,-70.489478
19672.0,2026-02-06T14:05:44.776353,11.890983,0.816110,-0.005588,-0.013064,-0.577721,0.054481,0.095564,0.076290,-0.091393,-0.015715,-0.036229,0.342409,-1.591948,-70.593831
19712.0,2026-02-06T14:05:44.835469,11.950099,0.815525,-0.008336,-0.010853,-0.578560,0.226965,0.065887,0.567175,-0.162730,-0.056235,0.027129,-0.059514,-1.567094,-70.705483
19742.0,2026-02-06T14:05:44.835469,11.950099,0.816314,-0.009460,-0.011981,-0.577407,0.261319,0.232978,0.117831,-0.129043,-0.130908,0.087279,-0.092234,-1.746930,-70.544807
19779.0,2026-02-06T14:05:44.894509,12.009139,0.816730,-0.008525,-0.011967,-0.576833,0.271626,0.363101,-1.030649,-0.052285,-0.032685,0.046131,-0.006868,-1.683788,-70.464804
19807.0,2026-02-06T14:05:44.895513,12.010143,0.816533,-0.007428,-0.010064,-0.577163,0.317969,0.029656,-0.931735,0.014537,0.078357,0.061914,-0.029401,-1.433020,-70.508522
19840.0,2026-02-06T14:05:44.955634,12.070264,0.816880,-0.008646,-0.009754,-0.576661,-0.055629,-0.464259,-0.326950,-0.017115,0.077298,0.038148,-0.164807,-1.484538,-70.436801
19876.0,2026-02-06T14:05:45.015820,12.130450,0.816622,-0.010519,-0.010278,-0.576986,0.042300,-0.260576,-0.274127,-0.034261,0.041002,-0.020475,-0.304879,-1.657559,-70.481952
19915.0,2026-02-06T14:05:45.016833,12.131463,0.815118,-0.011513,-0.012297,-0.579050,0.334822,-0.175584,0.194336,0.023570,-0.156382,-0.052140,-0.259574,-1.912857,-70.774664
19949.0,2026-02-06T14:05:45.075917,12.190547,0.815793,-0.010309,-0.033082,-0.577305,0.167811,-0.053133,-0.983142,0.351296,-0.549523,0.109225,1.227537,-3.777347,-70.611541
19968.0,2026-02-06T14:05:45.076919,12.191549,0.817924,-0.009160,-0.044645,-0.573518,0.556731,0.036420,-2.525034,0.589646,-0.693764,0.338712,2.083306,-4.792013,-70.162521
19983.0,2026-02-06T14:05:45.076919,12.191549,0.821014,-0.005993,-0.055900,-0.568133,0.971849,0.294224,-4.263483,0.904535,-0.709052,0.576194,3.091975,-5.658488,-69.518456
20012.0,2026-02-06T14:05:45.135185,12.249815,0.824661,-0.001457,-0.066516,-0.561700,0.871065,0.311767,-5.661624,1.214620,-0.715726,0.843065,4.173283,-6.392702,-68.752956
20032.0,2026-02-06T14:05:45.136185,12.250815,0.830801,0.008588,-0.082525,-0.550351,-0.038384,0.032635,-7.098044,1.381558,-0.548966,0.927882,6.083250,-7.335035,-67.434016
20056.0,2026-02-06T14:05:45.195713,12.310343,0.832442,0.017169,-0.088069,-0.546799,-1.589936,-1.076772,-8.026821,1.012819,0.027381,0.309307,7.234395,-7.345295,-67.063713
20081.0,2026-02-06T14:05:45.196717,12.311347,0.832448,0.015562,-0.081583,-0.547844,-1.620699,-0.410853,-7.100592,-0.422272,0.382146,-0.070990,6.668250,-6.821467,-67.096673
20100.0,2026-02-06T14:05:45.198712,12.313342,0.826856,0.016863,-0.069651,-0.557829,-1.808424,-1.868782,-3.433661,-0.467260,0.830799,-0.959367,6.089790,-5.530205,-68.304595
20126.0,2026-02-06T14:05:45.255074,12.369704,0.814455,0.020409,-0.060086,-0.576747,-1.556092,-1.419890,-0.074339,0.032336,0.704620,-1.821029,5.902591,-4.262865,-70.827443
20150.0,2026-02-06T14:05:45.256059,12.370689,0.801318,0.006588,-0.050082,-0.596102,0.134564,0.070505,0.816248,-0.824497,-0.148319,-1.831569,4.039852,-4.152380,-73.437787
20174.0,2026-02-06T14:05:45.316654,12.431284,0.790657,0.007445,-0.044621,-0.610585,0.820053,1.145851,-1.044833,-0.702754,-0.052412,-1.491152,3.806548,-3.524037,-75.471367
20194.0,2026-02-06T14:05:45.316654,12.431284,0.785599,0.025114,-0.025626,-0.617695,-0.215657,0.168783,-1.122507,0.285428,1.494566,-0.753908,4.078316,-0.529244,-76.372891
20220.0,2026-02-06T14:05:45.317648,12.432278,0.783860,0.051497,-0.015042,-0.618616,-1.709140,-2.378796,4.252858,1.375803,2.376413,-0.265228,5.705976,2.300004,-76.445811
20241.0,2026-02-06T14:05:45.375171,12.489801,0.783026,0.082301,-0.006356,-0.616488,-2.537732,-3.971100,5.346180,1.478115,2.035990,0.018955,7.891728,5.251148,-76.065283
20266.0,2026-02-06T14:05:45.376163,12.490793,0.779914,0.088972,0.006026,-0.619501,-1.871350,-3.543457,2.359876,-0.184467,1.345520,-0.520759,7.600491,6.871112,-76.464714
20280.0,2026-02-06T14:05:45.376163,12.490793,0.778974,0.076786,0.029213,-0.621651,-2.029930,-4.092817,-0.000373,-1.519394,1.259854,-0.362953,4.827012,8.104614,-76.840246
20303.0,2026-02-06T14:05:45.436200,12.550830,0.778051,0.074502,0.045663,-0.622094,-2.715658,-5.722435,0.757143,-1.403805,1.395437,-0.268496,3.435687,9.424726,-77.005167
20319.0,2026-02-06T14:05:45.436200,12.550830,0.773488,0.077528,0.063109,-0.625878,-3.582334,-6.655800,4.154896,-0.727587,1.401547,-0.632740,2.392012,11.225670,-77.721924
20345.0,2026-02-06T14:05:45.437307,12.551937,0.768906,0.083009,0.073450,-0.629681,-1.971274,-5.031536,2.008049,-0.174606,1.401230,-0.747652,2.063956,12.561660,-78.403059
20365.0,2026-02-06T14:05:45.495906,12.610536,0.762517,0.090710,0.084615,-0.634964,-0.645239,-3.575725,-2.202811,0.218397,1.632697,-0.654789,1.824906,14.136649,-79.343423
20390.0,2026-02-06T14:05:45.498904,12.613534,0.763391,0.082710,0.071017,-0.636671,0.685294,-6.221895,5.370999,0.263894,-1.591677,-0.019320,2.103169,12.341946,-79.429063
20416.0,2026-02-06T14:05:45.556301,12.670931,0.771213,0.033839,0.030603,-0.634941,0.716832,-1.594007,1.064231,-1.066184,-4.977686,0.880124,0.766966,5.173624,-78.894702
20435.0,2026-02-06T14:05:45.557180,12.671810,0.778742,0.014359,0.021330,-0.626818,0.625937,-1.735141,0.130405,-0.759917,-0.902143,0.818958,-0.251063,2.936067,-77.668372
20459.0,2026-02-06T14:05:45.558181,12.672811,0.784066,0.018499,0.018972,-0.620112,0.783419,0.536572,0.188554,-0.129750,-0.132954,0.809660,0.314344,3.020523,-76.672169
20480.0,2026-02-06T14:05:45.615180,12.729810,0.786578,0.025639,0.019877,-0.616638,0.375414,1.296990,0.339640,0.118375,-0.058873,0.372000,0.908291,3.605712,-76.160826
20499.0,2026-02-06T14:05:45.616180,12.730810,0.786179,0.029315,0.024730,-0.616807,-0.303325,0.575429,0.215324,0.111453,-0.000725,-0.024546,0.895569,4.303970,-76.199211
20515.0,2026-02-06T14:05:45.617197,12.731827,0.782411,0.030109,0.027517,-0.621426,-0.222100,0.246825,0.242035,-0.036377,0.010775,-0.219699,0.742382,4.616185,-76.886434
20556.0,2026-02-06T14:05:45.674883,12.789513,0.776831,0.021078,0.021902,-0.628974,-0.080720,-0.541401,0.179165,0.025879,-0.016226,-0.531108,0.298263,3.471031,-77.982828
20583.0,2026-02-06T14:05:45.675892,12.790522,0.772549,0.016339,0.016017,-0.634543,0.034662,-0.659882,0.215721,0.088399,-0.018044,-0.565058,0.282064,2.606891,-78.790387
20605.0,2026-02-06T14:05:45.736601,12.851231,0.768197,0.011296,0.010648,-0.640025,-0.004857,-0.517691,0.151705,0.071460,-0.009691,-0.568585,0.213569,1.766081,-79.595635
20633.0,2026-02-06T14:05:45.736601,12.851231,0.761929,0.011359,0.013524,-0.647419,-0.198866,-0.821098,0.172340,0.031263,-0.008152,-0.396275,-0.011549,2.023898,-80.709997
20657.0,2026-02-06T14:05:45.795468,12.910098,0.761331,0.003921,0.010581,-0.648265,-0.146743,-0.500546,0.230559,-0.025017,-0.006180,-0.075335,-0.444000,1.214442,-80.832717
20695.0,2026-02-06T14:05:45.796453,12.911083,0.761157,-0.010077,0.009565,-0.648419,-0.004533,-0.142915,0.185156,-0.209587,-0.041409,-0.009511,-1.589905,0.085502,-80.855681
20727.0,2026-02-06T14:05:45.856107,12.970737,0.756043,-0.010369,0.013998,-0.654290,0.487897,-0.275709,0.151567,-0.108866,-0.026812,-0.034543,-1.948312,0.435326,-81.754171
20763.0,2026-02-06T14:05:45.857102,12.971732,0.755455,-0.003482,0.001969,-0.655188,0.085024,-0.062527,0.248214,0.205037,0.005157,-0.057072,-0.449266,-0.091022,-81.868265
20797.0,2026-02-06T14:05:45.916435,13.031065,0.755842,-0.005935,0.011252,-0.654630,-0.257187,0.116354,0.185170,0.044639,-0.019285,0.037036,-1.358287,0.529356,-81.797508
20840.0,2026-02-06T14:05:45.976107,13.090737,0.759146,-0.006887,0.014840,-0.650715,-0.058161,0.195667,0.489122,-0.051606,-0.163741,0.659428,-1.706113,0.777446,-81.215792
20859.0,2026-02-06T14:05:45.977104,13.091734,0.765126,-0.018301,0.021074,-0.643275,-0.002393,0.101709,0.419085,-0.358126,-0.349299,0.696254,-3.159762,0.498657,-80.124286
20879.0,2026-02-06T14:05:45.978108,13.092738,0.767927,-0.017914,0.013952,-0.640135,0.507430,-0.008171,0.208293,-0.102355,-0.319307,0.396531,-2.600722,-0.086320,-79.626500
20912.0,2026-02-06T14:05:46.035209,13.149839,0.764040,-0.019377,0.014806,-0.644708,0.178196,0.039515,0.533509,-0.026920,-0.265696,-0.010036,-2.791423,-0.135276,-80.313006
20946.0,2026-02-06T14:05:46.035209,13.149839,0.764431,-0.010737,0.012852,-0.644488,0.324287,0.371700,-0.329122,-0.009632,-0.104166,0.014950,-1.890027,0.332887,-80.273659
20982.0,2026-02-06T14:05:46.096437,13.211066,0.764776,-0.000630,0.013001,-0.644164,0.084168,0.125940,0.177210,-0.006898,-0.041337,0.017608,-1.015126,1.092868,-80.223953
21025.0,2026-02-06T14:05:46.154990,13.269620,0.760196,0.000970,0.017051,-0.649470,0.106248,0.164413,-0.070348,-0.006144,-0.030321,0.012814,-1.185004,1.557693,-81.033629
21059.0,2026-02-06T14:05:46.155996,13.270626,0.760340,0.012180,0.015963,-0.649214,-0.057398,-0.051908,0.141294,-0.005949,-0.017951,0.004437,-0.126447,2.297622,-80.987053
21099.0,2026-02-06T14:05:46.216033,13.330663,0.760380,0.000400,0.016237,-0.649275,0.104186,0.115480,0.172813,-0.005105,-0.010023,0.008635,-1.173733,1.444703,-81.001650
21141.0,2026-02-06T14:05:46.276221,13.390851,0.754655,0.002082,0.020691,-0.655792,0.123363,0.028502,0.250420,-0.003254,-0.026686,-0.017158,-1.375812,1.946171,-82.004291
21180.0,2026-02-06T14:05:46.277217,13.391847,0.754944,0.011872,0.013945,-0.655533,-0.077125,-0.019699,0.183642,-0.004427,-0.006532,0.008090,-0.020488,2.098648,-81.937246
21223.0,2026-02-06T14:05:46.335954,13.450584,0.750052,0.013062,0.019002,-0.660977,-0.015773,-0.103289,0.193497,-0.006298,-0.004730,0.009564,-0.316922,2.623434,-82.782986
21259.0,2026-02-06T14:05:46.395743,13.510373,0.750084,0.006938,0.007964,-0.661258,-0.053357,0.151656,0.134550,-0.004376,-0.021139,-0.010949,-0.007126,1.210276,-82.797433
21298.0,2026-02-06T14:05:46.397743,13.512373,0.750010,0.010354,0.018994,-0.661072,0.027007,-0.044711,0.189748,-0.006290,-0.005284,0.007085,-0.549505,2.417458,-82.798619
21331.0,2026-02-06T14:05:46.455021,13.569651,0.745564,0.011798,0.021943,-0.665968,0.050867,-0.104076,0.181080,-0.005987,-0.002038,0.010095,-0.667356,2.776151,-83.561254
21375.0,2026-02-06T14:05:46.515724,13.630354,0.745896,0.007271,0.011416,-0.665925,-0.045158,0.096130,0.176514,-0.005908,-0.001200,0.011663,-0.249753,1.530722,-83.519338
21418.0,2026-02-06T14:05:46.516720,13.631350,0.745876,0.012344,0.021714,-0.665616,0.043862,-0.112589,0.192982,-0.006679,-0.001776,0.012066,-0.601880,2.798557,-83.505772
21453.0,2026-02-06T14:05:46.575845,13.690475,0.740659,0.013783,0.024708,-0.671286,0.085720,-0.155566,0.154905,-0.005258,-0.018175,-0.010573,-0.731933,3.158939,-84.394498
21494.0,2026-02-06T14:05:46.635520,13.750150,0.740969,0.008614,0.014360,-0.671331,-0.022353,0.056630,0.205318,-0.005722,-0.002954,0.007957,-0.373444,1.882280,-84.360394
21539.0,2026-02-06T14:05:46.635520,13.750150,0.736038,0.009996,0.018953,-0.676602,0.035855,-0.023637,0.197412,-0.005840,-0.000648,0.009528,-0.626933,2.374298,-85.194459
21572.0,2026-02-06T14:05:46.699023,13.813653,0.736407,0.013218,0.006746,-0.676376,-0.187068,0.096850,0.182565,-0.005060,0.000775,0.010757,0.592816,1.594006,-85.125607
21613.0,2026-02-06T14:05:46.755618,13.870248,0.736375,0.009956,0.017847,-0.676265,0.016449,-0.010148,0.187742,-0.005670,0.000315,0.011833,-0.543322,2.278077,-85.137702
21654.0,2026-02-06T14:05:46.756628,13.871258,0.731116,0.011416,0.022520,-0.681785,0.066374,-0.095361,0.183749,-0.005829,-0.000609,0.012115,-0.804009,2.779734,-86.020207
21692.0,2026-02-06T14:05:46.815472,13.930102,0.731464,0.008890,0.011369,-0.681728,-0.066609,0.096101,0.190347,-0.005868,-0.000833,0.010600,-0.143005,1.647636,-85.970778
21736.0,2026-02-06T14:05:46.875632,13.990262,0.726999,0.010142,0.014115,-0.686418,-0.031139,0.043696,0.193470,-0.005087,0.000691,0.010211,-0.265481,1.974052,-86.715446
21771.0,2026-02-06T14:05:46.876657,13.991287,0.726890,0.011676,0.026527,-0.686142,0.116349,-0.145814,0.198227,-0.005689,0.000285,0.010916,-1.114910,3.129229,-86.726872
21806.0,2026-02-06T14:05:46.941568,14.056198,0.727303,0.010819,0.015211,-0.686063,-0.022306,0.022578,0.183066,-0.005832,0.000979,0.011873,-0.294353,2.118702,-86.662724
21849.0,2026-02-06T14:05:46.942557,14.057187,0.722824,0.012119,0.018119,-0.690688,0.000338,-0.039675,0.189975,-0.006660,0.001159,0.010538,-0.430639,2.460748,-87.404532
21890.0,2026-02-06T14:05:46.996917,14.111547,0.723077,0.002625,0.009604,-0.690696,0.006648,0.214662,0.192035,-0.005254,0.001206,0.010998,-0.542708,1.003562,-87.380560
21930.0,2026-02-06T14:05:47.056628,14.171258,0.718198,0.004296,0.013094,-0.695702,0.032945,0.143092,0.185961,-0.004923,0.000412,0.011911,-0.690546,1.420218,-88.185460
21970.0,2026-02-06T14:05:47.057625,14.172255,0.718277,0.014330,0.018520,-0.695364,-0.022371,-0.079817,0.174016,-0.005634,-0.001360,0.009757,-0.296583,2.667160,-88.149704
22013.0,2026-02-06T14:05:47.116709,14.231339,0.718485,0.004109,0.013171,-0.695406,0.043432,0.145176,0.194234,-0.005818,0.000558,0.011578,-0.711530,1.411931,-88.138438
22050.0,2026-02-06T14:05:47.175098,14.289728,0.714054,0.005578,0.015933,-0.699887,0.061708,0.087475,0.190128,-0.005865,0.000259,0.011253,-0.821885,1.751312,-88.864468
22087.0,2026-02-06T14:05:47.176624,14.291254,0.714232,0.017807,0.017179,-0.699472,-0.085702,-0.108057,0.192346,-0.005877,0.000986,0.011168,0.080602,2.834442,-88.801627
22132.0,2026-02-06T14:05:47.235397,14.350027,0.709092,0.018737,0.021390,-0.704543,-0.038980,-0.170435,0.204456,-0.005880,0.000369,0.011148,-0.204796,3.252534,-89.637050
22165.0,2026-02-06T14:05:47.298394,14.413024,0.709378,0.008202,0.014623,-0.704629,0.014346,0.062939,0.208457,-0.005881,0.000207,0.011143,-0.514233,1.851274,-89.623427
22210.0,2026-02-06T14:05:47.299328,14.413958,0.709444,0.018323,0.019887,-0.704243,-0.046427,-0.146095,0.178781,-0.005881,0.000959,0.011141,-0.115499,3.096959,-89.581504
22250.0,2026-02-06T14:05:47.356322,14.470952,0.705088,0.019360,0.022472,-0.708499,-0.025489,-0.199250,0.217099,-0.006673,0.001153,0.011141,-0.260694,3.389421,-90.284247
22281.0,2026-02-06T14:05:47.414579,14.529209,0.705385,0.010110,0.015783,-0.708576,0.004923,0.024285,0.214104,-0.006876,0.000413,0.011931,-0.464602,2.097159,-90.267121
22322.0,2026-02-06T14:05:47.415578,14.530208,0.705428,0.020206,0.022478,-0.708136,-0.045906,-0.213739,0.201775,-0.005324,0.000219,0.012138,-0.191027,3.458749,-90.225285
22363.0,2026-02-06T14:05:47.476799,14.591429,0.700922,0.021202,0.025095,-0.712481,-0.018637,-0.258016,0.226311,-0.006537,0.000968,0.011393,-0.346683,3.749362,-90.948425
22400.0,2026-02-06T14:05:47.534688,14.649318,0.701051,0.011975,0.018103,-0.712781,-0.003994,-0.026452,0.230365,-0.004471,-0.009900,-0.002218,-0.517064,2.433138,-90.961664
22439.0,2026-02-06T14:05:47.535673,14.650303,0.696750,0.013174,0.020555,-0.716898,0.036593,-0.072566,0.188354,-0.006306,-0.001659,0.008472,-0.637527,2.724392,-91.648260
22472.0,2026-02-06T14:05:47.595989,14.710619,0.697077,0.009432,0.009753,-0.716868,-0.062385,0.130750,0.183785,-0.005990,0.000481,0.009663,-0.047773,1.554124,-91.604431
22515.0,2026-02-06T14:05:47.656632,14.771262,0.697031,0.013058,0.021055,-0.716613,0.037183,-0.078807,0.195149,-0.005909,0.000237,0.010769,-0.686814,2.755049,-91.603804
22560.0,2026-02-06T14:05:47.657623,14.772253,0.691931,0.014307,0.025309,-0.721378,0.080920,-0.166500,0.197472,-0.005097,0.001759,0.011045,-0.959289,3.191070,-92.413912
22593.0,2026-02-06T14:05:47.715681,14.830311,0.692320,0.011020,0.014405,-0.721363,-0.024090,0.044358,0.204237,-0.005679,0.001359,0.011116,-0.316747,2.054203,-92.359533
22627.0,2026-02-06T14:05:47.716928,14.831558,0.692264,0.016032,0.025194,-0.721026,0.058684,-0.181209,0.204626,-0.005033,0.001255,0.011932,-0.811220,3.325105,-92.355351
22672.0,2026-02-06T14:05:47.775725,14.890355,0.687487,0.017325,0.028188,-0.725443,0.074775,-0.245903,0.206984,-0.004870,0.001229,0.011338,-0.980438,3.663414,-93.108927
22709.0,2026-02-06T14:05:47.835525,14.950155,0.687921,0.012331,0.017030,-0.725481,0.006009,-0.018297,0.191076,-0.005634,0.000418,0.011189,-0.444119,2.368309,-93.053631
22755.0,2026-02-06T14:05:47.895277,15.009907,0.683023,0.013847,0.020705,-0.729972,0.029046,-0.087402,0.203216,-0.006631,0.000218,0.011152,-0.648962,2.779902,-93.821822
22793.0,2026-02-06T14:05:47.896278,15.010908,0.683367,0.009429,0.010197,-0.729943,-0.049377,0.129710,0.206873,-0.005284,0.000962,0.011144,-0.114603,1.587420,-93.776540
22833.0,2026-02-06T14:05:47.955831,15.070461,0.679470,0.010507,0.012357,-0.733524,-0.031210,0.079281,0.214757,-0.005727,0.001154,0.011142,-0.220710,1.845567,-94.385086
22873.0,2026-02-06T14:05:48.015499,15.130129,0.679403,0.014602,0.024513,-0.733211,0.068067,-0.158624,0.203518,-0.005032,0.000392,0.011141,-0.924167,3.136811,-94.388094
22912.0,2026-02-06T14:05:48.015499,15.130129,0.679790,0.011288,0.013629,-0.733193,-0.022918,0.044315,0.198282,-0.005663,0.001798,0.011141,-0.265967,2.010504,-94.333530
22953.0,2026-02-06T14:05:48.074633,15.189263,0.675287,0.012661,0.017080,-0.737249,0.003751,-0.016082,0.207842,-0.005825,0.000578,0.010350,-0.463624,2.392059,-95.033111
22988.0,2026-02-06T14:05:48.075630,15.190260,0.675633,0.009881,0.005964,-0.737148,-0.102936,0.186401,0.206306,-0.005867,0.001056,0.011730,0.261230,1.296521,-94.983413
23030.0,2026-02-06T14:05:48.135790,15.250420,0.675622,0.013247,0.018169,-0.736905,0.017476,-0.037499,0.216377,-0.005878,0.000372,0.012092,-0.509124,2.526113,-94.979703
23071.0,2026-02-06T14:05:48.195702,15.310332,0.670529,0.014401,0.022210,-0.741411,0.051490,-0.117066,0.213475,-0.005090,0.001001,0.011386,-0.781456,2.931381,-95.767839
23108.0,2026-02-06T14:05:48.197726,15.312356,0.670921,0.011044,0.010803,-0.741368,-0.050331,0.101212,0.211392,-0.005684,0.000366,0.011202,-0.068658,1.769073,-95.712369
23152.0,2026-02-06T14:05:48.256357,15.370987,0.665542,0.012657,0.015855,-0.746085,0.007546,0.007587,0.120084,-0.004206,0.001833,0.011969,-0.390486,2.291927,-96.538958
23192.0,2026-02-06T14:05:48.315755,15.430385,0.665425,0.010702,0.027471,-0.745882,0.170219,-0.141069,0.181431,-0.006250,0.000582,0.011351,-1.534236,3.010807,-96.566031
23233.0,2026-02-06T14:05:48.375099,15.489729,0.665912,0.012649,0.014821,-0.745775,-0.022358,0.015096,0.226576,-0.005154,0.001070,0.011190,-0.301676,2.212481,-96.481684
23275.0,2026-02-06T14:05:48.376097,15.490727,0.660634,0.013975,0.019211,-0.750332,0.018356,-0.067070,0.218147,-0.004898,0.001184,0.011153,-0.594458,2.656896,-97.288883
23312.0,2026-02-06T14:05:48.434744,15.549374,0.660969,0.007679,0.008723,-0.750323,-0.031608,0.166987,0.209053,-0.004836,0.001212,0.011144,-0.168472,1.321036,-97.247456
23352.0,2026-02-06T14:05:48.437754,15.552384,0.655844,0.009176,0.013715,-0.754716,0.021478,0.081582,0.210693,-0.005621,0.001218,0.011942,-0.496801,1.824666,-98.026963
23393.0,2026-02-06T14:05:48.495512,15.610142,0.655905,0.018597,0.020222,-0.754344,-0.036719,-0.138031,0.221620,-0.005814,0.000429,0.011347,-0.350784,3.129012,-97.995435
23434.0,2026-02-06T14:05:48.555440,15.670070,0.656220,0.008186,0.012764,-0.754417,0.023646,0.097987,0.207743,-0.005052,0.000220,0.012003,-0.488025,1.667740,-97.971148
23476.0,2026-02-06T14:05:48.614976,15.729606,0.651951,0.009480,0.015460,-0.758045,0.045155,0.048988,0.226270,-0.005668,0.000963,0.011363,-0.635118,1.978896,-98.617111
23515.0,2026-02-06T14:05:48.675427,15.790057,0.652122,0.021520,0.017470,-0.757608,-0.112488,-0.134571,0.201756,-0.005025,0.001961,0.011999,0.091670,3.175378,-98.556074
23558.0,2026-02-06T14:05:48.676430,15.791060,0.647473,0.022552,0.021612,-0.761448,-0.077493,-0.214897,0.227839,-0.004870,0.001411,0.011361,-0.212989,3.573574,-99.256429
23592.0,2026-02-06T14:05:48.678430,15.793060,0.647757,0.012644,0.015929,-0.761575,0.001265,0.000596,0.205300,-0.005620,0.001270,0.011198,-0.451992,2.286385,-99.243447
23631.0,2026-02-06T14:05:48.735563,15.850193,0.647760,0.021512,0.023802,-0.761168,-0.035925,-0.234204,0.219481,-0.005816,0.001233,0.011155,-0.480269,3.645571,-99.219180
23674.0,2026-02-06T14:05:48.798295,15.912925,0.642863,0.022388,0.027390,-0.765164,0.000894,-0.302976,0.206707,-0.005864,0.000433,0.011935,-0.754229,3.983980,-99.954705
23711.0,2026-02-06T14:05:48.798295,15.912925,0.643288,0.014225,0.017937,-0.765281,-0.000281,-0.050395,0.215978,-0.005877,0.000222,0.012141,-0.524908,2.570622,-99.911584
23752.0,2026-02-06T14:05:48.855375,15.970005,0.638790,0.015302,0.020472,-0.768957,0.022704,-0.090672,0.197352,-0.005880,0.001772,0.010590,-0.684618,2.848046,-100.582671
23790.0,2026-02-06T14:05:48.916079,16.030709,0.639180,0.010394,0.009309,-0.768931,-0.041894,0.141200,0.200662,-0.005076,0.002160,0.011811,-0.058966,1.597963,-100.530156
23835.0,2026-02-06T14:05:48.978453,16.093083,0.639136,0.015008,0.021424,-0.768649,0.038527,-0.120867,0.240207,-0.005691,0.000628,0.010485,-0.788937,2.892247,-100.532550
23880.0,2026-02-06T14:05:48.979847,16.094477,0.634426,0.016241,0.025076,-0.772406,0.068246,-0.175086,0.212213,-0.005042,0.000278,0.011761,-1.040498,3.262319,-101.232741
23913.0,2026-02-06T14:05:49.035285,16.149915,0.634844,0.012700,0.014229,-0.772405,-0.012434,0.027590,0.221294,-0.004874,0.000187,0.012092,-0.335772,2.159685,-101.172324
23947.0,2026-02-06T14:05:49.098826,16.213456,0.630013,0.013923,0.018472,-0.776240,0.019009,-0.056330,0.210806,-0.004831,0.000163,0.012177,-0.638604,2.572845,-101.887234
23989.0,2026-02-06T14:05:49.098826,16.213456,0.629224,0.002762,0.014775,-0.777079,0.095702,0.145752,0.238128,-0.003224,0.007337,-0.050024,-1.116937,1.311404,-102.016567
24025.0,2026-02-06T14:05:49.154728,16.269358,0.629200,0.013802,0.014319,-0.776989,-0.005209,-0.001730,0.215110,-0.005191,-0.015327,-0.007114,-0.279959,2.261862,-102.004972
24072.0,2026-02-06T14:05:49.215361,16.329991,0.626471,0.015240,0.016355,-0.779124,0.044679,-0.041636,0.078969,-0.008076,0.034925,0.053897,-0.366462,2.535605,-102.404612
24102.0,2026-02-06T14:05:49.218441,16.333071,0.627024,0.015036,0.018867,-0.778626,-0.227858,-0.109185,0.566779,-0.005673,0.129453,0.042794,-0.603706,2.698238,-102.325510
24137.0,2026-02-06T14:05:49.275314,16.389944,0.627877,0.019032,0.019625,-0.777832,0.149188,-0.095109,-0.132576,-0.010441,0.203813,0.065332,-0.380464,3.109975,-102.188412
24172.0,2026-02-06T14:05:49.276305,16.390935,0.630178,0.022188,0.023071,-0.775790,-0.203143,-0.400005,0.578441,-0.019436,0.241282,0.250397,-0.449614,3.640982,-101.840015
24200.0,2026-02-06T14:05:49.335654,16.450284,0.632170,0.023237,0.023273,-0.774132,-0.253179,-0.412722,0.244725,0.069023,0.178528,0.186739,-0.382002,3.749897,-101.541099
24233.0,2026-02-06T14:05:49.336652,16.451282,0.631328,0.024167,0.022400,-0.774816,-0.203911,-0.548517,0.217107,0.090160,0.129326,-0.060507,-0.241015,3.768984,-101.660939
24271.0,2026-02-06T14:05:49.396712,16.511342,0.629475,0.026048,0.023036,-0.776242,-0.304519,-0.597000,0.196705,0.054954,0.111587,-0.090820,-0.170588,3.981843,-101.926887
24306.0,2026-02-06T14:05:49.397712,16.512342,0.628668,0.025602,0.022800,-0.776918,-0.463196,-0.561290,0.335077,0.051042,0.077424,-0.058105,-0.185909,3.924892,-102.047998
24340.0,2026-02-06T14:05:49.455889,16.570519,0.628064,0.023316,0.024011,-0.777441,-0.337355,-0.602170,0.206551,-0.091219,0.055294,-0.046469,-0.462057,3.808125,-102.148583
24378.0,2026-02-06T14:05:49.514855,16.629485,0.626590,0.022926,0.026245,-0.778570,-0.114193,-0.657318,0.172371,-0.098873,0.053932,-0.051050,-0.697037,3.932869,-102.369960
24406.0,2026-02-06T14:05:49.515855,16.630485,0.626671,0.021673,0.025615,-0.778561,-0.058814,-0.678496,0.270386,-0.031443,0.040428,0.003315,-0.730461,3.775778,-102.362246
24450.0,2026-02-06T14:05:49.576111,16.690741,0.625794,0.022365,0.025927,-0.779237,-0.148505,-0.692524,0.267445,0.027634,0.024827,0.006739,-0.712971,3.859221,-102.489133
24485.0,2026-02-06T14:05:49.577102,16.691732,0.625125,0.020216,0.025709,-0.779839,-0.173092,-0.661513,0.234563,-0.047725,0.031955,-0.043952,-0.851039,3.650648,-102.595298
24522.0,2026-02-06T14:05:49.645371,16.760001,0.624879,0.018285,0.024916,-0.780109,0.033119,-0.695585,0.262071,-0.060042,0.007781,-0.021450,-0.919715,3.420698,-102.636949
24563.0,2026-02-06T14:05:49.696331,16.810961,0.623919,0.017516,0.026525,-0.780842,-0.017869,-0.694103,0.195664,-0.081372,0.010798,-0.008416,-1.123177,3.465821,-102.781965
24598.0,2026-02-06T14:05:49.697328,16.811958,0.624550,0.015637,0.025756,-0.780404,0.050519,-0.677835,0.187540,-0.062421,0.014776,0.037926,-1.186193,3.243470,-102.693666
24627.0,2026-02-06T14:05:49.755616,16.870246,0.625886,0.012837,0.025994,-0.779375,0.090138,-0.662151,0.202348,-0.141451,0.003245,0.087929,-1.402928,3.012177,-102.503656
24672.0,2026-02-06T14:05:49.756626,16.871256,0.626203,0.013253,0.025925,-0.779116,0.209240,-0.681123,0.136185,0.013142,0.011900,0.073829,-1.365656,3.044986,-102.456181
24711.0,2026-02-06T14:05:49.815583,16.930213,0.626620,0.012374,0.023751,-0.778865,0.124838,-0.609553,0.180822,0.006857,0.006281,0.024357,-1.232880,2.811023,-102.394868
24755.0,2026-02-06T14:05:49.876850,16.991480,0.625951,0.012509,0.023997,-0.779393,0.090693,-0.607529,0.234965,-0.000232,0.004104,0.014539,-1.247528,2.839635,-102.493186
24792.0,2026-02-06T14:05:49.935620,17.050250,0.625646,0.012477,0.020388,-0.779741,0.038745,-0.531876,0.219643,0.088918,0.005155,-0.018936,-0.928155,2.577412,-102.535386
24833.0,2026-02-06T14:05:49.936645,17.051275,0.625123,0.012498,0.016788,-0.780246,-0.040016,-0.476203,0.238638,0.110659,0.007817,-0.032432,-0.606262,2.320674,-102.609751
24870.0,2026-02-06T14:05:49.998736,17.113366,0.620462,0.016951,0.015193,-0.783906,-0.331163,-0.383137,0.324243,0.361055,0.010782,0.007201,-0.159745,2.603848,-103.280420
24897.0,2026-02-06T14:05:49.998736,17.113366,0.621341,0.012140,0.008772,-0.783397,-0.216014,-0.339337,0.255491,0.244142,0.039764,0.080119,0.076958,1.714588,-103.160436
24930.0,2026-02-06T14:05:50.056111,17.170741,0.622520,0.023934,-0.012596,-0.782136,-1.087426,0.074300,2.195277,1.996675,0.033557,0.141752,2.838159,1.246663,-102.934944
24954.0,2026-02-06T14:05:50.056608,17.171238,0.620493,0.038803,-0.034011,-0.782512,-1.840899,0.068825,0.075814,2.874748,0.019212,-0.128031,5.819775,1.061260,-103.120724
24978.0,2026-02-06T14:05:50.114874,17.229504,0.613541,0.054286,-0.051460,-0.786112,-2.425693,0.007533,-1.383249,2.225382,0.057237,-0.322849,8.485331,1.272344,-103.963239
24998.0,2026-02-06T14:05:50.115855,17.230484,0.612431,0.056711,-0.055168,-0.786555,-3.356899,0.477024,-1.470835,0.957363,0.021757,-0.083816,8.991314,1.239920,-104.092057
25022.0,2026-02-06T14:05:50.117055,17.231685,0.612953,0.054199,-0.052922,-0.786479,-3.547998,0.554482,-1.371826,0.269291,-0.004408,0.050091,8.610614,1.167477,-104.048992
25043.0,2026-02-06T14:05:50.176069,17.290699,0.614679,0.051152,-0.050582,-0.785490,-3.504518,0.603968,-0.481008,0.267049,-0.025870,0.178281,8.185052,1.041472,-103.836079
25080.0,2026-02-06T14:05:50.176069,17.290699,0.607333,0.074211,-0.076486,-0.787267,-4.313160,0.876997,-1.543826,2.477276,0.066432,-0.140478,12.159405,1.371906,-104.557415
25101.0,2026-02-06T14:05:50.235075,17.349705,0.601003,0.093714,-0.098855,-0.787554,-5.081354,0.926691,-2.559048,3.062773,0.143940,-0.407581,15.572822,1.649548,-105.078004
25120.0,2026-02-06T14:05:50.236176,17.350806,0.594164,0.112403,-0.119660,-0.787411,-5.916739,1.222349,-4.131167,3.310818,0.173149,-0.491873,18.796672,1.995451,-105.594834
25135.0,2026-02-06T14:05:50.237066,17.351696,0.586911,0.130202,-0.138627,-0.786998,-6.566496,1.230784,-5.633186,3.151126,0.219995,-0.525298,21.799752,2.419367,-106.105893
25166.0,2026-02-06T14:05:50.296654,17.411284,0.578094,0.145881,-0.153434,-0.788026,-6.972972,1.142138,-6.458662,3.160864,0.344396,-0.685184,24.271014,3.010366,-106.825171
25186.0,2026-02-06T14:05:50.297651,17.412281,0.560722,0.180475,-0.182166,-0.787296,-7.214330,1.470528,-8.491643,3.783426,0.604209,-1.008885,29.393092,4.582001,-107.879759
25210.0,2026-02-06T14:05:50.298655,17.413285,0.547289,0.206292,-0.203575,-0.785160,-7.522960,1.277438,-10.249104,3.804762,0.648349,-0.961771,33.249853,5.803383,-108.509620
25232.0,2026-02-06T14:05:50.356662,17.471292,0.533805,0.232526,-0.225093,-0.781228,-7.431462,1.420691,-13.266268,3.474735,0.623585,-0.761313,37.195410,7.065267,-108.931068
25251.0,2026-02-06T14:05:50.357662,17.472292,0.520670,0.257928,-0.247956,-0.775174,-6.773691,1.274100,-15.185485,3.781845,0.594409,-0.637890,41.274091,8.144627,-109.151156
25277.0,2026-02-06T14:05:50.415727,17.530357,0.503755,0.287860,-0.278077,-0.765533,-5.412106,0.918024,-18.065609,4.948151,0.616535,-0.571638,46.484275,9.239860,-109.331262
25301.0,2026-02-06T14:05:50.416380,17.531010,0.479392,0.330248,-0.324593,-0.745492,-3.574818,-0.456923,-22.546749,5.755950,0.645668,-0.473029,54.495772,10.438519,-109.126919
25326.0,2026-02-06T14:05:50.417383,17.532013,0.462726,0.350200,-0.358980,-0.731012,-2.376440,-2.352815,-27.483633,4.200221,-0.150891,-0.007899,59.654168,10.357048,-109.383936
25345.0,2026-02-06T14:05:50.475163,17.589793,0.452274,0.354763,-0.382216,-0.723535,-1.684548,-3.462702,-28.683498,2.339793,-0.651497,0.216669,62.441417,9.650317,-110.123867
25371.0,2026-02-06T14:05:50.475163,17.589793,0.445071,0.352088,-0.396062,-0.721859,-0.256017,-3.779420,-29.618532,1.472593,-0.873023,0.287464,63.656322,8.961188,-111.117908
25395.0,2026-02-06T14:05:50.535682,17.650312,0.438364,0.345779,-0.411123,-0.720591,0.569738,-4.220082,-30.184658,1.093465,-1.041546,0.323503,64.728537,7.925626,-112.344753
25420.0,2026-02-06T14:05:50.536702,17.651332,0.433090,0.340970,-0.422095,-0.719728,1.391027,-4.526369,-31.274569,0.888214,-0.846601,0.251749,65.517796,7.192328,-113.294433
25439.0,2026-02-06T14:05:50.537701,17.652331,0.429907,0.340948,-0.428287,-0.717987,1.526732,-4.951054,-31.260151,0.718593,-0.269337,0.090045,66.194528,6.969783,-113.630111
25454.0,2026-02-06T14:05:50.537701,17.652331,0.427599,0.342669,-0.432928,-0.715758,1.390444,-5.507184,-30.656733,0.773577,-0.077676,0.037549,66.848944,6.909252,-113.728022
25491.0,2026-02-06T14:05:50.595761,17.710391,0.395018,0.362460,-0.494175,-0.684379,4.364701,-9.635920,-21.582802,7.368204,-1.470402,0.240662,75.508895,6.067766,-115.312949
25510.0,2026-02-06T14:05:50.596760,17.711390,0.354847,0.353976,-0.536603,-0.678853,8.818046,-9.728468,-25.168386,2.946992,-2.771302,-0.393442,79.957067,5.725977,-120.004223
25528.0,2026-02-06T14:05:50.655705,17.770335,0.341704,0.341831,-0.540756,-0.688457,7.970049,-10.718683,-32.494473,-0.192458,-1.962044,-0.418182,79.490182,5.803327,-122.379462
25552.0,2026-02-06T14:05:50.656802,17.771432,0.338321,0.338062,-0.540617,-0.692088,8.670077,-12.224016,-36.245640,-0.238463,-0.663678,-0.139220,79.171026,5.862021,-123.049077
25578.0,2026-02-06T14:05:50.722375,17.837005,0.335638,0.336174,-0.540767,-0.694194,9.260267,-13.281332,-37.371407,-0.048569,-0.266430,-0.046681,79.038886,5.954327,-123.479964
25597.0,2026-02-06T14:05:50.722375,17.837005,0.334801,0.335514,-0.540578,-0.695064,9.395941,-13.562549,-37.851028,-0.042203,-0.095054,-0.010702,78.962073,5.994682,-123.621610
25639.0,2026-02-06T14:05:50.775927,17.890557,0.334366,0.335445,-0.540262,-0.695552,9.510169,-13.734031,-38.092178,-0.020573,-0.023709,0.006464,78.915530,6.047207,-123.671933
25686.0,2026-02-06T14:05:50.776926,17.891556,0.333488,0.335693,-0.539844,-0.696179,9.534261,-13.723552,-38.141239,-0.006468,-0.005949,0.009945,78.879562,6.162146,-123.738326
25720.0,2026-02-06T14:05:50.836417,17.951047,0.333220,0.336045,-0.539638,-0.696297,9.538530,-13.717287,-38.144585,-0.002008,-0.000541,0.010043,78.879966,6.219525,-123.734469
25758.0,2026-02-06T14:05:50.895926,18.010556,0.332978,0.336392,-0.539429,-0.696407,9.562447,-13.705956,-38.159782,-0.002519,-0.000016,0.011674,78.879739,6.274698,-123.728611
25805.0,2026-02-06T14:05:50.896924,18.011554,0.331594,0.336290,-0.539166,-0.697320,9.569613,-13.694026,-38.201176,-0.008206,-0.000683,0.011276,78.835611,6.398067,-123.874812
25840.0,2026-02-06T14:05:50.956734,18.071364,0.331348,0.336679,-0.538950,-0.697416,9.596380,-13.696758,-38.216637,-0.001645,0.001552,0.011174,78.837799,6.456578,-123.865573
25876.0,2026-02-06T14:05:51.015898,18.130527,0.329889,0.336662,-0.538613,-0.698376,9.606202,-13.657736,-38.234787,-0.004807,0.001305,0.011149,78.790502,6.595997,-124.011998
25913.0,2026-02-06T14:05:51.016897,18.131527,0.329651,0.337052,-0.538366,-0.698491,9.627286,-13.650970,-38.242790,-0.003224,0.002037,0.011143,78.788715,6.656117,-124.002029
25954.0,2026-02-06T14:05:51.075819,18.190449,0.329390,0.337451,-0.538090,-0.698634,9.643448,-13.625037,-38.237217,-0.004418,0.001425,0.010342,78.783898,6.720495,-123.993585
26000.0,2026-02-06T14:05:51.136657,18.251287,0.328253,0.337779,-0.537603,-0.699384,9.653528,-13.583578,-38.257221,-0.003911,0.001270,0.011758,78.744969,6.865241,-124.078538
26043.0,2026-02-06T14:05:51.137657,18.252287,0.327989,0.338175,-0.537321,-0.699534,9.674560,-13.583710,-38.258888,-0.004586,0.001233,0.010503,78.739234,6.930150,-124.070661
26080.0,2026-02-06T14:05:51.195447,18.310077,0.327152,0.338617,-0.536776,-0.700130,9.694758,-13.537770,-38.272289,-0.007934,0.001224,0.010184,78.702283,7.061642,-124.116339
26116.0,2026-02-06T14:05:51.254390,18.369020,0.326873,0.339031,-0.536491,-0.700278,9.718875,-13.537559,-38.285786,-0.004013,0.001221,0.010899,78.697643,7.129000,-124.108284
26155.0,2026-02-06T14:05:51.255442,18.370072,0.326603,0.339438,-0.536181,-0.700444,9.734697,-13.519567,-38.307503,-0.005408,0.001221,0.011080,78.689356,7.196770,-124.100220
26194.0,2026-02-06T14:05:51.315980,18.430610,0.324962,0.339440,-0.535809,-0.701490,9.751865,-13.490180,-38.334873,-0.005765,0.001221,0.011930,78.638570,7.353617,-124.262875
26238.0,2026-02-06T14:05:51.375757,18.490387,0.324655,0.339879,-0.535481,-0.701670,9.777216,-13.477796,-38.344131,-0.005044,0.000411,0.012140,78.630308,7.427540,-124.255610
26280.0,2026-02-06T14:05:51.377120,18.491750,0.323735,0.340409,-0.534886,-0.702292,9.796907,-13.434973,-38.354092,-0.005676,0.001023,0.011385,78.593893,7.574216,-124.301780
26322.0,2026-02-06T14:05:51.436493,18.551123,0.323417,0.340848,-0.534596,-0.702446,9.813159,-13.413117,-38.351944,-0.002649,0.000375,0.011998,78.590602,7.646422,-124.295277
26360.0,2026-02-06T14:05:51.495845,18.610475,0.323116,0.341268,-0.534256,-0.702640,9.820769,-13.378860,-38.339817,-0.005856,0.000211,0.012153,78.579486,7.719515,-124.289154
26397.0,2026-02-06T14:05:51.496858,18.611488,0.322052,0.341741,-0.533721,-0.703304,9.849107,-13.351398,-38.365345,-0.002695,-0.000625,0.011398,78.546071,7.869838,-124.354107
26438.0,2026-02-06T14:05:51.556578,18.671208,0.321739,0.342186,-0.533337,-0.703523,9.872160,-13.332483,-38.376083,-0.007456,0.000752,0.011206,78.531389,7.948343,-124.347204
26476.0,2026-02-06T14:05:51.615211,18.729841,0.320234,0.342425,-0.532868,-0.704448,9.890525,-13.305840,-38.412792,-0.004672,0.001104,0.011157,78.486886,8.114751,-124.475891
26514.0,2026-02-06T14:05:51.616217,18.730847,0.319884,0.342898,-0.532490,-0.704663,9.910465,-13.266809,-38.401398,-0.005575,0.000396,0.011145,78.475195,8.197506,-124.469921
26554.0,2026-02-06T14:05:51.676512,18.791142,0.319502,0.343435,-0.532084,-0.704881,9.920453,-13.230247,-38.394932,-0.004180,0.001026,0.011956,78.465035,8.288556,-124.461482
26600.0,2026-02-06T14:05:51.744484,18.859114,0.318091,0.343707,-0.531603,-0.705749,9.938128,-13.199454,-38.410686,-0.006244,0.000377,0.012143,78.421723,8.449980,-124.578036
26640.0,2026-02-06T14:05:51.744484,18.859114,0.317722,0.344215,-0.531218,-0.705957,9.967854,-13.183655,-38.419662,-0.004385,0.001006,0.011396,78.412045,8.536687,-124.570726
26675.0,2026-02-06T14:05:51.795868,18.910498,0.316460,0.344836,-0.530503,-0.706758,9.990592,-13.136353,-38.446995,-0.003093,0.001169,0.010392,78.367017,8.723445,-124.642805
26718.0,2026-02-06T14:05:51.855648,18.970278,0.316075,0.345362,-0.530042,-0.707020,10.011872,-13.117668,-38.455242,-0.006831,0.000399,0.012580,78.349123,8.817616,-124.635972
26763.0,2026-02-06T14:05:51.856654,18.971284,0.315668,0.345910,-0.529662,-0.707218,10.044621,-13.095022,-38.467430,-0.002150,0.001012,0.011507,78.343424,8.909458,-124.628711
26801.0,2026-02-06T14:05:51.915762,19.030392,0.314518,0.346601,-0.528923,-0.707946,10.078679,-13.041991,-38.483028,-0.004977,0.001170,0.011230,78.301260,9.093030,-124.683620
26840.0,2026-02-06T14:05:51.976061,19.090691,0.314096,0.347177,-0.528432,-0.708217,10.089333,-12.989203,-38.461090,-0.006462,0.001208,0.011163,78.283715,9.195140,-124.675977
26886.0,2026-02-06T14:05:51.977059,19.091689,0.312770,0.347740,-0.527661,-0.709102,10.117519,-12.951519,-38.482544,-0.006029,0.001217,0.011146,78.227116,9.386416,-124.759777
26921.0,2026-02-06T14:05:52.035226,19.149856,0.312291,0.348380,-0.527182,-0.709355,10.155451,-12.939188,-38.507092,-0.003486,0.001220,0.011142,78.216165,9.496250,-124.751816
26959.0,2026-02-06T14:05:52.095854,19.210484,0.311822,0.349006,-0.526691,-0.709618,10.179629,-12.902712,-38.508789,-0.004490,0.001220,0.011141,78.202810,9.604983,-124.744134
27006.0,2026-02-06T14:05:52.096848,19.211478,0.310035,0.349505,-0.525962,-0.710696,10.208870,-12.856409,-38.544426,-0.005553,0.002035,0.010327,78.145104,9.825627,-124.878349
27049.0,2026-02-06T14:05:52.155414,19.270044,0.309573,0.350142,-0.525465,-0.710952,10.226685,-12.815676,-38.525166,-0.004208,0.002222,0.010934,78.131918,9.934826,-124.869127
27085.0,2026-02-06T14:05:52.215050,19.329680,0.308337,0.350974,-0.524604,-0.711714,10.269296,-12.753330,-38.536724,-0.004670,0.001461,0.011901,78.086093,10.141335,-124.920174
27128.0,2026-02-06T14:05:52.215050,19.329680,0.307827,0.351632,-0.524029,-0.712033,10.293385,-12.724546,-38.556797,-0.006400,0.000469,0.012133,78.064869,10.260649,-124.914061
27172.0,2026-02-06T14:05:52.277354,19.391984,0.307262,0.352365,-0.523440,-0.712348,10.316113,-12.682478,-38.536327,-0.004364,0.001046,0.011371,78.047820,10.389946,-124.906660
27212.0,2026-02-06T14:05:52.334643,19.449273,0.305500,0.352921,-0.522729,-0.713352,10.361281,-12.645905,-38.587891,-0.004706,0.001178,0.011197,77.997276,10.610226,-125.032904
27256.0,2026-02-06T14:05:52.395206,19.509836,0.304927,0.353665,-0.522105,-0.713686,10.392547,-12.608552,-38.597031,-0.005604,0.001211,0.011154,77.976830,10.742967,-125.025512
27298.0,2026-02-06T14:05:52.395206,19.509836,0.303623,0.354593,-0.521229,-0.714421,10.428775,-12.553452,-38.604565,-0.002594,0.002023,0.011144,77.937368,10.961130,-125.074290
27338.0,2026-02-06T14:05:52.455258,19.569888,0.303074,0.355282,-0.520640,-0.714741,10.458975,-12.515276,-38.607033,-0.005840,0.000630,0.011142,77.917261,11.086093,-125.069098
27375.0,2026-02-06T14:05:52.515847,19.630477,0.302541,0.355989,-0.520063,-0.715035,10.476476,-12.471158,-38.604340,-0.004280,0.001866,0.012731,77.900334,11.210220,-125.060539
27406.0,2026-02-06T14:05:52.515847,19.630477,0.301546,0.356994,-0.519186,-0.715591,10.515469,-12.402544,-38.604774,-0.004680,0.002179,0.011544,77.868616,11.408739,-125.071865
27458.0,2026-02-06T14:05:52.576673,19.691303,0.300959,0.357738,-0.518592,-0.715897,10.536016,-12.372780,-38.597111,-0.003192,0.001464,0.011243,77.852782,11.540320,-125.065187
27498.0,2026-02-06T14:05:52.634503,19.749133,0.299305,0.358471,-0.517794,-0.716801,10.592544,-12.337278,-38.642944,-0.004403,0.001283,0.011167,77.806459,11.767940,-125.165132
27535.0,2026-02-06T14:05:52.636593,19.751223,0.298614,0.359309,-0.517102,-0.717169,10.614642,-12.276226,-38.624290,-0.003904,0.000420,0.011147,77.785840,11.919764,-125.160591
27573.0,2026-02-06T14:05:52.695345,19.809975,0.297938,0.360120,-0.516454,-0.717511,10.650767,-12.246948,-38.623287,-0.002983,0.000220,0.011142,77.768746,12.065968,-125.156688
27617.0,2026-02-06T14:05:52.754973,19.869603,0.296685,0.361213,-0.515500,-0.718167,10.711638,-12.175776,-38.646099,-0.001959,0.000171,0.011942,77.734465,12.294732,-125.185221
27656.0,2026-02-06T14:05:52.755982,19.870612,0.295982,0.362044,-0.514853,-0.718501,10.735539,-12.120317,-38.631371,-0.001705,0.000159,0.011341,77.719563,12.443918,-125.181766
27702.0,2026-02-06T14:05:52.815329,19.929959,0.297383,0.358862,-0.511926,-0.721605,10.910069,-12.392009,-39.091114,-0.263854,-0.089631,0.061250,77.088260,12.323876,-125.373429
27727.0,2026-02-06T14:05:52.816330,19.930960,0.285887,0.347784,-0.515438,-0.729136,10.964707,-13.128051,-39.611530,-0.046914,-1.177197,-0.167434,76.582965,12.265932,-127.482586
27744.0,2026-02-06T14:05:52.876026,19.990656,0.271784,0.334760,-0.520060,-0.737297,9.952805,-12.468302,-39.333759,0.041858,-1.713051,-0.276822,76.092504,12.177828,-129.985881
27768.0,2026-02-06T14:05:52.876026,19.990656,0.263161,0.327878,-0.523017,-0.741415,9.190096,-11.687035,-39.008564,0.155392,-1.291891,-0.242722,75.914264,12.175765,-131.403837
27794.0,2026-02-06T14:05:52.936287,20.050917,0.259481,0.325531,-0.523455,-0.743434,9.435987,-12.051098,-39.420761,0.031676,-0.400684,-0.064120,75.779669,12.261189,-131.962951
27819.0,2026-02-06T14:05:52.937283,20.051913,0.257778,0.324863,-0.523388,-0.744365,9.779620,-12.539961,-39.790241,0.010332,-0.141593,-0.015692,75.713916,12.344987,-132.187276
27838.0,2026-02-06T14:05:52.937283,20.051913,0.256926,0.324891,-0.523006,-0.744916,9.827349,-12.595270,-39.850773,-0.002274,-0.055062,0.000352,75.662802,12.432285,-132.271381
27883.0,2026-02-06T14:05:52.996299,20.110929,0.255295,0.325571,-0.521875,-0.745972,9.952082,-12.638265,-39.976166,-0.008146,-0.013062,0.009993,75.559832,12.666160,-132.381224
27922.0,2026-02-06T14:05:53.056120,20.170750,0.257671,0.323602,-0.517129,-0.749310,9.410917,-12.101268,-39.588238,-0.303148,-0.017510,0.093574,74.808319,12.618492,-132.380961
27949.0,2026-02-06T14:05:53.057107,20.171737,0.255099,0.325937,-0.519204,-0.747741,9.772859,-12.343985,-39.852074,0.287286,0.012949,-0.064194,75.239912,12.858016,-132.398816
27983.0,2026-02-06T14:05:53.115730,20.230360,0.256092,0.325238,-0.515757,-0.750088,10.052066,-12.486633,-40.364040,-0.259759,-0.012118,0.075639,74.745920,12.929499,-132.405462
28010.0,2026-02-06T14:05:53.116746,20.231376,0.254576,0.326636,-0.516294,-0.749627,9.414779,-11.917222,-39.381447,0.134319,0.006811,-0.027861,74.913096,13.110930,-132.421921
28042.0,2026-02-06T14:05:53.178824,20.293454,0.253861,0.327474,-0.515613,-0.749972,10.270521,-12.544415,-40.481224,0.003813,0.000465,0.008774,74.884720,13.261986,-132.424814
28087.0,2026-02-06T14:05:53.178824,20.293454,0.250614,0.330340,-0.516764,-0.749015,9.548870,-11.859434,-39.276367,0.200127,0.011591,-0.043797,75.235257,13.641304,-132.468351
28122.0,2026-02-06T14:05:53.236424,20.351054,0.252275,0.329182,-0.512807,-0.751682,10.143977,-12.228493,-40.261547,-0.264410,-0.011570,0.076602,74.643422,13.659005,-132.460802
28153.0,2026-02-06T14:05:53.294327,20.408957,0.250545,0.330737,-0.513537,-0.751079,9.627936,-11.769880,-39.430569,0.156083,0.006953,-0.032616,74.847309,13.856510,-132.480091
28189.0,2026-02-06T14:05:53.295761,20.410391,0.250787,0.331145,-0.510946,-0.752585,10.398405,-12.265297,-40.498409,-0.126637,-0.005769,0.041998,74.544715,14.013600,-132.453136
28228.0,2026-02-06T14:05:53.356144,20.470774,0.247703,0.333885,-0.513170,-0.750880,10.058475,-11.924529,-39.765095,0.274936,0.013149,-0.061959,75.026549,14.311172,-132.476164
28254.0,2026-02-06T14:05:53.357141,20.471771,0.248554,0.333400,-0.510527,-0.752613,10.358398,-12.095199,-40.292816,-0.195165,-0.008446,0.060535,74.651774,14.362474,-132.472323
28292.0,2026-02-06T14:05:53.415007,20.529637,0.245517,0.335621,-0.511460,-0.751990,10.015535,-11.720268,-39.627609,0.207122,0.011246,-0.043961,74.927694,14.691999,-132.553019
28318.0,2026-02-06T14:05:53.415901,20.530531,0.246427,0.335116,-0.508589,-0.753862,10.422467,-11.965319,-40.280666,-0.197550,-0.008659,0.061343,74.522316,14.749966,-132.549454
28351.0,2026-02-06T14:05:53.477233,20.591863,0.243754,0.337602,-0.510112,-0.752592,10.649021,-12.060328,-40.330894,0.205115,0.011768,-0.042934,74.897598,15.038627,-132.561577
28391.0,2026-02-06T14:05:53.478231,20.592861,0.243421,0.337806,-0.507273,-0.754524,10.068279,-11.496264,-39.633457,-0.112593,-0.004625,0.040802,74.544581,15.236526,-132.614770
28430.0,2026-02-06T14:05:53.536717,20.651347,0.245386,0.336288,-0.504530,-0.756403,10.543945,-11.827393,-40.466343,-0.198046,-0.009835,0.062525,74.083610,15.137093,-132.600100
28463.0,2026-02-06T14:05:53.595691,20.710321,0.244376,0.337181,-0.505648,-0.755585,10.557539,-11.836051,-40.371929,0.105899,0.005252,-0.016294,74.291451,15.212656,-132.601728
28509.0,2026-02-06T14:05:53.596683,20.711313,0.242536,0.338630,-0.507509,-0.754282,10.096326,-11.458134,-39.589439,0.181219,0.009299,-0.036660,74.634349,15.347160,-132.622092
28533.0,2026-02-06T14:05:53.654803,20.769433,0.242440,0.338785,-0.507434,-0.754293,10.446410,-11.717430,-40.047176,0.005911,0.001220,0.008284,74.636258,15.369434,-132.618345
28578.0,2026-02-06T14:05:53.715063,20.829693,0.243076,0.338367,-0.506394,-0.754975,10.743776,-11.944290,-40.519146,-0.063304,-0.002848,0.027552,74.472826,15.351097,-132.609494
28620.0,2026-02-06T14:05:53.716061,20.830691,0.242141,0.339191,-0.507084,-0.754442,10.718099,-11.911509,-40.388844,0.070224,0.003445,-0.008188,74.621057,15.439983,-132.615050
28654.0,2026-02-06T14:05:53.776913,20.891543,0.240754,0.340381,-0.508660,-0.753288,10.534209,-11.774479,-40.005642,0.142027,0.007297,-0.026112,74.910580,15.538508,-132.617851
28697.0,2026-02-06T14:05:53.836141,20.950771,0.240497,0.340705,-0.508665,-0.753221,10.215706,-11.516144,-39.575100,0.020822,0.001381,0.004580,74.935213,15.580217,-132.612787
28733.0,2026-02-06T14:05:53.837128,20.951758,0.240792,0.340555,-0.508074,-0.753593,10.175581,-11.473677,-39.527496,-0.034953,-0.000307,0.018832,74.848544,15.580937,-132.606621
28769.0,2026-02-06T14:05:53.895835,21.010465,0.241142,0.340361,-0.507380,-0.754036,10.165195,-11.430478,-39.555088,-0.037142,-0.000764,0.019462,74.745519,15.580268,-132.600418
28808.0,2026-02-06T14:05:53.896734,21.011364,0.241827,0.339919,-0.506102,-0.754875,10.408816,-11.592470,-39.954895,-0.085490,-0.003224,0.032157,74.549337,15.569895,-132.592972
28842.0,2026-02-06T14:05:53.956209,21.070839,0.242451,0.339488,-0.505100,-0.755540,10.308407,-11.508790,-39.894321,-0.071671,-0.003090,0.029251,74.389684,15.549400,-132.586241
28880.0,2026-02-06T14:05:54.016500,21.131130,0.242583,0.339444,-0.504713,-0.755775,10.194447,-11.400822,-39.732388,-0.018656,-0.000706,0.015167,74.337024,15.558180,-132.582917
28923.0,2026-02-06T14:05:54.017132,21.131762,0.242264,0.339783,-0.504702,-0.755733,10.301026,-11.471310,-39.867561,0.019942,0.000719,0.005099,74.360325,15.606434,-132.583028
28948.0,2026-02-06T14:05:54.075992,21.190622,0.242000,0.340077,-0.504796,-0.755622,10.332205,-11.475592,-39.875481,0.021336,0.001884,0.004047,74.394074,15.641548,-132.580446
28998.0,2026-02-06T14:05:54.135901,21.250531,0.242013,0.340201,-0.504369,-0.755847,10.402917,-11.515657,-39.968136,-0.011492,-0.000239,0.013486,74.348766,15.673319,-132.573971
29036.0,2026-02-06T14:05:54.136921,21.251551,0.242089,0.340223,-0.504062,-0.756018,10.406514,-11.510607,-39.992722,-0.011280,0.000055,0.014121,74.311293,15.686508,-132.568937
29079.0,2026-02-06T14:05:54.195775,21.310405,0.242134,0.340276,-0.503750,-0.756187,10.374344,-11.478285,-39.958302,-0.008782,0.000132,0.012657,74.275478,15.704419,-132.564311
29120.0,2026-02-06T14:05:54.255863,21.370493,0.242037,0.340428,-0.503376,-0.756399,10.385523,-11.458458,-39.966770,-0.006591,0.000150,0.012317,74.238584,15.743223,-132.565203
29164.0,2026-02-06T14:05:54.257730,21.372360,0.241071,0.341482,-0.502019,-0.757134,10.435515,-11.381189,-39.973148,-0.005227,-0.000665,0.011413,74.140779,15.965072,-132.582245
29205.0,2026-02-06T14:05:54.315781,21.430411,0.239366,0.342736,-0.500252,-0.758277,10.470709,-11.267541,-39.974342,-0.004920,-0.000848,0.012006,74.001739,16.277528,-132.659113
29247.0,2026-02-06T14:05:54.376467,21.491097,0.238506,0.343698,-0.498971,-0.758956,10.563976,-11.259467,-40.075119,-0.008022,-0.000099,0.012155,73.907568,16.480496,-132.673524
29284.0,2026-02-06T14:05:54.377464,21.492094,0.237506,0.344791,-0.497685,-0.759618,10.599313,-11.173745,-40.049995,-0.000741,0.000094,0.011386,73.822588,16.703156,-132.689754
29330.0,2026-02-06T14:05:54.435470,21.550100,0.236266,0.346401,-0.495967,-0.760396,10.604007,-11.010492,-39.948654,0.002585,0.000140,0.010406,73.721803,17.004268,-132.688383
29362.0,2026-02-06T14:05:54.494685,21.609315,0.235218,0.347515,-0.494592,-0.761108,10.568357,-10.846146,-39.819782,0.000202,0.000152,0.010964,73.627334,17.236624,-132.708884
29409.0,2026-02-06T14:05:54.495812,21.610442,0.234314,0.349268,-0.492740,-0.761785,10.614658,-10.722996,-39.783413,-0.002004,0.000968,0.011099,73.524172,17.531089,-132.663688
29447.0,2026-02-06T14:05:54.556467,21.671097,0.233387,0.350297,-0.491349,-0.762495,10.689981,-10.691025,-39.866146,-0.006459,0.001155,0.011920,73.422187,17.749152,-132.680878
29488.0,2026-02-06T14:05:54.616415,21.731045,0.232343,0.351437,-0.489803,-0.763284,10.770020,-10.651469,-39.941109,-0.006829,0.000396,0.012137,73.308704,17.992244,-132.701734
29530.0,2026-02-06T14:05:54.676252,21.790882,0.231379,0.353162,-0.487887,-0.764007,10.857224,-10.564019,-39.963348,-0.006918,0.000214,0.012189,73.196273,18.292188,-132.666325
29572.0,2026-02-06T14:05:54.676252,21.790882,0.230243,0.354406,-0.486252,-0.764816,10.915309,-10.486750,-39.996265,-0.006125,0.000983,0.011388,73.079871,18.553979,-132.688271
29616.0,2026-02-06T14:05:54.735252,21.849882,0.228208,0.355941,-0.484095,-0.766081,10.979050,-10.365808,-40.008629,-0.005147,0.000364,0.011203,72.913988,18.929863,-132.780162
29656.0,2026-02-06T14:05:54.795672,21.910302,0.227110,0.357123,-0.482539,-0.766838,10.989218,-10.237895,-39.941704,-0.004899,0.001005,0.011157,72.803514,19.179694,-132.803461
29690.0,2026-02-06T14:05:54.796673,21.911303,0.225988,0.358304,-0.480983,-0.767596,11.022945,-10.134925,-39.915546,-0.004042,0.000371,0.011145,72.692978,19.431064,-132.829212
29730.0,2026-02-06T14:05:54.856413,21.971043,0.224098,0.360033,-0.478652,-0.768797,11.082850,-10.003845,-39.909042,-0.005418,0.000210,0.010345,72.522797,19.819327,-132.892749
29768.0,2026-02-06T14:05:54.857404,21.972034,0.222940,0.361239,-0.477030,-0.769576,11.108976,-9.886406,-39.865719,-0.004175,0.000169,0.011732,72.406106,20.078255,-132.921584
29812.0,2026-02-06T14:05:54.915852,22.030482,0.221778,0.363279,-0.474721,-0.770378,11.191686,-9.756798,-39.868122,-0.004665,0.000159,0.012095,72.271897,20.435906,-132.883889
29849.0,2026-02-06T14:05:54.975994,22.090624,0.220499,0.364602,-0.472937,-0.771218,11.254375,-9.687291,-39.893219,-0.004779,0.000156,0.011374,72.144000,20.720622,-132.916840
29894.0,2026-02-06T14:05:55.035360,22.149990,0.219180,0.365965,-0.471058,-0.772098,11.289896,-9.568029,-39.875725,-0.005617,0.000156,0.012007,72.007262,21.015918,-132.951982
29940.0,2026-02-06T14:05:55.035893,22.150523,0.217638,0.367950,-0.468595,-0.773089,11.373934,-9.447713,-39.891994,-0.005020,0.000155,0.011361,71.847166,21.404347,-132.960793
29973.0,2026-02-06T14:05:55.095958,22.210588,0.216190,0.369418,-0.466585,-0.774009,11.416334,-9.324537,-39.863297,-0.004864,0.000155,0.010378,71.702360,21.723214,-133.001701
30019.0,2026-02-06T14:05:55.155558,22.270188,0.214468,0.371613,-0.463832,-0.775092,11.491345,-9.168051,-39.851898,-0.005637,0.000155,0.010148,71.522844,22.155027,-133.014368
30057.0,2026-02-06T14:05:55.156748,22.271378,0.213105,0.372984,-0.461930,-0.775944,11.534693,-9.052160,-39.820297,-0.005024,0.000155,0.010889,71.384987,22.454523,-133.054851
30100.0,2026-02-06T14:05:55.215087,22.329717,0.211560,0.374528,-0.459794,-0.776891,11.601382,-8.940360,-39.828552,-0.004865,0.000155,0.010267,71.230596,22.792040,-133.101694
30140.0,2026-02-06T14:05:55.276796,22.391426,0.209964,0.376789,-0.456994,-0.777883,11.652058,-8.769481,-39.773960,-0.004828,0.000155,0.010927,71.053951,23.221715,-133.097585
30184.0,2026-02-06T14:05:55.277400,22.392030,0.208371,0.378332,-0.454770,-0.778865,11.714916,-8.653266,-39.771828,-0.005633,-0.001473,0.011905,70.888586,23.566787,-133.152036
30225.0,2026-02-06T14:05:55.335932,22.450562,0.207062,0.380537,-0.452070,-0.779711,11.794945,-8.522005,-39.773781,-0.006615,-0.000255,0.012130,70.724528,23.966692,-133.123293
30267.0,2026-02-06T14:05:55.395144,22.509774,0.205572,0.382004,-0.449973,-0.780601,11.837984,-8.395222,-39.738255,-0.005272,0.000051,0.012187,70.570544,24.291727,-133.172980
30304.0,2026-02-06T14:05:55.396123,22.510753,0.203919,0.383598,-0.447708,-0.781554,11.902071,-8.271066,-39.728004,-0.004118,-0.000678,0.011393,70.404818,24.646123,-133.230573
30350.0,2026-02-06T14:05:55.456365,22.570995,0.201884,0.385925,-0.444605,-0.782708,11.967301,-8.096642,-39.703468,-0.003844,0.000739,0.011205,70.193775,25.126300,-133.272847
30383.0,2026-02-06T14:05:55.514469,22.629099,0.200164,0.387573,-0.442190,-0.783703,12.013769,-7.944685,-39.654125,-0.005393,-0.000515,0.011966,70.013451,25.496928,-133.336460
30429.0,2026-02-06T14:05:55.515468,22.630098,0.198319,0.390153,-0.438897,-0.784742,12.098347,-7.770523,-39.618996,-0.004138,-0.000003,0.012149,69.804782,25.992614,-133.339711
30470.0,2026-02-06T14:05:55.575028,22.689658,0.196555,0.391860,-0.436442,-0.785704,12.173328,-7.645721,-39.591911,-0.004651,0.000922,0.011387,69.624976,26.372331,-133.403909
30510.0,2026-02-06T14:05:55.635096,22.749726,0.194400,0.394463,-0.432935,-0.786876,12.255267,-7.453278,-39.570801,-0.004775,0.000343,0.012810,69.388657,26.901771,-133.442616
30548.0,2026-02-06T14:05:55.636094,22.750724,0.192514,0.396241,-0.430304,-0.787889,12.301268,-7.301098,-39.542221,-0.004806,0.000200,0.011541,69.191802,27.303816,-133.517760
30592.0,2026-02-06T14:05:55.695012,22.809642,0.190734,0.397916,-0.427819,-0.788831,12.358265,-7.166765,-39.492325,-0.004813,0.000167,0.012038,69.005509,27.682926,-133.589854
30633.0,2026-02-06T14:05:55.756009,22.870639,0.188878,0.400472,-0.424425,-0.789817,12.434498,-6.985915,-39.465687,-0.004815,-0.000636,0.010575,68.784895,28.181713,-133.602420
30673.0,2026-02-06T14:05:55.815462,22.930092,0.186824,0.402369,-0.421585,-0.790862,12.494421,-6.826586,-39.418068,-0.004002,-0.000031,0.011822,68.570642,28.614336,-133.690258
30703.0,2026-02-06T14:05:55.816465,22.931095,0.184911,0.404125,-0.418944,-0.791819,12.561508,-6.684630,-39.395416,-0.004609,0.000108,0.010519,68.370472,29.015873,-133.773946
30753.0,2026-02-06T14:05:55.875382,22.990012,0.182414,0.406807,-0.415110,-0.793043,12.637549,-6.479080,-39.322498,-0.004763,0.000143,0.011778,68.097162,29.589818,-133.853923
30795.0,2026-02-06T14:05:55.936435,23.051064,0.180438,0.408604,-0.412363,-0.794004,12.694751,-6.326695,-39.284454,-0.004803,0.000152,0.011303,67.886304,30.003600,-133.944848
30833.0,2026-02-06T14:05:55.937433,23.052063,0.177309,0.411532,-0.407967,-0.795466,12.792842,-6.085972,-39.234413,-0.005623,0.000155,0.010369,67.554447,30.666968,-134.083225
30869.0,2026-02-06T14:05:55.994561,23.109191,0.175254,0.413384,-0.405099,-0.796426,12.853971,-5.937555,-39.195637,-0.004225,0.000155,0.013331,67.331663,31.095704,-134.182518
30910.0,2026-02-06T14:05:55.995572,23.110202,0.173140,0.415271,-0.402159,-0.797396,12.910992,-5.784776,-39.144463,-0.004666,0.000155,0.011696,67.101696,31.534419,-134.287597
30951.0,2026-02-06T14:05:56.055806,23.170436,0.170021,0.418146,-0.397768,-0.798766,13.006910,-5.551927,-39.088234,-0.004779,0.000155,0.012079,66.764354,32.191032,-134.436395
30986.0,2026-02-06T14:05:56.115977,23.230607,0.167810,0.420088,-0.394689,-0.799742,13.051586,-5.388863,-39.016258,-0.004806,0.000155,0.011379,66.519148,32.646839,-134.553201
31029.0,2026-02-06T14:05:56.115977,23.230607,0.164789,0.423005,-0.390224,-0.801023,13.145914,-5.159885,-38.956291,-0.004813,0.000155,0.011996,66.176805,33.302803,-134.694223
31072.0,2026-02-06T14:05:56.176850,23.291480,0.162487,0.424995,-0.387017,-0.801995,13.206270,-4.987801,-38.907902,-0.004815,0.000155,0.011358,65.916986,33.773920,-134.822905
31105.0,2026-02-06T14:05:56.235917,23.350547,0.160052,0.427047,-0.383671,-0.803001,13.269987,-4.812973,-38.845684,-0.004016,-0.001445,0.011195,65.642033,34.265203,-134.965296
31148.0,2026-02-06T14:05:56.236813,23.351443,0.157949,0.430103,-0.379240,-0.803891,13.347022,-4.589243,-38.751953,-0.004613,-0.000251,0.011155,65.335640,34.869633,-134.997790
31190.0,2026-02-06T14:05:56.298322,23.412952,0.155520,0.432176,-0.375823,-0.804857,13.402153,-4.418558,-38.693855,-0.005559,0.000847,0.011144,65.052348,35.365018,-135.143582
31226.0,2026-02-06T14:05:56.355472,23.470102,0.152086,0.435548,-0.370464,-0.806179,13.489815,-4.128607,-38.575695,-0.005804,0.000321,0.011142,64.627258,36.126797,-135.321528
31270.0,2026-02-06T14:05:56.357482,23.472112,0.149256,0.437894,-0.366529,-0.807235,13.553537,-3.932572,-38.495209,-0.004234,0.000194,0.011141,64.292887,36.694882,-135.503812
31310.0,2026-02-06T14:05:56.416329,23.530959,0.146580,0.440102,-0.362797,-0.808210,13.619158,-3.748001,-38.407368,-0.004671,0.000165,0.011141,63.972376,37.231169,-135.680823
31352.0,2026-02-06T14:05:56.475511,23.590141,0.143234,0.443311,-0.357550,-0.809393,13.697421,-3.468353,-38.287643,-0.004779,-0.000636,0.011141,63.540888,37.966418,-135.875735
31388.0,2026-02-06T14:05:56.476509,23.591139,0.140519,0.445506,-0.353757,-0.810330,13.766369,-3.286553,-38.226036,-0.004806,-0.000046,0.011141,63.205866,38.505811,-136.067688
31432.0,2026-02-06T14:05:56.535569,23.650199,0.136723,0.449188,-0.347671,-0.811580,13.857259,-2.992018,-38.093819,-0.004814,0.000108,0.011957,62.697174,39.348367,-136.300022
31468.0,2026-02-06T14:05:56.595157,23.709787,0.133890,0.451423,-0.343724,-0.812493,13.912777,-2.788221,-37.983635,-0.004021,-0.000651,0.012143,62.337480,39.904766,-136.515021
31514.0,2026-02-06T14:05:56.655286,23.769916,0.131040,0.453685,-0.339688,-0.813394,13.961152,-2.586268,-37.893250,-0.005408,0.000744,0.012190,61.965519,40.468128,-136.736325
31552.0,2026-02-06T14:05:56.657288,23.771918,0.128371,0.457335,-0.333784,-0.814220,14.044863,-2.304765,-37.753094,-0.004146,0.001107,0.011392,61.500536,41.227140,-136.852565
31587.0,2026-02-06T14:05:56.716267,23.830897,0.125366,0.459640,-0.329575,-0.815104,14.089151,-2.099685,-37.630302,-0.004646,-0.000398,0.011205,61.099151,41.810849,-137.103263
31630.0,2026-02-06T14:05:56.716267,23.830897,0.122756,0.463063,-0.323804,-0.815877,14.143963,-1.817782,-37.489628,-0.003978,-0.000780,0.011157,60.622517,42.540244,-137.244962
31672.0,2026-02-06T14:05:56.776864,23.891494,0.119321,0.465633,-0.318975,-0.816825,14.211956,-1.588293,-37.370449,-0.004618,-0.000879,0.011959,60.144755,43.201111,-137.552879
31710.0,2026-02-06T14:05:56.836549,23.951179,0.116003,0.468123,-0.314285,-0.817697,14.286688,-1.374146,-37.257782,-0.004768,-0.000097,0.012951,59.675267,43.840211,-137.857406
31756.0,2026-02-06T14:05:56.894532,24.009162,0.113883,0.471618,-0.308086,-0.818346,14.320415,-1.084896,-37.077244,-0.005614,0.000904,0.012385,59.151943,44.565317,-137.971149
31794.0,2026-02-06T14:05:56.895542,24.010172,0.110650,0.474029,-0.303433,-0.819134,14.366037,-0.866439,-36.947441,-0.006607,0.001934,0.012252,58.670584,45.189207,-138.287672
31836.0,2026-02-06T14:05:56.955710,24.070340,0.108419,0.477614,-0.296889,-0.819748,14.402191,-0.559337,-36.760208,-0.004432,0.001391,0.012217,58.096839,45.944749,-138.434429
31878.0,2026-02-06T14:05:57.015157,24.129786,0.104592,0.480358,-0.291447,-0.820594,14.453596,-0.306593,-36.614780,-0.004727,0.001260,0.011391,57.507637,46.668253,-138.839307
31925.0,2026-02-06T14:05:57.016144,24.130774,0.101999,0.483830,-0.284931,-0.821170,14.491614,-0.004111,-36.416595,-0.004793,0.001231,0.011204,56.896440,47.433026,-139.062709
31960.0,2026-02-06T14:05:57.075336,24.189966,0.098283,0.486415,-0.279637,-0.821915,14.544524,0.220157,-36.258709,-0.004810,0.000418,0.011962,56.294604,48.126091,-139.488933
31999.0,2026-02-06T14:05:57.136317,24.250947,0.094727,0.488879,-0.274537,-0.822589,14.596457,0.446330,-36.117641,-0.005609,0.001016,0.012144,55.702267,48.788415,-139.911531
32043.0,2026-02-06T14:05:57.137317,24.251947,0.091696,0.492668,-0.267046,-0.823138,14.643957,0.774552,-35.910667,-0.005816,0.000361,0.012191,54.939731,49.649074,-140.241867
32071.0,2026-02-06T14:05:57.195648,24.310278,0.088003,0.495143,-0.261738,-0.823761,14.660210,1.017607,-35.702957,-0.005069,0.000207,0.013793,54.287713,50.326139,-140.720689
32118.0,2026-02-06T14:05:57.256239,24.370869,0.084134,0.497692,-0.256220,-0.824364,14.718731,1.246427,-35.561314,-0.004879,0.000168,0.011005,53.591285,51.027178,-141.241155
32160.0,2026-02-06T14:05:57.257244,24.371874,0.080041,0.501335,-0.248654,-0.824881,14.776964,1.556376,-35.335857,-0.005627,0.000954,0.010311,52.697991,51.931799,-141.793292
32201.0,2026-02-06T14:05:57.315762,24.430392,0.076134,0.503854,-0.243036,-0.825390,14.802953,1.791986,-35.128613,-0.005817,0.000358,0.011725,51.945150,52.631175,-142.368221
32238.0,2026-02-06T14:05:57.375024,24.489654,0.073024,0.507443,-0.235263,-0.825724,14.819125,2.111971,-34.889420,-0.004265,-0.000594,0.012086,51.024677,53.480667,-142.852267
32282.0,2026-02-06T14:05:57.376039,24.490669,0.068988,0.509957,-0.229477,-0.826151,14.833447,2.356551,-34.678818,-0.004676,0.000759,0.011381,50.197255,54.187846,-143.501453
32312.0,2026-02-06T14:05:57.436342,24.550972,0.064668,0.512601,-0.223265,-0.826566,14.860432,2.614376,-34.478966,-0.004782,0.000303,0.012005,49.277690,54.936972,-144.230430
32359.0,2026-02-06T14:05:57.502343,24.616973,0.060482,0.516246,-0.214960,-0.826816,14.870653,2.944603,-34.170849,-0.004008,0.000192,0.012156,48.130920,55.860968,-144.991709
32397.0,2026-02-06T14:05:57.502343,24.616973,0.056235,0.518762,-0.208862,-0.827104,14.896265,3.179053,-33.968037,-0.004611,0.000959,0.010604,47.157278,56.579358,-145.782582
32429.0,2026-02-06T14:05:57.558075,24.672705,0.053957,0.521823,-0.201020,-0.827273,14.887688,3.474694,-33.709305,-0.004764,0.001154,0.011005,46.074921,57.318662,-146.367391
32478.0,2026-02-06T14:05:57.623830,24.738460,0.049587,0.524329,-0.194747,-0.827462,14.902835,3.708299,-33.493137,-0.004008,0.001204,0.010312,44.998947,58.039265,-147.259405
32514.0,2026-02-06T14:05:57.623830,24.738460,0.045131,0.526849,-0.188320,-0.827604,14.908655,3.961261,-33.232735,-0.004612,0.001216,0.010931,43.853938,58.764954,-148.215510
32553.0,2026-02-06T14:05:57.677588,24.792218,0.040881,0.530444,-0.179222,-0.827549,14.911798,4.294690,-32.935349,-0.004766,0.000415,0.011895,42.348719,59.687263,-149.284775
32596.0,2026-02-06T14:05:57.735976,24.850606,0.035981,0.533113,-0.172101,-0.827573,14.917238,4.543393,-32.656551,-0.005614,0.001027,0.011322,40.960062,60.458075,-150.465429
32643.0,2026-02-06T14:05:57.737209,24.851839,0.032971,0.536258,-0.163323,-0.827446,14.885756,4.856987,-32.354656,-0.005019,0.000377,0.010392,39.444506,61.244229,-151.475778
32674.0,2026-02-06T14:05:57.795673,24.910303,0.028288,0.538680,-0.156533,-0.827358,14.870201,5.099088,-32.071457,-0.004867,0.000212,0.010951,37.991793,61.946185,-152.734748
32716.0,2026-02-06T14:05:57.858409,24.973039,0.023168,0.541308,-0.149073,-0.827180,14.884031,5.352841,-31.784401,-0.005638,0.000979,0.011095,36.326059,62.699094,-154.187111
32763.0,2026-02-06T14:05:57.858409,24.973039,0.018702,0.544529,-0.139876,-0.826785,14.840022,5.661935,-31.424793,-0.004230,0.000364,0.011129,34.378006,63.532145,-155.721493
32791.0,2026-02-06T14:05:57.915444,25.030074,0.013444,0.547063,-0.132238,-0.826471,14.820060,5.912786,-31.110573,-0.004675,-0.000604,0.011138,32.480466,64.251221,-157.405721
32841.0,2026-02-06T14:05:57.974808,25.089438,0.010126,0.550239,-0.121698,-0.826029,14.737713,6.254181,-30.722305,-0.003965,-0.000021,0.012777,30.181943,65.034509,-159.087572
32883.0,2026-02-06T14:05:57.975816,25.090446,0.004878,0.552649,-0.114018,-0.825563,14.705818,6.492509,-30.395887,-0.005413,0.000112,0.011540,28.068304,65.697019,-160.987239
32922.0,2026-02-06T14:05:58.034991,25.149621,-0.000167,0.554920,-0.106648,-0.825040,14.690272,6.704364,-30.094547,-0.004968,0.000144,0.011242,25.940453,66.304915,-162.911771
32964.0,2026-02-06T14:05:58.095163,25.209793,-0.002746,0.557642,-0.096013,-0.824506,14.562189,7.031015,-29.706024,-0.005666,0.000153,0.011979,23.351213,66.938522,-164.822907
33005.0,2026-02-06T14:05:58.096149,25.210779,-0.007884,0.559822,-0.088499,-0.823835,14.551236,7.250351,-29.402700,-0.004238,0.000155,0.012148,20.964390,67.487876,-167.004927
33048.0,2026-02-06T14:05:58.156501,25.271131,-0.013031,0.562762,-0.077928,-0.822834,14.457899,7.537479,-28.971973,-0.005488,-0.000655,0.012192,17.766852,68.148412,-169.744863
33083.0,2026-02-06T14:05:58.215157,25.329787,-0.018270,0.564857,-0.070209,-0.821994,14.396404,7.753656,-28.614904,-0.005781,0.000744,0.011408,15.069942,68.619947,-172.230900
33125.0,2026-02-06T14:05:58.216162,25.330792,-0.023731,0.566952,-0.062211,-0.821056,14.336962,7.966762,-28.245232,-0.004256,-0.000498,0.011207,12.154284,69.059250,-174.931925
33171.0,2026-02-06T14:05:58.274998,25.389628,-0.028237,0.569428,-0.052173,-0.819898,14.259141,8.223437,-27.857838,-0.004674,-0.000011,0.011158,8.771186,69.503191,-177.853644
33204.0,2026-02-06T14:05:58.335804,25.450433,-0.034215,0.571603,-0.043357,-0.818670,14.199537,8.439171,-27.454453,-0.005597,0.000116,0.011145,5.312759,69.863360,178.925586
33253.0,2026-02-06T14:05:58.394705,25.509335,-0.036255,0.573353,-0.033057,-0.817838,14.030369,8.696953,-27.070843,-0.005014,0.000145,0.011937,2.102995,70.088015,176.398524
33290.0,2026-02-06T14:05:58.395718,25.510348,-0.042479,0.575448,-0.023893,-0.816385,13.948107,8.900517,-26.636826,-0.004862,0.000971,0.010507,-1.680734,70.322740,172.858907
33331.0,2026-02-06T14:05:58.456807,25.571437,-0.048316,0.577326,-0.015287,-0.814940,13.873435,9.085847,-26.239517,-0.004827,-0.000450,0.010986,-5.298002,70.466991,169.470696
33376.0,2026-02-06T14:05:58.515217,25.629847,-0.050905,0.578933,-0.004634,-0.813771,13.708239,9.323469,-25.840715,-0.004819,0.000001,0.011896,-8.862683,70.511737,166.569981
33412.0,2026-02-06T14:05:58.515217,25.629847,-0.056974,0.580732,0.004359,-0.812087,13.588457,9.505198,-25.395126,-0.005627,0.000929,0.011322,-12.684493,70.512349,162.988792
33456.0,2026-02-06T14:05:58.574495,25.689125,-0.061246,0.582469,0.014795,-0.810407,13.449766,9.712850,-24.958494,-0.005816,0.000352,0.011187,-16.538790,70.434941,159.641075
33492.0,2026-02-06T14:05:58.636857,25.751487,-0.067241,0.584066,0.023677,-0.808569,13.350126,9.867918,-24.539549,-0.005060,-0.000602,0.011957,-20.255029,70.276483,156.161458
33531.0,2026-02-06T14:05:58.697212,25.811842,-0.072962,0.585531,0.032139,-0.806720,13.230512,10.012681,-24.125933,-0.004878,0.000757,0.011348,-23.736015,70.056528,152.905008
33572.0,2026-02-06T14:05:58.697212,25.811842,-0.076803,0.586939,0.044082,-0.804774,13.028706,10.213648,-23.629404,-0.004830,0.000297,0.011190,-27.680592,69.707547,149.625706
33613.0,2026-02-06T14:05:58.697212,25.811842,-0.082548,0.588243,0.052619,-0.802737,12.924856,10.350983,-23.226654,-0.005613,0.000191,0.011947,-30.985206,69.345091,146.549548
33655.0,2026-02-06T14:05:58.757558,25.872188,-0.085078,0.589027,0.064325,-0.801044,12.701056,10.535350,-22.763992,-0.004204,0.000164,0.011337,-34.316084,68.864123,143.973224
33697.0,2026-02-06T14:05:58.815972,25.930602,-0.090932,0.590199,0.072978,-0.798793,12.595187,10.650833,-22.342560,-0.004660,0.000952,0.010397,-37.419106,68.375903,141.099793
33732.0,2026-02-06T14:05:58.816973,25.931603,-0.096795,0.591302,0.081696,-0.796441,12.472847,10.751127,-21.931997,-0.005571,0.000357,0.011747,-40.403090,67.828533,138.350124
33773.0,2026-02-06T14:05:58.876134,25.990764,-0.100243,0.591950,0.092887,-0.794304,12.252186,10.897806,-21.467236,-0.005804,0.001006,0.011291,-43.359793,67.183829,136.032169
33808.0,2026-02-06T14:05:58.939669,26.054299,-0.106134,0.592870,0.101633,-0.791777,12.111348,10.988174,-21.024035,-0.005067,-0.000423,0.011973,-46.061734,66.529998,133.565762
33851.0,2026-02-06T14:05:58.940756,26.055386,-0.109072,0.593132,0.112669,-0.789685,11.880205,11.107145,-20.575905,-0.004880,0.000009,0.011352,-48.595135,65.810856,131.702984
33893.0,2026-02-06T14:05:58.995759,26.110389,-0.115518,0.593943,0.122185,-0.786739,11.719662,11.183824,-20.108854,-0.004021,0.000120,0.011191,-51.231760,65.002581,129.321532
33931.0,2026-02-06T14:05:59.058063,26.172693,-0.121469,0.594627,0.131000,-0.783903,11.583340,11.244783,-19.673605,-0.004614,0.000146,0.011948,-53.537219,64.215188,127.255002
33976.0,2026-02-06T14:05:59.115311,26.229941,-0.123987,0.594402,0.143314,-0.781521,11.298431,11.354193,-19.196690,-0.004768,0.000967,0.010517,-55.811548,63.321154,125.797954
34013.0,2026-02-06T14:05:59.115311,26.229941,-0.129973,0.594868,0.152153,-0.778517,11.137983,11.388584,-18.747738,-0.004009,-0.001227,0.011777,-57.863383,62.458692,123.987121
34055.0,2026-02-06T14:05:59.174327,26.288957,-0.132144,0.594283,0.164540,-0.776075,10.845192,11.486467,-18.274044,-0.003812,0.000644,0.009662,-59.856637,61.513603,122.851861
34097.0,2026-02-06T14:05:59.236168,26.350798,-0.138504,0.594592,0.173892,-0.772682,10.679131,11.499460,-17.805855,-0.003765,0.000275,0.011585,-61.796037,60.539233,121.169141
34136.0,2026-02-06T14:05:59.237164,26.351794,-0.144536,0.594800,0.182771,-0.769361,10.509142,11.508701,-17.360477,-0.004549,0.000186,0.010459,-63.533382,59.586957,119.677598
34181.0,2026-02-06T14:05:59.302240,26.416870,-0.147916,0.594120,0.194260,-0.766424,10.241757,11.542883,-16.874008,-0.004753,0.000977,0.012610,-65.223213,58.564407,118.678608
34218.0,2026-02-06T14:05:59.357912,26.472542,-0.153934,0.594149,0.203157,-0.762901,10.089336,11.539288,-16.449635,-0.005595,-0.000431,0.011514,-66.783069,57.565883,117.371511
34260.0,2026-02-06T14:05:59.357912,26.472542,-0.157285,0.593296,0.213793,-0.759970,9.833358,11.544166,-15.997194,-0.005006,0.000012,0.011232,-68.203338,56.565971,116.578865
34300.0,2026-02-06T14:05:59.416420,26.531049,-0.163337,0.593144,0.222660,-0.756256,9.655628,11.508350,-15.562454,-0.004069,0.000119,0.011164,-69.609558,55.527820,115.424904
34337.0,2026-02-06T14:05:59.475744,26.590374,-0.169372,0.592912,0.231514,-0.752442,9.471303,11.472186,-15.115766,-0.004626,0.000146,0.011147,-70.944856,54.472892,114.344299
34383.0,2026-02-06T14:05:59.476053,26.590683,-0.171442,0.591457,0.242125,-0.749775,9.213991,11.467499,-14.726007,-0.004768,0.000153,0.011142,-72.069272,53.503952,113.964066
34419.0,2026-02-06T14:05:59.536447,26.651077,-0.178089,0.590997,0.251877,-0.745362,9.000219,11.389317,-14.228237,-0.005619,0.000155,0.011141,-73.411342,52.307209,112.909453
34460.0,2026-02-06T14:05:59.595701,26.710331,-0.179999,0.589231,0.262759,-0.742539,8.723608,11.371548,-13.816328,-0.005015,0.000155,0.011141,-74.457146,51.302877,112.654717
34503.0,2026-02-06T14:05:59.596709,26.711339,-0.186025,0.588601,0.271524,-0.738389,8.521276,11.283506,-13.368668,-0.004072,-0.000639,0.011936,-75.559512,50.193624,111.813471
34540.0,2026-02-06T14:05:59.655059,26.769689,-0.192501,0.587831,0.280954,-0.733800,8.320579,11.181787,-12.907420,-0.004637,-0.000845,0.011332,-76.694116,48.984626,110.963677
34580.0,2026-02-06T14:05:59.714529,26.829159,-0.194831,0.585838,0.291125,-0.730808,8.064554,11.124151,-12.515741,-0.004772,0.000715,0.011992,-77.572098,47.973035,110.793767
34624.0,2026-02-06T14:05:59.715535,26.830165,-0.201450,0.584859,0.300713,-0.725899,7.853346,11.001449,-12.064488,-0.004806,0.000287,0.011341,-78.642521,46.713943,110.018877
34670.0,2026-02-06T14:05:59.775697,26.890327,-0.203367,0.582653,0.310312,-0.723093,7.610741,10.930644,-11.702742,-0.005608,0.000189,0.011192,-79.391341,45.758915,109.973274
34702.0,2026-02-06T14:05:59.835594,26.950224,-0.209828,0.581498,0.319636,-0.718099,7.394136,10.778726,-11.248664,-0.005005,0.000163,0.011153,-80.362922,44.507982,109.296446
34748.0,2026-02-06T14:05:59.836592,26.951222,-0.216375,0.580218,0.329089,-0.712902,7.178759,10.624002,-10.789225,-0.004861,-0.000657,0.011958,-81.309789,43.224906,108.653295
34791.0,2026-02-06T14:05:59.896627,27.011257,-0.217967,0.577426,0.339684,-0.709708,6.875494,10.509983,-10.404114,-0.004827,-0.000040,0.010527,-82.057384,42.185011,108.746701
34827.0,2026-02-06T14:05:59.956369,27.070999,-0.223895,0.576065,0.348147,-0.704850,6.681543,10.356047,-9.993361,-0.004819,0.000106,0.010985,-82.852859,41.009398,108.228109
34875.0,2026-02-06T14:06:00.017493,27.132123,-0.225462,0.573316,0.357071,-0.702122,6.453895,10.247690,-9.688017,-0.004817,0.000938,0.011101,-83.423073,40.095530,108.359597
34910.0,2026-02-06T14:06:00.018492,27.133121,-0.231828,0.571670,0.366111,-0.696715,6.226075,10.034935,-9.245001,-0.004816,0.000343,0.011941,-84.231475,38.816804,107.855232
34946.0,2026-02-06T14:06:00.076451,27.191081,-0.237696,0.570079,0.374422,-0.691606,6.041760,9.854240,-8.864605,-0.004816,0.000997,0.011344,-84.955588,37.628773,107.414147
34990.0,2026-02-06T14:06:00.077454,27.192084,-0.238708,0.566953,0.383605,-0.688789,5.787682,9.724279,-8.554608,-0.005610,0.000369,0.011987,-85.504914,36.718398,107.659254
35028.0,2026-02-06T14:06:00.136244,27.250874,-0.244748,0.565110,0.392121,-0.683366,5.589564,9.514086,-8.171930,-0.005814,0.000208,0.011350,-86.213099,35.479571,107.251255
35070.0,2026-02-06T14:06:00.195081,27.309711,-0.245916,0.561738,0.400891,-0.680634,5.357122,9.374635,-7.884450,-0.005060,-0.000636,0.011192,-86.694638,34.576418,107.526154
35108.0,2026-02-06T14:06:00.196071,27.310701,-0.251728,0.559788,0.408996,-0.675273,5.152449,9.152847,-7.499185,-0.005672,0.000748,0.011154,-87.342466,33.374384,107.171070
35151.0,2026-02-06T14:06:00.255354,27.369984,-0.258132,0.557541,0.417911,-0.669228,4.947792,8.889898,-7.102633,-0.005017,0.000295,0.011144,-88.039638,32.038727,106.801605
35190.0,2026-02-06T14:06:00.316435,27.431065,-0.259342,0.554061,0.427288,-0.665720,4.685012,8.704016,-6.793141,-0.005670,-0.000615,0.011142,-88.602953,31.069070,107.076111
35234.0,2026-02-06T14:06:00.374725,27.489355,-0.265421,0.551689,0.435640,-0.659855,4.479753,8.446121,-6.423071,-0.005024,-0.000838,0.011141,-89.226551,29.789408,106.768568
35279.0,2026-02-06T14:06:00.375726,27.490356,-0.266117,0.548108,0.443327,-0.657435,4.274284,8.292287,-6.184400,-0.004869,0.000697,0.011935,-89.601816,28.995260,107.122879
35312.0,2026-02-06T14:06:00.435127,27.549757,-0.272475,0.545438,0.451918,-0.651172,4.055670,7.999747,-5.807153,-0.004828,0.000283,0.010514,-90.224160,27.650391,106.832893
35356.0,2026-02-06T14:06:00.495683,27.610313,-0.273497,0.541757,0.460591,-0.647730,3.839890,7.803838,-5.547925,-0.004019,-0.000613,0.011785,-90.724318,26.736245,107.153299
35394.0,2026-02-06T14:06:00.496679,27.611309,-0.279208,0.539172,0.468203,-0.641968,3.650929,7.523401,-5.218949,-0.004613,-0.000040,0.011305,-91.259792,25.519015,106.921917
35435.0,2026-02-06T14:06:00.555991,27.670621,-0.285370,0.536311,0.476370,-0.635615,3.462254,7.217875,-4.873310,-0.003957,0.000919,0.011180,-91.829147,24.197956,106.684126
35476.0,2026-02-06T14:06:00.616006,27.730636,-0.285589,0.532424,0.483277,-0.633567,3.278670,7.057923,-4.675592,-0.005392,0.000349,0.011151,-92.128588,23.491648,107.116888
35516.0,2026-02-06T14:06:00.617004,27.731634,-0.291505,0.529499,0.491084,-0.627289,3.115916,6.756548,-4.368828,-0.004957,0.000203,0.011143,-92.666185,22.209243,106.911415
35558.0,2026-02-06T14:06:00.676030,27.790660,-0.297116,0.526627,0.498441,-0.621243,2.928319,6.454520,-4.064117,-0.004852,0.000167,0.011142,-93.165620,20.985883,106.730244
35596.0,2026-02-06T14:06:00.736212,27.850842,-0.297179,0.522511,0.505310,-0.619136,2.762183,6.272998,-3.893641,-0.004825,0.000158,0.010341,-93.466216,20.284156,107.197756
35634.0,2026-02-06T14:06:00.737218,27.851848,-0.302773,0.519479,0.512498,-0.613038,2.578853,5.955521,-3.598478,-0.004024,0.000156,0.010938,-93.944866,19.061265,107.038010
35675.0,2026-02-06T14:06:00.794702,27.909332,-0.303875,0.515261,0.520731,-0.609102,2.375045,5.699432,-3.370553,-0.005444,0.000156,0.010279,-94.424121,18.132683,107.408971
35718.0,2026-02-06T14:06:00.855005,27.969635,-0.309864,0.511810,0.528290,-0.602449,2.210889,5.367984,-3.086699,-0.004157,-0.000654,0.011743,-94.918907,16.815053,107.262933
35765.0,2026-02-06T14:06:00.856021,27.970651,-0.309635,0.507737,0.534223,-0.600779,2.069664,5.194257,-2.942750,-0.004649,-0.000050,0.011294,-95.161370,16.215233,107.745098
35796.0,2026-02-06T14:06:00.915674,28.030304,-0.315201,0.504381,0.541103,-0.594522,1.902627,4.854711,-2.682485,-0.004773,0.000103,0.011180,-95.607249,14.988078,107.625771
35838.0,2026-02-06T14:06:00.974657,28.089287,-0.321194,0.500667,0.548417,-0.587713,1.718309,4.489377,-2.420416,-0.005615,0.000953,0.011150,-96.076210,13.662368,107.508486
35885.0,2026-02-06T14:06:00.976181,28.090811,-0.320484,0.496487,0.553934,-0.586470,1.623443,4.349254,-2.319099,-0.005019,-0.000436,0.011937,-96.289563,13.137911,108.040369
35920.0,2026-02-06T14:06:01.036132,28.150762,-0.326424,0.492641,0.561118,-0.579568,1.459231,3.972594,-2.058680,-0.005675,0.000014,0.011332,-96.752856,11.812717,107.940448
35959.0,2026-02-06T14:06:01.095052,28.209682,-0.331851,0.489010,0.567666,-0.573149,1.311597,3.616874,-1.824913,-0.005034,-0.001470,0.011189,-97.173746,10.590578,107.861276
36003.0,2026-02-06T14:06:01.096039,28.210669,-0.330701,0.484447,0.573107,-0.572273,1.207611,3.470244,-1.734468,-0.004867,-0.000227,0.011152,-97.369674,10.103000,108.470006
36039.0,2026-02-06T14:06:01.155156,28.269786,-0.336106,0.480715,0.579495,-0.565802,1.077648,3.119428,-1.520670,-0.004829,-0.000736,0.011938,-97.783299,8.884069,108.401899
36080.0,2026-02-06T14:06:01.215716,28.330346,-0.335855,0.476370,0.585311,-0.563634,0.926255,2.901576,-1.376779,-0.004819,-0.000062,0.011336,-98.076551,8.269947,108.899830
36124.0,2026-02-06T14:06:01.216789,28.331419,-0.341780,0.472136,0.591989,-0.556617,0.809496,2.523670,-1.180568,-0.004817,0.000913,0.011188,-98.500125,6.946203,108.839535
36170.0,2026-02-06T14:06:01.275484,28.390114,-0.340385,0.468094,0.596395,-0.556183,0.751798,2.412056,-1.121916,-0.006406,0.001142,0.010358,-98.661169,6.585337,109.405032
36202.0,2026-02-06T14:06:01.335229,28.449859,-0.346512,0.463544,0.603041,-0.548997,0.590964,1.987996,-0.911028,-0.006005,0.000388,0.010956,-99.074444,5.223828,109.359251
36248.0,2026-02-06T14:06:01.336739,28.451369,-0.352438,0.459058,0.609419,-0.541906,0.465807,1.587141,-0.714704,-0.005911,0.001021,0.011906,-99.475877,3.897244,109.321712
36292.0,2026-02-06T14:06:01.396089,28.510719,-0.351082,0.454578,0.614592,-0.540719,0.373587,1.430560,-0.637751,-0.005074,0.000359,0.011321,-99.731724,3.442860,109.926604
36327.0,2026-02-06T14:06:01.462666,28.577296,-0.356818,0.450087,0.620235,-0.534238,0.275047,1.058167,-0.485179,-0.005676,0.001002,0.011982,-100.059358,2.194095,109.904555
36375.0,2026-02-06T14:06:01.515103,28.629733,-0.355775,0.446354,0.624438,-0.533169,0.222745,0.934200,-0.436611,-0.005035,0.001165,0.011355,-100.276566,1.813451,110.399245
36413.0,2026-02-06T14:06:01.516107,28.630737,-0.361671,0.441601,0.629794,-0.526823,0.133869,0.565881,-0.277690,-0.004872,0.000413,0.011195,-100.562753,0.557789,110.388344
36450.0,2026-02-06T14:06:01.576378,28.691008,-0.367993,0.436419,0.635566,-0.519784,0.046519,0.154375,-0.126283,-0.004829,0.001028,0.011154,-100.884526,-0.806689,110.381766
36496.0,2026-02-06T14:06:01.638052,28.752682,-0.366730,0.433149,0.639192,-0.518965,-0.019871,0.038222,-0.082713,-0.004024,0.000377,0.011939,-101.093164,-1.102628,110.845356
36532.0,2026-02-06T14:06:01.638052,28.752682,-0.373325,0.427787,0.636214,-0.522359,0.219275,0.089955,-0.146260,-0.004629,-0.000607,0.012143,-100.114061,-1.610960,110.817618
36571.0,2026-02-06T14:06:01.695023,28.809653,-0.370503,0.424344,0.639610,-0.523028,0.182259,0.023187,-0.111599,-0.004770,-0.000031,0.010581,-100.277647,-1.723030,111.437414
36613.0,2026-02-06T14:06:01.696032,28.810662,-0.363671,0.430008,0.641539,-0.520830,-0.023177,0.041655,-0.080808,-0.004009,0.000108,0.011794,-101.127493,-1.071318,111.452962
36654.0,2026-02-06T14:06:01.756690,28.871320,-0.370920,0.424101,0.639508,-0.523054,0.202426,0.043007,-0.131523,-0.004622,0.000144,0.011298,-100.238650,-1.762552,111.425153
36698.0,2026-02-06T14:06:01.815246,28.929876,-0.368198,0.421030,0.642364,-0.523958,0.181641,0.011824,-0.118996,-0.005561,0.000152,0.011181,-100.363211,-1.824088,111.994517
36732.0,2026-02-06T14:06:01.816221,28.930851,-0.360441,0.427493,0.642917,-0.523440,-0.027532,0.067763,-0.090129,-0.005005,0.000155,0.011151,-101.081765,-0.912972,112.006538
36774.0,2026-02-06T14:06:01.875193,28.989823,-0.357837,0.423752,0.646039,-0.524424,-0.050805,0.015675,-0.068583,-0.004863,0.000957,0.011945,-101.180133,-1.025780,112.633520
36810.0,2026-02-06T14:06:01.937250,29.051880,-0.365197,0.417756,0.644417,-0.526154,0.179072,0.028836,-0.124619,-0.004827,0.000352,0.011338,-100.350695,-1.780457,112.606978
36855.0,2026-02-06T14:06:01.995304,29.109934,-0.356990,0.424587,0.645324,-0.525206,-0.037779,0.067375,-0.090477,-0.004009,0.000202,0.011998,-101.154442,-0.845563,112.619484
36901.0,2026-02-06T14:06:01.995304,29.109934,-0.355029,0.421064,0.648754,-0.525145,-0.058363,-0.002202,-0.057544,-0.006199,0.000962,0.011359,-101.325777,-1.055072,113.165286
36934.0,2026-02-06T14:06:02.055658,29.170288,-0.360508,0.416701,0.644751,-0.529803,0.177176,0.125282,-0.145116,-0.005141,0.001160,0.012007,-100.296070,-1.337201,113.134841
36980.0,2026-02-06T14:06:02.119142,29.233772,-0.357837,0.413320,0.647948,-0.530362,0.150826,0.087948,-0.133081,-0.005703,0.000396,0.011349,-100.451151,-1.449771,113.726276
37023.0,2026-02-06T14:06:02.119142,29.233772,-0.351579,0.418501,0.650496,-0.527355,-0.088416,0.014250,-0.058970,-0.005041,0.001011,0.011194,-101.338375,-0.917021,113.737617
37059.0,2026-02-06T14:06:02.176516,29.291146,-0.358479,0.412888,0.648256,-0.529886,0.146632,0.056314,-0.123375,-0.005676,-0.000441,0.010348,-100.456770,-1.558947,113.714545
37102.0,2026-02-06T14:06:02.236578,29.351208,-0.356531,0.410073,0.651176,-0.529808,0.095489,-0.032683,-0.082269,-0.005035,0.000004,0.012528,-100.629749,-1.708190,114.181923
37142.0,2026-02-06T14:06:02.238087,29.352717,-0.348382,0.416852,0.650996,-0.530159,-0.054760,0.099152,-0.087939,-0.004871,0.000117,0.011493,-101.252655,-0.664358,114.189546
37181.0,2026-02-06T14:06:02.297934,29.412564,-0.346704,0.413391,0.654157,-0.530078,-0.087915,0.015756,-0.055100,-0.004829,0.000957,0.012036,-101.399652,-0.878882,114.699440
37218.0,2026-02-06T14:06:02.354891,29.469521,-0.353187,0.408154,0.651475,-0.533150,0.136948,0.069821,-0.120789,-0.004819,0.000352,0.011360,-100.490672,-1.430855,114.674820
37259.0,2026-02-06T14:06:02.355905,29.470535,-0.347090,0.413179,0.654221,-0.529911,-0.093288,0.008526,-0.062343,-0.004817,0.000205,0.011196,-101.389056,-0.931196,114.688099
37301.0,2026-02-06T14:06:02.415252,29.529882,-0.344927,0.409956,0.656628,-0.530850,-0.118137,-0.038749,-0.035544,-0.004816,-0.000626,0.011949,-101.448014,-1.015684,115.213350
37337.0,2026-02-06T14:06:02.475671,29.590301,-0.350088,0.405837,0.653186,-0.534867,0.117228,0.091501,-0.123703,-0.005611,0.000752,0.011346,-100.530586,-1.329847,115.187618
37378.0,2026-02-06T14:06:02.476684,29.591314,-0.347710,0.402763,0.655912,-0.535406,0.082011,0.031141,-0.090108,-0.005013,0.001104,0.011993,-100.657340,-1.424003,115.714956
37418.0,2026-02-06T14:06:02.535069,29.649699,-0.340319,0.408882,0.657268,-0.533851,-0.113612,0.059932,-0.071332,-0.005661,0.000396,0.011357,-101.442471,-0.618707,115.723101
37455.0,2026-02-06T14:06:02.595006,29.709636,-0.347520,0.403032,0.655945,-0.535287,0.079757,0.042002,-0.112406,-0.004236,0.000216,0.011990,-100.687448,-1.400050,115.703885
37496.0,2026-02-06T14:06:02.595994,29.710624,-0.345895,0.400260,0.658792,-0.534922,0.033164,-0.051682,-0.065780,-0.004668,0.000171,0.010563,-100.865346,-1.577515,116.133534
37538.0,2026-02-06T14:06:02.655367,29.769997,-0.337626,0.407196,0.655857,-0.538564,-0.025377,0.240877,-0.149240,-0.005573,0.000954,0.010994,-101.064576,-0.244493,116.129672
37572.0,2026-02-06T14:06:02.656376,29.771006,-0.345727,0.400538,0.658426,-0.535274,0.049226,-0.023864,-0.087817,-0.005008,0.001153,0.010309,-100.834653,-1.517126,116.119135
37607.0,2026-02-06T14:06:02.715070,29.829700,-0.343473,0.397641,0.660798,-0.535960,0.019446,-0.063126,-0.065921,-0.004865,0.000410,0.010929,-100.930528,-1.586869,116.614613
37649.0,2026-02-06T14:06:02.775156,29.889786,-0.335691,0.404185,0.656690,-0.541022,0.012346,0.289335,-0.180790,-0.004828,0.000219,0.011088,-100.907013,-0.203018,116.608681
37695.0,2026-02-06T14:06:02.835504,29.950134,-0.333710,0.401042,0.659138,-0.541608,-0.015183,0.241085,-0.146882,-0.004819,0.000966,0.011127,-100.987774,-0.315541,117.104317
37730.0,2026-02-06T14:06:02.836504,29.951134,-0.342019,0.394184,0.662026,-0.537926,0.048769,-0.048776,-0.071575,-0.005618,0.000356,0.011138,-100.800860,-1.648433,117.095323
37770.0,2026-02-06T14:06:02.895030,30.009660,-0.333086,0.401645,0.659982,-0.540518,-0.055042,0.201888,-0.129363,-0.005817,0.000204,0.011945,-101.174112,-0.313355,117.095641
37816.0,2026-02-06T14:06:02.954351,30.068981,-0.331792,0.398521,0.662859,-0.540105,-0.088162,0.116989,-0.101711,-0.005070,0.000168,0.012140,-101.327173,-0.537283,117.529895
37849.0,2026-02-06T14:06:02.955356,30.069986,-0.339722,0.392034,0.662902,-0.539870,0.079928,0.007718,-0.096621,-0.005675,0.000159,0.010601,-100.738506,-1.553492,117.514025
37893.0,2026-02-06T14:06:03.020154,30.134784,-0.338359,0.389631,0.665506,-0.539261,0.021388,-0.103502,-0.045344,-0.005829,0.000156,0.011004,-100.924039,-1.726844,117.879597
37926.0,2026-02-06T14:06:03.021177,30.135807,-0.330465,0.396270,0.661778,-0.543887,-0.001198,0.237182,-0.151099,-0.004279,0.000156,0.011901,-100.950727,-0.363057,117.874438
37969.0,2026-02-06T14:06:03.076450,30.191080,-0.339084,0.389140,0.665530,-0.539131,0.044573,-0.098280,-0.049914,-0.005506,0.000155,0.012135,-100.883691,-1.819219,117.866959
38012.0,2026-02-06T14:06:03.134441,30.249071,-0.336593,0.386225,0.667816,-0.539960,0.020265,-0.138724,-0.031880,-0.004196,-0.000639,0.012983,-100.975953,-1.860851,118.380268
38048.0,2026-02-06T14:06:03.135442,30.250072,-0.329364,0.392359,0.663296,-0.545538,0.021275,0.230306,-0.151065,-0.004659,0.000750,0.011607,-100.825692,-0.506422,118.370199
38093.0,2026-02-06T14:06:03.195434,30.310064,-0.327810,0.389561,0.665728,-0.545517,0.001495,0.167034,-0.131714,-0.004776,0.000306,0.011259,-100.947885,-0.655517,118.789809
38123.0,2026-02-06T14:06:03.255972,30.370602,-0.335638,0.383084,0.668980,-0.541350,0.056887,-0.123418,-0.051281,-0.005600,0.000988,0.010376,-100.876116,-1.965919,118.781469
38165.0,2026-02-06T14:06:03.256930,30.371560,-0.327662,0.389840,0.665030,-0.546257,0.006878,0.197175,-0.144591,-0.005011,0.001163,0.010950,-100.864650,-0.567520,118.773487
38210.0,2026-02-06T14:06:03.316534,30.431164,-0.326025,0.387090,0.667324,-0.546395,-0.002287,0.149225,-0.125339,-0.004866,0.001206,0.011092,-100.972230,-0.694473,119.194323
38242.0,2026-02-06T14:06:03.375533,30.490163,-0.334278,0.380251,0.670771,-0.541971,0.060352,-0.158420,-0.032422,-0.004828,0.000411,0.011129,-100.904657,-2.078980,119.186599
38289.0,2026-02-06T14:06:03.375533,30.490163,-0.331547,0.377035,0.673475,-0.542543,0.026995,-0.217260,-0.012334,-0.005633,-0.000598,0.011138,-101.045047,-2.146923,119.748299
38332.0,2026-02-06T14:06:03.437888,30.552518,-0.324650,0.382919,0.668824,-0.548316,0.023520,0.148853,-0.129195,-0.005818,0.000758,0.011140,-100.831591,-0.822023,119.735864
38363.0,2026-02-06T14:06:03.496176,30.610806,-0.331032,0.377579,0.673816,-0.542055,0.001309,-0.232738,0.001514,-0.005065,0.000305,0.011141,-101.146554,-2.107423,119.738252
38408.0,2026-02-06T14:06:03.497164,30.611794,-0.329030,0.375054,0.675994,-0.542316,-0.021566,-0.273534,0.021855,-0.005678,0.000193,0.011141,-101.268468,-2.180562,120.166333
38451.0,2026-02-06T14:06:03.556366,30.670996,-0.322795,0.380417,0.669908,-0.549827,0.037738,0.157488,-0.132088,-0.005016,0.000164,0.011141,-100.778093,-0.811276,120.147140
38493.0,2026-02-06T14:06:03.615422,30.730052,-0.321374,0.377772,0.672508,-0.549308,0.015117,0.083798,-0.108762,-0.005661,0.000158,0.011936,-100.951991,-0.987043,120.536621
38534.0,2026-02-06T14:06:03.676009,30.790639,-0.329451,0.371089,0.675144,-0.545835,0.097356,-0.179729,-0.038328,-0.005825,0.000950,0.011343,-100.789405,-2.277921,120.524881
38570.0,2026-02-06T14:06:03.677011,30.791641,-0.320739,0.378421,0.672543,-0.549189,0.000879,0.088820,-0.097067,-0.005066,0.000353,0.011992,-101.014563,-0.903730,120.524710
38612.0,2026-02-06T14:06:03.735664,30.850294,-0.318923,0.375579,0.674848,-0.549371,-0.036926,0.027208,-0.080352,-0.004879,0.000205,0.011357,-101.127323,-1.019049,120.966658
38652.0,2026-02-06T14:06:03.795289,30.909919,-0.325799,0.370013,0.672882,-0.551521,0.193064,0.069271,-0.149929,-0.004832,0.001757,0.010401,-100.337263,-1.736885,120.939102
38690.0,2026-02-06T14:06:03.795289,30.909919,-0.323668,0.367869,0.674722,-0.551962,0.149808,0.023926,-0.099146,-0.004820,-0.000269,0.011773,-100.441940,-1.757662,121.336824
38725.0,2026-02-06T14:06:03.854568,30.969198,-0.315839,0.374394,0.675624,-0.551006,-0.053221,0.065118,-0.088242,-0.004817,0.000843,0.011301,-101.145252,-0.813068,121.345866
38771.0,2026-02-06T14:06:03.855569,30.970199,-0.324824,0.367024,0.676047,-0.550221,0.140032,-0.061913,-0.068265,-0.004816,0.000318,0.012807,-100.579923,-2.023133,121.324812
38812.0,2026-02-06T14:06:03.916008,31.030638,-0.323412,0.365322,0.677961,-0.549831,0.100367,-0.107580,-0.053136,-0.004816,0.000196,0.011563,-100.737382,-2.108475,121.617358
38851.0,2026-02-06T14:06:03.975397,31.090027,-0.314927,0.372436,0.675533,-0.552963,-0.009952,0.125597,-0.117668,-0.004021,-0.000629,0.011248,-100.960003,-0.779328,121.619354
38888.0,2026-02-06T14:06:04.036488,31.151118,-0.323008,0.365737,0.678206,-0.549489,0.082269,-0.120466,-0.060922,-0.005408,-0.000044,0.011168,-100.811464,-2.074297,121.610832
38929.0,2026-02-06T14:06:04.036488,31.151118,-0.321572,0.363898,0.680168,-0.549128,0.049682,-0.187519,-0.025836,-0.004967,0.000105,0.011942,-100.966572,-2.165877,121.918787
38969.0,2026-02-06T14:06:04.095052,31.209682,-0.313505,0.370737,0.675645,-0.554773,0.016691,0.173840,-0.153152,-0.004852,0.000143,0.011333,-100.830130,-0.703990,121.909372
39011.0,2026-02-06T14:06:04.095052,31.209682,-0.311573,0.367810,0.677981,-0.554959,-0.006832,0.119914,-0.107181,-0.005630,0.000152,0.011188,-100.947181,-0.816006,122.366306
39045.0,2026-02-06T14:06:04.155425,31.270055,-0.319867,0.360949,0.679968,-0.552309,0.105244,-0.112715,-0.061498,-0.005817,0.000155,0.011153,-100.684632,-2.079546,122.354386
39085.0,2026-02-06T14:06:04.214904,31.329534,-0.311299,0.368147,0.678268,-0.554539,-0.021073,0.120278,-0.119713,-0.006659,0.000949,0.011144,-101.021561,-0.801284,122.355665
39128.0,2026-02-06T14:06:04.215919,31.330549,-0.310114,0.365712,0.680380,-0.554227,-0.051616,0.052709,-0.084328,-0.005283,0.001152,0.010346,-101.148392,-0.952070,122.700199
39171.0,2026-02-06T14:06:04.276092,31.390722,-0.317483,0.359684,0.679069,-0.555605,0.154501,0.028591,-0.108481,-0.004935,-0.000386,0.010939,-100.434091,-1.805182,122.678926
39204.0,2026-02-06T14:06:04.336118,31.450748,-0.315325,0.357518,0.680834,-0.556073,0.143267,-0.007480,-0.097801,-0.004845,0.000822,0.011091,-100.532823,-1.819796,123.077861
39246.0,2026-02-06T14:06:04.336118,31.450748,-0.306782,0.364625,0.680821,-0.556252,-0.058478,0.092523,-0.095065,-0.004823,-0.000479,0.011928,-101.125061,-0.692174,123.086586
39285.0,2026-02-06T14:06:04.396608,31.511238,-0.314893,0.357985,0.680942,-0.555884,0.120210,-0.018296,-0.092995,-0.005613,0.000789,0.011341,-100.588755,-1.768004,123.068289
39326.0,2026-02-06T14:06:04.454965,31.569595,-0.313085,0.355788,0.683125,-0.555638,0.096718,-0.054713,-0.078344,-0.005817,0.000308,0.011998,-100.753719,-1.855172,123.440769
39369.0,2026-02-06T14:06:04.455978,31.570608,-0.303772,0.363577,0.681271,-0.558035,-0.058905,0.176657,-0.130621,-0.005056,0.000192,0.012156,-101.107105,-0.465550,123.441616
39414.0,2026-02-06T14:06:04.514930,31.629560,-0.302120,0.360984,0.683017,-0.558481,-0.079393,0.134011,-0.102445,-0.005671,0.000165,0.011399,-101.166008,-0.544395,123.838463
39449.0,2026-02-06T14:06:04.576007,31.690637,-0.310782,0.353896,0.683461,-0.557721,0.103520,-0.016687,-0.091950,-0.005830,0.000963,0.011204,-100.649893,-1.722782,123.820768
39493.0,2026-02-06T14:06:04.635287,31.749917,-0.302496,0.360808,0.683481,-0.557824,-0.072858,0.092060,-0.085029,-0.005074,0.001155,0.011157,-101.225367,-0.628298,123.825150
39531.0,2026-02-06T14:06:04.636284,31.750914,-0.301116,0.358140,0.685574,-0.557721,-0.090170,0.043509,-0.081819,-0.004878,0.000395,0.011955,-101.336487,-0.767242,124.206683
39567.0,2026-02-06T14:06:04.696016,31.810646,-0.307984,0.352568,0.683591,-0.559951,0.114541,0.059482,-0.116477,-0.004832,0.000216,0.011348,-100.559952,-1.502957,124.185676
39614.0,2026-02-06T14:06:04.755813,31.870443,-0.306195,0.350413,0.685462,-0.559997,0.094640,0.023970,-0.099259,-0.004820,0.000171,0.011193,-100.682436,-1.564884,124.549770
39649.0,2026-02-06T14:06:04.756716,31.871346,-0.297481,0.357671,0.685707,-0.559805,-0.113827,0.109860,-0.095425,-0.005623,0.000965,0.011960,-101.317833,-0.430692,124.553036
39685.0,2026-02-06T14:06:04.816066,31.930696,-0.305534,0.351093,0.685623,-0.559736,0.072663,0.021562,-0.100888,-0.005815,0.000361,0.010555,-100.763330,-1.485560,124.538240
39728.0,2026-02-06T14:06:04.817137,31.931767,-0.303544,0.348792,0.687360,-0.560126,0.062017,0.004805,-0.098898,-0.005865,0.001003,0.010992,-100.853949,-1.521567,124.932639
