t_imu_ms,pc_timestamp_iso,pc_timestamp_s,qw,qx,qy,qz,ax_lin_mps2,ay_lin_mps2,az_lin_mps2,gx_rads,gy_rads,gz_rads,roll_deg,pitch_deg,yaw_deg
7814.0,2025-12-17T00:16:47.951822,0.056018,0.999256,0.026619,-0.001889,0.027843,0.075885,-0.382055,0.034027,0.069431,-0.022992,0.026376,3.043535,-0.301213,3.184066
7854.0,2025-12-17T00:16:47.996068,0.100264,0.999200,0.027110,-0.000557,0.029409,0.098271,-0.412794,0.032797,0.068382,-0.023925,0.026468,3.103705,-0.155135,3.367556
7887.0,2025-12-17T00:16:48.023535,0.127731,0.999190,0.026924,-0.001340,0.029883,0.084417,-0.474782,0.007633,0.107235,-0.024172,0.025710,3.079719,-0.245663,3.419519
7928.0,2025-12-17T00:16:48.071897,0.176093,0.999116,0.028083,0.000055,0.031278,0.106233,-0.466123,0.018848,0.108917,-0.021913,0.026285,3.217071,-0.094378,3.583538
7958.0,2025-12-17T00:16:48.102808,0.207004,0.999106,0.027923,-0.000703,0.031737,0.097449,-0.469736,0.011236,0.107825,-0.021296,0.025667,3.196039,-0.182050,3.633750
7992.0,2025-12-17T00:16:48.131588,0.235784,0.999098,0.027636,-0.001403,0.032204,0.077861,-0.458908,0.011607,0.101331,-0.022678,0.026274,3.160448,-0.262652,3.685152
8032.0,2025-12-17T00:16:48.177845,0.282041,0.999007,0.029081,0.000020,0.033762,0.103068,-0.508775,0.016529,0.122061,-0.017624,0.026439,3.331136,-0.110185,3.868032
8066.0,2025-12-17T00:16:48.203758,0.307954,0.999007,0.028437,-0.000609,0.034297,0.086413,-0.513081,0.007730,0.084895,-0.016218,0.027281,3.254796,-0.181531,3.927389
8101.0,2025-12-17T00:16:48.235661,0.339857,0.999021,0.027319,-0.001204,0.034770,0.076114,-0.462304,0.012793,0.056164,-0.016648,0.025931,3.124196,-0.246678,3.979960
8143.0,2025-12-17T00:16:48.281910,0.386106,0.998948,0.027638,0.000306,0.036601,0.109459,-0.477278,0.002492,0.057049,-0.013587,0.026356,3.166612,-0.080864,4.194453
8183.0,2025-12-17T00:16:48.327472,0.431668,0.998956,0.026634,-0.000349,0.037102,0.100070,-0.421930,0.013793,0.062770,-0.011247,0.026463,3.048799,-0.153214,4.249939
8220.0,2025-12-17T00:16:48.355544,0.459740,0.998865,0.027750,0.001255,0.038695,0.137511,-0.431580,0.015331,0.099201,-0.016974,0.025698,3.183486,0.020606,4.437464
8252.0,2025-12-17T00:16:48.383308,0.487504,0.998843,0.027918,0.000430,0.039165,0.118437,-0.445366,0.016244,0.124611,-0.019958,0.026284,3.199033,-0.076062,4.488788
8292.0,2025-12-17T00:16:48.431594,0.535790,0.998836,0.027486,-0.000238,0.039627,0.101127,-0.477006,0.004496,0.092113,-0.018447,0.026441,3.146495,-0.152067,4.539703
8327.0,2025-12-17T00:16:48.461588,0.565784,0.998752,0.028198,0.001159,0.041216,0.129402,-0.455377,0.009726,0.083063,-0.017248,0.026485,3.234465,-0.000479,4.726236
8359.0,2025-12-17T00:16:48.491883,0.596079,0.998753,0.027414,0.000424,0.041716,0.112481,-0.482794,-0.000310,0.073577,-0.017705,0.027278,3.141138,-0.082538,4.781234
8401.0,2025-12-17T00:16:48.535923,0.640119,0.998750,0.026766,-0.000287,0.042209,0.095139,-0.420622,0.021150,0.081214,-0.017044,0.026708,3.063417,-0.162253,4.835610
8435.0,2025-12-17T00:16:48.566745,0.670941,0.998649,0.027640,0.001081,0.043980,0.128796,-0.444391,0.005881,0.089553,-0.018441,0.026555,3.170124,-0.015633,5.042903
8474.0,2025-12-17T00:16:48.611460,0.715657,0.998639,0.027145,0.000162,0.044527,0.120434,-0.440553,0.005243,0.090977,-0.018010,0.026514,3.108672,-0.119936,5.102735
8515.0,2025-12-17T00:16:48.654820,0.759017,0.998635,0.026513,-0.000613,0.044993,0.098937,-0.426757,0.013725,0.081196,-0.021021,0.025726,3.032284,-0.206883,5.153906
8550.0,2025-12-17T00:16:48.683987,0.788183,0.998537,0.027290,0.000871,0.046670,0.116358,-0.422885,0.013207,0.082472,-0.017895,0.025511,3.128803,-0.046340,5.350694
8589.0,2025-12-17T00:16:48.732001,0.836197,0.998533,0.026617,0.000102,0.047147,0.112862,-0.437676,0.006076,0.079661,-0.017092,0.025456,3.047616,-0.132179,5.403021
8626.0,2025-12-17T00:16:48.762097,0.866293,0.998438,0.027267,0.001579,0.048739,0.134312,-0.432828,0.013277,0.075801,-0.016101,0.026222,3.130098,0.028416,5.590186
8663.0,2025-12-17T00:16:48.804502,0.908698,0.998441,0.026294,0.000740,0.049238,0.118484,-0.403516,0.016797,0.064456,-0.015040,0.025637,3.013973,-0.063669,5.644785
8701.0,2025-12-17T00:16:48.833453,0.937649,0.998439,0.025433,-0.000057,0.049730,0.100360,-0.354430,0.015360,0.068634,-0.015555,0.026273,2.910775,-0.151425,5.698986
8740.0,2025-12-17T00:16:48.881893,0.986089,0.998333,0.026341,0.001455,0.051331,0.130324,-0.382830,0.009211,0.088529,-0.017257,0.027224,3.023352,0.011491,5.887054
8773.0,2025-12-17T00:16:48.911931,1.016128,0.998326,0.025668,0.000621,0.051819,0.122788,-0.373206,0.019095,0.076638,-0.014590,0.026695,2.941415,-0.081390,5.940559
8812.0,2025-12-17T00:16:48.955348,1.059544,0.998312,0.025219,-0.000230,0.052310,0.103241,-0.343387,0.020564,0.089838,-0.017777,0.026553,2.884879,-0.177432,5.994503
8849.0,2025-12-17T00:16:48.984889,1.089085,0.998198,0.026058,0.001393,0.054038,0.121703,-0.372567,0.008150,0.083887,-0.013878,0.027308,2.990628,-0.002009,6.197334
8882.0,2025-12-17T00:16:49.012619,1.116815,0.998187,0.025458,0.000639,0.054528,0.109546,-0.355056,0.011642,0.081617,-0.012901,0.026717,2.917195,-0.085989,6.251416
8924.0,2025-12-17T00:16:49.063289,1.167485,0.998063,0.026475,0.002386,0.056249,0.156066,-0.361536,0.009102,0.088222,-0.015042,0.025751,3.044734,0.102268,6.454015
8957.0,2025-12-17T00:16:49.091698,1.195894,0.998049,0.026020,0.001498,0.056728,0.134738,-0.367553,0.011973,0.087458,-0.014773,0.026300,2.986983,0.002138,6.506324
8996.0,2025-12-17T00:16:49.131472,1.235668,0.998035,0.025536,0.000599,0.057220,0.119812,-0.359594,0.012408,0.088040,-0.016278,0.025660,2.925622,-0.098952,6.560149
9039.0,2025-12-17T00:16:49.228112,1.332309,0.997918,0.026494,0.002106,0.058762,0.155327,-0.369715,0.024964,0.093642,-0.016664,0.026275,3.045316,0.062378,6.741551
9070.0,2025-12-17T00:16:49.228112,1.332309,0.997902,0.026074,0.001235,0.059255,0.130371,-0.369673,0.014559,0.089699,-0.015989,0.027218,2.991291,-0.035805,6.795542
9104.0,2025-12-17T00:16:49.286412,1.390608,0.997886,0.025621,0.000461,0.059728,0.113470,-0.362281,0.022750,0.089413,-0.015028,0.025915,2.934155,-0.122664,6.847550
9149.0,2025-12-17T00:16:49.306813,1.411009,0.997752,0.026565,0.001783,0.061501,0.150287,-0.371317,0.017209,0.091673,-0.017885,0.026344,3.051269,0.016686,7.054859
9183.0,2025-12-17T00:16:49.343848,1.448044,0.997733,0.026202,0.000901,0.061981,0.127967,-0.369506,0.019654,0.093058,-0.017874,0.026459,3.003515,-0.083116,7.107293
9221.0,2025-12-17T00:16:49.407605,1.511801,0.997609,0.027039,0.002438,0.063553,0.155554,-0.391003,0.012736,0.087209,-0.013205,0.026490,3.110283,0.081808,7.292498
9251.0,2025-12-17T00:16:49.408649,1.512846,0.997595,0.026508,0.001563,0.064026,0.147933,-0.367386,0.016992,0.082511,-0.011942,0.025719,3.043148,-0.015829,7.344041
9287.0,2025-12-17T00:16:49.464711,1.568907,0.997575,0.026042,0.000577,0.064544,0.126557,-0.343276,0.017383,0.089213,-0.015593,0.025506,2.982630,-0.126697,7.400576
9333.0,2025-12-17T00:16:49.464711,1.568907,0.997448,0.026989,0.002090,0.066066,0.144688,-0.379955,0.009805,0.093177,-0.017258,0.026234,3.102166,0.034579,7.579851
9365.0,2025-12-17T00:16:49.527742,1.631938,0.997430,0.026547,0.001284,0.066532,0.131600,-0.368370,0.015200,0.088796,-0.013816,0.025651,3.045499,-0.055656,7.630892
9399.0,2025-12-17T00:16:49.581825,1.686021,0.997403,0.026337,0.000482,0.067027,0.124973,-0.367138,0.010434,0.102510,-0.014448,0.026277,3.015293,-0.147223,7.685247
9437.0,2025-12-17T00:16:49.581825,1.686021,0.997260,0.027393,0.001849,0.068694,0.153486,-0.386851,0.015071,0.098325,-0.019269,0.026440,3.146555,-0.004383,7.880782
9469.0,2025-12-17T00:16:49.646955,1.751151,0.997239,0.026999,0.001007,0.069169,0.125505,-0.377542,0.015535,0.091751,-0.019026,0.026485,3.094838,-0.098929,7.932785
9510.0,2025-12-17T00:16:49.646955,1.751151,0.997217,0.026617,0.000184,0.069636,0.121172,-0.384360,0.019611,0.093079,-0.019738,0.025719,3.044511,-0.191355,7.983948
9548.0,2025-12-17T00:16:49.704716,1.808912,0.997053,0.027547,0.001682,0.071578,0.156511,-0.402816,0.005113,0.085455,-0.016738,0.025507,3.162698,-0.033763,8.211413
9583.0,2025-12-17T00:16:49.766426,1.870622,0.997033,0.027062,0.000842,0.072058,0.133933,-0.380250,0.021850,0.086715,-0.016787,0.026234,3.100341,-0.127290,8.263981
9626.0,2025-12-17T00:16:49.766426,1.870622,0.996883,0.028040,0.002307,0.073702,0.163944,-0.399586,0.015900,0.091729,-0.017580,0.026430,3.224325,0.026742,8.457396
9652.0,2025-12-17T00:16:49.826735,1.930931,0.996864,0.027512,0.001528,0.074182,0.139172,-0.397916,0.021041,0.084514,-0.014680,0.026482,3.157331,-0.059282,8.510078
9694.0,2025-12-17T00:16:49.826735,1.930931,0.996840,0.027017,0.000666,0.074702,0.133793,-0.380339,0.024334,0.088084,-0.015469,0.026496,3.093358,-0.155211,8.567166
9736.0,2025-12-17T00:16:49.881698,1.985894,0.996693,0.027899,0.002143,0.076285,0.166069,-0.394731,0.023046,0.088979,-0.018004,0.026500,3.206868,0.000928,8.753599
9768.0,2025-12-17T00:16:49.946548,2.050744,0.996670,0.027508,0.001317,0.076754,0.139152,-0.382771,0.009608,0.091556,-0.016349,0.025722,3.154809,-0.091574,8.804806
9804.0,2025-12-17T00:16:49.946548,2.050744,0.996644,0.027045,0.000504,0.077258,0.128310,-0.387089,0.018133,0.089891,-0.016687,0.026299,3.094709,-0.181835,8.860290
9843.0,2025-12-17T00:16:50.007187,2.111384,0.996472,0.028004,0.002147,0.079085,0.165379,-0.403356,0.022051,0.087053,-0.015975,0.026451,3.218894,-0.008670,9.075322
9879.0,2025-12-17T00:16:50.009672,2.113868,0.996447,0.027594,0.001350,0.079567,0.139071,-0.395436,0.020323,0.091040,-0.016582,0.026488,3.164699,-0.097474,9.128199
9922.0,2025-12-17T00:16:50.065577,2.169773,0.996292,0.028463,0.002876,0.081135,0.168520,-0.401322,0.018287,0.088996,-0.015188,0.025719,3.278011,0.063677,9.313314
9949.0,2025-12-17T00:16:50.127166,2.231362,0.996266,0.028067,0.002026,0.081627,0.154731,-0.400735,0.017165,0.090782,-0.016370,0.027070,3.224916,-0.031223,9.367003
9988.0,2025-12-17T00:16:50.128855,2.233051,0.996238,0.027668,0.001265,0.082110,0.133527,-0.393001,0.013826,0.092040,-0.016688,0.026654,3.172167,-0.115937,9.420088
10026.0,2025-12-17T00:16:50.181828,2.286025,0.996066,0.028622,0.002684,0.083826,0.167715,-0.406587,0.023404,0.091601,-0.016774,0.026542,3.294519,0.031377,9.621933
10061.0,2025-12-17T00:16:50.244617,2.348813,0.996037,0.028152,0.001790,0.084349,0.158338,-0.395380,0.018017,0.087536,-0.015219,0.027301,3.232164,-0.067781,9.679094
10097.0,2025-12-17T00:16:50.306374,2.410570,0.996007,0.027782,0.001010,0.084836,0.137851,-0.394700,0.011278,0.093507,-0.017158,0.026716,3.182386,-0.154761,9.732619
10138.0,2025-12-17T00:16:50.306374,2.410570,0.995844,0.028760,0.002506,0.086383,0.168022,-0.412688,0.013573,0.094330,-0.019234,0.027337,3.308639,0.001266,9.915346
10174.0,2025-12-17T00:16:50.306374,2.410570,0.995818,0.028237,0.001688,0.086868,0.159059,-0.405180,0.010583,0.083668,-0.015129,0.026727,3.240749,-0.088464,9.968388
10208.0,2025-12-17T00:16:50.366232,2.470428,0.995783,0.027916,0.000790,0.087384,0.143146,-0.395274,0.009448,0.096576,-0.019544,0.026559,3.195085,-0.189406,10.024850
10249.0,2025-12-17T00:16:50.426353,2.530550,0.995595,0.028954,0.002441,0.089145,0.170644,-0.419067,0.013811,0.091926,-0.017491,0.026516,3.330033,-0.017253,10.232664
10284.0,2025-12-17T00:16:50.426353,2.530550,0.995565,0.028500,0.001684,0.089640,0.149665,-0.402270,0.017252,0.088457,-0.014655,0.027283,3.270463,-0.100641,10.287174
10326.0,2025-12-17T00:16:50.482566,2.586762,0.995372,0.029402,0.003039,0.091440,0.175966,-0.419493,0.021194,0.089079,-0.017006,0.026712,3.387494,0.038551,10.498640
10356.0,2025-12-17T00:16:50.482566,2.586762,0.995341,0.028962,0.002169,0.091937,0.165174,-0.401126,0.012180,0.087689,-0.016859,0.027336,3.328090,-0.057678,10.552835
10397.0,2025-12-17T00:16:50.545824,2.650020,0.995304,0.028558,0.001261,0.092486,0.143728,-0.399414,0.016972,0.093738,-0.018427,0.026706,3.272239,-0.158831,10.613111
10432.0,2025-12-17T00:16:50.607862,2.712058,0.995107,0.029456,0.002619,0.094274,0.172398,-0.423282,0.020077,0.089721,-0.016463,0.025778,3.389167,-0.019573,10.823188
10469.0,2025-12-17T00:16:50.609504,2.713700,0.995075,0.029101,0.001750,0.094738,0.167248,-0.410672,0.019531,0.092534,-0.018270,0.025528,3.339210,-0.116351,10.873717
10507.0,2025-12-17T00:16:50.667497,2.771693,0.995045,0.028670,0.001006,0.095200,0.143717,-0.406348,0.016848,0.090178,-0.017200,0.025461,3.281890,-0.198105,10.924538
10545.0,2025-12-17T00:16:50.727960,2.832156,0.994852,0.029617,0.002474,0.096886,0.172250,-0.416536,0.019745,0.091099,-0.016911,0.027000,3.405881,-0.046778,11.123247
10581.0,2025-12-17T00:16:50.727960,2.832156,0.994816,0.029165,0.001578,0.097402,0.156620,-0.420353,0.009595,0.091356,-0.017636,0.025014,3.344251,-0.145669,11.179698
10620.0,2025-12-17T00:16:50.785853,2.890050,0.994612,0.030124,0.002971,0.099150,0.194036,-0.429792,0.002842,0.092974,-0.017807,0.026879,3.469265,-0.003624,11.385592
10649.0,2025-12-17T00:16:50.788048,2.892244,0.994577,0.029773,0.002155,0.099629,0.169585,-0.434899,0.006527,0.093409,-0.018631,0.026603,3.419887,-0.094283,11.437955
10690.0,2025-12-17T00:16:50.847458,2.951654,0.994543,0.029301,0.001470,0.100115,0.144119,-0.420304,-0.001327,0.088842,-0.015731,0.026528,3.358182,-0.168610,11.491662
10728.0,2025-12-17T00:16:50.908945,3.013141,0.994350,0.030163,0.002961,0.101734,0.185705,-0.435368,0.006766,0.090741,-0.016516,0.026508,3.473603,-0.014201,11.682972
10763.0,2025-12-17T00:16:50.909398,3.013594,0.994315,0.029769,0.002172,0.102213,0.168250,-0.431299,0.009678,0.091251,-0.017506,0.026503,3.419347,-0.101202,11.735441
10798.0,2025-12-17T00:16:50.964298,3.068495,0.994280,0.029304,0.001454,0.102693,0.153030,-0.419835,0.013814,0.088275,-0.016216,0.026502,3.357777,-0.179223,11.788429
10839.0,2025-12-17T00:16:51.027446,3.131643,0.994085,0.030224,0.002989,0.104276,0.192809,-0.430417,0.021881,0.091367,-0.017426,0.027280,3.480778,-0.020667,11.975847
10870.0,2025-12-17T00:16:51.027446,3.131643,0.994047,0.029840,0.002188,0.104760,0.175303,-0.429840,0.016451,0.091420,-0.016972,0.026711,3.427426,-0.108994,12.028772
10907.0,2025-12-17T00:16:51.087088,3.191285,0.994010,0.029367,0.001464,0.105256,0.158338,-0.415749,0.015882,0.087542,-0.015294,0.027336,3.364716,-0.187446,12.083622
10948.0,2025-12-17T00:16:51.087088,3.191285,0.993801,0.030195,0.002943,0.106957,0.187709,-0.433693,0.006969,0.084939,-0.015620,0.026726,3.476816,-0.034976,12.284500
10978.0,2025-12-17T00:16:51.147066,3.251262,0.993764,0.029694,0.002151,0.107458,0.173079,-0.412351,0.010841,0.085018,-0.014928,0.027341,3.409947,-0.120703,12.339456
11021.0,2025-12-17T00:16:51.202193,3.306389,0.993554,0.030630,0.003656,0.109077,0.200512,-0.429872,0.009307,0.092836,-0.017861,0.026726,3.535251,0.033395,12.531296
11055.0,2025-12-17T00:16:51.209827,3.314024,0.993518,0.030167,0.002907,0.109557,0.187264,-0.446532,0.009242,0.087149,-0.013979,0.026562,3.473079,-0.047716,12.583948
11088.0,2025-12-17T00:16:51.266250,3.370446,0.993480,0.029738,0.002112,0.110042,0.176364,-0.411757,0.006328,0.088729,-0.015267,0.026517,3.414178,-0.134606,12.637099
11125.0,2025-12-17T00:16:51.266250,3.370446,0.993246,0.030747,0.003592,0.111823,0.199337,-0.435477,0.009645,0.093865,-0.017185,0.026505,3.547865,0.014848,12.847428
11152.0,2025-12-17T00:16:51.325510,3.429706,0.993208,0.030246,0.002797,0.112316,0.182897,-0.416026,0.007794,0.084317,-0.014575,0.027280,3.480588,-0.070918,12.901527
11191.0,2025-12-17T00:16:51.325510,3.429706,0.993169,0.029802,0.002015,0.112792,0.176309,-0.408080,0.020102,0.087971,-0.014648,0.025930,3.419794,-0.155906,12.953759
11235.0,2025-12-17T00:16:51.381510,3.485707,0.992925,0.030876,0.003606,0.114605,0.213741,-0.444171,0.012542,0.093735,-0.017846,0.026356,3.562767,0.004838,13.168270
11268.0,2025-12-17T00:16:51.445576,3.549772,0.992882,0.030549,0.002773,0.115082,0.188185,-0.426500,0.021676,0.093614,-0.017864,0.026462,3.514509,-0.087338,13.220316
11312.0,2025-12-17T00:16:51.445576,3.549772,0.992654,0.031448,0.004218,0.116751,0.220631,-0.435118,0.012142,0.090470,-0.017091,0.024935,3.636033,0.059064,13.417871
11345.0,2025-12-17T00:16:51.563550,3.667746,0.992609,0.031105,0.003242,0.117258,0.205424,-0.430795,0.008450,0.092779,-0.018465,0.026102,3.583917,-0.049241,13.472851
11381.0,2025-12-17T00:16:51.563550,3.667746,0.992561,0.030860,0.002417,0.117746,0.178826,-0.433858,0.002993,0.098802,-0.021143,0.027171,3.544856,-0.141444,13.526189
11424.0,2025-12-17T00:16:51.563550,3.667746,0.992321,0.032073,0.003818,0.119396,0.208490,-0.465755,0.012801,0.106635,-0.022640,0.025906,3.701880,-0.004621,13.721567
11451.0,2025-12-17T00:16:51.625838,3.730034,0.992271,0.031920,0.003036,0.119873,0.192423,-0.473901,0.013100,0.104105,-0.021495,0.027114,3.673690,-0.093268,13.773656
11492.0,2025-12-17T00:16:51.625838,3.730034,0.992231,0.031450,0.002376,0.120347,0.176124,-0.470537,0.004604,0.087906,-0.016530,0.026668,3.611081,-0.163542,13.826052
11528.0,2025-12-17T00:16:51.684150,3.788347,0.991969,0.032265,0.003869,0.122239,0.216408,-0.476248,0.008718,0.082617,-0.014361,0.024962,3.724367,-0.012203,14.049706
11562.0,2025-12-17T00:16:51.742330,3.846526,0.991924,0.031920,0.003094,0.122713,0.194289,-0.457292,0.023237,0.093760,-0.017711,0.026089,3.674285,-0.097202,14.101560
11598.0,2025-12-17T00:16:51.742330,3.846526,0.991880,0.031523,0.002424,0.123187,0.178941,-0.470213,0.005251,0.092065,-0.017050,0.026390,3.619582,-0.169428,14.153888
11639.0,2025-12-17T00:16:51.805221,3.909417,0.991642,0.032281,0.003962,0.124858,0.215829,-0.476363,0.009701,0.082270,-0.013758,0.027249,3.727525,-0.011676,14.352344
11673.0,2025-12-17T00:16:51.805221,3.909417,0.991599,0.031586,0.003168,0.125392,0.198915,-0.455436,0.013571,0.077965,-0.012848,0.026689,3.637014,-0.093872,14.411068
11716.0,2025-12-17T00:16:51.864037,3.968233,0.991310,0.032974,0.004750,0.127260,0.239878,-0.473440,0.016448,0.109872,-0.024690,0.026547,3.817755,0.058679,14.632687
11748.0,2025-12-17T00:16:51.925002,4.029198,0.991257,0.032889,0.003914,0.127718,0.208614,-0.503522,0.010534,0.107315,-0.025927,0.026514,3.795918,-0.036714,14.682424
11785.0,2025-12-17T00:16:51.925002,4.029198,0.991214,0.032438,0.003224,0.128187,0.198018,-0.479740,0.007449,0.088024,-0.016196,0.026505,3.734494,-0.110298,14.734011
11827.0,2025-12-17T00:16:51.988284,4.092480,0.990948,0.033265,0.004634,0.129974,0.234136,-0.502051,0.002397,0.086626,-0.015862,0.026502,3.849309,0.030818,14.945680
11857.0,2025-12-17T00:16:51.990828,4.095024,0.990894,0.032921,0.003745,0.130505,0.216385,-0.488118,0.009316,0.095055,-0.018976,0.026501,3.796916,-0.067115,15.003664
11902.0,2025-12-17T00:16:52.046588,4.150784,0.990851,0.032376,0.003117,0.130982,0.194793,-0.483691,0.001170,0.083864,-0.013504,0.026501,3.725479,-0.132020,15.056442
11936.0,2025-12-17T00:16:52.102898,4.207094,0.990556,0.033178,0.004780,0.132945,0.237516,-0.486647,0.012977,0.080749,-0.011981,0.026501,3.841760,0.037074,15.289555
11979.0,2025-12-17T00:16:52.167530,4.271726,0.990507,0.032799,0.003992,0.133429,0.226763,-0.476077,0.010555,0.090926,-0.015517,0.026501,3.786626,-0.048404,15.342410
12011.0,2025-12-17T00:16:52.167530,4.271726,0.990232,0.033662,0.005414,0.135197,0.250315,-0.489404,0.006609,0.088965,-0.016458,0.027280,3.906602,0.092885,15.552241
12048.0,2025-12-17T00:16:52.224956,4.329152,0.990181,0.033356,0.004578,0.135677,0.243765,-0.490640,0.007827,0.093888,-0.017490,0.026711,3.858862,0.000856,15.604457
12085.0,2025-12-17T00:16:52.227555,4.331751,0.990130,0.032983,0.003752,0.136162,0.225432,-0.484737,0.014340,0.092077,-0.017771,0.025768,3.803614,-0.088930,15.657378
12127.0,2025-12-17T00:16:52.283646,4.387842,0.989840,0.033998,0.005085,0.137968,0.252566,-0.490429,0.011530,0.095501,-0.019400,0.025525,3.939784,0.039288,15.871367
12154.0,2025-12-17T00:16:52.283646,4.387842,0.989783,0.033807,0.004285,0.138447,0.231458,-0.502035,0.012352,0.101087,-0.020616,0.027015,3.905454,-0.050361,15.923613
12197.0,2025-12-17T00:16:52.345973,4.450169,0.989727,0.033689,0.003493,0.138901,0.211361,-0.500824,0.013133,0.105699,-0.024824,0.025865,3.879383,-0.140081,15.973013
12232.0,2025-12-17T00:16:52.401577,4.505774,0.989440,0.034736,0.004820,0.140637,0.240148,-0.541224,0.000108,0.099975,-0.022090,0.027103,4.019432,-0.013348,16.178996
12267.0,2025-12-17T00:16:52.407490,4.511687,0.989384,0.034274,0.004046,0.141170,0.222982,-0.524887,0.004358,0.090354,-0.017316,0.026650,3.954457,-0.095689,16.237521
12301.0,2025-12-17T00:16:52.465214,4.569410,0.989335,0.033834,0.003395,0.141633,0.214064,-0.523860,-0.001144,0.089589,-0.016942,0.025762,3.893892,-0.164230,16.288666
12344.0,2025-12-17T00:16:52.526274,4.630470,0.989014,0.034743,0.004992,0.143597,0.254688,-0.532196,-0.000119,0.088578,-0.015239,0.027117,4.023008,-0.006003,16.522119
12379.0,2025-12-17T00:16:52.527320,4.631516,0.988958,0.034369,0.004287,0.144089,0.228803,-0.516334,0.008287,0.092228,-0.017163,0.027446,3.968835,-0.081680,16.576288
12417.0,2025-12-17T00:16:52.586965,4.691162,0.988681,0.035133,0.005821,0.145744,0.267002,-0.533991,0.000056,0.084649,-0.014567,0.026756,4.081027,0.072721,16.773982
12453.0,2025-12-17T00:16:52.586965,4.691162,0.988628,0.034666,0.005038,0.146247,0.250443,-0.510899,0.009525,0.087312,-0.014647,0.026567,4.014956,-0.010254,16.829040
12490.0,2025-12-17T00:16:52.646395,4.750592,0.988574,0.034215,0.004347,0.146740,0.232943,-0.505175,0.023078,0.087993,-0.014667,0.027298,3.952217,-0.082869,16.883386
12528.0,2025-12-17T00:16:52.707105,4.811301,0.988248,0.035147,0.005659,0.148656,0.274807,-0.525173,0.013620,0.090513,-0.016231,0.026715,4.080088,0.042130,17.110566
12561.0,2025-12-17T00:16:52.708155,4.812351,0.988191,0.034786,0.004924,0.149147,0.253647,-0.521045,0.011337,0.091968,-0.015872,0.027337,4.026574,-0.036975,17.164324
12598.0,2025-12-17T00:16:52.764079,4.868275,0.988134,0.034261,0.004188,0.149663,0.231497,-0.506497,0.016532,0.086778,-0.014175,0.025911,3.954382,-0.113340,17.221190
12639.0,2025-12-17T00:16:52.825515,4.929711,0.987809,0.035162,0.005782,0.151535,0.275216,-0.531472,0.002899,0.087871,-0.016138,0.027146,4.084015,0.043919,17.444569
12674.0,2025-12-17T00:16:52.825515,4.929711,0.987752,0.034789,0.004978,0.152025,0.255460,-0.520470,0.016128,0.092096,-0.017422,0.025878,4.027733,-0.042633,17.497942
12716.0,2025-12-17T00:16:52.884259,4.988456,0.987427,0.035818,0.006340,0.153830,0.275351,-0.533127,0.011584,0.097064,-0.019306,0.026333,4.168272,0.086026,17.712860
12749.0,2025-12-17T00:16:52.884259,4.988456,0.987369,0.035366,0.005493,0.154344,0.272378,-0.533766,0.013579,0.088096,-0.016645,0.026459,4.102116,-0.003977,17.768821
12791.0,2025-12-17T00:16:52.944166,5.048362,0.987311,0.035016,0.004766,0.154819,0.246129,-0.516087,0.012985,0.092877,-0.017541,0.026490,4.049528,-0.081959,17.820914
12826.0,2025-12-17T00:16:53.007660,5.111856,0.986987,0.035876,0.006328,0.156617,0.287321,-0.542283,0.003243,0.087863,-0.015416,0.025709,4.174809,0.071864,18.035846
12858.0,2025-12-17T00:16:53.007660,5.111856,0.986934,0.035475,0.005546,0.157076,0.275533,-0.528302,0.009167,0.088920,-0.016432,0.025509,4.115379,-0.011299,18.085744
12899.0,2025-12-17T00:16:53.061560,5.165757,0.986873,0.035184,0.004770,0.157545,0.258216,-0.525817,0.004495,0.095434,-0.019820,0.026234,4.068409,-0.095725,18.136947
12928.0,2025-12-17T00:16:53.061560,5.165757,0.986528,0.036154,0.006061,0.159434,0.274702,-0.542862,0.008955,0.091741,-0.018397,0.026429,4.201669,0.024645,18.361468
12972.0,2025-12-17T00:16:53.126693,5.230889,0.986470,0.035808,0.005302,0.159893,0.270504,-0.536628,0.005677,0.092299,-0.018012,0.025703,4.148560,-0.056795,18.411521
13011.0,2025-12-17T00:16:53.184124,5.288321,0.986102,0.036757,0.006493,0.161895,0.300672,-0.544763,0.007276,0.091670,-0.017130,0.027064,4.277987,0.051819,18.648830
13041.0,2025-12-17T00:16:53.184124,5.288321,0.986034,0.036362,0.005688,0.162425,0.274187,-0.548549,0.001593,0.091498,-0.017683,0.027439,4.218256,-0.034152,18.706911
13080.0,2025-12-17T00:16:53.246026,5.350222,0.985971,0.035924,0.004917,0.162930,0.264345,-0.542405,0.010219,0.089863,-0.017028,0.025944,4.154248,-0.115188,18.762231
13120.0,2025-12-17T00:16:53.246026,5.350222,0.985643,0.036791,0.006376,0.164662,0.301424,-0.553984,0.004210,0.090236,-0.016865,0.026351,4.279711,0.025901,18.969502
13157.0,2025-12-17T00:16:53.305709,5.409905,0.985585,0.036323,0.005692,0.165136,0.272226,-0.543504,0.007020,0.086444,-0.014485,0.026461,4.213829,-0.044473,19.021667
13191.0,2025-12-17T00:16:53.368600,5.472796,0.985523,0.035837,0.004975,0.165636,0.259653,-0.530186,0.008653,0.087786,-0.014626,0.025697,4.145260,-0.118400,19.076643
13231.0,2025-12-17T00:16:53.394673,5.498869,0.985160,0.036719,0.006309,0.167548,0.304322,-0.547257,0.013303,0.087341,-0.015441,0.026285,4.270368,0.007187,19.304386
13268.0,2025-12-17T00:16:53.426692,5.530889,0.985096,0.036377,0.005569,0.168021,0.275738,-0.540239,0.004984,0.092676,-0.017997,0.026443,4.217352,-0.071757,19.356191
13296.0,2025-12-17T00:16:53.428304,5.532501,0.985036,0.035980,0.004918,0.168479,0.252078,-0.536730,0.011420,0.090994,-0.017127,0.025708,4.159912,-0.139506,19.406692
13339.0,2025-12-17T00:16:53.484406,5.588602,0.984695,0.036932,0.006379,0.170210,0.298107,-0.541672,0.011951,0.092876,-0.017670,0.025509,4.295749,-0.000586,19.613933
13375.0,2025-12-17T00:16:53.543532,5.647729,0.984630,0.036621,0.005649,0.170678,0.287195,-0.544772,0.010565,0.094160,-0.017038,0.026234,4.246342,-0.078917,19.665206
13408.0,2025-12-17T00:16:53.543532,5.647729,0.984256,0.037515,0.006943,0.172585,0.309926,-0.554090,0.009992,0.089836,-0.016089,0.025651,4.372756,0.041117,19.892470
13444.0,2025-12-17T00:16:53.665094,5.769290,0.984197,0.037062,0.006217,0.173042,0.300359,-0.557292,0.011975,0.086336,-0.015055,0.025494,4.307203,-0.033808,19.942450
13479.0,2025-12-17T00:16:53.667611,5.771808,0.984132,0.036640,0.005501,0.173525,0.281151,-0.548978,0.006011,0.089308,-0.016343,0.026235,4.245318,-0.108264,19.995487
13519.0,2025-12-17T00:16:53.667611,5.771808,0.983771,0.037542,0.006921,0.175322,0.304949,-0.562841,0.005453,0.091645,-0.016681,0.026430,4.375494,0.025922,20.210724
13552.0,2025-12-17T00:16:53.724507,5.828703,0.983709,0.037055,0.006208,0.175797,0.294115,-0.543783,-0.002832,0.084491,-0.014437,0.026482,4.306106,-0.046712,20.262787
13590.0,2025-12-17T00:16:53.727737,5.831934,0.983639,0.036705,0.005508,0.176288,0.280991,-0.543799,0.011553,0.092697,-0.016951,0.027276,4.252430,-0.120663,20.316867
13627.0,2025-12-17T00:16:53.784134,5.888330,0.983227,0.037664,0.006661,0.178331,0.310857,-0.554648,-0.000843,0.090223,-0.017622,0.027488,4.383979,-0.019221,20.559552
13661.0,2025-12-17T00:16:53.846186,5.950383,0.983159,0.037277,0.005965,0.178809,0.287414,-0.544875,0.009470,0.090333,-0.016247,0.026767,4.325970,-0.091802,20.612126
13699.0,2025-12-17T00:16:53.846186,5.950383,0.982751,0.038205,0.007669,0.180783,0.333705,-0.567955,0.000591,0.085540,-0.015060,0.026566,4.465818,0.072149,20.849613
13738.0,2025-12-17T00:16:53.907147,6.011343,0.982678,0.037779,0.006874,0.181300,0.313671,-0.550227,0.011404,0.088335,-0.015564,0.027308,4.401336,-0.010843,20.906109
13777.0,2025-12-17T00:16:53.907147,6.011343,0.982607,0.037455,0.006172,0.181776,0.294528,-0.553400,0.006347,0.093720,-0.017251,0.026718,4.350109,-0.085272,20.958525
13811.0,2025-12-17T00:16:53.962636,6.066833,0.982218,0.038305,0.007534,0.183639,0.330470,-0.564584,0.006196,0.088167,-0.015370,0.026560,4.474493,0.041939,21.181508
13850.0,2025-12-17T00:16:54.023988,6.128185,0.982152,0.037945,0.006770,0.184099,0.314442,-0.550990,0.011805,0.090560,-0.017199,0.025738,4.417716,-0.038524,21.231678
13884.0,2025-12-17T00:16:54.023988,6.128185,0.982083,0.037552,0.006060,0.184570,0.303261,-0.551201,0.000972,0.089645,-0.016133,0.026296,4.358435,-0.112300,21.283411
13919.0,2025-12-17T00:16:54.081814,6.186010,0.981709,0.038431,0.007631,0.186315,0.331542,-0.557090,0.004441,0.089397,-0.015843,0.025662,4.490803,0.037898,21.493749
13959.0,2025-12-17T00:16:54.146842,6.251038,0.981635,0.038067,0.006866,0.186806,0.316800,-0.560595,0.014288,0.091697,-0.016555,0.026283,4.433448,-0.042482,21.547544
13992.0,2025-12-17T00:16:54.146842,6.251038,0.981565,0.037678,0.006160,0.187276,0.298643,-0.553597,0.009267,0.089952,-0.017516,0.026442,4.374405,-0.115664,21.599290
14030.0,2025-12-17T00:16:54.207151,6.311348,0.981138,0.038538,0.007396,0.189283,0.321160,-0.562469,0.007499,0.085587,-0.014660,0.026485,4.497905,-0.004342,21.838730
14067.0,2025-12-17T00:16:54.207151,6.311348,0.981068,0.038102,0.006661,0.189760,0.320568,-0.554472,0.012773,0.086751,-0.015450,0.026497,4.432762,-0.079623,21.891048
14102.0,2025-12-17T00:16:54.264349,6.368545,0.980653,0.039086,0.008133,0.191642,0.354350,-0.575244,0.008775,0.092585,-0.018818,0.026500,4.575790,0.055631,22.117310
14139.0,2025-12-17T00:16:54.264349,6.368545,0.980579,0.038787,0.007400,0.192110,0.328586,-0.575459,0.005180,0.094082,-0.018126,0.026501,4.525985,-0.022378,22.168471
14175.0,2025-12-17T00:16:54.326314,6.430511,0.980506,0.038406,0.006688,0.192581,0.316123,-0.554529,0.008877,0.089819,-0.016384,0.026501,4.467287,-0.096114,22.220247
14212.0,2025-12-17T00:16:54.385967,6.490164,0.980111,0.039243,0.008114,0.194360,0.361002,-0.572431,0.013573,0.090224,-0.016692,0.026501,4.593085,0.037235,22.434408
14247.0,2025-12-17T00:16:54.385967,6.490164,0.980039,0.038768,0.007373,0.194848,0.327466,-0.572512,0.009490,0.085622,-0.015990,0.026501,4.523125,-0.037556,22.487919
14282.0,2025-12-17T00:16:54.444230,6.548426,0.979967,0.038318,0.006690,0.195324,0.316681,-0.561200,0.003732,0.086760,-0.015027,0.026501,4.457161,-0.106336,22.540439
14325.0,2025-12-17T00:16:54.506451,6.610647,0.979577,0.039113,0.008208,0.197057,0.364515,-0.569461,0.000158,0.087066,-0.015549,0.027281,4.580702,0.038184,22.749762
14355.0,2025-12-17T00:16:54.507648,6.611844,0.979504,0.038743,0.007450,0.197522,0.340219,-0.551331,0.002670,0.089485,-0.015688,0.025931,4.521968,-0.040771,22.800532
14392.0,2025-12-17T00:16:54.564292,6.668489,0.979426,0.038414,0.006744,0.197998,0.317867,-0.560528,0.004426,0.093264,-0.017290,0.026350,4.468875,-0.114604,22.852927
14428.0,2025-12-17T00:16:54.564292,6.668489,0.979014,0.039251,0.008099,0.199813,0.355517,-0.562671,0.006867,0.088819,-0.017714,0.025682,4.593786,0.009875,23.071179
14464.0,2025-12-17T00:16:54.627774,6.731971,0.978932,0.038937,0.007319,0.200308,0.340613,-0.562209,0.004434,0.093102,-0.017829,0.027070,4.540650,-0.072671,23.125427
14506.0,2025-12-17T00:16:54.683161,6.787358,0.978512,0.039882,0.008815,0.202103,0.369059,-0.576044,-0.004841,0.092662,-0.018644,0.026651,4.681349,0.064768,23.342318
14538.0,2025-12-17T00:16:54.683161,6.787358,0.978435,0.039648,0.007997,0.202558,0.359660,-0.562891,0.014643,0.095658,-0.019635,0.025764,4.636042,-0.023645,23.391590
14573.0,2025-12-17T00:16:54.747221,6.851418,0.978353,0.039441,0.007254,0.203018,0.337269,-0.583912,0.001251,0.098798,-0.021457,0.026302,4.595425,-0.104329,23.441955
14611.0,2025-12-17T00:16:54.763348,6.867544,0.977923,0.040383,0.008584,0.204848,0.366207,-0.587639,0.011257,0.092658,-0.018843,0.025671,4.732246,0.014022,23.662249
14644.0,2025-12-17T00:16:54.805069,6.909265,0.977849,0.040024,0.007844,0.205300,0.361002,-0.590817,0.001830,0.090212,-0.017355,0.025499,4.674537,-0.062683,23.711558
14681.0,2025-12-17T00:16:54.864300,6.968497,0.977775,0.039637,0.007144,0.205753,0.344708,-0.586779,0.008609,0.089551,-0.016953,0.025453,4.614524,-0.134103,23.761376
14719.0,2025-12-17T00:16:54.867924,6.972121,0.977340,0.040521,0.008544,0.207584,0.374891,-0.593606,0.004182,0.090152,-0.016845,0.026219,4.746803,-0.006986,23.982153
14756.0,2025-12-17T00:16:54.927187,7.031383,0.977263,0.040114,0.007821,0.208054,0.357312,-0.589714,0.007936,0.087978,-0.016816,0.026425,4.683908,-0.080526,24.033711
14789.0,2025-12-17T00:16:54.927187,7.031383,0.977185,0.039696,0.007142,0.208527,0.341431,-0.580938,0.007940,0.088172,-0.016029,0.026481,4.620730,-0.148854,24.085962
14826.0,2025-12-17T00:16:54.983573,7.087770,0.976743,0.040550,0.008504,0.210372,0.359851,-0.593963,0.001292,0.088224,-0.017376,0.025717,4.749048,-0.025681,24.308402
14866.0,2025-12-17T00:16:55.107435,7.211631,0.976663,0.040202,0.007797,0.210839,0.358410,-0.589259,0.002395,0.091353,-0.016958,0.026290,4.692897,-0.098689,24.359805
14899.0,2025-12-17T00:16:55.107435,7.211631,0.976212,0.041083,0.009179,0.212692,0.383301,-0.603119,0.003588,0.090638,-0.016068,0.026444,4.825208,0.025543,24.583496
14936.0,2025-12-17T00:16:55.107435,7.211631,0.976130,0.040749,0.008479,0.213160,0.368474,-0.597490,0.001494,0.092001,-0.016607,0.026486,4.770636,-0.046904,24.634967
14968.0,2025-12-17T00:16:55.107435,7.211631,0.976049,0.040368,0.007812,0.213630,0.355191,-0.592166,0.005323,0.090034,-0.015973,0.026497,4.711551,-0.114452,24.686846
15007.0,2025-12-17T00:16:55.163969,7.268165,0.975614,0.041200,0.009251,0.215393,0.390116,-0.596618,0.001043,0.090282,-0.017360,0.026500,4.840073,0.017315,24.900503
15040.0,2025-12-17T00:16:55.226532,7.330729,0.975532,0.040856,0.008525,0.215862,0.371874,-0.596026,-0.003046,0.091128,-0.017733,0.026501,4.783667,-0.057577,24.951870
15078.0,2025-12-17T00:16:55.228266,7.332463,0.975443,0.040528,0.007829,0.216351,0.358254,-0.594597,0.008746,0.092919,-0.017834,0.027283,4.729579,-0.129639,25.005938
15119.0,2025-12-17T00:16:55.285696,7.389892,0.974975,0.041403,0.009181,0.218232,0.393860,-0.603350,0.002457,0.089504,-0.015526,0.025934,4.861117,-0.009656,25.233124
15149.0,2025-12-17T00:16:55.285696,7.389892,0.974885,0.041067,0.008471,0.218727,0.376767,-0.600042,0.001013,0.091697,-0.017240,0.027906,4.805687,-0.083023,25.287635
15185.0,2025-12-17T00:16:55.345908,7.450104,0.974799,0.040696,0.007820,0.219203,0.356360,-0.591141,0.006490,0.090730,-0.016144,0.026880,4.747725,-0.148709,25.340409
15222.0,2025-12-17T00:16:55.406052,7.510248,0.974322,0.041607,0.009147,0.221093,0.392839,-0.609714,-0.004468,0.090470,-0.017406,0.025824,4.883060,-0.032914,25.568709
15258.0,2025-12-17T00:16:55.407881,7.512078,0.974239,0.041213,0.008457,0.221559,0.374870,-0.604841,-0.002955,0.088843,-0.016967,0.026319,4.821432,-0.102263,25.620002
15298.0,2025-12-17T00:16:55.463639,7.567836,0.973769,0.042061,0.009844,0.223402,0.410999,-0.601518,0.006233,0.088404,-0.016849,0.026452,4.951586,0.021694,25.843320
15330.0,2025-12-17T00:16:55.463639,7.567836,0.973680,0.041806,0.009092,0.223868,0.392015,-0.606624,-0.000630,0.095296,-0.019932,0.026488,4.903752,-0.058029,25.894258
15365.0,2025-12-17T00:16:55.526927,7.631124,0.973594,0.041443,0.008433,0.224333,0.368196,-0.608000,0.002781,0.090925,-0.017650,0.026498,4.846180,-0.124547,25.945678
15404.0,2025-12-17T00:16:55.587065,7.691261,0.973122,0.042380,0.009813,0.226146,0.408058,-0.613093,0.001202,0.094414,-0.018589,0.025722,4.986454,-0.003943,26.165598
15437.0,2025-12-17T00:16:55.587065,7.691261,0.973031,0.042074,0.009103,0.226620,0.397844,-0.625141,0.002390,0.093020,-0.018842,0.027068,4.933744,-0.077592,26.217706
15478.0,2025-12-17T00:16:55.641876,7.746072,0.972949,0.041641,0.008454,0.227077,0.376158,-0.608004,-0.000843,0.087199,-0.015799,0.025876,4.868524,-0.140996,26.268298
15510.0,2025-12-17T00:16:55.641876,7.746072,0.972482,0.042512,0.009905,0.228854,0.413900,-0.618475,0.007436,0.091858,-0.017314,0.026333,5.003545,-0.011107,26.484471
15544.0,2025-12-17T00:16:55.706116,7.810313,0.972394,0.042164,0.009205,0.229321,0.404248,-0.618740,0.006635,0.090774,-0.016942,0.026456,4.946256,-0.082287,26.535808
15580.0,2025-12-17T00:16:55.766661,7.870857,0.972306,0.041749,0.008559,0.229791,0.385780,-0.611058,0.000703,0.088146,-0.015285,0.026489,4.882912,-0.145730,26.587881
15618.0,2025-12-17T00:16:55.766661,7.870857,0.971838,0.042645,0.010025,0.231540,0.409789,-0.604834,-0.007172,0.090554,-0.017955,0.024940,5.021617,-0.015028,26.801084
15656.0,2025-12-17T00:16:55.825928,7.930125,0.971754,0.042221,0.009366,0.232001,0.396524,-0.619205,0.003419,0.087309,-0.015558,0.026081,4.956659,-0.079462,26.851962
15691.0,2025-12-17T00:16:55.825928,7.930125,0.971260,0.042937,0.010795,0.233865,0.430536,-0.609874,0.004408,0.080979,-0.012574,0.026388,5.074740,0.050833,27.078811
15726.0,2025-12-17T00:16:55.887255,7.991451,0.971170,0.042598,0.010070,0.234336,0.407661,-0.603591,0.005017,0.090986,-0.017236,0.026471,5.017491,-0.023275,27.130413
15765.0,2025-12-17T00:16:55.945612,8.049808,0.971077,0.042307,0.009364,0.234801,0.399466,-0.605144,0.008932,0.093651,-0.018478,0.026493,4.965941,-0.096264,27.181602
15798.0,2025-12-17T00:16:55.947631,8.051827,0.970564,0.043141,0.010704,0.236707,0.427999,-0.623474,0.004537,0.086592,-0.014923,0.026499,5.095138,0.020250,27.413013
15838.0,2025-12-17T00:16:56.007235,8.111432,0.970472,0.042799,0.010003,0.237176,0.418781,-0.615261,0.002196,0.090918,-0.016300,0.026501,5.037933,-0.050770,27.464689
15870.0,2025-12-17T00:16:56.007235,8.111432,0.970384,0.042423,0.009342,0.237631,0.402361,-0.610318,-0.001708,0.089742,-0.015891,0.025723,4.978013,-0.116404,27.514918
15906.0,2025-12-17T00:16:56.067787,8.171983,0.969873,0.043336,0.010735,0.239483,0.435231,-0.609587,0.008893,0.092539,-0.017338,0.027070,5.117724,0.003821,27.740479
15942.0,2025-12-17T00:16:56.124574,8.228770,0.969783,0.043010,0.010038,0.239937,0.419840,-0.622818,0.000487,0.091736,-0.017727,0.025877,5.062287,-0.067063,27.790296
15977.0,2025-12-17T00:16:56.128637,8.232833,0.969695,0.042638,0.009377,0.240386,0.404651,-0.619330,0.007027,0.089962,-0.017053,0.025555,5.002611,-0.132550,27.839973
16017.0,2025-12-17T00:16:56.185012,8.289209,0.969184,0.043545,0.010773,0.242220,0.443147,-0.623532,0.006157,0.091820,-0.016872,0.025468,5.142056,-0.012159,28.063435
16048.0,2025-12-17T00:16:56.188067,8.292263,0.969086,0.043241,0.010098,0.242693,0.425039,-0.623654,0.000034,0.093098,-0.016823,0.027001,5.089358,-0.081216,28.115808
16085.0,2025-12-17T00:16:56.244122,8.348318,0.969000,0.042735,0.009492,0.243153,0.406057,-0.609774,-0.001015,0.083330,-0.012143,0.025858,5.016174,-0.136752,28.166947
16124.0,2025-12-17T00:16:56.306697,8.410893,0.968453,0.043631,0.010810,0.245108,0.444278,-0.606667,0.007370,0.088489,-0.015557,0.026329,5.152543,-0.025806,28.404545
16156.0,2025-12-17T00:16:56.306697,8.410893,0.968359,0.043352,0.010088,0.245559,0.428210,-0.614022,0.000829,0.093761,-0.018806,0.025676,5.101219,-0.100438,28.454045
16200.0,2025-12-17T00:16:56.367764,8.471960,0.967813,0.044260,0.011365,0.247487,0.449682,-0.626871,-0.003708,0.091288,-0.016567,0.026279,5.238184,0.005191,28.688608
16233.0,2025-12-17T00:16:56.367764,8.471960,0.967715,0.043983,0.010649,0.247950,0.442725,-0.625515,-0.000007,0.093733,-0.018298,0.026441,5.187012,-0.068811,28.739469
16264.0,2025-12-17T00:16:56.427648,8.531845,0.967617,0.043682,0.009957,0.248414,0.430195,-0.619177,0.000942,0.092836,-0.017986,0.026485,5.133775,-0.139450,28.790677
16302.0,2025-12-17T00:16:56.484409,8.588605,0.967076,0.044576,0.011371,0.250296,0.456942,-0.636464,-0.002567,0.091027,-0.017118,0.026497,5.273471,-0.018364,29.020627
16343.0,2025-12-17T00:16:56.488709,8.592906,0.966979,0.044237,0.010659,0.250760,0.441072,-0.630852,0.005245,0.091330,-0.017672,0.025716,5.215291,-0.090040,29.071676
16382.0,2025-12-17T00:16:56.542680,8.646877,0.966868,0.043860,0.009950,0.251282,0.430863,-0.637780,-0.003373,0.091411,-0.017023,0.027101,5.152941,-0.160582,29.129668
16416.0,2025-12-17T00:16:56.542680,8.646877,0.966355,0.044635,0.011445,0.253050,0.458347,-0.635804,0.004697,0.087540,-0.014529,0.026663,5.282092,-0.026952,29.346807
16455.0,2025-12-17T00:16:56.606213,8.710410,0.966259,0.044258,0.010743,0.253513,0.455222,-0.625164,-0.001636,0.088838,-0.015418,0.025762,5.219814,-0.096181,29.397766
16492.0,2025-12-17T00:16:56.665296,8.769492,0.965712,0.045116,0.012133,0.255376,0.482957,-0.633237,0.000610,0.089961,-0.016432,0.027082,5.355486,0.022375,29.625912
16525.0,2025-12-17T00:16:56.667338,8.771534,0.965609,0.044748,0.011379,0.255865,0.469767,-0.645677,-0.002030,0.090268,-0.016710,0.025855,5.292522,-0.052863,29.679647
16562.0,2025-12-17T00:16:56.726503,8.830699,0.965513,0.044319,0.010716,0.256331,0.450434,-0.634931,0.001123,0.086449,-0.015221,0.026328,5.225501,-0.116161,29.731273
16605.0,2025-12-17T00:16:56.786164,8.890360,0.964951,0.045207,0.012077,0.258225,0.482217,-0.638298,0.000191,0.090100,-0.016380,0.026455,5.363961,-0.002269,29.963056
16641.0,2025-12-17T00:16:56.786164,8.890360,0.964837,0.044885,0.011331,0.258740,0.458702,-0.631203,-0.003239,0.092686,-0.017491,0.027283,5.306131,-0.078060,30.019924
16676.0,2025-12-17T00:16:56.846591,8.950788,0.964730,0.044442,0.010635,0.259246,0.443534,-0.637507,-0.001576,0.088550,-0.015376,0.025896,5.236341,-0.144533,30.076173
16718.0,2025-12-17T00:16:56.905738,9.009934,0.964171,0.045361,0.011988,0.261101,0.478951,-0.635635,0.000967,0.092999,-0.017979,0.025560,5.378381,-0.032670,30.303487
16756.0,2025-12-17T00:16:56.907548,9.011745,0.964070,0.045019,0.011302,0.261560,0.469028,-0.640650,0.003809,0.090304,-0.017122,0.026247,5.319892,-0.100710,30.354116
16791.0,2025-12-17T00:16:56.961599,9.065795,0.963504,0.045879,0.012629,0.263430,0.485044,-0.647308,-0.007636,0.090355,-0.016890,0.025654,5.454916,0.009462,30.583276
16825.0,2025-12-17T00:16:56.961599,9.065795,0.963400,0.045616,0.011929,0.263887,0.479636,-0.644161,0.004282,0.094261,-0.018385,0.026273,5.404591,-0.062428,30.633630
16858.0,2025-12-17T00:16:57.024816,9.129012,0.963296,0.045321,0.011249,0.264347,0.467766,-0.648656,-0.002698,0.093752,-0.018006,0.025657,5.351284,-0.131170,30.684479
16895.0,2025-12-17T00:16:57.024816,9.129012,0.962737,0.046141,0.012707,0.266173,0.489624,-0.649579,-0.000460,0.087395,-0.014795,0.027052,5.486255,-0.005502,30.909335
16934.0,2025-12-17T00:16:57.087418,9.191614,0.962634,0.045750,0.012001,0.266643,0.486775,-0.631971,0.003357,0.087236,-0.015486,0.026649,5.421506,-0.074059,30.961244
16966.0,2025-12-17T00:16:57.145875,9.250071,0.962525,0.045511,0.011311,0.267108,0.480608,-0.645324,-0.001116,0.095764,-0.018788,0.026541,5.373869,-0.145454,31.012603
17012.0,2025-12-17T00:16:57.145875,9.250071,0.961979,0.046288,0.012775,0.268868,0.491344,-0.654277,-0.005520,0.087945,-0.015787,0.026512,5.504560,-0.017907,31.229903
17042.0,2025-12-17T00:16:57.205513,9.309710,0.961871,0.046039,0.012090,0.269330,0.484511,-0.641657,-0.005669,0.095173,-0.018089,0.026504,5.455887,-0.088287,31.280969
17083.0,2025-12-17T00:16:57.267784,9.371980,0.961763,0.045674,0.011429,0.269805,0.483172,-0.657508,0.008491,0.089338,-0.017152,0.027279,5.395103,-0.152491,31.333769
17116.0,2025-12-17T00:16:57.269124,9.373320,0.961134,0.046583,0.012596,0.271831,0.499579,-0.655046,0.000369,0.088538,-0.016120,0.026711,5.531482,-0.063791,31.581166
17154.0,2025-12-17T00:16:57.324503,9.428699,0.961026,0.046293,0.011912,0.272295,0.490593,-0.649888,0.001237,0.092995,-0.018179,0.026557,5.478105,-0.132650,31.632480
17194.0,2025-12-17T00:16:57.324503,9.428699,0.960411,0.047182,0.013401,0.274235,0.527461,-0.658996,-0.000047,0.089470,-0.016370,0.026516,5.622787,-0.007881,31.871883
17226.0,2025-12-17T00:16:57.386242,9.490439,0.960305,0.046764,0.012681,0.274711,0.511316,-0.653023,0.003517,0.086982,-0.015113,0.025716,5.553963,-0.076627,31.924404
17264.0,2025-12-17T00:16:57.446640,9.550836,0.960204,0.046352,0.012047,0.275164,0.497046,-0.642861,0.004648,0.087125,-0.013234,0.025511,5.488437,-0.135997,31.974679
17304.0,2025-12-17T00:16:57.446640,9.550836,0.959653,0.047221,0.013637,0.276858,0.536235,-0.658622,0.005468,0.094178,-0.015847,0.026235,5.634553,0.001552,32.185519
17341.0,2025-12-17T00:16:57.507488,9.611685,0.959538,0.046773,0.012890,0.277367,0.513981,-0.662860,-0.003436,0.086536,-0.015767,0.026435,5.561301,-0.069344,32.241869
17379.0,2025-12-17T00:16:57.562479,9.666675,0.959427,0.046476,0.012247,0.277831,0.497629,-0.651727,0.010315,0.093240,-0.016526,0.026483,5.508132,-0.133171,32.293492
17411.0,2025-12-17T00:16:57.568294,9.672490,0.958799,0.047394,0.013509,0.279778,0.540292,-0.657291,0.002382,0.090369,-0.016730,0.026496,5.649436,-0.035201,32.532826
17454.0,2025-12-17T00:16:57.684714,9.788911,0.958686,0.047058,0.012840,0.280255,0.514282,-0.651091,-0.003676,0.090372,-0.016006,0.027278,5.590933,-0.100756,32.585764
17486.0,2025-12-17T00:16:57.684714,9.788911,0.958573,0.046740,0.012200,0.280721,0.498514,-0.650511,0.000022,0.091930,-0.016590,0.026710,5.535174,-0.163464,32.637723
17520.0,2025-12-17T00:16:57.744727,9.848923,0.957966,0.047594,0.013585,0.282578,0.532817,-0.666466,-0.005147,0.090015,-0.015969,0.026558,5.673758,-0.049812,32.867266
17557.0,2025-12-17T00:16:57.744727,9.848923,0.957854,0.047232,0.012845,0.283054,0.524036,-0.655526,0.005154,0.089491,-0.017379,0.025726,5.609934,-0.122090,32.919669
17602.0,2025-12-17T00:16:57.744727,9.848923,0.957226,0.048053,0.014153,0.284972,0.544995,-0.661784,-0.009449,0.086243,-0.015402,0.026292,5.742665,-0.016763,33.156287
17633.0,2025-12-17T00:16:57.805433,9.909630,0.957117,0.047690,0.013456,0.285434,0.528385,-0.659529,-0.006925,0.088486,-0.017208,0.026445,5.679929,-0.084083,33.207373
17664.0,2025-12-17T00:16:57.808012,9.912209,0.957002,0.047411,0.012805,0.285895,0.520673,-0.665564,0.005566,0.093761,-0.017692,0.026486,5.627854,-0.149030,33.258635
17710.0,2025-12-17T00:16:57.861920,9.966117,0.956410,0.048241,0.014255,0.287663,0.546429,-0.669077,-0.004741,0.091288,-0.017045,0.026497,5.766640,-0.027897,33.478356
17736.0,2025-12-17T00:16:57.867376,9.971572,0.956299,0.047859,0.013621,0.288125,0.530377,-0.662567,-0.005805,0.088285,-0.014535,0.026500,5.703657,-0.087536,33.529847
17778.0,2025-12-17T00:16:57.926813,10.031010,0.956185,0.047524,0.012965,0.288588,0.527764,-0.657851,-0.001640,0.090591,-0.016195,0.026501,5.645174,-0.150978,33.581456
17818.0,2025-12-17T00:16:57.986120,10.090317,0.955509,0.048468,0.014651,0.290584,0.564454,-0.662355,-0.008002,0.089624,-0.015852,0.025698,5.804727,-0.009726,33.830082
17850.0,2025-12-17T00:16:57.988541,10.092737,0.955393,0.048242,0.013960,0.291037,0.540791,-0.667569,0.001777,0.095624,-0.019664,0.026285,5.756823,-0.080508,33.880075
17889.0,2025-12-17T00:16:58.043405,10.147601,0.954764,0.049049,0.015310,0.292892,0.577152,-0.677012,-0.019886,0.089452,-0.016018,0.026443,5.890556,0.028779,34.110260
17925.0,2025-12-17T00:16:58.105617,10.209813,0.954648,0.048756,0.014616,0.293352,0.568338,-0.669325,-0.012365,0.091683,-0.016593,0.026486,5.835070,-0.040062,34.161076
17963.0,2025-12-17T00:16:58.105617,10.209813,0.954519,0.048405,0.013894,0.293865,0.545511,-0.666255,-0.014617,0.090706,-0.016751,0.027292,5.772178,-0.110256,34.218225
18005.0,2025-12-17T00:16:58.166330,10.270526,0.953884,0.049396,0.015281,0.295689,0.574606,-0.694130,-0.006250,0.096690,-0.020682,0.026714,5.927664,-0.003403,34.445057
18039.0,2025-12-17T00:16:58.221815,10.326012,0.953765,0.049190,0.014580,0.296143,0.572797,-0.677330,-0.019314,0.095968,-0.019408,0.026559,5.881190,-0.075827,34.495131
18071.0,2025-12-17T00:16:58.221815,10.326012,0.953644,0.049014,0.013889,0.296593,0.552207,-0.683929,-0.000414,0.098104,-0.022172,0.026517,5.838430,-0.148104,34.544896
18112.0,2025-12-17T00:16:58.287797,10.391994,0.953003,0.049966,0.015224,0.298423,0.583120,-0.697884,-0.007437,0.096351,-0.019812,0.026505,5.988073,-0.046167,34.772371
18143.0,2025-12-17T00:16:58.287797,10.391994,0.952884,0.049728,0.014562,0.298875,0.576615,-0.700857,0.000848,0.095099,-0.019173,0.026502,5.939279,-0.113085,34.822529
18178.0,2025-12-17T00:16:58.344001,10.448197,0.952774,0.049334,0.013952,0.299321,0.559220,-0.691388,-0.003461,0.087764,-0.015113,0.025724,5.875102,-0.168848,34.872330
18215.0,2025-12-17T00:16:58.344001,10.448197,0.952120,0.050130,0.015399,0.301194,0.595681,-0.700136,-0.009827,0.088117,-0.015575,0.026297,6.011920,-0.050095,35.105853
18255.0,2025-12-17T00:16:58.406645,10.510841,0.951991,0.049711,0.014684,0.301705,0.573911,-0.691672,-0.005721,0.088212,-0.015699,0.026450,5.941269,-0.116734,35.162883
18290.0,2025-12-17T00:16:58.461756,10.565953,0.951337,0.050620,0.016048,0.303542,0.616186,-0.704039,-0.006305,0.094467,-0.018066,0.025709,6.087972,-0.011271,35.391907
18327.0,2025-12-17T00:16:58.467670,10.571866,0.951226,0.050246,0.015426,0.303984,0.597567,-0.701893,-0.013872,0.088368,-0.014035,0.025509,6.025387,-0.068739,35.441065
18362.0,2025-12-17T00:16:58.526886,10.631083,0.951112,0.049927,0.014794,0.304426,0.584968,-0.694770,0.000872,0.091393,-0.016061,0.025456,5.968437,-0.129269,35.490285
18404.0,2025-12-17T00:16:58.584908,10.689105,0.950443,0.050832,0.016130,0.306291,0.620280,-0.698489,0.001464,0.093761,-0.017383,0.026220,6.114050,-0.027336,35.722793
18435.0,2025-12-17T00:16:58.584908,10.689105,0.950324,0.050493,0.015487,0.306747,0.603406,-0.698834,-0.013778,0.089732,-0.015406,0.026425,6.054289,-0.088281,35.773596
18468.0,2025-12-17T00:16:58.644178,10.748375,0.950202,0.050087,0.014878,0.307222,0.583804,-0.693921,-0.007295,0.087086,-0.014092,0.027259,5.988375,-0.143331,35.826932
18510.0,2025-12-17T00:16:58.644178,10.748375,0.949501,0.050951,0.016327,0.309169,0.619034,-0.695245,-0.006619,0.090313,-0.016103,0.026697,6.133860,-0.028640,36.070261
18547.0,2025-12-17T00:16:58.706778,10.810974,0.949378,0.050617,0.015615,0.309637,0.604853,-0.693653,0.003462,0.090358,-0.017412,0.025763,6.072071,-0.097167,36.122038
18580.0,2025-12-17T00:16:58.706778,10.810974,0.948694,0.051531,0.016962,0.311505,0.629550,-0.696314,-0.010318,0.092705,-0.017747,0.026303,6.219748,0.004571,36.355610
18622.0,2025-12-17T00:16:58.761902,10.866098,0.948570,0.051263,0.016238,0.311967,0.617606,-0.708118,-0.005758,0.094146,-0.018634,0.024860,6.164527,-0.067551,36.406449
18658.0,2025-12-17T00:16:58.827618,10.931815,0.948450,0.050962,0.015579,0.312414,0.608304,-0.694419,-0.013909,0.091392,-0.017299,0.026058,6.108099,-0.131272,36.456179
18696.0,2025-12-17T00:16:58.854660,10.958857,0.947722,0.051944,0.016881,0.314387,0.644905,-0.715112,-0.007967,0.093780,-0.018504,0.026384,6.261791,-0.038107,36.702327
18731.0,2025-12-17T00:16:58.887342,10.991539,0.947602,0.051675,0.016256,0.314826,0.624424,-0.720393,-0.019658,0.093626,-0.017264,0.025692,6.209810,-0.099085,36.751124
18771.0,2025-12-17T00:16:58.943924,11.048120,0.947482,0.051427,0.015604,0.315261,0.618514,-0.716463,-0.022041,0.094362,-0.019262,0.025505,6.159178,-0.163628,36.799441
18804.0,2025-12-17T00:16:58.943924,11.048120,0.946789,0.052296,0.016941,0.317125,0.645509,-0.720446,-0.016287,0.091451,-0.017469,0.027010,6.302118,-0.062378,37.032855
18838.0,2025-12-17T00:16:59.007123,11.111319,0.946660,0.051986,0.016308,0.317593,0.624068,-0.723189,-0.010290,0.091442,-0.017762,0.027416,6.245308,-0.122933,37.085286
18877.0,2025-12-17T00:16:59.067353,11.171550,0.946536,0.051623,0.015704,0.318055,0.618534,-0.717400,-0.022704,0.089105,-0.015507,0.026748,6.183604,-0.178171,37.137143
18916.0,2025-12-17T00:16:59.069006,11.173202,0.945844,0.052420,0.017088,0.319906,0.645579,-0.719249,-0.018420,0.087696,-0.015677,0.026568,6.320836,-0.069519,37.369561
18948.0,2025-12-17T00:16:59.123219,11.227415,0.945714,0.052087,0.016466,0.320376,0.620848,-0.709864,-0.010251,0.090433,-0.016502,0.027298,6.261715,-0.127830,37.422273
18989.0,2025-12-17T00:16:59.123219,11.227415,0.944992,0.052933,0.017745,0.322294,0.670983,-0.729917,-0.019838,0.090390,-0.015167,0.026716,6.400721,-0.033390,37.662456
19023.0,2025-12-17T00:16:59.187517,11.291713,0.944868,0.052578,0.017080,0.322752,0.656583,-0.709328,-0.013629,0.088043,-0.015586,0.026559,6.337405,-0.095210,37.713492
19054.0,2025-12-17T00:16:59.187958,11.292155,0.944741,0.052249,0.016457,0.323209,0.640720,-0.721349,0.002571,0.090526,-0.016477,0.026517,6.278515,-0.153544,37.764680
19093.0,2025-12-17T00:16:59.243767,11.347963,0.943971,0.053123,0.017712,0.325244,0.662424,-0.725908,-0.020305,0.088056,-0.015933,0.027291,6.419956,-0.064041,38.019067
19129.0,2025-12-17T00:16:59.305621,11.409818,0.943840,0.052778,0.017065,0.325713,0.646032,-0.719077,-0.011284,0.089761,-0.016575,0.026710,6.358220,-0.124224,38.071586
19165.0,2025-12-17T00:16:59.305621,11.409818,0.943709,0.052499,0.016454,0.326168,0.636325,-0.718579,-0.011922,0.093323,-0.017522,0.026557,6.305091,-0.182852,38.122614
19204.0,2025-12-17T00:16:59.367058,11.471254,0.943004,0.053339,0.017823,0.327995,0.671485,-0.718267,-0.003320,0.091947,-0.017776,0.027294,6.447312,-0.078860,38.352835
19239.0,2025-12-17T00:16:59.425871,11.530068,0.942877,0.053095,0.017159,0.328435,0.661422,-0.721552,-0.010936,0.093910,-0.019401,0.025937,6.395823,-0.144355,38.401794
19274.0,2025-12-17T00:16:59.427630,11.531826,0.942735,0.052884,0.016482,0.328910,0.650603,-0.721716,-0.000409,0.096819,-0.019846,0.026356,6.347255,-0.212622,38.454908
19312.0,2025-12-17T00:16:59.487041,11.591237,0.942008,0.053729,0.017775,0.330784,0.678519,-0.733771,-0.016859,0.090563,-0.017628,0.027239,6.487503,-0.117880,38.690499
19347.0,2025-12-17T00:16:59.487041,11.591237,0.941877,0.053509,0.017151,0.331225,0.658395,-0.721288,-0.020008,0.095873,-0.018583,0.025921,6.439821,-0.179804,38.739819
19383.0,2025-12-17T00:16:59.543745,11.647941,0.941161,0.054368,0.018519,0.333042,0.698349,-0.742204,-0.011159,0.093407,-0.018841,0.026346,6.584757,-0.077583,38.969477
19417.0,2025-12-17T00:16:59.543745,11.647941,0.941031,0.054081,0.017882,0.333491,0.684301,-0.741796,-0.013081,0.091970,-0.018132,0.026459,6.529285,-0.138471,39.019600
19454.0,2025-12-17T00:16:59.607104,11.711301,0.940900,0.053890,0.017241,0.333924,0.674467,-0.743781,-0.017671,0.097028,-0.021053,0.025712,6.483926,-0.203163,39.067864
19494.0,2025-12-17T00:16:59.665090,11.769287,0.940176,0.054588,0.018505,0.335779,0.713586,-0.754077,-0.017128,0.085182,-0.014070,0.025511,6.607797,-0.106724,39.301659
19527.0,2025-12-17T00:16:59.667124,11.771320,0.940033,0.054316,0.017825,0.336258,0.694490,-0.734956,0.009361,0.092950,-0.018451,0.027029,6.552039,-0.172778,39.355268
19562.0,2025-12-17T00:16:59.723605,11.827802,0.939896,0.054005,0.017156,0.336726,0.683216,-0.747410,-0.012525,0.090287,-0.020363,0.027422,6.492483,-0.236119,39.407564
19600.0,2025-12-17T00:16:59.723605,11.827802,0.939346,0.054758,0.018275,0.338079,1.148200,-0.492642,-0.064540,0.085680,-0.018541,-0.009060,6.616934,-0.154219,39.579629
19637.0,2025-12-17T00:16:59.787305,11.891501,0.939326,0.055032,0.016683,0.338173,1.156343,-0.251663,0.061834,0.077416,-0.012590,0.001379,6.584701,-0.336855,39.580031
19679.0,2025-12-17T00:16:59.846248,11.950445,0.938249,0.055216,0.017168,0.341095,3.122493,0.528753,0.136376,0.057989,-0.000823,0.067541,6.622402,-0.312344,39.938867
19709.0,2025-12-17T00:16:59.846248,11.950445,0.938668,0.057649,0.016056,0.339589,4.191451,1.085822,0.245390,0.158736,-0.003916,-0.095883,6.842212,-0.516311,39.747038
19735.0,2025-12-17T00:16:59.906045,12.010242,0.938566,0.067557,0.011282,0.338234,4.151919,1.358578,0.443444,0.751907,-0.011179,-0.127607,7.728942,-1.405150,39.540678
19762.0,2025-12-17T00:16:59.906045,12.010242,0.937975,0.080929,0.008018,0.337031,4.020474,1.210179,0.424691,1.055031,-0.012091,-0.122863,9.052898,-2.264309,39.349261
19790.0,2025-12-17T00:16:59.965945,12.070141,0.934676,0.093054,0.013866,0.342826,3.926824,1.128779,0.608013,1.372847,0.111733,0.019866,10.578948,-2.170981,40.083606
19815.0,2025-12-17T00:16:59.965945,12.070141,0.931615,0.109625,0.013538,0.346256,4.046916,0.438937,0.258590,1.411229,0.107640,0.215923,12.351367,-2.905645,40.463021
19836.0,2025-12-17T00:16:59.965945,12.070141,0.930439,0.109923,0.007307,0.349496,3.219631,-0.104756,0.180429,0.252365,-0.016454,0.216744,12.127132,-3.625715,40.789553
19865.0,2025-12-17T00:17:00.025801,12.129998,0.930787,0.100738,-0.000961,0.351406,2.760831,-1.059739,-0.123921,-0.333112,-0.059421,0.096676,10.798168,-4.162677,40.973138
19892.0,2025-12-17T00:17:00.027966,12.132163,0.931622,0.079317,-0.006116,0.354615,1.927706,-1.230936,-0.202566,-1.593321,-0.145861,-0.061832,8.266592,-3.879009,41.397527
19918.0,2025-12-17T00:17:00.086684,12.190880,0.934171,0.062633,-0.014478,0.350986,1.188931,-1.024986,0.336314,-0.830038,-0.091161,-0.317133,6.149703,-4.072366,40.965452
19940.0,2025-12-17T00:17:00.086684,12.190880,0.937380,0.053443,-0.014558,0.343875,0.293408,-1.354404,0.006057,-0.135140,-0.071327,-0.574981,5.184702,-3.672190,40.124510
19966.0,2025-12-17T00:17:00.141602,12.245798,0.940784,0.047277,-0.009887,0.335548,-0.695875,-1.875545,-0.122251,-0.034569,-0.052745,-0.662542,4.727909,-2.884947,39.140280
19993.0,2025-12-17T00:17:00.141602,12.245798,0.942393,0.045159,-0.004865,0.331410,-1.268642,-2.219527,-0.148386,0.016310,-0.038435,-0.693595,4.700862,-2.240907,38.658294
20019.0,2025-12-17T00:17:00.207244,12.311441,0.947022,0.042245,0.002979,0.318365,-2.290785,-2.250102,-0.194252,0.043054,-0.011848,-1.010759,4.699469,-1.218027,37.112686
20042.0,2025-12-17T00:17:00.215564,12.319761,0.950402,0.040855,0.011217,0.308124,-3.394493,-1.910516,-0.125542,0.022119,0.000429,-0.797219,4.851300,-0.220844,35.916425
20059.0,2025-12-17T00:17:00.215564,12.319761,0.953849,0.038921,0.019033,0.297146,-3.175760,-2.050031,-0.022325,0.023578,-0.013772,-0.866012,4.908741,0.755113,34.638431
20095.0,2025-12-17T00:17:00.264397,12.368593,0.955121,0.037457,0.024604,0.292808,-2.882472,-2.031305,-0.034147,0.031062,-0.009838,-0.648702,4.932789,1.436231,34.149455
20118.0,2025-12-17T00:17:00.264397,12.368593,0.956332,0.035618,0.033430,0.288171,-2.532942,-1.678511,0.062956,0.056551,-0.003620,-0.298211,5.018342,2.488133,33.647196
20142.0,2025-12-17T00:17:00.324354,12.428550,0.956610,0.034915,0.040610,0.286406,-2.387403,-1.316620,0.146889,0.070044,-0.004561,-0.122756,5.175828,3.307641,33.484544
20158.0,2025-12-17T00:17:00.324354,12.428550,0.956283,0.033619,0.048215,0.286474,-1.632845,-1.137801,0.153144,0.079964,-0.004205,0.042134,5.288348,4.183588,33.546591
20202.0,2025-12-17T00:17:00.386252,12.490448,0.953910,0.031833,0.056656,0.292973,-0.303780,-1.074121,0.056310,0.104523,-0.014121,0.126642,5.411474,5.131191,34.389146
20238.0,2025-12-17T00:17:00.388118,12.492314,0.954281,0.024463,0.049122,0.293831,0.717842,-0.323948,-0.007886,-0.005490,0.028302,0.046434,4.346912,4.552747,34.400985
20277.0,2025-12-17T00:17:00.441674,12.545870,0.952139,0.021703,0.056670,0.299582,1.039253,-0.044254,-0.038219,0.061444,-0.008196,-0.036819,4.337130,5.446270,35.137799
20313.0,2025-12-17T00:17:00.441674,12.545870,0.952654,0.021951,0.045815,0.299781,0.973220,0.158706,-0.017771,0.081221,-0.014549,-0.002669,3.984310,4.251325,35.083432
20351.0,2025-12-17T00:17:00.505827,12.610024,0.952932,0.022837,0.034540,0.300343,0.767713,0.119249,-0.004223,0.104724,-0.017820,0.017491,3.690110,2.987104,35.083593
20386.0,2025-12-17T00:17:00.564190,12.668386,0.950420,0.021671,0.042624,0.307270,0.920837,0.137607,-0.004303,0.108301,-0.017067,0.024172,3.872820,3.882146,35.963194
20429.0,2025-12-17T00:17:00.564190,12.668386,0.950616,0.021618,0.032476,0.307908,0.729107,0.066639,0.005105,0.100686,-0.016877,0.026641,3.507082,2.776032,35.979615
20462.0,2025-12-17T00:17:00.623809,12.728005,0.950731,0.020622,0.022323,0.308524,0.548031,0.007660,0.022780,0.088512,-0.016824,0.025763,3.038639,1.703133,36.002950
20502.0,2025-12-17T00:17:00.686892,12.791088,0.948310,0.019621,0.029955,0.315318,0.672531,0.107160,0.020387,0.089873,-0.016810,0.026303,3.219374,2.547089,36.856046
20537.0,2025-12-17T00:17:00.686892,12.791088,0.948378,0.019286,0.018175,0.316034,0.440736,0.025113,0.023815,0.091860,-0.016806,0.026453,2.755864,1.276858,36.890658
20577.0,2025-12-17T00:17:00.747565,12.851762,0.945837,0.018529,0.026538,0.323025,0.605348,0.098166,0.023922,0.097078,-0.016805,0.025699,2.994120,2.190941,37.769654
20611.0,2025-12-17T00:17:00.747565,12.851762,0.945867,0.018095,0.016216,0.323643,0.414866,0.027169,0.028886,0.089070,-0.016027,0.026285,2.564002,1.086630,37.802613
20649.0,2025-12-17T00:17:00.805081,12.909277,0.945794,0.016993,0.005650,0.324273,0.200760,-0.011430,0.039856,0.083754,-0.015816,0.026444,2.052125,-0.019081,37.849065
20686.0,2025-12-17T00:17:00.865339,12.969535,0.943262,0.016366,0.013994,0.331350,0.349937,0.061461,0.026756,0.089450,-0.017338,0.025697,2.301189,0.891211,38.728660
20724.0,2025-12-17T00:17:00.867684,12.971880,0.943106,0.017837,0.012138,0.331792,0.335192,0.024851,0.024799,0.100248,-0.018506,0.025506,2.390039,0.633598,38.777710
20758.0,2025-12-17T00:17:00.926187,13.030383,0.942943,0.019092,0.010356,0.332246,0.311924,-0.020378,0.028613,0.103929,-0.019598,0.026233,2.458071,0.392094,38.828242
20799.0,2025-12-17T00:17:00.926187,13.030383,0.942270,0.020291,0.012337,0.334011,0.354173,-0.040359,0.022629,0.087451,-0.015923,0.026433,2.664192,0.555527,39.049200
20835.0,2025-12-17T00:17:00.985958,13.090155,0.942115,0.021054,0.010544,0.334462,0.315987,-0.048796,0.031928,0.088034,-0.016573,0.024914,2.678128,0.331374,39.098719
20873.0,2025-12-17T00:17:01.045279,13.149475,0.941498,0.022260,0.012443,0.336053,0.360280,-0.063873,0.035751,0.095977,-0.015964,0.026075,2.882107,0.485200,39.298626
20907.0,2025-12-17T00:17:01.045279,13.149475,0.941338,0.022963,0.010810,0.336509,0.337644,-0.089539,0.041873,0.097339,-0.018148,0.025605,2.895051,0.280564,39.348978
20945.0,2025-12-17T00:17:01.104813,13.209009,0.941175,0.023346,0.009246,0.336987,0.321263,-0.109344,0.031628,0.088284,-0.015589,0.026265,2.876091,0.095655,39.402111
20983.0,2025-12-17T00:17:01.163949,13.268146,0.940514,0.024469,0.011028,0.338692,0.349385,-0.120767,0.036672,0.090591,-0.015699,0.027217,3.066672,0.238885,39.615687
21020.0,2025-12-17T00:17:01.163949,13.268146,0.940345,0.024747,0.009483,0.339187,0.326223,-0.129057,0.022729,0.087272,-0.016519,0.026686,3.036655,0.059990,39.670852
21056.0,2025-12-17T00:17:01.224200,13.328396,0.940182,0.024507,0.007944,0.339698,0.298785,-0.143040,0.038701,0.066689,-0.015942,0.027338,2.950790,-0.098106,39.728150
21095.0,2025-12-17T00:17:01.224200,13.328396,0.939523,0.025227,0.009633,0.341419,0.305275,-0.120428,0.030028,0.065305,-0.015010,0.025939,3.094312,0.050159,39.943179
21131.0,2025-12-17T00:17:01.286050,13.390246,0.939350,0.025730,0.008232,0.341896,0.295370,-0.124320,0.021664,0.101778,-0.017115,0.026353,3.093601,-0.121948,39.996731
21167.0,2025-12-17T00:17:01.344952,13.449149,0.939179,0.026150,0.007040,0.342358,0.288307,-0.149165,0.035931,0.106663,-0.016889,0.026461,3.092095,-0.268234,40.049258
21208.0,2025-12-17T00:17:01.344952,13.449149,0.938529,0.027456,0.008903,0.343991,0.341964,-0.172722,0.026042,0.102562,-0.015278,0.025715,3.305569,-0.124728,40.254345
21238.0,2025-12-17T00:17:01.406317,13.510514,0.940156,0.027384,0.007843,0.339553,0.351507,-0.242505,0.026010,0.089803,-0.026478,-0.266267,3.257161,-0.220537,39.709803
21273.0,2025-12-17T00:17:01.464370,13.568567,0.940457,0.028278,0.009287,0.338608,0.315011,-0.134062,0.028984,0.085023,-0.022722,-0.139955,3.409880,-0.096406,39.599587
21304.0,2025-12-17T00:17:01.464370,13.568567,0.940498,0.028648,0.008252,0.338490,0.310583,-0.183742,0.017539,0.110231,-0.019245,-0.008464,3.409618,-0.221883,39.581512
21342.0,2025-12-17T00:17:01.523840,13.628036,0.940590,0.029307,0.007126,0.338203,0.322469,-0.209118,0.044003,0.125231,-0.029868,-0.017899,3.437101,-0.367708,39.542525
21372.0,2025-12-17T00:17:01.523840,13.628036,0.941352,0.030603,0.008605,0.335926,0.381438,-0.299252,0.027263,0.102286,-0.029665,-0.221181,3.634853,-0.249785,39.270425
21403.0,2025-12-17T00:17:01.585449,13.689645,0.941484,0.030367,0.007819,0.335597,0.335056,-0.263990,0.022172,0.084974,-0.014676,-0.023657,3.579221,-0.324189,39.227635
21438.0,2025-12-17T00:17:01.588303,13.692499,0.941435,0.029897,0.006950,0.335796,0.313810,-0.251575,0.036862,0.076429,-0.008422,0.010021,3.494967,-0.400691,39.248926
21479.0,2025-12-17T00:17:01.641860,13.746057,0.940753,0.031573,0.008806,0.337506,0.364672,-0.251777,0.036848,0.116803,-0.025704,0.022247,3.746902,-0.271720,39.463164
21514.0,2025-12-17T00:17:01.641860,13.746057,0.940603,0.032568,0.007932,0.337849,0.341615,-0.290938,0.028255,0.151431,-0.034830,0.019891,3.820339,-0.405858,39.501405
21548.0,2025-12-17T00:17:01.762065,13.866261,0.940474,0.033427,0.007281,0.338141,0.374487,-0.369435,0.015305,0.153484,-0.036421,0.018518,3.887676,-0.510566,39.534087
21584.0,2025-12-17T00:17:01.762065,13.866261,0.939837,0.034116,0.008750,0.339803,0.433182,-0.423002,0.010696,0.070516,-0.021402,0.025863,4.018302,-0.386098,39.741905
21620.0,2025-12-17T00:17:01.762065,13.866261,0.939687,0.033486,0.007945,0.340301,0.377643,-0.337511,0.034280,0.072601,-0.008521,0.026336,3.918718,-0.450314,39.799566
21659.0,2025-12-17T00:17:01.824388,13.928584,0.939510,0.033777,0.007239,0.340775,0.353838,-0.328709,0.038998,0.120213,-0.021684,0.026458,3.922354,-0.539653,39.854469
21695.0,2025-12-17T00:17:01.824388,13.928584,0.938868,0.035159,0.008927,0.342361,0.413842,-0.384773,0.025645,0.108532,-0.030570,0.026489,4.136528,-0.418931,40.053971
21731.0,2025-12-17T00:17:01.885740,13.989936,0.938732,0.034499,0.007999,0.342824,0.405104,-0.407536,0.016436,0.068496,-0.022004,0.025714,4.028756,-0.494824,40.106940
21770.0,2025-12-17T00:17:01.943995,14.048191,0.938043,0.034597,0.009701,0.344651,0.422900,-0.387295,0.010504,0.041520,0.002950,0.026292,4.105657,-0.323568,40.336618
21806.0,2025-12-17T00:17:02.002374,14.106571,0.937909,0.033496,0.008841,0.345148,0.365555,-0.287559,0.042902,0.046932,0.002520,0.025658,3.952874,-0.374598,40.394000
21844.0,2025-12-17T00:17:02.002374,14.106571,0.937750,0.033296,0.007943,0.345620,0.373048,-0.304100,0.040082,0.090882,-0.015713,0.025494,3.895654,-0.465156,40.448275
21881.0,2025-12-17T00:17:02.126681,14.230877,0.937422,0.034543,0.009658,0.346342,0.414337,-0.346002,0.031326,0.098294,-0.023516,-0.031369,4.097530,-0.333435,40.542784
21917.0,2025-12-17T00:17:02.126681,14.230877,0.938479,0.034479,0.008696,0.343500,0.375761,-0.308377,0.021011,0.096362,-0.026452,-0.157271,4.053745,-0.421982,40.192090
21955.0,2025-12-17T00:17:02.126681,14.230877,0.938751,0.032286,0.007992,0.342989,0.427982,-0.411399,0.041903,-0.021006,0.015339,-0.036190,3.790058,-0.409251,40.127745
21990.0,2025-12-17T00:17:02.126681,14.230877,0.938115,0.033342,0.009737,0.344577,0.397226,-0.304505,0.021544,0.085273,-0.013234,0.007924,3.971956,-0.269861,40.328033
22026.0,2025-12-17T00:17:02.185203,14.289399,0.937976,0.033353,0.008758,0.344982,0.382165,-0.284633,0.028454,0.098517,-0.017456,0.021681,3.934266,-0.377175,40.373549
22069.0,2025-12-17T00:17:02.243728,14.347924,0.937252,0.035497,0.010485,0.346683,0.410823,-0.274447,0.050597,0.146969,-0.033299,0.024420,4.232881,-0.284056,40.587670
22097.0,2025-12-17T00:17:02.243728,14.347924,0.937168,0.036263,0.009616,0.346856,0.412488,-0.359776,0.020176,0.142274,-0.041356,0.011361,4.280679,-0.408670,40.604861
22132.0,2025-12-17T00:17:02.307438,14.411634,0.937129,0.032727,0.008855,0.347333,0.488220,-0.453371,0.079942,-0.082438,0.040120,0.023936,3.869884,-0.351638,40.661064
22171.0,2025-12-17T00:17:02.307438,14.411634,0.936423,0.033287,0.010646,0.349128,0.402264,-0.275676,0.015564,0.061474,-0.008400,0.025838,4.001124,-0.189340,40.887407
22208.0,2025-12-17T00:17:02.368772,14.472968,0.936266,0.032976,0.009615,0.349609,0.368323,-0.261418,0.030202,0.080411,-0.013808,0.026326,3.926233,-0.289539,40.942096
22245.0,2025-12-17T00:17:02.426317,14.530514,0.936105,0.032753,0.008575,0.350088,0.359775,-0.257762,0.039721,0.085422,-0.015239,0.025667,3.860440,-0.394069,40.996718
22284.0,2025-12-17T00:17:02.485558,14.589754,0.935410,0.033827,0.010503,0.351785,0.388032,-0.273761,0.039304,0.087513,-0.016400,0.026285,4.052690,-0.237825,41.211656
22320.0,2025-12-17T00:17:02.485558,14.589754,0.935238,0.033890,0.009569,0.352264,0.358958,-0.253119,0.029303,0.100512,-0.016696,0.027222,4.021667,-0.342455,41.266421
22358.0,2025-12-17T00:17:02.485558,14.589754,0.935062,0.033863,0.008625,0.352759,0.356477,-0.270977,0.030353,0.097734,-0.017567,0.026688,3.980361,-0.444681,41.323279
22398.0,2025-12-17T00:17:02.547782,14.651978,0.934283,0.035154,0.010594,0.354636,0.398837,-0.278360,0.026338,0.096207,-0.016196,0.025748,4.197930,-0.294395,41.560769
22434.0,2025-12-17T00:17:02.604108,14.708304,0.934113,0.035154,0.009712,0.355109,0.387894,-0.291924,0.029648,0.099754,-0.016644,0.026302,4.161876,-0.390895,41.615072
22475.0,2025-12-17T00:17:02.604108,14.708304,0.933416,0.036243,0.011422,0.356779,0.430573,-0.291851,0.025389,0.093693,-0.017538,0.025671,4.347752,-0.260050,41.826831
22505.0,2025-12-17T00:17:02.664841,14.769037,0.933255,0.036122,0.010535,0.357239,0.411902,-0.306680,0.026274,0.092825,-0.016225,0.026277,4.298424,-0.352095,41.879297
22542.0,2025-12-17T00:17:02.725213,14.829410,0.933083,0.036093,0.009667,0.357715,0.397708,-0.299446,0.021370,0.098036,-0.017427,0.027219,4.259444,-0.445865,41.933965
22579.0,2025-12-17T00:17:02.728562,14.832758,0.932363,0.037241,0.011401,0.359420,0.434844,-0.322272,0.028113,0.096332,-0.017750,0.027472,4.453009,-0.315736,42.150364
22612.0,2025-12-17T00:17:02.786307,14.890503,0.932194,0.037103,0.010506,0.359900,0.429635,-0.327269,0.026199,0.092733,-0.017055,0.026758,4.401130,-0.407882,42.205356
22651.0,2025-12-17T00:17:02.786307,14.890503,0.932034,0.036941,0.009704,0.360353,0.406854,-0.325704,0.018992,0.093344,-0.016095,0.025793,4.350522,-0.488978,42.257489
22683.0,2025-12-17T00:17:02.844608,14.948804,0.931335,0.037958,0.011489,0.361998,0.445518,-0.330089,0.023216,0.091175,-0.015836,0.026310,4.532384,-0.348427,42.467158
22725.0,2025-12-17T00:17:02.905982,15.010178,0.931157,0.037771,0.010588,0.362502,0.432065,-0.340542,0.025613,0.092168,-0.016560,0.026453,4.474823,-0.439201,42.525068
22757.0,2025-12-17T00:17:02.908463,15.012659,0.930982,0.037601,0.009787,0.362992,0.408839,-0.339606,0.028384,0.093983,-0.017524,0.027272,4.423034,-0.519960,42.581720
22804.0,2025-12-17T00:17:02.964060,15.068256,0.930236,0.038669,0.011458,0.364738,0.455094,-0.343193,0.023020,0.090570,-0.016999,0.026709,4.605953,-0.394844,42.803623
22834.0,2025-12-17T00:17:02.967707,15.071903,0.930067,0.038467,0.010622,0.365217,0.441053,-0.345124,0.022420,0.090427,-0.016857,0.027336,4.549232,-0.477878,42.858739
22877.0,2025-12-17T00:17:03.021791,15.125988,0.929322,0.039579,0.012352,0.366936,0.476157,-0.354840,0.032718,0.095058,-0.016819,0.026726,4.739760,-0.348766,43.078001
22904.0,2025-12-17T00:17:03.087419,15.191615,0.929150,0.039409,0.011527,0.367414,0.459076,-0.362699,0.037202,0.093175,-0.016809,0.026560,4.686632,-0.431845,43.133036
22944.0,2025-12-17T00:17:03.087419,15.191615,0.928987,0.039169,0.010720,0.367877,0.446552,-0.368563,0.037257,0.090329,-0.017590,0.025733,4.626788,-0.510058,43.186279
22981.0,2025-12-17T00:17:03.144499,15.248696,0.928222,0.040219,0.012446,0.369637,0.479933,-0.367883,0.037661,0.089578,-0.017796,0.026298,4.810874,-0.379760,43.411005
23016.0,2025-12-17T00:17:03.144499,15.248696,0.928059,0.039962,0.011650,0.370100,0.459263,-0.367169,0.026570,0.088602,-0.016293,0.026447,4.749479,-0.455869,43.464226
23055.0,2025-12-17T00:17:03.206596,15.310792,0.927897,0.039696,0.010814,0.370560,0.450748,-0.367902,0.020220,0.089125,-0.017462,0.024908,4.685499,-0.535838,43.517148
23093.0,2025-12-17T00:17:03.262293,15.366489,0.927093,0.040783,0.012458,0.372399,0.492236,-0.375582,0.023497,0.091614,-0.016978,0.026082,4.870262,-0.416870,43.751385
23129.0,2025-12-17T00:17:03.262293,15.366489,0.926917,0.040732,0.011649,0.372867,0.467104,-0.370522,0.027699,0.099323,-0.019986,0.026390,4.830024,-0.503082,43.805288
23169.0,2025-12-17T00:17:03.323086,15.427283,0.926057,0.042362,0.013510,0.374755,0.520817,-0.415910,0.005492,0.115008,-0.028000,0.027274,5.082333,-0.385481,44.047057
23205.0,2025-12-17T00:17:03.385538,15.489734,0.925835,0.043339,0.012670,0.375221,0.510083,-0.416269,0.043579,0.152007,-0.046154,0.029805,5.149836,-0.519252,44.099995
23241.0,2025-12-17T00:17:03.385538,15.489734,0.925466,0.043844,0.011812,0.376100,0.147806,-0.147637,0.021273,0.127207,-0.039498,0.053080,5.166077,-0.636978,44.203956
23280.0,2025-12-17T00:17:03.443299,15.547496,0.926516,0.045930,0.013882,0.373182,-0.635957,0.216553,0.089624,0.113245,-0.041641,-0.226486,5.478619,-0.490296,43.853695
23314.0,2025-12-17T00:17:03.443299,15.547496,0.925741,0.047621,0.014343,0.374874,0.177695,-0.258692,0.046273,0.231303,-0.028002,0.121656,5.677397,-0.524098,44.064534
23337.0,2025-12-17T00:17:03.506721,15.610917,0.924534,0.045311,0.009938,0.378267,0.456477,-0.279240,0.071820,0.321016,-0.013501,0.222496,5.239202,-0.911252,44.461473
23375.0,2025-12-17T00:17:03.506721,15.610917,0.920513,0.044973,0.015472,0.387807,0.789891,-0.441674,-0.005496,0.175508,-0.006389,0.351838,5.439758,-0.366510,45.673470
23398.0,2025-12-17T00:17:03.567966,15.672163,0.917085,0.040719,0.010819,0.396459,2.207592,-1.253446,-0.034645,0.195450,-0.001071,0.617376,4.776615,-0.712996,46.728218
23424.0,2025-12-17T00:17:03.568506,15.672702,0.916080,0.032702,0.005691,0.399620,2.696603,-1.800044,-0.182372,-0.125367,-0.010809,0.245615,3.696495,-0.900171,47.107297
23454.0,2025-12-17T00:17:03.621672,15.725868,0.916157,0.024010,0.000517,0.400100,1.806506,-1.406009,-0.010780,-0.066467,-0.029792,0.022162,2.545674,-1.046554,47.160072
23493.0,2025-12-17T00:17:03.621672,15.725868,0.914757,0.022277,0.007418,0.403321,0.534996,-0.334993,0.025847,0.055290,-0.033564,-0.209166,2.679056,-0.251995,47.579994
23526.0,2025-12-17T00:17:03.684193,15.788389,0.916631,0.033533,0.014138,0.398075,-1.260349,0.754064,0.130623,0.156433,-0.035316,-0.313273,4.170890,-0.044652,46.947126
23555.0,2025-12-17T00:17:03.687006,15.791202,0.917933,0.049014,0.023143,0.393015,-2.785325,1.441247,0.494045,0.679082,-0.024880,-0.357584,6.210160,0.226929,46.368913
23578.0,2025-12-17T00:17:03.744190,15.848386,0.917409,0.055537,0.031472,0.392792,-0.480688,0.266218,0.097838,0.623272,-0.014097,-0.368274,7.275251,0.808811,46.408191
23593.0,2025-12-17T00:17:03.744190,15.848386,0.917594,0.053232,0.027535,0.392975,2.121798,-0.857204,-0.198013,0.233378,-0.010404,0.000198,6.853817,0.498194,46.397538
23636.0,2025-12-17T00:17:03.806506,15.910702,0.914511,0.049852,0.021834,0.400884,2.764858,-1.283190,-0.227107,0.237751,-0.016488,0.508165,6.239551,-0.001987,47.341260
23666.0,2025-12-17T00:17:03.806506,15.910702,0.911024,0.044099,0.022600,0.409366,2.737736,-1.522713,-0.369276,-0.109580,-0.022202,0.366192,5.673227,0.290711,48.407673
23694.0,2025-12-17T00:17:03.866089,15.970285,0.909677,0.031695,0.015322,0.413822,2.384264,-1.525312,-0.064154,-0.369986,-0.002989,0.306578,4.033864,0.094179,48.925981
23714.0,2025-12-17T00:17:03.867816,15.972013,0.909183,0.022469,0.009635,0.415679,1.857921,-1.187375,0.027023,-0.177765,-0.007300,0.133306,2.801045,-0.066436,49.138182
23754.0,2025-12-17T00:17:03.925596,16.029792,0.911011,0.029039,0.016140,0.411041,-0.700887,0.259870,0.082377,-0.012625,-0.023026,-0.307342,3.794556,0.317136,48.579502
23785.0,2025-12-17T00:17:03.925596,16.029792,0.910416,0.031953,0.024292,0.411743,-1.234630,0.715528,0.194407,0.190558,-0.023144,-0.237294,4.484965,1.026700,48.710659
23804.0,2025-12-17T00:17:03.985026,16.089222,0.911069,0.043464,0.026892,0.409073,-0.051030,0.096988,0.071907,0.205221,-0.027589,-0.191266,5.808757,0.770085,48.399528
23838.0,2025-12-17T00:17:03.985026,16.089222,0.911405,0.039678,0.020592,0.409075,1.124896,-0.353469,-0.020607,0.140928,-0.023054,-0.016168,5.116024,0.290620,48.357875
23873.0,2025-12-17T00:17:04.043714,16.147911,0.908154,0.037414,0.026878,0.416095,1.434444,-0.492351,-0.060617,0.121892,-0.030163,0.040694,5.183008,1.013263,49.278162
23911.0,2025-12-17T00:17:04.043714,16.147911,0.908544,0.028150,0.019183,0.416398,0.626973,-0.286990,-0.002133,-0.069431,-0.010267,0.003827,3.849187,0.654045,49.267259
23946.0,2025-12-17T00:17:04.107429,16.211625,0.908652,0.021858,0.010743,0.416843,0.337417,-0.086559,0.048386,0.033292,0.000602,0.013459,2.790250,0.074549,49.288278
23992.0,2025-12-17T00:17:04.163307,16.267503,0.905328,0.020894,0.018910,0.423778,0.467348,0.008287,0.033512,0.079684,-0.013130,0.023154,3.087748,0.947169,50.193459
24025.0,2025-12-17T00:17:04.168004,16.272200,0.905256,0.017349,0.008417,0.424428,0.258101,-0.022200,0.042066,0.080514,-0.008676,0.024873,2.209667,0.029376,50.239474
24066.0,2025-12-17T00:17:04.221595,16.325791,0.901879,0.016657,0.015753,0.431381,0.366668,0.062549,0.038595,0.080714,-0.010731,0.026067,2.501142,0.804643,51.142388
24103.0,2025-12-17T00:17:04.287060,16.391257,0.901713,0.015494,0.004478,0.432035,0.146242,-0.005617,0.043688,0.094414,-0.017716,0.026394,1.822966,-0.304404,51.195821
24140.0,2025-12-17T00:17:04.293642,16.397838,0.901474,0.012827,-0.005183,0.432612,-0.035085,-0.032252,0.040801,0.105556,-0.024104,0.026473,1.068366,-1.171411,51.261236
24177.0,2025-12-17T00:17:04.347779,16.451975,0.898319,0.012870,0.002466,0.439148,0.100717,0.014177,0.043213,0.099935,-0.021894,0.027268,1.449190,-0.393786,52.098887
24202.0,2025-12-17T00:17:04.347779,16.451975,0.898069,0.010499,-0.007064,0.439673,-0.086755,-0.032339,0.024951,0.087535,-0.016634,0.025933,0.724768,-1.256073,52.162593
24246.0,2025-12-17T00:17:04.407917,16.512114,0.897902,0.012009,0.004205,0.440010,0.132851,0.032649,0.043543,0.082600,-0.012864,0.026349,1.447871,-0.172822,52.211459
24290.0,2025-12-17T00:17:04.466971,16.571167,0.894542,0.011695,0.011861,0.446673,0.250958,0.122240,0.051076,0.085173,-0.014970,0.025680,1.806358,0.617188,53.078566
24319.0,2025-12-17T00:17:04.466971,16.571167,0.894322,0.013442,0.010158,0.447107,0.234427,0.084066,0.054405,0.095995,-0.018652,0.026281,1.898396,0.352370,53.130458
24362.0,2025-12-17T00:17:04.521967,16.626164,0.893478,0.014758,0.012072,0.448702,0.286302,0.062599,0.053746,0.097334,-0.019636,0.026442,2.132324,0.477153,53.340195
24391.0,2025-12-17T00:17:04.521967,16.626164,0.893266,0.015973,0.010437,0.449124,0.257955,0.039026,0.043011,0.093811,-0.017571,0.025708,2.172743,0.246286,53.390121
24431.0,2025-12-17T00:17:04.587154,16.691351,0.893047,0.016933,0.008861,0.449558,0.240559,0.003626,0.032561,0.094412,-0.018567,0.026287,2.189873,0.034522,53.441876
24469.0,2025-12-17T00:17:04.641839,16.746036,0.892186,0.018155,0.010704,0.451177,0.282405,0.007456,0.029465,0.093020,-0.018836,0.025666,2.410214,0.155752,53.654581
24503.0,2025-12-17T00:17:04.641839,16.746036,0.891937,0.018792,0.009099,0.451678,0.273409,-0.034667,0.029228,0.091031,-0.017310,0.027094,2.392310,-0.042679,53.714545
24537.0,2025-12-17T00:17:04.706242,16.810438,0.891717,0.019083,0.007751,0.452125,0.249910,-0.049295,0.039725,0.085101,-0.014605,0.026661,2.352264,-0.196644,53.768469
24582.0,2025-12-17T00:17:04.763849,16.868046,0.890819,0.020347,0.009587,0.453802,0.294083,-0.050700,0.048101,0.094417,-0.019334,0.026544,2.576473,-0.079408,53.988701
24611.0,2025-12-17T00:17:04.767965,16.872161,0.890599,0.020725,0.008310,0.454241,0.271869,-0.066296,0.049768,0.093798,-0.019043,0.026513,2.548575,-0.230693,54.041665
24650.0,2025-12-17T00:17:04.822003,16.926199,0.890355,0.020874,0.007019,0.454735,0.261127,-0.084811,0.044835,0.088065,-0.017374,0.027299,2.496347,-0.371560,54.101888
24690.0,2025-12-17T00:17:04.822003,16.926199,0.889394,0.022012,0.008946,0.456525,0.290110,-0.091989,0.035556,0.083456,-0.014581,0.026707,2.712393,-0.239798,54.337082
24728.0,2025-12-17T00:17:04.883557,16.987753,0.889149,0.022157,0.007671,0.457017,0.253207,-0.086363,0.047797,0.089447,-0.017050,0.026553,2.660288,-0.378737,54.396997
24764.0,2025-12-17T00:17:04.943746,17.047942,0.888281,0.023267,0.009596,0.458611,0.311351,-0.097562,0.043735,0.087788,-0.016092,0.025736,2.873800,-0.246001,54.607547
24801.0,2025-12-17T00:17:04.943746,17.047942,0.888065,0.023184,0.008455,0.459055,0.287852,-0.098791,0.045194,0.080329,-0.014276,0.026296,2.805206,-0.359140,54.661520
24836.0,2025-12-17T00:17:05.005052,17.109249,0.887836,0.023537,0.007322,0.459500,0.250534,-0.107709,0.052881,0.104508,-0.025698,0.024860,2.781318,-0.494368,54.715760
24877.0,2025-12-17T00:17:05.008576,17.112772,0.886905,0.025491,0.009218,0.461156,0.308159,-0.137385,0.037677,0.136081,-0.029304,0.025279,3.079363,-0.410153,54.934313
24909.0,2025-12-17T00:17:05.066740,17.170936,0.887086,0.026430,0.008698,0.460766,0.231854,-0.123834,0.014772,0.150890,-0.027960,-0.025022,3.147579,-0.511363,54.882056
24944.0,2025-12-17T00:17:05.124119,17.228316,0.886996,0.027093,0.008176,0.460910,0.501096,-0.314944,0.016950,0.139453,-0.034546,0.009242,3.187463,-0.599969,54.898857
24986.0,2025-12-17T00:17:05.124119,17.228316,0.886131,0.028245,0.009817,0.462470,0.413795,-0.245035,0.024415,0.097923,-0.017147,0.020150,3.390471,-0.500078,55.105170
25020.0,2025-12-17T00:17:05.185012,17.289208,0.885934,0.027904,0.009122,0.462882,0.403115,-0.243851,0.036134,0.084643,-0.015343,0.024783,3.318723,-0.554071,55.156207
25058.0,2025-12-17T00:17:05.185012,17.289208,0.884971,0.028764,0.010783,0.464632,0.444879,-0.239399,0.044337,0.077920,-0.011734,0.026041,3.493312,-0.437986,55.387814
25088.0,2025-12-17T00:17:05.241815,17.346012,0.884770,0.028145,0.009995,0.465070,0.401350,-0.224968,0.029117,0.069085,-0.009203,0.025597,3.388266,-0.486561,55.442001
25125.0,2025-12-17T00:17:05.305585,17.409781,0.884558,0.027840,0.009271,0.465506,0.394396,-0.223684,0.044989,0.086302,-0.014009,0.025479,3.318480,-0.545377,55.496074
25161.0,2025-12-17T00:17:05.307663,17.411859,0.883645,0.028889,0.011141,0.467134,0.437268,-0.198991,0.029243,0.091628,-0.014497,0.024667,3.523899,-0.418335,55.712954
25197.0,2025-12-17T00:17:05.366770,17.470966,0.883424,0.028981,0.010377,0.467561,0.418184,-0.213045,0.032690,0.103167,-0.020855,0.026007,3.492089,-0.502290,55.765671
25227.0,2025-12-17T00:17:05.366770,17.470966,0.883216,0.028602,0.009570,0.467996,0.402971,-0.223278,0.034669,0.079111,-0.016354,0.026367,3.410204,-0.565286,55.819417
25271.0,2025-12-17T00:17:05.426660,17.530856,0.882252,0.029658,0.011274,0.469707,0.432584,-0.213011,0.046639,0.086585,-0.015904,0.024123,3.607647,-0.456552,56.046924
25306.0,2025-12-17T00:17:05.485295,17.589491,0.882290,0.029869,0.011051,0.469627,0.357584,-0.284136,0.051918,0.123893,-0.024412,-0.004721,3.617128,-0.490146,56.035684
25342.0,2025-12-17T00:17:05.485295,17.589491,0.882422,0.030438,0.010230,0.469362,0.527566,-0.199068,0.026229,0.121973,-0.024302,-0.017713,3.630645,-0.602680,55.998081
25383.0,2025-12-17T00:17:05.547470,17.651666,0.881578,0.032627,0.012320,0.470749,0.492107,-0.257217,0.045040,0.159289,-0.028905,0.012013,3.963969,-0.515459,56.185182
25411.0,2025-12-17T00:17:05.547470,17.651666,0.881393,0.033266,0.011981,0.471059,0.521623,-0.305750,0.018943,0.143479,-0.025575,0.020876,4.010115,-0.585595,56.223963
25443.0,2025-12-17T00:17:05.605140,17.709336,0.881189,0.033544,0.011576,0.471431,0.538265,-0.335340,0.018877,0.122873,-0.022327,0.024161,4.016065,-0.643240,56.270486
25487.0,2025-12-17T00:17:05.666993,17.771190,0.880284,0.035066,0.013467,0.472958,0.594598,-0.350947,0.019670,0.124795,-0.022957,0.022770,4.271218,-0.542046,56.476191
25515.0,2025-12-17T00:17:05.669026,17.773223,0.880093,0.035113,0.012992,0.473323,0.598045,-0.367892,0.027215,0.109130,-0.019274,0.023158,4.249988,-0.594199,56.521630
25550.0,2025-12-17T00:17:05.723944,17.828140,0.879894,0.034693,0.012273,0.473742,0.556302,-0.356787,0.032665,0.079923,-0.020581,0.025595,4.168226,-0.645941,56.573290
25588.0,2025-12-17T00:17:05.727163,17.831359,0.878931,0.036378,0.014273,0.475346,0.607660,-0.353220,0.041720,0.129726,-0.026400,0.025478,4.446054,-0.544009,56.790006
25622.0,2025-12-17T00:17:05.785637,17.889833,0.879347,0.036833,0.013923,0.474550,0.474396,-0.341273,0.014030,0.132852,-0.035638,-0.051585,4.473438,-0.600062,56.684664
25658.0,2025-12-17T00:17:05.785637,17.889833,0.880123,0.037797,0.012551,0.473072,0.474786,-0.108737,0.354530,-0.003268,-0.172883,-0.169663,4.497451,-0.783225,56.485836
25688.0,2025-12-17T00:17:05.847848,17.952044,0.880244,0.034616,0.009509,0.473161,0.013165,-0.456220,1.468701,-0.192462,-0.164275,0.012093,4.010975,-0.917765,56.486874
25719.0,2025-12-17T00:17:05.905494,18.009690,0.880202,0.036290,0.011909,0.473061,-1.263777,0.165041,2.066459,0.158822,0.079969,-0.008217,4.310375,-0.766132,56.482395
25740.0,2025-12-17T00:17:05.908207,18.012403,0.878077,0.041808,0.013291,0.476504,-2.936577,-0.043047,3.444558,0.410818,-0.092087,0.300105,4.939226,-0.945575,56.933737
25766.0,2025-12-17T00:17:05.908207,18.012403,0.874746,0.049476,0.015197,0.481809,-3.201710,-0.475119,4.546979,0.701894,-0.156077,0.570569,5.809689,-1.208455,57.630532
25788.0,2025-12-17T00:17:05.966830,18.071027,0.869591,0.060888,0.017092,0.489707,-4.343917,-0.880025,5.229426,0.868430,-0.265443,0.745728,7.047362,-1.713924,58.666195
25812.0,2025-12-17T00:17:05.966830,18.071027,0.865214,0.068278,0.014584,0.496518,-5.401754,-1.240859,5.019143,0.512527,-0.508793,0.799686,7.628728,-2.439554,59.537545
25831.0,2025-12-17T00:17:05.966830,18.071027,0.858929,0.070841,0.004237,0.507154,-5.261650,-1.211432,1.727303,-0.216404,-0.769309,1.068512,7.253258,-3.702552,60.884606
25857.0,2025-12-17T00:17:06.024185,18.128381,0.849971,0.071392,-0.001187,0.521968,-4.514786,-1.082576,-0.565049,-0.479006,-0.832278,1.557451,6.919555,-4.390081,62.842694
25881.0,2025-12-17T00:17:06.029539,18.133735,0.835122,0.074582,-0.008939,0.544912,-3.077863,-0.694664,-2.833676,-0.503846,-0.866902,2.271693,6.624570,-5.521011,65.928603
25906.0,2025-12-17T00:17:06.086889,18.191086,0.815746,0.075556,-0.018448,0.573157,0.385099,0.440714,-4.811686,-0.227558,-0.557117,2.969104,5.901809,-6.702161,69.839203
25925.0,2025-12-17T00:17:06.086889,18.191086,0.792487,0.073480,-0.030972,0.604653,4.491002,1.567155,-3.879011,-0.038407,-0.249161,3.168094,4.575437,-7.929239,74.368640
25940.0,2025-12-17T00:17:06.086889,18.191086,0.774350,0.073426,-0.034057,0.627559,8.307068,2.803359,-1.755755,0.047097,-0.105161,2.841275,4.113214,-8.331626,77.745225
25973.0,2025-12-17T00:17:06.206167,18.310364,0.762694,0.073773,-0.034978,0.641586,11.464734,3.923971,0.251577,0.122820,-0.035776,2.187242,3.922287,-8.512129,79.849746
25993.0,2025-12-17T00:17:06.206167,18.310364,0.756845,0.078957,-0.028515,0.648181,13.279884,4.476664,3.376417,0.587141,0.126345,0.544441,4.786245,-8.367367,80.804883
26017.0,2025-12-17T00:17:06.206167,18.310364,0.759533,0.084916,-0.022533,0.644508,13.414503,4.150655,4.295790,0.780352,0.043665,-0.499418,5.796501,-8.261259,80.214112
26044.0,2025-12-17T00:17:06.206167,18.310364,0.772895,0.094151,-0.017117,0.627277,11.978783,3.591576,1.220424,0.769682,-0.257120,-1.916713,7.202708,-8.312758,77.601057
26089.0,2025-12-17T00:17:06.266745,18.370941,0.821209,0.108662,-0.020014,0.559829,5.948151,0.685147,-1.690087,0.141130,-0.656687,-3.536890,9.088390,-8.889852,67.857578
26113.0,2025-12-17T00:17:06.266745,18.370941,0.843138,0.112572,-0.022184,0.525312,3.030824,0.040008,-4.311094,-0.069106,-0.686127,-3.916198,9.705009,-8.956154,63.087563
26138.0,2025-12-17T00:17:06.268874,18.373070,0.867506,0.116057,-0.019288,0.483314,-0.560324,0.326028,-6.726630,0.068460,-0.311794,-4.238221,10.642810,-8.374837,57.465633
26166.0,2025-12-17T00:17:06.324237,18.428434,0.890328,0.117666,-0.001190,0.439851,-6.696698,1.392411,-4.066856,0.098569,0.475240,-4.266940,12.101799,-6.063440,51.938356
26191.0,2025-12-17T00:17:06.324237,18.428434,0.912188,0.108149,0.012242,0.395053,-11.390026,3.355733,1.922073,-0.367009,0.770610,-3.610756,11.969479,-3.618695,46.453737
26208.0,2025-12-17T00:17:06.385289,18.489486,0.925845,0.096930,0.021324,0.364639,-13.556754,5.466986,5.837805,-0.628050,0.750391,-2.776000,11.252344,-1.788136,42.817280
26232.0,2025-12-17T00:17:06.385289,18.489486,0.931018,0.091002,0.024386,0.352603,-14.653143,6.400184,7.219340,-0.507662,0.408962,-1.479266,10.759024,-1.075407,41.384896
26258.0,2025-12-17T00:17:06.385289,18.489486,0.928896,0.088063,0.020749,0.359121,-13.661299,5.261385,3.906225,-0.342513,-0.146530,0.608211,10.285825,-1.415557,42.146618
26286.0,2025-12-17T00:17:06.441447,18.545643,0.917856,0.085772,0.018191,0.387108,-8.952527,2.556858,-0.477704,-0.205729,0.088364,2.335855,9.882620,-1.891874,45.571837
26311.0,2025-12-17T00:17:06.448619,18.552816,0.897619,0.093179,0.025054,0.430082,-3.330406,0.324168,-0.173969,0.234764,0.233956,3.414466,10.891237,-2.015570,51.009342
26331.0,2025-12-17T00:17:06.507323,18.611519,0.876390,0.091196,0.017929,0.472548,1.340083,-0.503839,-0.308610,0.241314,0.097209,3.825681,10.198417,-3.139329,56.386741
26356.0,2025-12-17T00:17:06.507323,18.611519,0.855940,0.087210,0.014239,0.509469,3.756054,-0.349050,0.469369,-0.085628,-0.057257,3.656623,9.447519,-3.697326,61.218001
26381.0,2025-12-17T00:17:06.566133,18.670329,0.834839,0.085287,0.008640,0.543779,8.781009,-0.302703,0.453128,-0.244420,-0.040396,3.151851,8.758333,-4.492468,65.812845
26409.0,2025-12-17T00:17:06.566133,18.670329,0.826673,0.085344,0.007437,0.556122,12.360648,-0.510925,1.216022,-0.001479,0.007435,1.259044,8.620398,-4.739618,67.501852
26428.0,2025-12-17T00:17:06.566133,18.670329,0.827558,0.089637,0.005512,0.554150,9.714514,-0.762944,2.296156,0.173926,-0.298882,-0.138588,8.922611,-5.176387,67.210049
26454.0,2025-12-17T00:17:06.625140,18.729337,0.831767,0.093858,0.002201,0.547128,7.134823,-0.916985,0.416745,0.156805,-0.568460,-0.785014,9.167876,-5.684107,66.216863
26478.0,2025-12-17T00:17:06.627803,18.732000,0.841988,0.092537,-0.003149,0.531491,3.812534,-1.036470,-2.637766,0.188712,-0.303587,-1.503867,8.818796,-5.950416,64.063721
26503.0,2025-12-17T00:17:06.686433,18.790629,0.851174,0.095570,0.001459,0.516107,0.060178,-1.527143,-2.790027,0.370332,0.041155,-1.551805,9.495138,-5.518350,62.002131
26524.0,2025-12-17T00:17:06.686433,18.790629,0.858342,0.095108,0.013060,0.504016,-1.361879,-1.969609,-2.078826,0.353167,0.140511,-1.125149,10.189956,-4.212291,60.466937
26550.0,2025-12-17T00:17:06.686433,18.790629,0.862598,0.096438,0.018502,0.496269,-1.616548,-1.983378,-3.013795,0.308358,0.248898,-0.836184,10.667858,-3.657884,59.483653
26574.0,2025-12-17T00:17:06.741837,18.846033,0.866562,0.094253,0.034564,0.488869,-1.543847,-1.703184,-2.431082,0.358203,0.541927,-0.671480,11.376082,-1.848167,58.674708
26599.0,2025-12-17T00:17:06.741837,18.846033,0.869031,0.090029,0.047918,0.484132,-0.894068,-1.513757,1.588645,0.218116,0.523173,-0.450379,11.705116,-0.222694,58.221018
26618.0,2025-12-17T00:17:06.748616,18.852812,0.870222,0.087135,0.049300,0.482381,-0.318086,-1.485853,2.193542,-0.141011,0.157843,-0.185367,11.491130,0.099677,58.010962
26639.0,2025-12-17T00:17:06.804628,18.908824,0.871009,0.078829,0.049381,0.482381,0.267862,-1.417183,0.260566,-0.284515,-0.028659,0.008896,10.659505,0.571354,58.010267
26665.0,2025-12-17T00:17:06.804628,18.908824,0.869279,0.073233,0.052708,0.486017,0.833512,-1.366624,-1.515808,-0.208247,0.088839,0.051639,10.287755,1.171868,58.524880
26690.0,2025-12-17T00:17:06.865542,18.969739,0.869892,0.063094,0.056260,0.485944,0.957321,-1.003215,-1.373480,0.020473,0.454727,-0.048218,9.471578,2.095196,58.551306
26714.0,2025-12-17T00:17:06.867749,18.971945,0.870715,0.055526,0.060219,0.484919,1.000956,-0.625587,-0.029998,0.193352,0.528588,-0.134010,8.934119,2.924263,58.457152
26734.0,2025-12-17T00:17:06.867749,18.971945,0.871947,0.046621,0.061631,0.483463,0.221949,-0.024706,0.468925,0.006359,0.374421,-0.163141,8.115577,3.577483,58.267382
26769.0,2025-12-17T00:17:06.928407,19.032603,0.868720,0.041439,0.074081,0.487975,0.825967,0.242082,-0.436088,0.092013,0.532428,-0.066283,8.329280,5.064027,59.016357
26794.0,2025-12-17T00:17:06.928407,19.032603,0.868626,0.039923,0.081369,0.487107,0.884531,0.456213,0.923327,0.533392,1.012589,-0.123373,8.592913,5.881084,59.007810
26818.0,2025-12-17T00:17:06.987057,19.091254,0.866980,0.039395,0.086189,0.489249,0.894772,0.715524,2.038649,0.391341,0.937558,0.150486,8.835196,6.367265,59.365746
26838.0,2025-12-17T00:17:06.987057,19.091254,0.864858,0.038282,0.090071,0.492385,1.806822,0.823922,0.927679,0.419307,0.811872,0.253866,8.975258,6.782321,59.840771
26864.0,2025-12-17T00:17:07.043802,19.147998,0.862850,0.040697,0.096480,0.494494,2.982105,1.009299,3.080905,0.507140,0.428692,0.240592,9.612571,7.252784,60.244125
26889.0,2025-12-17T00:17:07.043802,19.147998,0.862652,0.042134,0.090491,0.495850,2.307459,1.025875,0.449978,0.207950,0.044598,0.086460,9.410501,6.565572,60.321306
26914.0,2025-12-17T00:17:07.048791,19.152988,0.862678,0.043811,0.083714,0.496850,2.017762,0.893851,-0.035575,0.169000,-0.089579,0.070652,9.183143,5.791124,60.344127
26933.0,2025-12-17T00:17:07.101696,19.205892,0.862961,0.046352,0.075785,0.497399,1.652833,0.604967,0.038602,0.216846,-0.195852,0.035077,8.971995,4.858069,60.298449
26967.0,2025-12-17T00:17:07.101696,19.205892,0.859950,0.047270,0.076839,0.502341,1.808915,0.306165,-0.062910,0.211152,-0.259192,-0.002556,9.152903,4.856726,60.971771
27000.0,2025-12-17T00:17:07.165258,19.269454,0.860700,0.048164,0.067829,0.502269,1.671947,0.090566,-0.063918,0.218897,-0.231821,-0.009646,8.708087,3.920889,60.830796
27025.0,2025-12-17T00:17:07.167796,19.271993,0.861299,0.046027,0.059861,0.502456,1.540117,-0.071813,-0.084738,0.118088,-0.116956,-0.000175,8.028632,3.259808,60.744852
27063.0,2025-12-17T00:17:07.224117,19.328313,0.856861,0.043323,0.063428,0.509793,1.485622,0.099058,-0.051462,0.054197,-0.038082,0.020362,8.001752,3.699686,61.760298
27100.0,2025-12-17T00:17:07.224117,19.328313,0.857216,0.040293,0.053758,0.510555,1.266918,0.086281,-0.002196,0.085535,-0.036534,0.024097,7.130804,2.924570,61.738056
27135.0,2025-12-17T00:17:07.287312,19.391509,0.857456,0.037590,0.044782,0.511225,1.123729,0.016180,-0.003618,0.124883,-0.043914,0.025076,6.334479,2.198522,61.729391
27171.0,2025-12-17T00:17:07.343794,19.447990,0.853404,0.036465,0.050098,0.517554,1.208626,0.056375,-0.029717,0.132303,-0.038933,0.023019,6.559020,2.737661,62.627076
27206.0,2025-12-17T00:17:07.343794,19.447990,0.853617,0.033303,0.041604,0.518169,1.065406,0.016686,-0.009370,0.110389,-0.024428,0.023227,5.741348,2.092615,62.622736
27241.0,2025-12-17T00:17:07.401418,19.505614,0.853745,0.029542,0.032839,0.518815,0.880031,0.000946,0.006228,0.089552,-0.019640,0.024840,4.849866,1.456472,62.635197
27277.0,2025-12-17T00:17:07.401418,19.505614,0.849467,0.028299,0.038450,0.525477,0.927699,0.100194,0.020458,0.098718,-0.020682,0.025276,5.079779,2.039227,63.572060
27314.0,2025-12-17T00:17:07.466479,19.570675,0.849532,0.025534,0.029202,0.526108,0.776008,0.030523,0.030374,0.130427,-0.027282,0.025394,4.251275,1.303542,63.587568
27347.0,2025-12-17T00:17:07.522945,19.627141,0.845521,0.024882,0.035484,0.532180,0.884416,0.100781,0.006660,0.133826,-0.026637,0.019245,4.582203,1.921030,64.450420
27390.0,2025-12-17T00:17:07.522945,19.627141,0.845688,0.022434,0.027030,0.532520,0.702347,0.045674,0.028087,0.127064,-0.024922,0.010638,3.827265,1.250513,64.438114
27419.0,2025-12-17T00:17:07.585503,19.689699,0.845716,0.020097,0.018949,0.532918,0.562827,0.008178,0.033243,0.157561,-0.023673,0.016722,3.106535,0.609156,64.449656
27455.0,2025-12-17T00:17:07.585503,19.689699,0.841929,0.020604,0.024793,0.538624,0.735728,0.035918,0.026356,0.172034,-0.023331,-0.026723,3.520996,1.120377,65.252579
27486.0,2025-12-17T00:17:07.645851,19.750047,0.842128,0.021819,0.024059,0.538299,0.698029,-0.001824,0.032152,0.144889,-0.023235,-0.021422,3.592548,0.975872,65.205100
27521.0,2025-12-17T00:17:07.706337,19.810534,0.842328,0.023136,0.023533,0.537954,0.786809,-0.052400,0.025234,0.157870,-0.020121,-0.021432,3.686791,0.845374,65.156006
27557.0,2025-12-17T00:17:07.706337,19.810534,0.841551,0.024201,0.025332,0.539041,0.787064,-0.051753,0.019848,0.095635,-0.018464,-0.007319,3.902110,0.948100,65.314116
27593.0,2025-12-17T00:17:07.766174,19.870370,0.841427,0.024631,0.024219,0.539266,0.758279,-0.047663,0.027485,0.097239,-0.018809,0.015050,3.874944,0.813162,65.338654
27634.0,2025-12-17T00:17:07.767300,19.871496,0.841304,0.025249,0.023367,0.539466,0.794461,-0.095898,0.002068,0.116329,-0.018901,0.014078,3.881898,0.691910,65.361570
27668.0,2025-12-17T00:17:07.824706,19.928902,0.840596,0.026619,0.025264,0.540418,0.886808,-0.092837,-0.001420,0.119914,-0.018153,-0.014802,4.132600,0.785149,65.502086
27703.0,2025-12-17T00:17:07.886466,19.990662,0.841053,0.026340,0.023837,0.539785,0.822298,-0.119141,-0.008381,0.061661,-0.021104,-0.040264,4.016533,0.668117,65.407831
27740.0,2025-12-17T00:17:07.886466,19.990662,0.840996,0.025535,0.022089,0.539986,0.777621,-0.101912,0.028444,0.025622,-0.019511,0.011137,3.830703,0.548753,65.425727
27780.0,2025-12-17T00:17:07.945821,20.050018,0.839931,0.025459,0.023114,0.541602,0.717625,-0.073594,0.044032,0.018321,-0.021460,0.020187,3.888164,0.644680,65.651124
27821.0,2025-12-17T00:17:08.005858,20.110055,0.839746,0.024261,0.020929,0.542033,0.688939,-0.071683,0.014754,-0.000974,-0.021959,0.024090,3.637084,0.507087,65.698292
27859.0,2025-12-17T00:17:08.005858,20.110055,0.838562,0.022988,0.021278,0.543905,0.641450,-0.043405,0.020192,-0.050368,-0.018057,0.025109,3.537622,0.611839,65.955036
27896.0,2025-12-17T00:17:08.066873,20.171070,0.838355,0.019837,0.018127,0.544462,0.418109,0.001775,0.029323,-0.101789,0.000598,0.026966,3.038173,0.503762,66.016063
27940.0,2025-12-17T00:17:08.126233,20.230430,0.838127,0.019392,0.016091,0.544892,0.347415,0.087443,0.089565,0.010314,-0.006651,0.025851,2.868419,0.334527,66.066650
27979.0,2025-12-17T00:17:08.128005,20.232201,0.836461,0.021780,0.017447,0.547315,0.388606,0.093280,0.082714,0.124695,-0.074517,0.073943,3.183523,0.306293,66.403695
28008.0,2025-12-17T00:17:08.244117,20.348313,0.832789,0.015759,0.008752,0.553297,0.176206,-0.135787,4.320557,-0.583763,-0.224904,0.421949,2.059214,-0.163980,67.196355
28031.0,2025-12-17T00:17:08.244117,20.348313,0.829106,0.006963,-0.005283,0.559022,-0.948510,-0.274616,10.175194,-1.222103,-0.542735,0.563162,0.323155,-0.947950,67.976715
28057.0,2025-12-17T00:17:08.244117,20.348313,0.824711,-0.000723,-0.026973,0.564910,-2.085212,-0.672117,13.513376,-1.649341,-1.222971,0.673639,-1.816430,-2.503140,68.860315
28084.0,2025-12-17T00:17:08.244117,20.348313,0.820217,-0.004001,-0.048666,0.569965,-2.365015,-0.922710,10.148942,-1.150571,-1.254433,0.526293,-3.566975,-4.316862,69.725041
28127.0,2025-12-17T00:17:08.303848,20.408044,0.814236,0.008983,-0.060748,0.577277,-5.891546,-2.136325,12.230862,0.431106,-0.802141,0.447028,-3.201229,-6.274878,70.847271
28152.0,2025-12-17T00:17:08.307743,20.411940,0.807713,0.024312,-0.068273,0.585104,-5.173631,-2.447862,8.995626,0.753581,-1.329826,0.806062,-2.350743,-7.974967,72.002743
28177.0,2025-12-17T00:17:08.307743,20.411940,0.799133,0.049105,-0.064709,0.595640,-2.614223,-2.128648,0.734270,1.451461,-1.397448,0.985976,0.081070,-9.318306,73.392005
28205.0,2025-12-17T00:17:08.367583,20.471779,0.789281,0.076482,-0.060716,0.606218,-1.617193,-2.231766,-4.125680,2.049895,-1.111451,1.006269,2.749946,-10.869540,74.791446
28225.0,2025-12-17T00:17:08.393440,20.497637,0.777240,0.107807,-0.053211,0.617611,-0.844696,-2.565374,-7.566142,2.185174,-0.914491,0.977447,5.987757,-12.467245,76.288168
28251.0,2025-12-17T00:17:08.423185,20.527381,0.768574,0.127523,-0.050098,0.624917,-0.158803,-2.626795,-9.498146,1.788270,-0.908192,0.928889,7.891581,-13.673649,77.280554
28275.0,2025-12-17T00:17:08.423185,20.527381,0.759528,0.144890,-0.050027,0.632156,0.404566,-2.579190,-11.236328,1.151498,-0.797745,0.798486,9.345924,-15.021415,78.306453
28299.0,2025-12-17T00:17:08.483931,20.588128,0.752321,0.157151,-0.051364,0.637714,0.520010,-2.908850,-11.124563,0.832648,-0.707770,0.710831,10.250058,-16.124123,79.117701
28321.0,2025-12-17T00:17:08.483931,20.588128,0.746358,0.166349,-0.053689,0.642180,0.055909,-2.545448,-12.791389,0.558399,-0.610416,0.596569,10.814891,-17.085214,79.789338
28342.0,2025-12-17T00:17:08.483931,20.588128,0.741279,0.173431,-0.055493,0.646025,0.087069,-2.201993,-13.748808,0.438046,-0.467616,0.511847,11.232332,-17.839609,80.375857
28362.0,2025-12-17T00:17:08.545497,20.649694,0.738005,0.177702,-0.054849,0.648662,0.559837,-2.574229,-12.409080,0.410415,-0.191652,0.355597,11.603560,-18.149347,80.767555
28390.0,2025-12-17T00:17:08.545497,20.649694,0.736285,0.180742,-0.052845,0.649942,1.104207,-2.841666,-11.204402,0.339038,-0.031114,0.132912,11.998908,-18.225721,80.940141
28414.0,2025-12-17T00:17:08.547694,20.651890,0.736137,0.181733,-0.049614,0.650088,0.968216,-2.422118,-12.508644,0.244948,0.149978,-0.036937,12.329007,-18.018896,80.933771
28430.0,2025-12-17T00:17:08.606107,20.710303,0.736981,0.180813,-0.045627,0.649680,0.493661,-2.119161,-13.644810,0.143644,0.288697,-0.126082,12.555790,-17.589416,80.844861
28446.0,2025-12-17T00:17:08.607032,20.711228,0.738272,0.177967,-0.042603,0.649205,0.019457,-1.990674,-14.004297,-0.045854,0.477721,-0.189305,12.535818,-17.096355,80.762394
28471.0,2025-12-17T00:17:08.607948,20.712144,0.739981,0.172279,-0.039526,0.648988,-0.284920,-1.916213,-14.057856,-0.301639,0.719654,-0.188958,12.256305,-16.386163,80.732398
28495.0,2025-12-17T00:17:08.664310,20.768506,0.743204,0.157143,-0.035835,0.649362,0.111041,-1.997464,-12.212078,-0.760404,1.037023,-0.150722,11.160506,-14.912971,80.824341
28519.0,2025-12-17T00:17:08.664310,20.768506,0.746126,0.140263,-0.033814,0.649984,0.222679,-2.100332,-10.196083,-1.039266,1.127937,-0.102253,9.789053,-13.461784,80.963054
28545.0,2025-12-17T00:17:08.721503,20.825699,0.749010,0.120342,-0.033042,0.650699,-0.258615,-2.053767,-8.668130,-1.212019,1.128207,-0.063736,8.064392,-11.894524,81.123211
28565.0,2025-12-17T00:17:08.721503,20.825699,0.750393,0.098885,-0.032844,0.652727,-0.729541,-2.000064,-5.126897,-1.240470,1.113515,0.100850,6.156718,-10.275473,81.482478
28589.0,2025-12-17T00:17:08.721503,20.825699,0.751110,0.078294,-0.030109,0.654826,-0.566536,-2.082131,-1.334578,-1.301950,0.931026,0.206165,4.533967,-8.497542,81.827558
28610.0,2025-12-17T00:17:08.786917,20.891114,0.752973,0.054899,-0.034721,0.654837,0.626462,-1.671491,0.395396,-1.431879,0.528432,-0.024234,2.148641,-7.133833,81.890926
28635.0,2025-12-17T00:17:08.786917,20.891114,0.757114,0.035139,-0.037550,0.651255,0.313860,-1.341813,0.971754,-1.349187,0.510308,-0.454248,0.247675,-5.890514,81.390235
28661.0,2025-12-17T00:17:08.846133,20.950329,0.762100,0.020010,-0.033121,0.646302,-0.887265,-1.246396,2.374281,-0.939510,0.684317,-0.866238,-0.707512,-4.378681,80.626561
28684.0,2025-12-17T00:17:08.846932,20.951129,0.770608,0.009493,-0.030478,0.636509,-2.539634,-1.134167,4.805229,-0.518694,0.678539,-0.965965,-1.387241,-3.385719,79.153290
28708.0,2025-12-17T00:17:08.847581,20.951777,0.777676,0.002257,-0.025900,0.628127,-3.126127,-0.833650,5.646859,-0.249492,0.691052,-0.901081,-1.664879,-2.471372,77.891317
28733.0,2025-12-17T00:17:08.904248,21.008445,0.782712,-0.003214,-0.022197,0.621980,-4.183095,-0.808285,7.954503,-0.180220,0.552235,-0.670441,-1.871565,-1.762123,76.973387
28758.0,2025-12-17T00:17:08.904248,21.008445,0.785904,-0.007400,-0.020338,0.617970,-3.346911,-0.489283,7.525290,-0.178825,0.336886,-0.408679,-2.107680,-1.307707,76.381186
28777.0,2025-12-17T00:17:08.908316,21.012513,0.789136,-0.010792,-0.020417,0.613784,-2.108360,-0.311461,6.180748,-0.223477,0.171581,-0.420125,-2.413085,-1.087257,75.773896
28801.0,2025-12-17T00:17:08.966610,21.070806,0.791042,-0.013275,-0.022588,0.611200,-2.102584,-0.264726,4.496314,-0.324588,-0.011947,-0.310683,-2.787000,-1.117801,75.410240
28826.0,2025-12-17T00:17:08.966610,21.070806,0.792738,-0.013326,-0.019666,0.609100,-1.360540,-0.092614,2.916332,0.111054,0.195496,-0.229770,-2.584304,-0.856385,75.093063
28848.0,2025-12-17T00:17:09.025430,21.129627,0.797468,-0.006392,-0.001070,0.603326,-0.824599,0.216828,9.722299,1.369365,0.872626,-0.599836,-0.658090,0.344184,74.216796
28867.0,2025-12-17T00:17:09.025430,21.129627,0.799615,0.000389,0.003068,0.600505,-2.159608,-0.272519,3.421255,0.677289,-0.084188,-0.318667,0.246739,0.254348,73.813133
28891.0,2025-12-17T00:17:09.025430,21.129627,0.799491,0.008145,0.010083,0.600538,-1.197357,-0.105126,-2.080029,0.449869,-0.097593,0.010240,1.440252,0.363305,73.828739
28916.0,2025-12-17T00:17:09.085217,21.189414,0.799227,0.012002,0.018816,0.600614,-0.211029,-0.046686,-3.143791,0.692212,0.393010,0.016485,2.395185,0.897265,73.868002
28935.0,2025-12-17T00:17:09.085217,21.189414,0.798645,0.027841,0.028179,0.600497,0.208112,0.150900,1.879461,1.008604,0.197299,0.013302,4.491930,0.663107,73.904649
28951.0,2025-12-17T00:17:09.085217,21.189414,0.795828,0.032275,0.034999,0.603648,0.935751,0.394188,1.426654,0.704397,-0.003998,0.006435,5.372889,0.959235,74.406778
28982.0,2025-12-17T00:17:09.203787,21.307983,0.795788,0.034003,0.029760,0.603887,0.751880,0.345244,0.452429,0.289641,-0.006100,0.004235,5.167252,0.360801,74.402695
29017.0,2025-12-17T00:17:09.203787,21.307983,0.795629,0.031737,0.022693,0.604527,0.585261,0.066888,0.178911,0.163858,-0.017431,0.029761,4.470110,-0.129556,74.450855
29056.0,2025-12-17T00:17:09.203787,21.307983,0.791226,0.031424,0.028283,0.610061,0.647191,0.080599,0.093921,0.145562,-0.024612,0.031241,4.832158,0.367587,75.282383
29082.0,2025-12-17T00:17:09.265250,21.369446,0.791117,0.028062,0.020688,0.610670,0.482286,0.019972,0.045143,0.133444,-0.028193,0.027063,3.994886,-0.088232,75.326670
29119.0,2025-12-17T00:17:09.265250,21.369446,0.790969,0.024258,0.013061,0.611236,0.371644,-0.013155,0.051755,0.140862,-0.036961,0.025104,3.115186,-0.515273,75.377416
29156.0,2025-12-17T00:17:09.322009,21.426206,0.786031,0.024991,0.018971,0.617391,0.453267,0.065978,0.068573,0.149893,-0.044027,0.026125,3.595522,-0.059335,76.294124
29191.0,2025-12-17T00:17:09.327697,21.431893,0.785905,0.020950,0.011480,0.617886,0.323860,-0.027326,0.051869,0.148435,-0.045153,0.022507,2.700704,-0.449481,76.338935
29226.0,2025-12-17T00:17:09.381487,21.485683,0.785772,0.015851,0.004947,0.618293,0.164979,-0.036970,0.043119,0.148042,-0.033776,0.018419,1.778242,-0.677627,76.385123
29263.0,2025-12-17T00:17:09.447419,21.551615,0.781072,0.016166,0.010945,0.624135,0.293192,0.038038,0.030660,0.127085,-0.022244,0.021962,2.230278,-0.176517,77.251478
29301.0,2025-12-17T00:17:09.447419,21.551615,0.780829,0.012608,0.002663,0.624611,0.115909,-0.013216,0.040788,0.148053,-0.022951,0.022958,1.318882,-0.664189,77.307295
29335.0,2025-12-17T00:17:09.504146,21.608343,0.780606,0.006314,-0.002704,0.624986,-0.003464,-0.006510,0.025709,0.139383,-0.021575,0.020100,0.371149,-0.694072,77.362163
29372.0,2025-12-17T00:17:09.504146,21.608343,0.775854,0.006787,0.003234,0.630867,0.086703,0.072781,0.027183,0.100743,-0.018115,0.016244,0.837204,-0.203153,78.229419
29406.0,2025-12-17T00:17:09.565376,21.669573,0.775651,0.007970,-0.006682,0.631076,-0.040629,-0.069840,0.038095,0.101729,-0.018715,0.012060,0.225170,-1.170381,78.261863
29445.0,2025-12-17T00:17:09.624405,21.728601,0.771080,0.008172,-0.000272,0.636686,0.045851,0.000636,0.050017,0.095781,-0.017323,0.007056,0.702288,-0.620255,79.089680
29480.0,2025-12-17T00:17:09.624405,21.728601,0.770808,0.002920,-0.007956,0.637011,-0.108438,-0.016071,0.052815,0.109085,-0.017727,0.018261,-0.322907,-0.915941,79.144575
29516.0,2025-12-17T00:17:09.684541,21.788737,0.770680,0.010242,0.001678,0.637137,0.132433,-0.001438,0.042948,0.091598,-0.018606,0.013406,1.027116,-0.599615,79.157097
29554.0,2025-12-17T00:17:09.684541,21.788737,0.766099,0.010063,0.007948,0.642594,0.219317,0.090905,0.067601,0.096154,-0.017289,0.006625,1.468854,-0.043320,79.978439
29588.0,2025-12-17T00:17:09.805346,21.909542,0.765911,0.010868,0.006656,0.642821,0.203433,0.067541,0.049729,0.087265,-0.016158,0.015694,1.444363,-0.216400,80.010073
29624.0,2025-12-17T00:17:09.808011,21.912207,0.765653,0.011498,0.005413,0.643128,0.189974,0.042147,0.059564,0.087981,-0.017411,0.021265,1.407920,-0.372406,80.054150
29666.0,2025-12-17T00:17:09.808011,21.912207,0.764449,0.012685,0.007392,0.644517,0.235152,0.038750,0.046810,0.098302,-0.017747,0.025095,1.657447,-0.289357,80.265136
29693.0,2025-12-17T00:17:09.867421,21.971618,0.764140,0.013075,0.006445,0.644886,0.227608,0.018581,0.034169,0.096404,-0.016283,0.026121,1.621479,-0.401876,80.318859
29732.0,2025-12-17T00:17:09.867421,21.971618,0.763836,0.013284,0.005438,0.645251,0.229183,0.010444,0.059644,0.088118,-0.017441,0.025621,1.565105,-0.506240,80.372076
29772.0,2025-12-17T00:17:09.923960,22.028156,0.762504,0.014443,0.007292,0.646781,0.257093,0.008752,0.054801,0.085831,-0.019347,0.023897,1.802718,-0.433328,80.604570
29807.0,2025-12-17T00:17:10.041949,22.146146,0.762689,0.014513,0.006311,0.646572,0.251429,-0.002745,0.034436,0.085258,-0.019826,-0.016286,1.736282,-0.523760,80.571457
29844.0,2025-12-17T00:17:10.041949,22.146146,0.761750,0.015533,0.008155,0.647634,0.271188,0.005728,0.040283,0.086663,-0.019174,0.001781,1.961563,-0.440922,80.734317
29878.0,2025-12-17T00:17:10.041949,22.146146,0.761564,0.015653,0.007394,0.647858,0.266728,-0.012894,0.031920,0.096399,-0.017440,0.015200,1.915427,-0.516809,80.766560
29915.0,2025-12-17T00:17:10.051402,22.155598,0.761304,0.015602,0.006599,0.648174,0.268821,-0.018270,0.026408,0.088112,-0.016199,0.021895,1.851627,-0.583154,80.812660
29957.0,2025-12-17T00:17:10.107861,22.212057,0.759999,0.016779,0.008204,0.649656,0.290879,-0.007809,0.041299,0.091325,-0.018201,0.024485,2.072525,-0.534672,81.038828
29988.0,2025-12-17T00:17:10.164071,22.268267,0.759681,0.016737,0.007380,0.650039,0.288618,-0.026217,0.064748,0.090613,-0.017954,0.024399,2.007225,-0.604257,81.094905
30024.0,2025-12-17T00:17:10.164071,22.268267,0.759383,0.016545,0.006656,0.650400,0.264072,-0.038727,0.043625,0.085767,-0.018671,0.025157,1.936342,-0.653938,81.148080
30068.0,2025-12-17T00:17:10.227120,22.331316,0.757921,0.017786,0.008704,0.652046,0.311825,-0.028234,0.046827,0.090855,-0.016457,0.026172,2.195772,-0.573008,81.400466
30103.0,2025-12-17T00:17:10.285494,22.389691,0.757605,0.017751,0.008026,0.652423,0.299241,-0.030113,0.059736,0.093617,-0.017490,0.026413,2.141718,-0.630268,81.456011
30139.0,2025-12-17T00:17:10.287980,22.392177,0.756298,0.018967,0.009865,0.653878,0.347122,-0.016012,0.067147,0.098254,-0.018547,0.026477,2.383736,-0.566244,81.680095
30172.0,2025-12-17T00:17:10.347914,22.452110,0.755981,0.019044,0.009270,0.654251,0.344272,-0.029331,0.052933,0.101052,-0.017277,0.026495,2.345496,-0.624695,81.735253
30214.0,2025-12-17T00:17:10.347914,22.452110,0.755624,0.018977,0.008477,0.654676,0.335893,-0.031984,0.049494,0.090680,-0.018517,0.027296,2.279838,-0.689674,81.797889
30256.0,2025-12-17T00:17:10.406251,22.510448,0.754201,0.020099,0.010432,0.656253,0.378185,-0.037153,0.050191,0.087229,-0.018028,0.025086,2.522581,-0.609879,82.041538
30293.0,2025-12-17T00:17:10.463655,22.567852,0.753870,0.019983,0.009732,0.656647,0.365790,-0.040660,0.043106,0.090330,-0.017912,0.026913,2.459428,-0.662958,82.099751
30334.0,2025-12-17T00:17:10.467844,22.572040,0.752396,0.021095,0.011624,0.658271,0.408724,-0.026343,0.045127,0.084732,-0.017076,0.025798,2.696741,-0.589048,82.351466
30374.0,2025-12-17T00:17:10.526383,22.630580,0.752082,0.020884,0.010823,0.658649,0.384723,-0.032640,0.053449,0.081844,-0.016878,0.026313,2.617851,-0.643500,82.406940
30407.0,2025-12-17T00:17:10.583632,22.687829,0.751772,0.020722,0.010155,0.659019,0.375238,-0.040117,0.055587,0.088871,-0.016044,0.025671,2.552984,-0.690073,82.461577
30442.0,2025-12-17T00:17:10.583632,22.687829,0.750391,0.021850,0.011913,0.660526,0.407464,-0.028761,0.060662,0.091555,-0.016606,0.026284,2.781816,-0.629413,82.695971
30479.0,2025-12-17T00:17:10.646445,22.750641,0.750054,0.021759,0.011285,0.660922,0.407002,-0.050273,0.037848,0.094630,-0.018334,0.026445,2.726129,-0.677986,82.754620
30517.0,2025-12-17T00:17:10.648372,22.752568,0.749728,0.021612,0.010681,0.661306,0.399806,-0.049959,0.052431,0.091524,-0.017218,0.027263,2.667303,-0.720162,82.811767
30557.0,2025-12-17T00:17:10.704290,22.808486,0.748302,0.022786,0.012682,0.662845,0.438127,-0.028803,0.044133,0.093846,-0.016910,0.026694,2.918623,-0.643294,83.052597
30591.0,2025-12-17T00:17:10.764909,22.869105,0.747985,0.022634,0.011997,0.663221,0.431977,-0.042149,0.061693,0.088200,-0.017611,0.026553,2.853141,-0.691927,83.108059
30628.0,2025-12-17T00:17:10.764909,22.869105,0.747675,0.022467,0.011365,0.663587,0.413823,-0.050496,0.040802,0.089789,-0.017801,0.025736,2.790386,-0.734729,83.162358
30667.0,2025-12-17T00:17:10.823833,22.928029,0.746365,0.023462,0.013072,0.664994,0.457743,-0.039185,0.040129,0.087881,-0.017852,0.026295,3.004369,-0.669835,83.383055
30703.0,2025-12-17T00:17:10.883721,22.987917,0.746021,0.023283,0.012316,0.665401,0.438770,-0.045577,0.042944,0.087356,-0.018661,0.026449,2.931071,-0.722453,83.443146
30741.0,2025-12-17T00:17:10.883721,22.987917,0.744744,0.024258,0.014162,0.666759,0.469567,-0.039114,0.042429,0.091121,-0.017304,0.026487,3.154045,-0.644820,83.657541
30776.0,2025-12-17T00:17:10.947576,23.051772,0.744445,0.024102,0.013504,0.667112,0.473213,-0.046628,0.046895,0.089018,-0.017718,0.024941,3.090054,-0.690501,83.709668
30811.0,2025-12-17T00:17:10.949067,23.053263,0.744122,0.023940,0.012812,0.667492,0.464268,-0.048115,0.057114,0.087673,-0.019387,0.026860,3.022990,-0.738683,83.765951
30843.0,2025-12-17T00:17:11.004799,23.108995,0.742796,0.024976,0.014457,0.668895,0.484902,-0.043694,0.044421,0.089647,-0.019057,0.025819,3.235974,-0.683872,83.987357
30885.0,2025-12-17T00:17:11.066749,23.170945,0.742472,0.024827,0.013759,0.669276,0.472655,-0.044702,0.048586,0.088614,-0.018968,0.026321,3.169379,-0.733499,84.043751
30922.0,2025-12-17T00:17:11.066749,23.170945,0.742143,0.024644,0.013089,0.669661,0.471408,-0.046706,0.052792,0.088341,-0.017376,0.026454,3.101973,-0.777989,84.100973
30957.0,2025-12-17T00:17:11.125719,23.229915,0.740835,0.025575,0.014824,0.671037,0.489368,-0.043817,0.043536,0.085933,-0.017737,0.026488,3.313135,-0.708177,84.319112
30993.0,2025-12-17T00:17:11.125719,23.229915,0.740513,0.025415,0.014256,0.671410,0.472158,-0.054187,0.035081,0.092299,-0.017055,0.026498,3.255478,-0.745658,84.374958
31036.0,2025-12-17T00:17:11.184126,23.288322,0.739212,0.026325,0.015971,0.672768,0.532039,-0.035235,0.051710,0.084668,-0.018429,0.025722,3.463564,-0.676596,84.591134
31067.0,2025-12-17T00:17:11.246585,23.350781,0.738904,0.026139,0.015237,0.673131,0.501551,-0.035803,0.055824,0.084945,-0.018020,0.025513,3.390807,-0.726141,84.644693
31104.0,2025-12-17T00:17:11.305937,23.410134,0.738593,0.025892,0.014532,0.673497,0.487902,-0.047245,0.056588,0.085021,-0.017122,0.024668,3.315145,-0.768378,84.698904
31144.0,2025-12-17T00:17:11.305937,23.410134,0.737281,0.026787,0.016242,0.674859,0.531957,-0.037101,0.044665,0.084260,-0.016890,0.025230,3.521648,-0.699370,84.916407
31180.0,2025-12-17T00:17:11.366074,23.470271,0.736992,0.026602,0.015566,0.675199,0.525885,-0.042742,0.055550,0.087176,-0.017608,0.023821,3.453371,-0.743601,84.966601
31216.0,2025-12-17T00:17:11.368091,23.472287,0.737094,0.026265,0.014672,0.675120,0.534540,-0.044770,0.029951,0.077550,-0.019410,-0.007053,3.355736,-0.792714,84.951217
31256.0,2025-12-17T00:17:11.424099,23.528295,0.735923,0.027320,0.016496,0.676313,0.530616,-0.049620,0.028238,0.093997,-0.019844,0.012882,3.584951,-0.726213,85.143217
31292.0,2025-12-17T00:17:11.424099,23.528295,0.735620,0.027440,0.016038,0.676648,0.544197,-0.049396,0.024991,0.108913,-0.019160,0.021531,3.559191,-0.775747,85.193730
31334.0,2025-12-17T00:17:11.483735,23.587931,0.734310,0.028439,0.017601,0.677990,0.570068,-0.044957,0.040232,0.091555,-0.018997,0.025921,3.763443,-0.728462,85.408838
31365.0,2025-12-17T00:17:11.546678,23.650874,0.733993,0.028212,0.016928,0.678360,0.567333,-0.051442,0.037656,0.085245,-0.018174,0.026345,3.691676,-0.769258,85.463714
31401.0,2025-12-17T00:17:11.546678,23.650874,0.733669,0.027919,0.016220,0.678740,0.540041,-0.050145,0.045938,0.081970,-0.017169,0.026460,3.611526,-0.807874,85.520281
31439.0,2025-12-17T00:17:11.601854,23.706050,0.732358,0.028810,0.017863,0.680076,0.572510,-0.043671,0.046104,0.085004,-0.019243,0.025710,3.812972,-0.746102,85.735404
31474.0,2025-12-17T00:17:11.601854,23.706050,0.732047,0.028580,0.017224,0.680436,0.560632,-0.048105,0.035289,0.086595,-0.016679,0.025509,3.743538,-0.783606,85.789162
31514.0,2025-12-17T00:17:11.666255,23.770451,0.731737,0.028348,0.016602,0.680795,0.540832,-0.049453,0.047192,0.087021,-0.016771,0.025456,3.675068,-0.819490,85.842896
31549.0,2025-12-17T00:17:11.724838,23.829034,0.730419,0.029195,0.018227,0.682131,0.579304,-0.038356,0.044861,0.083240,-0.016796,0.025441,3.871712,-0.756488,86.058658
31583.0,2025-12-17T00:17:11.724838,23.829034,0.730123,0.028887,0.017487,0.682481,0.555970,-0.046404,0.052848,0.080644,-0.017588,0.023866,3.787567,-0.796115,86.110400
31611.0,2025-12-17T00:17:11.784847,23.889043,0.729814,0.028673,0.016881,0.682836,0.542516,-0.048585,0.041841,0.088555,-0.017014,0.025016,3.721845,-0.831824,86.163602
31656.0,2025-12-17T00:17:11.784847,23.889043,0.728511,0.029567,0.018739,0.684139,0.590860,-0.038029,0.035979,0.089108,-0.017643,0.025324,3.940729,-0.753623,86.375926
31696.0,2025-12-17T00:17:11.846357,23.950553,0.728151,0.029257,0.017886,0.684558,0.572677,-0.040636,0.048645,0.080405,-0.018620,0.026214,3.847542,-0.802614,86.438109
31737.0,2025-12-17T00:17:11.906699,24.010895,0.726812,0.030088,0.019494,0.685900,0.603078,-0.031324,0.041539,0.080684,-0.018071,0.025644,4.041814,-0.741357,86.656229
31773.0,2025-12-17T00:17:11.908737,24.012933,0.726493,0.029810,0.018773,0.686270,0.581315,-0.044998,0.042632,0.084755,-0.017122,0.023890,3.961490,-0.781482,86.711345
31814.0,2025-12-17T00:17:11.964521,24.068717,0.726207,0.029559,0.018097,0.686602,0.559994,-0.044937,0.047784,0.084189,-0.018449,0.023462,3.887107,-0.819706,86.760720
31847.0,2025-12-17T00:17:12.027157,24.131354,0.725089,0.030384,0.019717,0.687702,0.608687,-0.026138,0.051606,0.074449,-0.018015,-0.000617,4.082205,-0.756216,86.941223
31890.0,2025-12-17T00:17:12.029156,24.133352,0.724838,0.029953,0.018897,0.688008,0.580688,-0.039765,0.051023,0.072061,-0.016343,0.020875,3.981321,-0.791891,86.985982
31925.0,2025-12-17T00:17:12.083347,24.187543,0.724533,0.029509,0.018053,0.688372,0.535355,-0.041309,0.059270,0.073805,-0.016688,0.023487,3.877402,-0.828868,87.039805
31964.0,2025-12-17T00:17:12.146186,24.250382,0.723199,0.030437,0.019737,0.689686,0.571388,-0.028476,0.060945,0.089100,-0.016774,0.024918,4.086098,-0.769866,87.254998
32000.0,2025-12-17T00:17:12.147893,24.252089,0.722862,0.030215,0.018986,0.690070,0.558325,-0.033875,0.060630,0.085274,-0.019186,0.025305,4.007833,-0.816572,87.312396
32039.0,2025-12-17T00:17:12.203985,24.308181,0.721493,0.031147,0.020506,0.691417,0.597253,-0.022927,0.031153,0.085887,-0.018223,0.026180,4.204007,-0.772475,87.532794
32073.0,2025-12-17T00:17:12.203985,24.308181,0.721180,0.030814,0.019788,0.691779,0.579073,-0.028434,0.050525,0.079038,-0.014848,0.025636,4.119091,-0.807356,87.586870
32114.0,2025-12-17T00:17:12.265378,24.369575,0.720864,0.030463,0.019114,0.692143,0.559236,-0.026358,0.050119,0.080320,-0.012378,0.025489,4.036138,-0.837239,87.641644
32148.0,2025-12-17T00:17:12.326750,24.430946,0.719397,0.031338,0.021064,0.693572,0.588422,-0.026405,0.033878,0.083074,-0.014907,0.025449,4.261772,-0.754219,87.877711
32191.0,2025-12-17T00:17:12.384017,24.488214,0.719077,0.030902,0.020369,0.693944,0.577454,-0.028088,0.047946,0.075938,-0.010836,0.026220,4.170139,-0.778969,87.933701
32226.0,2025-12-17T00:17:12.387292,24.491488,0.717735,0.031422,0.021956,0.695261,0.602536,0.001749,0.037851,0.068551,-0.007399,0.025644,4.338070,-0.697670,88.151152
32260.0,2025-12-17T00:17:12.446823,24.551019,0.717395,0.030977,0.021163,0.695656,0.573232,-0.005209,0.066665,0.072857,-0.009620,0.027061,4.237802,-0.729658,88.210195
32297.0,2025-12-17T00:17:12.475869,24.580065,0.717075,0.030429,0.020338,0.696034,0.541847,0.000431,0.051975,0.066946,-0.006291,0.025868,4.126454,-0.755881,88.266651
32337.0,2025-12-17T00:17:12.501776,24.605972,0.715717,0.031042,0.022089,0.697351,0.571306,0.021678,0.043299,0.073993,-0.007756,0.025550,4.315398,-0.668978,88.485561
32374.0,2025-12-17T00:17:12.507589,24.611785,0.715367,0.030900,0.021295,0.697741,0.541988,0.020179,0.056221,0.086256,-0.013733,0.025465,4.239850,-0.724957,88.543891
32410.0,2025-12-17T00:17:12.626667,24.730863,0.715037,0.030801,0.020608,0.698104,0.546362,0.005596,0.050288,0.089269,-0.016761,0.026223,4.176374,-0.775435,88.598716
32448.0,2025-12-17T00:17:12.626667,24.730863,0.713714,0.031691,0.022338,0.699363,0.576803,0.020584,0.053745,0.089298,-0.017572,0.026426,4.386718,-0.712859,88.808978
32483.0,2025-12-17T00:17:12.626667,24.730863,0.713354,0.031762,0.021668,0.699748,0.566304,0.005033,0.051576,0.098033,-0.020968,0.026482,4.338297,-0.775620,88.867311
32520.0,2025-12-17T00:17:12.686926,24.791122,0.713033,0.031705,0.021048,0.700097,0.572659,-0.003287,0.061839,0.093225,-0.018709,0.025719,4.283575,-0.823834,88.920222
32557.0,2025-12-17T00:17:12.688824,24.793020,0.711686,0.032590,0.022680,0.701375,0.606323,0.013602,0.043168,0.087254,-0.017319,0.026290,4.485634,-0.769635,89.133688
32596.0,2025-12-17T00:17:12.745789,24.849985,0.711354,0.032552,0.022001,0.701735,0.581444,-0.002858,0.048697,0.091873,-0.021617,0.026444,4.427524,-0.824152,89.188076
32631.0,2025-12-17T00:17:12.805533,24.909729,0.709845,0.033745,0.023764,0.703148,0.627349,0.010789,0.047843,0.094752,-0.023607,0.025686,4.665277,-0.785970,89.424910
32667.0,2025-12-17T00:17:12.805533,24.909729,0.709505,0.033767,0.023202,0.703508,0.621403,-0.010836,0.043938,0.098553,-0.021753,0.027058,4.621350,-0.835755,89.479966
32704.0,2025-12-17T00:17:12.863664,24.967860,0.709161,0.033714,0.022665,0.703875,0.619290,-0.014062,0.049968,0.096473,-0.018923,0.027429,4.573238,-0.877573,89.536337
32741.0,2025-12-17T00:17:12.925643,25.029839,0.707724,0.034731,0.024375,0.705213,0.654763,-0.001721,0.043234,0.093541,-0.018145,0.026743,4.792536,-0.829916,89.761647
32776.0,2025-12-17T00:17:12.927696,25.031892,0.707389,0.034666,0.023791,0.705573,0.651857,-0.009067,0.052106,0.094340,-0.019502,0.026566,4.739607,-0.874325,89.816554
32811.0,2025-12-17T00:17:12.984226,25.088423,0.707045,0.034609,0.023209,0.705939,0.645093,-0.012803,0.049737,0.094555,-0.020643,0.027296,4.687368,-0.919287,89.872666
32850.0,2025-12-17T00:17:12.984226,25.088423,0.705712,0.035418,0.024907,0.707174,0.679710,0.001534,0.050914,0.087616,-0.017065,0.026716,4.889023,-0.856030,90.082046
32885.0,2025-12-17T00:17:13.047002,25.151199,0.705373,0.035321,0.024291,0.707539,0.670584,-0.000830,0.052424,0.091979,-0.018436,0.026559,4.830705,-0.900362,90.137670
32921.0,2025-12-17T00:17:13.105767,25.209963,0.705037,0.035267,0.023768,0.707894,0.667220,-0.019908,0.053432,0.097031,-0.020357,0.026517,4.783508,-0.940617,90.192459
32959.0,2025-12-17T00:17:13.105767,25.209963,0.703609,0.036201,0.025579,0.709203,0.701158,-0.001936,0.052868,0.090516,-0.018514,0.025715,5.004561,-0.879622,90.415271
32993.0,2025-12-17T00:17:13.166468,25.270664,0.703277,0.036103,0.025013,0.709558,0.690971,-0.008869,0.055384,0.093526,-0.018822,0.026290,4.950084,-0.919751,90.469716
33035.0,2025-12-17T00:17:13.166468,25.270664,0.701921,0.036908,0.026652,0.710798,0.732874,0.009199,0.049906,0.087336,-0.016572,0.026444,5.147062,-0.862542,90.681235
33069.0,2025-12-17T00:17:13.227139,25.331335,0.701583,0.036811,0.026040,0.711160,0.715161,0.002555,0.045351,0.092724,-0.018317,0.025700,5.088789,-0.906356,90.736471
33105.0,2025-12-17T00:17:13.285295,25.389491,0.701250,0.036711,0.025473,0.711513,0.706357,-0.005425,0.042357,0.093341,-0.018769,0.026285,5.034085,-0.946245,90.790839
33141.0,2025-12-17T00:17:13.285295,25.389491,0.699883,0.037615,0.027151,0.712749,0.743410,0.008059,0.034084,0.093508,-0.018891,0.027221,5.242289,-0.894696,91.002649
33175.0,2025-12-17T00:17:13.345099,25.449295,0.699557,0.037506,0.026582,0.713097,0.733502,-0.004762,0.043259,0.092775,-0.018923,0.025918,5.186568,-0.933956,91.056007
33212.0,2025-12-17T00:17:13.348200,25.452396,0.699232,0.037440,0.026045,0.713438,0.728062,-0.011056,0.052926,0.095689,-0.020488,0.025566,5.136808,-0.974009,91.108608
33255.0,2025-12-17T00:17:13.405462,25.509658,0.697896,0.038276,0.027748,0.714637,0.763867,0.000720,0.040857,0.092588,-0.018578,0.027025,5.341830,-0.915460,91.315411
33283.0,2025-12-17T00:17:13.466345,25.570542,0.697550,0.038126,0.027197,0.715004,0.753176,-0.010550,0.033201,0.091749,-0.018061,0.027420,5.284037,-0.949908,91.372057
33320.0,2025-12-17T00:17:13.469359,25.573555,0.697212,0.037970,0.026624,0.715364,0.740440,-0.009791,0.050273,0.090744,-0.018700,0.026749,5.224059,-0.985495,91.427466
33356.0,2025-12-17T00:17:13.526366,25.630563,0.695843,0.038845,0.028321,0.716584,0.786299,0.012179,0.028419,0.092808,-0.018872,0.026568,5.431797,-0.931503,91.638438
33396.0,2025-12-17T00:17:13.529197,25.633394,0.695516,0.038718,0.027748,0.716930,0.773884,0.004122,0.042057,0.091808,-0.018141,0.025741,5.374073,-0.969311,91.691664
33429.0,2025-12-17T00:17:13.584068,25.688264,0.694185,0.039511,0.029456,0.718107,0.802362,0.009282,0.052533,0.091538,-0.017165,0.025518,5.576452,-0.908240,91.896546
33463.0,2025-12-17T00:17:13.644841,25.749037,0.693863,0.039352,0.028868,0.718451,0.790960,0.011134,0.033989,0.089909,-0.016902,0.025458,5.514830,-0.944561,91.949286
33500.0,2025-12-17T00:17:13.647369,25.751565,0.693514,0.039151,0.028292,0.718822,0.780353,-0.004082,0.041201,0.089468,-0.016831,0.027008,5.450835,-0.976556,92.006755
33537.0,2025-12-17T00:17:13.705669,25.809865,0.692172,0.039957,0.029921,0.720004,0.820204,0.014827,0.047682,0.090130,-0.019148,0.025859,5.647881,-0.923521,92.212647
33572.0,2025-12-17T00:17:13.705669,25.809865,0.691837,0.039826,0.029356,0.720357,0.804539,0.007170,0.028210,0.091865,-0.018214,0.026328,5.590260,-0.960224,92.266993
33607.0,2025-12-17T00:17:13.764593,25.868789,0.691500,0.039671,0.028787,0.720712,0.796206,0.010201,0.048786,0.090775,-0.017185,0.026455,5.530394,-0.995278,92.321921
33645.0,2025-12-17T00:17:13.884437,25.988633,0.690118,0.040448,0.030405,0.721926,0.827420,0.017201,0.031959,0.088147,-0.016129,0.026489,5.724250,-0.941674,92.533762
33680.0,2025-12-17T00:17:13.887283,25.991479,0.689781,0.040315,0.029848,0.722279,0.809807,0.004171,0.051043,0.092111,-0.018960,0.026498,5.667110,-0.977599,92.588429
33716.0,2025-12-17T00:17:13.887283,25.991479,0.689442,0.040184,0.029279,0.722632,0.814286,0.013334,0.028461,0.091620,-0.018164,0.026500,5.609030,-1.014388,92.643244
33759.0,2025-12-17T00:17:13.945521,26.049717,0.688086,0.041001,0.030817,0.723814,0.853183,0.025616,0.042792,0.089931,-0.018728,0.025723,5.799663,-0.970836,92.849902
33789.0,2025-12-17T00:17:14.004855,26.109051,0.687751,0.040815,0.030247,0.724167,0.834704,0.014347,0.030994,0.089476,-0.016544,0.026292,5.737106,-1.003266,92.904652
33827.0,2025-12-17T00:17:14.004855,26.109051,0.686365,0.041543,0.031873,0.725370,0.867195,0.025972,0.033982,0.087796,-0.015178,0.027223,5.928148,-0.946311,93.116244
33864.0,2025-12-17T00:17:14.004855,26.109051,0.685973,0.041436,0.031266,0.725773,0.856216,0.025385,0.036863,0.093729,-0.017998,0.027481,5.868541,-0.988455,93.179065
33898.0,2025-12-17T00:17:14.066337,26.170533,0.685630,0.041275,0.030739,0.726129,0.847192,0.010483,0.039005,0.092056,-0.017127,0.026765,5.811484,-1.019467,93.234609
33942.0,2025-12-17T00:17:14.121975,26.226171,0.684324,0.041973,0.032561,0.727241,0.880399,0.032799,0.037680,0.092383,-0.017670,0.025794,6.016799,-0.944594,93.433321
33972.0,2025-12-17T00:17:14.127656,26.231852,0.683989,0.041794,0.031968,0.727592,0.868501,0.027496,0.058878,0.088582,-0.017038,0.026311,5.952688,-0.979021,93.487567
34007.0,2025-12-17T00:17:14.184301,26.288497,0.683639,0.041694,0.031406,0.727951,0.859270,0.025156,0.027137,0.093007,-0.019204,0.027229,5.897406,-1.017763,93.543648
34049.0,2025-12-17T00:17:14.184301,26.288497,0.682280,0.042422,0.033025,0.729112,0.891116,0.036771,0.023128,0.089529,-0.017453,0.027475,6.088247,-0.962379,93.749777
34083.0,2025-12-17T00:17:14.246836,26.351032,0.681896,0.042277,0.032373,0.729509,0.877428,0.030725,0.046588,0.090966,-0.018569,0.026742,6.021784,-1.004574,93.811355
34123.0,2025-12-17T00:17:14.306347,26.410543,0.680546,0.043030,0.033918,0.730654,0.908763,0.050006,0.062849,0.088977,-0.017280,0.025010,6.208520,-0.957700,94.015184
34159.0,2025-12-17T00:17:14.308369,26.412565,0.680175,0.042877,0.033257,0.731038,0.901311,0.037288,0.052780,0.090026,-0.018523,0.026130,6.140586,-0.999730,94.074689
34195.0,2025-12-17T00:17:14.364689,26.468885,0.679846,0.042729,0.032717,0.731377,0.892590,0.024163,0.043162,0.091837,-0.018046,0.025623,6.083175,-1.032396,94.127613
34237.0,2025-12-17T00:17:14.364689,26.468885,0.678267,0.043562,0.034567,0.732708,0.931106,0.050177,0.026651,0.088317,-0.017108,0.026286,6.301729,-0.970992,94.365777
34275.0,2025-12-17T00:17:14.422010,26.526206,0.677899,0.043365,0.033943,0.733089,0.915498,0.042499,0.037897,0.089057,-0.016087,0.026447,6.233301,-1.006194,94.425135
34309.0,2025-12-17T00:17:14.487758,26.591954,0.677558,0.043169,0.033364,0.733443,0.906808,0.042025,0.030203,0.088462,-0.015833,0.026487,6.168756,-1.037810,94.480317
34352.0,2025-12-17T00:17:14.487758,26.591954,0.676049,0.044045,0.035047,0.734704,0.944400,0.047459,0.052250,0.092272,-0.018943,0.027292,6.376856,-0.993161,94.706263
34388.0,2025-12-17T00:17:14.547224,26.651420,0.675717,0.043894,0.034491,0.735044,0.928310,0.036979,0.045554,0.090886,-0.018160,0.025937,6.317759,-1.026587,94.759433
34426.0,2025-12-17T00:17:14.604431,26.708627,0.674317,0.044742,0.036031,0.736204,0.964083,0.057179,0.016819,0.093625,-0.018727,0.025571,6.511937,-0.990488,94.968222
34463.0,2025-12-17T00:17:14.604431,26.708627,0.673952,0.044566,0.035405,0.736579,0.957314,0.047036,0.020906,0.090381,-0.017283,0.025469,6.444816,-1.027347,95.026640
34497.0,2025-12-17T00:17:14.663889,26.768086,0.673614,0.044423,0.034849,0.736923,0.940395,0.041489,0.038765,0.091154,-0.018491,0.026223,6.386135,-1.061377,95.080544
34540.0,2025-12-17T00:17:14.723649,26.827846,0.672029,0.045330,0.036604,0.738229,0.977440,0.052373,0.028383,0.091369,-0.018827,0.025628,6.602952,-1.015954,95.316584
34576.0,2025-12-17T00:17:14.727260,26.831456,0.671690,0.045211,0.036033,0.738573,0.975883,0.055068,0.004611,0.091420,-0.018906,0.026266,6.544839,-1.052992,95.370309
34609.0,2025-12-17T00:17:14.782071,26.886268,0.671358,0.045049,0.035464,0.738912,0.963114,0.054247,0.025800,0.089877,-0.017371,0.025659,6.483523,-1.086181,95.423339
34651.0,2025-12-17T00:17:14.782071,26.886268,0.669896,0.045844,0.037091,0.740110,0.996774,0.059879,0.025750,0.091036,-0.016951,0.025494,6.681164,-1.040812,95.640870
34681.0,2025-12-17T00:17:14.847682,26.951879,0.669557,0.045670,0.036533,0.740455,0.991467,0.056839,0.023167,0.089773,-0.016844,0.026230,6.619744,-1.072138,95.695032
34721.0,2025-12-17T00:17:14.904203,27.008399,0.668105,0.046373,0.038202,0.741637,1.017945,0.068209,0.018371,0.089426,-0.016815,0.026432,6.813953,-1.016369,95.911204
34765.0,2025-12-17T00:17:14.965075,27.069272,0.667724,0.046216,0.037579,0.742022,0.996708,0.065595,0.022824,0.090938,-0.017608,0.026484,6.748359,-1.054419,95.971597
34801.0,2025-12-17T00:17:14.967660,27.071857,0.667382,0.046013,0.037008,0.742371,1.000293,0.058547,0.019514,0.088953,-0.016232,0.025712,6.683461,-1.084109,96.026452
34840.0,2025-12-17T00:17:15.028091,27.132287,0.665950,0.046723,0.038530,0.743534,1.018562,0.079972,0.021040,0.088430,-0.015870,0.027077,6.865970,-1.040673,96.238782
34877.0,2025-12-17T00:17:15.028091,27.132287,0.665588,0.046526,0.037898,0.743903,1.006076,0.070526,0.037613,0.087502,-0.017352,0.026650,6.796334,-1.075691,96.296547
34911.0,2025-12-17T00:17:15.081728,27.185924,0.665230,0.046374,0.037353,0.744260,0.993813,0.069208,0.050745,0.091160,-0.016952,0.027320,6.737551,-1.107759,96.353174
34955.0,2025-12-17T00:17:15.081728,27.185924,0.663821,0.047129,0.038804,0.745396,1.024977,0.071931,0.031696,0.089807,-0.017623,0.026722,6.917571,-1.073899,96.561003
34987.0,2025-12-17T00:17:15.146658,27.250854,0.663462,0.047019,0.038258,0.745750,1.020287,0.071568,0.041124,0.093366,-0.018591,0.026559,6.861816,-1.109467,96.617261
35023.0,2025-12-17T00:17:15.204144,27.308340,0.662073,0.047686,0.039820,0.746860,1.057941,0.083501,0.029713,0.088848,-0.017287,0.026517,7.044736,-1.060150,96.822357
35053.0,2025-12-17T00:17:15.209817,27.314013,0.661720,0.047439,0.039223,0.747220,1.039843,0.077081,0.030120,0.085291,-0.015377,0.027284,6.974118,-1.087882,96.878979
35096.0,2025-12-17T00:17:15.263881,27.368077,0.661347,0.047238,0.038622,0.747594,1.021659,0.069294,0.028065,0.089078,-0.017235,0.026701,6.906618,-1.119899,96.938292
35136.0,2025-12-17T00:17:15.263881,27.368077,0.659810,0.048005,0.040306,0.748814,1.060059,0.087082,0.009621,0.090045,-0.017709,0.027347,7.107590,-1.071776,97.164319
35176.0,2025-12-17T00:17:15.326860,27.431056,0.659413,0.047815,0.039685,0.749208,1.054897,0.081014,0.023342,0.090293,-0.017026,0.026708,7.039127,-1.106434,97.226894
35211.0,2025-12-17T00:17:15.384851,27.489048,0.659067,0.047636,0.039153,0.749553,1.040730,0.074154,0.018896,0.090352,-0.016865,0.026557,6.979140,-1.134654,97.281768
35250.0,2025-12-17T00:17:15.384851,27.489048,0.657634,0.048329,0.040772,0.750679,1.062205,0.098311,0.024368,0.089584,-0.016821,0.025732,7.169345,-1.084834,97.491905
35285.0,2025-12-17T00:17:15.445305,27.549501,0.657289,0.048245,0.040246,0.751016,1.056181,0.091764,0.016877,0.094054,-0.019145,0.026294,7.116942,-1.120718,97.545505
35325.0,2025-12-17T00:17:15.505538,27.609734,0.655871,0.048929,0.041735,0.752129,1.084799,0.108142,0.004698,0.089035,-0.016660,0.027223,7.295353,-1.080459,97.752988
35361.0,2025-12-17T00:17:15.505538,27.609734,0.655497,0.048666,0.041061,0.752509,1.071696,0.102589,0.018955,0.085237,-0.015168,0.025880,7.216715,-1.112296,97.812811
35397.0,2025-12-17T00:17:15.563582,27.667778,0.655150,0.048501,0.040500,0.752852,1.059918,0.096631,0.021539,0.089776,-0.017146,0.026335,7.155160,-1.143783,97.867392
35440.0,2025-12-17T00:17:15.627272,27.731468,0.653776,0.049146,0.042077,0.753918,1.084083,0.105913,0.040573,0.090991,-0.016897,0.026456,7.338358,-1.093644,98.068093
35469.0,2025-12-17T00:17:15.627272,27.731468,0.653440,0.048947,0.041495,0.754253,1.078571,0.107818,0.037337,0.087426,-0.016051,0.025711,7.272406,-1.123498,98.121186
35509.0,2025-12-17T00:17:15.683998,27.788194,0.653047,0.048790,0.040877,0.754638,1.070203,0.104977,0.027409,0.091259,-0.017424,0.026307,7.206513,-1.160224,98.182548
35552.0,2025-12-17T00:17:15.683998,27.788194,0.651653,0.049377,0.042399,0.755720,1.093908,0.122751,0.011733,0.085942,-0.015415,0.026449,7.380610,-1.109996,98.386397
35585.0,2025-12-17T00:17:15.748244,27.852440,0.651268,0.049192,0.041797,0.756097,1.087769,0.112754,0.040729,0.089240,-0.016450,0.027281,7.313875,-1.142924,98.446688
35624.0,2025-12-17T00:17:15.803625,27.907821,0.649891,0.049833,0.043231,0.757159,1.116664,0.133494,0.022669,0.088511,-0.015931,0.025932,7.484686,-1.104255,98.646946
35660.0,2025-12-17T00:17:15.803625,27.907821,0.649524,0.049583,0.042605,0.757526,1.097362,0.121818,0.020792,0.086717,-0.014194,0.025561,7.410940,-1.133105,98.705228
35698.0,2025-12-17T00:17:15.865880,27.970077,0.649152,0.049347,0.041964,0.757895,1.087730,0.118635,0.032413,0.087063,-0.015355,0.025467,7.336873,-1.164165,98.763971
35738.0,2025-12-17T00:17:15.926524,28.030721,0.647757,0.049948,0.043552,0.758959,1.114006,0.140223,0.033016,0.087926,-0.017195,0.026223,7.518196,-1.111335,98.966750
35772.0,2025-12-17T00:17:15.927351,28.031547,0.647410,0.049726,0.042952,0.759304,1.091734,0.126357,0.013755,0.085821,-0.015352,0.026427,7.448779,-1.140231,99.021601
35814.0,2025-12-17T00:17:15.984171,28.088367,0.646004,0.050327,0.044369,0.760380,1.141575,0.148498,0.023631,0.086034,-0.014856,0.026481,7.615351,-1.100767,99.225597
35848.0,2025-12-17T00:17:15.984171,28.088367,0.645616,0.050229,0.043782,0.760750,1.111646,0.138826,0.031673,0.093274,-0.017912,0.026496,7.556156,-1.139766,99.285012
35883.0,2025-12-17T00:17:16.045995,28.150192,0.645266,0.050084,0.043212,0.761089,1.109013,0.138144,0.022669,0.089601,-0.017104,0.026500,7.494889,-1.172962,99.339305
35922.0,2025-12-17T00:17:16.101951,28.206147,0.643851,0.050784,0.044637,0.762158,1.137394,0.142370,0.034123,0.090166,-0.017665,0.026501,7.669727,-1.142032,99.542944
35952.0,2025-12-17T00:17:16.109910,28.214107,0.643502,0.050602,0.044060,0.762498,1.128807,0.132751,0.017507,0.087982,-0.017036,0.026501,7.605090,-1.172440,99.597380
35993.0,2025-12-17T00:17:16.162728,28.266924,0.643143,0.050364,0.043439,0.762852,1.109843,0.138292,0.037681,0.085038,-0.015298,0.026501,7.532328,-1.201301,99.653962
36036.0,2025-12-17T00:17:16.162728,28.266924,0.641723,0.051049,0.044832,0.763922,1.126132,0.147095,0.014536,0.088943,-0.017180,0.027281,7.703264,-1.172053,99.858057
36064.0,2025-12-17T00:17:16.226383,28.330580,0.641365,0.050971,0.044306,0.764257,1.134508,0.141831,0.019356,0.093882,-0.019242,0.026711,7.650718,-1.207690,99.912458
36102.0,2025-12-17T00:17:16.283749,28.387945,0.641013,0.050805,0.043742,0.764597,1.117828,0.143933,0.020570,0.088988,-0.016685,0.026558,7.588289,-1.238363,99.967173
36142.0,2025-12-17T00:17:16.283749,28.387945,0.639643,0.051412,0.045268,0.765614,1.125292,0.158044,0.019699,0.090001,-0.016773,0.025738,7.765324,-1.192548,100.163937
36176.0,2025-12-17T00:17:16.346931,28.451128,0.639263,0.051302,0.044694,0.765972,1.136560,0.148736,0.021298,0.092661,-0.018385,0.026307,7.706034,-1.229098,100.221940
36215.0,2025-12-17T00:17:16.346931,28.451128,0.637843,0.052021,0.046124,0.767022,1.160119,0.174334,0.031293,0.090977,-0.018790,0.025666,7.882850,-1.201166,100.424511
36249.0,2025-12-17T00:17:16.407174,28.511370,0.638383,0.051616,0.045503,0.766637,1.167435,0.154673,0.012541,0.077304,-0.013448,-0.037551,7.799075,-1.205849,100.349110
36288.0,2025-12-17T00:17:16.461975,28.566172,0.638376,0.051400,0.044911,0.766692,1.133854,0.157164,0.015398,0.086097,-0.016687,0.001565,7.730997,-1.230525,100.352847
36324.0,2025-12-17T00:17:16.468158,28.572354,0.637082,0.052122,0.046377,0.767632,1.162729,0.175358,0.013588,0.092368,-0.019121,0.016752,7.911513,-1.199287,100.536372
36357.0,2025-12-17T00:17:16.526022,28.630219,0.636767,0.051966,0.045798,0.767938,1.157466,0.154347,-0.004436,0.088576,-0.018207,0.023876,7.848374,-1.231234,100.585130
36399.0,2025-12-17T00:17:16.586164,28.690360,0.636425,0.051759,0.045217,0.768271,1.142639,0.150086,0.008636,0.086775,-0.016403,0.025795,7.781239,-1.259167,100.638654
36432.0,2025-12-17T00:17:16.586164,28.690360,0.635041,0.052382,0.046691,0.769285,1.158985,0.179100,0.006231,0.088629,-0.019036,0.025532,7.955182,-1.219995,100.836132
36467.0,2025-12-17T00:17:16.644208,28.748404,0.634693,0.052198,0.046073,0.769622,1.156565,0.168303,0.014225,0.086010,-0.017405,0.026241,7.886426,-1.252614,100.890116
36503.0,2025-12-17T00:17:16.644208,28.748404,0.634350,0.051946,0.045475,0.769957,1.139753,0.160450,0.036436,0.084526,-0.014628,0.025652,7.814458,-1.277658,100.944022
36538.0,2025-12-17T00:17:16.706303,28.810499,0.632922,0.052658,0.046975,0.770993,1.171753,0.174548,0.036182,0.092719,-0.019348,0.026275,7.997179,-1.245441,101.146605
36580.0,2025-12-17T00:17:16.766608,28.870805,0.632569,0.052449,0.046409,0.771331,1.166047,0.169785,0.009970,0.087116,-0.015157,0.026440,7.931057,-1.271926,101.201492
36612.0,2025-12-17T00:17:16.766608,28.870805,0.631173,0.052972,0.047874,0.772349,1.178885,0.190061,-0.000642,0.086382,-0.014025,0.026485,8.097186,-1.225740,101.401050
36648.0,2025-12-17T00:17:16.826725,28.930922,0.630830,0.052644,0.047252,0.772690,1.174784,0.183306,0.023011,0.080730,-0.011383,0.025717,8.017430,-1.245637,101.455760
36689.0,2025-12-17T00:17:16.826725,28.930922,0.630526,0.052175,0.046520,0.773014,1.144063,0.182418,0.027014,0.071403,-0.009111,0.023169,7.917701,-1.260626,101.506362
36727.0,2025-12-17T00:17:16.883857,28.988053,0.629459,0.052715,0.048043,0.773753,1.159667,0.225367,0.048224,0.078513,-0.014134,-0.008207,8.090819,-1.208717,101.656807
36762.0,2025-12-17T00:17:16.945955,29.050151,0.629214,0.052617,0.047468,0.773995,1.156481,0.205561,0.036166,0.091127,-0.017658,0.018048,8.032110,-1.244294,101.694340
36798.0,2025-12-17T00:17:16.945955,29.050151,0.628886,0.052510,0.046914,0.774302,1.146170,0.190358,0.036071,0.091355,-0.017813,0.024227,7.974510,-1.278398,101.744108
36839.0,2025-12-17T00:17:17.006331,29.110527,0.627483,0.053185,0.048231,0.775313,1.177350,0.202575,0.020182,0.088302,-0.017855,0.025889,8.138529,-1.257243,101.942071
36869.0,2025-12-17T00:17:17.008968,29.113164,0.627084,0.052950,0.047565,0.775693,1.157063,0.198847,0.020330,0.085072,-0.014680,0.027143,8.061390,-1.288764,102.003859
36914.0,2025-12-17T00:17:17.067858,29.172054,0.625608,0.053493,0.049021,0.776756,1.167308,0.210139,0.000112,0.083463,-0.013881,0.025869,8.228361,-1.247213,102.213590
36946.0,2025-12-17T00:17:17.125897,29.230093,0.625251,0.053304,0.048392,0.777096,1.163213,0.208948,0.024380,0.085403,-0.016022,0.026332,8.157968,-1.279598,102.268425
36985.0,2025-12-17T00:17:17.128013,29.232209,0.624859,0.053153,0.047737,0.777462,1.158523,0.202898,0.043155,0.089150,-0.017416,0.025656,8.087887,-1.317423,102.328025
37028.0,2025-12-17T00:17:17.186775,29.290971,0.623430,0.053794,0.049253,0.778470,1.190278,0.220730,0.026081,0.091624,-0.017751,0.026279,8.267440,-1.280264,102.529130
37066.0,2025-12-17T00:17:17.243810,29.348006,0.623046,0.053649,0.048631,0.778827,1.170894,0.208405,0.019588,0.089888,-0.017042,0.025647,8.200659,-1.316074,102.587426
37102.0,2025-12-17T00:17:17.243810,29.348006,0.622711,0.053472,0.048059,0.779142,1.171291,0.203873,0.023865,0.087907,-0.016090,0.024714,8.136056,-1.344860,102.638865
37144.0,2025-12-17T00:17:17.308109,29.412305,0.621546,0.054075,0.049591,0.779934,1.184454,0.219876,0.025860,0.091269,-0.017392,0.008882,8.314864,-1.300881,102.801274
37179.0,2025-12-17T00:17:17.367137,29.471334,0.621361,0.053941,0.048978,0.780130,1.177974,0.226586,0.039582,0.090597,-0.016951,0.012513,8.249914,-1.334810,102.830234
37216.0,2025-12-17T00:17:17.368500,29.472696,0.620008,0.054582,0.050417,0.781069,1.203852,0.235258,0.009980,0.090433,-0.017623,0.021185,8.422969,-1.303411,103.019344
37250.0,2025-12-17T00:17:17.425489,29.529685,0.619667,0.054479,0.049845,0.781384,1.205321,0.224711,0.044740,0.090390,-0.018583,0.025071,8.363542,-1.338735,103.070583
37290.0,2025-12-17T00:17:17.427441,29.531637,0.619273,0.054333,0.049240,0.781745,1.188082,0.213919,0.033167,0.090378,-0.017250,0.026144,8.297937,-1.373115,103.130167
37328.0,2025-12-17T00:17:17.544090,29.648286,0.617878,0.054948,0.050692,0.782712,1.221151,0.236024,0.017582,0.090375,-0.017704,0.024845,8.470253,-1.339357,103.325254
37363.0,2025-12-17T00:17:17.544090,29.648286,0.618121,0.054738,0.050186,0.782568,1.213198,0.191216,0.013068,0.088817,-0.018604,-0.015981,8.410160,-1.353995,103.292686
37404.0,2025-12-17T00:17:17.544090,29.648286,0.617851,0.054630,0.049682,0.782820,1.195544,0.210926,0.017003,0.093072,-0.018067,0.019767,8.356571,-1.383176,103.333519
37438.0,2025-12-17T00:17:17.609402,29.713598,0.616309,0.055364,0.051312,0.783878,1.230876,0.237214,0.016831,0.093447,-0.017919,0.024040,8.553243,-1.349347,103.548071
37480.0,2025-12-17T00:17:17.783947,29.888143,0.615977,0.055240,0.050780,0.784182,1.223317,0.230621,-0.003329,0.091202,-0.017105,0.024281,8.495874,-1.379705,103.598029
37513.0,2025-12-17T00:17:17.788195,29.892392,0.614640,0.055990,0.052349,0.785075,1.237544,0.246543,0.011576,0.100715,-0.021556,0.021233,8.688686,-1.350073,103.782203
37546.0,2025-12-17T00:17:17.788195,29.892392,0.614936,0.056383,0.052106,0.784831,1.251207,0.243798,0.022803,0.121129,-0.032845,-0.021513,8.695249,-1.399213,103.734301
37582.0,2025-12-17T00:17:17.788195,29.892392,0.614891,0.056654,0.051803,0.784867,1.271986,0.230816,0.007293,0.114284,-0.029715,0.003234,8.686963,-1.445447,103.737491
37687.0,2025-12-17T00:17:17.846466,29.950662,0.613740,0.057546,0.052346,0.785666,1.309016,0.225354,0.019970,0.101383,-0.025296,0.013474,8.797479,-1.499641,103.892733
37727.0,2025-12-17T00:17:17.906266,30.010462,0.614203,0.058520,0.054046,0.785117,1.362492,0.230342,0.007180,0.118979,-0.037740,-0.104354,9.021301,-1.461206,103.812052
37760.0,2025-12-17T00:17:17.930948,30.035145,0.617849,0.058441,0.053734,0.782278,1.455669,0.233319,-0.056352,0.098776,-0.036449,-0.252958,8.994179,-1.434539,103.283282
37795.0,2025-12-17T00:17:17.966842,30.071038,0.624469,0.051980,0.047740,0.777854,1.147166,0.139357,0.040463,0.069745,-0.025384,-0.468778,8.002820,-1.217154,102.399182
37823.0,2025-12-17T00:17:17.966842,30.071038,0.626785,0.051199,0.050962,0.775836,1.134992,0.170357,0.044919,0.169142,-0.040112,-0.593979,8.237381,-0.891572,102.067480
37848.0,2025-12-17T00:17:18.026369,30.130565,0.635468,0.047324,0.046382,0.769278,1.218282,0.268214,0.015392,0.182424,-0.037994,-0.740008,7.557399,-0.794225,100.830206
37872.0,2025-12-17T00:17:18.029024,30.133220,0.642692,0.045100,0.044123,0.763522,1.185266,0.184331,0.090842,0.298707,-0.050649,-0.850240,7.201487,-0.696431,99.778444
37895.0,2025-12-17T00:17:18.029024,30.133220,0.652916,0.045849,0.048543,0.754481,1.164130,-0.089755,0.261891,0.906218,-0.051472,-1.212413,7.650080,-0.332001,98.233026
37920.0,2025-12-17T00:17:18.081969,30.186166,0.665328,0.057267,0.069675,0.741083,1.433039,0.334168,0.836605,1.994374,0.136260,-1.968666,10.339358,0.448819,96.207045
37939.0,2025-12-17T00:17:18.081969,30.186166,0.686275,0.069738,0.089583,0.718427,2.644331,1.159358,-0.175174,2.481735,0.314850,-2.578216,12.973152,1.303749,92.770642
37954.0,2025-12-17T00:17:18.081969,30.186166,0.704267,0.074167,0.100851,0.698811,3.651383,0.910314,-1.499770,1.699761,0.290678,-2.622151,14.217270,2.200395,89.828894
37979.0,2025-12-17T00:17:18.146314,30.250510,0.718708,0.073344,0.106358,0.683204,4.025884,0.492868,-1.608309,1.025982,0.313431,-2.586925,14.542768,3.018785,87.483855
38004.0,2025-12-17T00:17:18.146314,30.250510,0.734927,0.067074,0.113687,0.665175,4.064761,0.471609,-1.548635,0.441597,0.318901,-2.496415,14.512693,4.466246,84.864828
38029.0,2025-12-17T00:17:18.207358,30.311554,0.752390,0.060594,0.115397,0.645695,3.645514,0.587576,-0.648203,0.352121,0.334794,-2.140924,13.963463,5.474183,81.942711
38053.0,2025-12-17T00:17:18.208383,30.312579,0.763603,0.058366,0.116069,0.632481,3.868635,0.247733,-0.996348,0.528740,0.128360,-1.463408,13.723204,5.936694,79.983933
38072.0,2025-12-17T00:17:18.208937,30.313133,0.767064,0.055319,0.112621,0.629182,3.971943,0.092558,-1.213955,0.200726,0.027617,-0.380794,13.167588,5.921361,79.404455
38095.0,2025-12-17T00:17:18.261531,30.365727,0.767129,0.053471,0.108361,0.630010,3.773600,0.301578,-0.899433,0.148558,-0.032389,0.080312,12.688590,5.674596,79.421026
38120.0,2025-12-17T00:17:18.261531,30.365727,0.762429,0.053643,0.109863,0.635417,3.712855,0.451791,-0.751153,0.361549,-0.054574,0.226892,12.856836,5.702005,80.259376
38145.0,2025-12-17T00:17:18.327501,30.431697,0.761342,0.054102,0.106654,0.637225,3.976053,0.326627,-1.187486,0.410371,-0.038317,0.204634,12.665902,5.362162,80.452588
38164.0,2025-12-17T00:17:18.327501,30.431697,0.760954,0.053133,0.102750,0.638411,4.069934,0.286983,-1.304638,0.292277,-0.025707,0.120620,12.291917,5.079286,80.537986
38196.0,2025-12-17T00:17:18.327501,30.431697,0.761181,0.049316,0.096132,0.639476,3.910008,0.244156,-1.188019,0.069190,-0.026911,0.061758,11.461836,4.776890,80.547599
38238.0,2025-12-17T00:17:18.381925,30.486121,0.756082,0.045206,0.096404,0.645758,3.777331,0.379366,-1.042916,0.124356,-0.017971,0.030553,11.163311,5.013691,81.490526
38262.0,2025-12-17T00:17:18.443739,30.547935,0.756615,0.040772,0.088604,0.646545,3.645264,0.339792,-1.015162,0.078165,-0.019441,0.029933,10.186714,4.666554,81.445410
38307.0,2025-12-17T00:17:18.443739,30.547935,0.751049,0.036039,0.089170,0.653204,3.579659,0.460752,-0.991468,0.093592,-0.017479,0.024208,9.861893,4.983028,82.458571
38335.0,2025-12-17T00:17:18.503896,30.608092,0.751559,0.031730,0.080977,0.653908,3.390534,0.454932,-0.854391,0.082683,-0.018543,0.026661,8.864208,4.601329,82.407841
38378.0,2025-12-17T00:17:18.566780,30.670977,0.752018,0.027235,0.072638,0.654562,3.236513,0.406979,-0.801740,0.087560,-0.017264,0.025759,7.840993,4.220569,82.362457
38418.0,2025-12-17T00:17:18.566780,30.670977,0.746201,0.023022,0.073803,0.661217,3.197623,0.529886,-0.807516,0.092839,-0.017716,0.023928,7.607092,4.571229,83.393129
38452.0,2025-12-17T00:17:18.626573,30.730769,0.746581,0.018928,0.065562,0.661786,3.027013,0.495960,-0.715414,0.091038,-0.017829,0.025807,6.623484,4.177236,83.350867
38490.0,2025-12-17T00:17:18.626573,30.730769,0.746901,0.014835,0.057372,0.662289,2.857255,0.451814,-0.652150,0.096780,-0.018638,0.024758,5.645278,3.787281,83.314593
38522.0,2025-12-17T00:17:18.745096,30.849292,0.741267,0.011715,0.058928,0.668516,2.854805,0.554599,-0.662504,0.094438,-0.018855,0.025252,5.532129,4.111567,84.290548
38565.0,2025-12-17T00:17:18.748776,30.852973,0.741549,0.007447,0.049997,0.668992,2.675276,0.510289,-0.563472,0.091417,-0.017331,0.024597,4.479430,3.680173,84.254711
38602.0,2025-12-17T00:17:18.748776,30.852973,0.735564,0.005141,0.050896,0.675521,2.653344,0.592563,-0.582955,0.095325,-0.017725,0.024432,4.387531,3.894994,85.276170
38635.0,2025-12-17T00:17:18.807176,30.911372,0.735735,0.001307,0.042482,0.675934,2.485491,0.543502,-0.519721,0.092488,-0.017054,0.026720,3.408973,3.482505,85.252251
38672.0,2025-12-17T00:17:18.809225,30.913422,0.735845,-0.002579,0.034054,0.676288,2.317682,0.494619,-0.435551,0.093278,-0.018428,0.025782,2.425820,3.072828,85.235044
38713.0,2025-12-17T00:17:18.867367,30.971563,0.729879,-0.004648,0.036568,0.682582,2.319564,0.594445,-0.465384,0.097380,-0.017243,0.023195,2.476711,3.424121,86.238348
38748.0,2025-12-17T00:17:18.924627,31.028823,0.729692,-0.004168,0.035658,0.682833,2.325949,0.584010,-0.453822,0.097709,-0.016924,0.023276,2.446440,3.309593,86.270689
38783.0,2025-12-17T00:17:18.924627,31.028823,0.729459,-0.003812,0.034483,0.683144,2.317056,0.553741,-0.468540,0.085834,-0.018430,0.024893,2.385160,3.182477,86.310485
38824.0,2025-12-17T00:17:19.046534,31.150730,0.727978,-0.003075,0.035617,0.684668,2.325302,0.570942,-0.448787,0.089156,-0.018800,0.026070,2.542714,3.214102,86.559151
38855.0,2025-12-17T00:17:19.046534,31.150730,0.727737,-0.002775,0.034439,0.684985,2.316881,0.559799,-0.458609,0.080701,-0.022014,0.027164,2.476211,3.091299,86.600098
38896.0,2025-12-17T00:17:19.046534,31.150730,0.727526,-0.002445,0.033314,0.685266,2.292290,0.526000,-0.447484,0.084664,-0.022100,0.024338,2.416163,2.970659,86.635952
38932.0,2025-12-17T00:17:19.104159,31.208355,0.726073,-0.001854,0.034292,0.686760,2.299732,0.543865,-0.451124,0.079488,-0.017446,0.024362,2.548675,3.000436,86.878987
38965.0,2025-12-17T00:17:19.107664,31.211860,0.725897,-0.001292,0.033462,0.686988,2.287412,0.523489,-0.432841,0.105753,-0.016970,0.020415,2.530792,2.886279,86.908871
39001.0,2025-12-17T00:17:19.166319,31.270515,0.724481,0.000092,0.035192,0.688396,2.348722,0.552190,-0.452703,0.141093,-0.017626,0.020968,2.788375,2.915618,87.144932
39036.0,2025-12-17T00:17:19.166319,31.270515,0.724277,0.000611,0.034483,0.688646,2.402792,0.504073,-0.518044,0.108367,-0.018570,0.024189,2.776310,2.814819,87.179120
39075.0,2025-12-17T00:17:19.226585,31.330781,0.723940,0.000776,0.033298,0.689059,2.335284,0.507830,-0.458562,0.078998,-0.016455,0.031490,2.697589,2.702006,87.235449
39116.0,2025-12-17T00:17:19.282496,31.386692,0.722505,0.001881,0.034623,0.690495,2.388663,0.517829,-0.485181,0.116214,-0.020614,0.020809,2.899764,2.718725,87.473340
39146.0,2025-12-17T00:17:19.290144,31.394340,0.722234,0.001976,0.033509,0.690834,2.369130,0.501183,-0.461943,0.075034,-0.017849,0.028807,2.820270,2.617741,87.518490
39176.0,2025-12-17T00:17:19.345351,31.449547,0.722009,0.002352,0.032641,0.691110,2.332330,0.490714,-0.422624,0.097229,-0.017083,0.023989,2.783398,2.515114,87.555894
39220.0,2025-12-17T00:17:19.404243,31.508439,0.720545,0.003164,0.033735,0.692580,2.414922,0.504266,-0.479806,0.097669,-0.017658,0.023490,2.942696,2.535167,87.797734
39259.0,2025-12-17T00:17:19.465635,31.569832,0.720271,0.003440,0.032661,0.692914,2.369839,0.486929,-0.456729,0.088190,-0.017818,0.025751,2.881081,2.423319,87.842923
39295.0,2025-12-17T00:17:19.465635,31.569832,0.720044,0.003822,0.031851,0.693187,2.375320,0.464304,-0.474114,0.099913,-0.017856,0.023963,2.848847,2.325106,87.880427
39337.0,2025-12-17T00:17:19.468560,31.572756,0.718575,0.004651,0.032960,0.694652,2.413684,0.476526,-0.496568,0.099948,-0.017090,0.023484,3.010552,2.344404,88.121974
39367.0,2025-12-17T00:17:19.525925,31.630121,0.718325,0.004888,0.031991,0.694954,2.382441,0.464576,-0.488279,0.088959,-0.017666,0.024923,2.953590,2.244581,88.163039
39408.0,2025-12-17T00:17:19.586161,31.690357,0.716859,0.005719,0.033161,0.696405,2.423330,0.479394,-0.481480,0.101677,-0.017036,0.023740,3.120100,2.268303,88.403438
39445.0,2025-12-17T00:17:19.586161,31.690357,0.716608,0.005968,0.032283,0.696704,2.425134,0.461847,-0.504904,0.091887,-0.017644,0.025752,3.071113,2.175007,88.444619
39476.0,2025-12-17T00:17:19.645967,31.750163,0.716344,0.006163,0.031344,0.697015,2.392722,0.451828,-0.463170,0.087669,-0.017809,0.026299,3.012811,2.081188,88.487673
39513.0,2025-12-17T00:17:19.645967,31.750163,0.714861,0.006900,0.032621,0.698472,2.429054,0.467818,-0.499255,0.097437,-0.017075,0.024110,3.179950,2.120434,88.730130
39548.0,2025-12-17T00:17:19.766175,31.870371,0.714630,0.007140,0.031774,0.698744,2.428535,0.454363,-0.499714,0.093061,-0.016878,0.023523,3.132396,2.030710,88.767551
39584.0,2025-12-17T00:17:19.766175,31.870371,0.714361,0.007318,0.030856,0.699059,2.405976,0.440037,-0.476828,0.087986,-0.017603,0.026476,3.074041,1.940032,88.811541
39625.0,2025-12-17T00:17:19.766175,31.870371,0.712856,0.008159,0.031948,0.700535,2.446139,0.452084,-0.496548,0.100637,-0.018577,0.024937,3.234722,1.955130,89.056294
39654.0,2025-12-17T00:17:19.826263,31.930459,0.712610,0.008411,0.031108,0.700819,2.445801,0.435362,-0.508352,0.093934,-0.018838,0.024524,3.188364,1.865104,89.096004
39692.0,2025-12-17T00:17:19.826263,31.930459,0.712352,0.008558,0.030202,0.701120,2.419184,0.427104,-0.477796,0.087445,-0.017354,0.025190,3.128152,1.778094,89.137961
39734.0,2025-12-17T00:17:19.881587,31.985783,0.710830,0.009309,0.031192,0.702610,2.439836,0.441904,-0.496494,0.093483,-0.017732,0.024591,3.273024,1.791567,89.384717
39764.0,2025-12-17T00:17:19.945503,32.049699,0.710568,0.009527,0.030387,0.702907,2.445201,0.422142,-0.492034,0.094324,-0.017055,0.025208,3.226477,1.707163,89.426989
39805.0,2025-12-17T00:17:19.945503,32.049699,0.709086,0.010181,0.031462,0.704346,2.469351,0.437911,-0.493128,0.091440,-0.017650,0.024597,3.370088,1.734944,89.666819
39832.0,2025-12-17T00:17:20.007788,32.111984,0.708821,0.010369,0.030632,0.704647,2.446718,0.426516,-0.493072,0.092218,-0.017033,0.025210,3.318882,1.651089,89.709405
39873.0,2025-12-17T00:17:20.009024,32.113220,0.708539,0.010636,0.029824,0.704961,2.449656,0.411462,-0.489462,0.097997,-0.016863,0.024584,3.275864,1.562466,89.754566
39912.0,2025-12-17T00:17:20.063832,32.168028,0.707058,0.011291,0.030800,0.706394,2.476573,0.425637,-0.492277,0.091660,-0.016044,0.025205,3.411360,1.581734,89.993285
39948.0,2025-12-17T00:17:20.124673,32.228869,0.706744,0.011464,0.029862,0.706746,2.453357,0.411649,-0.483301,0.090692,-0.017418,0.026180,3.349939,1.490203,90.043729
39985.0,2025-12-17T00:17:20.128699,32.232895,0.706476,0.011685,0.029108,0.707042,2.456498,0.411195,-0.488409,0.096686,-0.016970,0.024858,3.307171,1.409932,90.086579
40028.0,2025-12-17T00:17:20.181993,32.286189,0.704981,0.012324,0.030284,0.708473,2.479906,0.423961,-0.495874,0.092081,-0.018404,0.024502,3.457435,1.446150,90.326749
40062.0,2025-12-17T00:17:20.248023,32.352219,0.704727,0.012544,0.029540,0.708753,2.468311,0.411057,-0.492037,0.097059,-0.017236,0.023628,3.415154,1.366857,90.367113
40098.0,2025-12-17T00:17:20.248023,32.352219,0.703035,0.013277,0.030679,0.710369,2.495526,0.420827,-0.494192,0.092030,-0.016912,0.025790,3.570348,1.390966,90.638019
40132.0,2025-12-17T00:17:20.306988,32.411184,0.702756,0.013478,0.029896,0.710675,2.488047,0.417686,-0.492822,0.094711,-0.018390,0.025531,3.523141,1.310008,90.682286
40173.0,2025-12-17T00:17:20.307644,32.411840,0.702454,0.013759,0.029095,0.711001,2.483878,0.397903,-0.509436,0.099456,-0.018800,0.024659,3.480951,1.221075,90.729978
40212.0,2025-12-17T00:17:20.366464,32.470660,0.701126,0.016198,0.031957,0.712137,2.507330,0.428591,-0.444472,0.232609,-0.022005,0.008918,3.913157,1.245779,90.935307
40232.0,2025-12-17T00:17:20.366464,32.470660,0.701216,0.015175,0.028176,0.712230,2.492194,0.389704,-0.405480,0.374595,-0.031086,0.008548,3.521750,1.025599,90.924427
40270.0,2025-12-17T00:17:20.426077,32.530274,0.701118,0.011093,0.022452,0.712605,2.852226,0.309759,-1.000527,0.101223,-0.018492,0.028702,2.725962,0.898002,90.952431
40306.0,2025-12-17T00:17:20.483488,32.587684,0.693883,0.004235,0.019407,0.719814,2.276046,0.453801,-0.413303,-0.268816,-0.004828,0.114908,1.938303,1.193914,92.121961
40339.0,2025-12-17T00:17:20.483488,32.587684,0.693903,0.001686,0.013235,0.719945,2.075856,0.481878,-0.205246,0.170839,-0.043355,0.011672,1.226199,0.913307,92.120198
40368.0,2025-12-17T00:17:20.541837,32.646034,0.693873,-0.002298,0.006747,0.720062,2.193419,0.339145,-0.567751,0.146841,-0.024389,0.011612,0.374055,0.726147,92.124623
40398.0,2025-12-17T00:17:20.541837,32.646034,0.687552,-0.005677,0.007856,0.726070,2.044768,0.465497,-0.416880,-0.040297,-0.018929,0.055310,0.206392,1.091328,93.123542
40439.0,2025-12-17T00:17:20.606797,32.710993,0.686921,-0.010097,-0.000450,0.726662,1.712256,0.391706,-0.193306,0.112631,-0.025251,0.052117,-0.832353,0.805398,93.214943
40474.0,2025-12-17T00:17:20.606797,32.710993,0.685978,-0.012397,-0.006405,0.727488,1.651476,0.373321,-0.179951,0.250833,-0.033022,0.078316,-1.508606,0.529984,93.357310
40510.0,2025-12-17T00:17:20.667415,32.771611,0.676386,-0.021379,-0.011885,0.736141,2.368150,0.314263,-1.357318,-0.492621,-0.049719,0.300947,-2.660847,0.882316,94.824235
40535.0,2025-12-17T00:17:20.668514,32.772711,0.670572,-0.033693,-0.028650,0.740525,1.188856,0.390629,-0.173213,-1.065281,-0.083939,0.575086,-5.027009,0.657615,95.647118
40558.0,2025-12-17T00:17:20.724122,32.828318,0.661345,-0.038863,-0.038710,0.748074,0.956180,0.366237,-0.095248,-0.359458,-0.156013,1.019195,-6.276200,0.397827,97.020715
40577.0,2025-12-17T00:17:20.724122,32.828318,0.648092,-0.041206,-0.047538,0.758959,0.297641,0.187813,0.068632,-0.172832,-0.216806,1.511298,-7.213625,0.053273,99.007102
40602.0,2025-12-17T00:17:20.787466,32.891662,0.630826,-0.039909,-0.046359,0.773509,0.106099,0.485515,0.092717,0.005559,-0.244855,1.740331,-7.011598,0.186224,101.591489
40626.0,2025-12-17T00:17:20.844492,32.948689,0.606347,-0.035360,-0.051911,0.792716,0.413776,0.365808,0.130307,0.382753,-0.361920,2.398720,-7.191461,-0.394870,105.200194
40650.0,2025-12-17T00:17:20.844492,32.948689,0.582169,-0.033915,-0.056291,0.810408,0.719869,0.347243,-0.174817,0.359783,-0.423920,2.687374,-7.511984,-0.605765,108.655439
40669.0,2025-12-17T00:17:20.844492,32.948689,0.559550,-0.031170,-0.050436,0.826673,-0.060992,-0.118265,-0.103916,0.049130,-0.373379,2.327696,-6.792360,-0.281250,111.830921
40694.0,2025-12-17T00:17:20.844492,32.948689,0.543660,-0.031250,-0.050833,0.837181,-0.292907,-0.189439,-0.022109,-0.230926,-0.238802,1.487295,-6.839673,-0.168868,114.011194
40745.0,2025-12-17T00:17:20.907096,33.011292,0.521039,-0.037232,-0.063027,0.850388,-0.234923,-0.069750,0.041259,-0.650919,-0.134163,0.995111,-8.394863,-0.134967,117.017705
40765.0,2025-12-17T00:17:20.907096,33.011292,0.510934,-0.033344,-0.066910,0.856363,-0.282220,-0.058913,0.229429,-0.572382,-0.105452,0.889133,-8.550444,-0.645420,118.404921
40789.0,2025-12-17T00:17:20.966805,33.071001,0.504855,-0.031787,-0.066454,0.860055,-0.363926,-0.162788,0.254339,-0.470138,-0.078637,0.690839,-8.419177,-0.711759,119.226205
40815.0,2025-12-17T00:17:20.966805,33.071001,0.497685,-0.032934,-0.067168,0.864126,-0.513249,-0.103616,0.301454,-0.334503,-0.069798,0.385489,-8.561606,-0.569417,120.163873
40840.0,2025-12-17T00:17:21.027387,33.131583,0.495540,-0.028765,-0.071553,0.865155,-0.371551,-0.063632,0.036650,-0.603897,-0.101616,0.209719,-8.763208,-1.211460,120.486669
40859.0,2025-12-17T00:17:21.027387,33.131583,0.494022,-0.027786,-0.071214,0.866083,-0.903272,-0.621878,0.187629,-0.527709,-0.096329,0.145849,-8.675947,-1.273892,120.694969
40883.0,2025-12-17T00:17:21.027387,33.131583,0.492476,-0.026435,-0.069690,0.867129,-0.949504,-0.646333,0.147906,-0.396128,-0.082957,0.184028,-8.449399,-1.306276,120.908648
40909.0,2025-12-17T00:17:21.086912,33.191108,0.487850,-0.026596,-0.068566,0.869824,-0.971035,-0.626671,0.172182,-0.224538,-0.060658,0.175354,-8.352402,-1.182151,121.513668
40934.0,2025-12-17T00:17:21.086912,33.191108,0.486097,-0.024031,-0.063425,0.871269,-0.815351,-0.586722,0.069691,-0.145947,-0.031673,0.175542,-7.695539,-1.133709,121.760295
40953.0,2025-12-17T00:17:21.086912,33.191108,0.484560,-0.021643,-0.058697,0.872518,-0.730227,-0.498343,0.066991,-0.162680,-0.017850,0.163137,-7.089871,-1.095424,121.975876
40989.0,2025-12-17T00:17:21.142109,33.246305,0.482885,-0.018895,-0.052705,0.873892,-0.685693,-0.478111,0.051450,-0.175762,-0.007369,0.140448,-6.337340,-1.024346,122.209392
41023.0,2025-12-17T00:17:21.207655,33.311851,0.476054,-0.020034,-0.049791,0.877777,-0.758012,-0.499319,0.047628,-0.191855,-0.000419,0.205089,-6.113190,-0.701009,123.091922
41055.0,2025-12-17T00:17:21.207655,33.311851,0.470741,-0.017592,-0.043945,0.881000,-0.791266,-0.541759,0.047220,-0.175626,0.005216,0.416191,-5.393724,-0.594498,123.794505
41075.0,2025-12-17T00:17:21.210821,33.315018,0.465225,-0.014395,-0.038289,0.884247,-0.753560,-0.437620,0.073536,-0.112952,0.005451,0.479209,-4.652492,-0.582656,124.523659
41108.0,2025-12-17T00:17:21.261511,33.365708,0.457690,-0.014268,-0.035274,0.888297,-0.778938,-0.366558,0.067541,-0.046923,0.004802,0.347706,-4.343136,-0.397643,125.496055
41139.0,2025-12-17T00:17:21.323926,33.428123,0.455102,-0.008852,-0.027033,0.889985,-0.636381,-0.355002,0.085979,0.096774,-0.013558,0.220245,-3.220444,-0.507069,125.847552
41167.0,2025-12-17T00:17:21.323926,33.428123,0.453101,-0.001593,-0.016922,0.891297,-0.387297,-0.209297,0.131126,0.194748,-0.039024,0.155269,-1.811531,-0.715940,126.117333
41203.0,2025-12-17T00:17:21.384172,33.488369,0.445623,0.000045,-0.011057,0.895152,-0.209777,-0.096825,0.086738,0.160612,-0.033701,0.230652,-1.131999,-0.569279,127.075720
41237.0,2025-12-17T00:17:21.384172,33.488369,0.443096,0.008116,-0.001158,0.896437,0.038725,0.017365,0.079583,0.127442,-0.029946,0.165260,0.293173,-0.892552,127.392700
41270.0,2025-12-17T00:17:21.444070,33.548266,0.441877,0.008946,-0.009563,0.896980,-0.051253,-0.145424,0.120549,0.147699,-0.028140,0.069973,-0.530102,-1.403890,127.554201
41308.0,2025-12-17T00:17:21.444070,33.548266,0.438333,0.008436,-0.007263,0.898744,0.237739,0.101006,-0.052061,0.018819,-0.030705,0.007517,-0.324347,-1.233715,128.004866
41345.0,2025-12-17T00:17:21.506729,33.610926,0.439834,0.010201,0.001795,0.898019,-0.150505,-0.162700,0.142249,-0.135676,-0.001972,-0.077115,0.699005,-0.959260,127.804584
41381.0,2025-12-17T00:17:21.565585,33.669781,0.439294,0.012075,0.012333,0.898178,0.081401,0.108521,0.073548,0.014390,-0.008095,0.037457,1.877636,-0.621961,127.863767
41422.0,2025-12-17T00:17:21.565585,33.669781,0.433210,0.012009,0.016217,0.901067,0.132046,0.082772,0.104029,0.074974,-0.017888,0.124089,2.271240,-0.434933,128.637331
41455.0,2025-12-17T00:17:21.624706,33.728902,0.433223,0.006915,0.006947,0.901233,0.201387,0.168417,-0.253164,-0.003484,0.026166,0.000767,1.060827,-0.369204,128.649390
41501.0,2025-12-17T00:17:21.684072,33.788268,0.426745,0.006487,0.011605,0.904274,0.090069,0.243184,-0.001052,0.116855,0.038557,0.170988,1.519964,-0.104640,129.471501
41527.0,2025-12-17T00:17:21.684072,33.788268,0.423318,0.009226,0.004913,0.905921,0.013921,0.040585,0.085635,0.128273,0.087596,0.229330,0.957707,-0.719453,129.902524
41562.0,2025-12-17T00:17:21.744490,33.848686,0.419884,0.016767,0.006598,0.907399,0.073409,0.019424,0.087742,0.154505,0.175716,0.240881,1.493430,-1.426162,130.318232
41587.0,2025-12-17T00:17:21.747254,33.851450,0.417757,0.020190,0.002207,0.908332,0.016920,-0.042636,0.114358,0.143412,0.167159,0.146569,1.197068,-1.996288,130.582213
41623.0,2025-12-17T00:17:21.806388,33.910584,0.414214,0.018254,0.006323,0.909975,0.045367,0.114536,0.136623,0.112366,0.156243,0.055404,1.526477,-1.603502,131.029257
41650.0,2025-12-17T00:17:21.809830,33.914026,0.413214,0.022549,0.000668,0.910354,0.002218,0.036405,0.128052,0.102806,0.128689,0.051524,1.138412,-2.321322,131.149899
41686.0,2025-12-17T00:17:21.864547,33.968744,0.412447,0.009956,0.000973,0.910927,-0.199595,0.102417,0.074980,0.096770,0.138462,0.044057,0.572234,-0.993318,131.275191
41723.0,2025-12-17T00:17:21.864547,33.968744,0.411685,0.005782,0.005093,0.911294,-0.297195,0.266952,0.092639,0.094431,0.302162,0.011760,0.804625,-0.363564,131.374423
41756.0,2025-12-17T00:17:21.926745,34.030942,0.411337,0.009812,0.005215,0.911416,-0.306650,0.368142,0.083978,0.097502,0.351670,0.018235,1.007300,-0.778939,131.412225
41771.0,2025-12-17T00:17:21.926745,34.030942,0.411055,0.013470,0.004818,0.911498,-0.345184,0.451660,0.109507,0.097001,0.351742,0.011540,1.138072,-1.180128,131.440749
41812.0,2025-12-17T00:17:21.985051,34.089248,0.408847,0.011862,0.008039,0.912490,-0.369337,0.576341,0.111655,0.083821,0.231691,-0.000001,1.396571,-0.863741,131.719324
41839.0,2025-12-17T00:17:21.985051,34.089248,0.408307,0.017565,0.005691,0.912658,-0.372114,0.561000,0.100574,0.081694,0.199385,0.025292,1.417718,-1.570879,131.774723
41873.0,2025-12-17T00:17:22.044895,34.149092,0.408273,0.024773,0.002403,0.912520,-0.299471,0.466825,0.123737,0.070183,0.147500,-0.012580,1.411688,-2.478810,131.760725
41909.0,2025-12-17T00:17:22.044895,34.149092,0.405402,0.025211,0.004415,0.913780,-0.329208,0.512039,0.115129,0.053921,0.055367,0.005722,1.635141,-2.435486,132.115967
41945.0,2025-12-17T00:17:22.106459,34.210655,0.403518,0.033475,-0.001384,0.914358,-0.180054,0.415676,0.093671,0.065829,0.036001,0.092971,1.405695,-3.573749,132.331177
41981.0,2025-12-17T00:17:22.166183,34.270379,0.399895,0.043236,-0.004962,0.915527,-0.127294,0.228062,0.103634,0.108385,0.006179,0.203228,1.465977,-4.768814,132.748302
42016.0,2025-12-17T00:17:22.166183,34.270379,0.394545,0.044401,-0.002313,0.917800,-0.104955,0.179773,0.166674,0.117668,-0.013455,0.194861,1.770605,-4.779874,133.402199
42050.0,2025-12-17T00:17:22.225124,34.329320,0.392562,0.051509,-0.009443,0.918233,0.016325,0.035087,0.168655,0.070061,-0.004296,0.091304,1.330573,-5.854776,133.636703
42089.0,2025-12-17T00:17:22.225124,34.329320,0.388388,0.051880,-0.007334,0.920005,0.038323,0.116367,0.152147,0.077175,-0.004879,0.113400,1.543872,-5.805762,134.146744
42120.0,2025-12-17T00:17:22.284094,34.388290,0.386540,0.062389,-0.002224,0.920157,0.190003,0.011491,0.168237,0.078256,-0.001141,0.109840,2.547129,-6.692190,134.278432
42157.0,2025-12-17T00:17:22.284094,34.388290,0.384663,0.055192,-0.008966,0.921362,0.069767,0.035902,0.153190,0.041589,0.018335,0.096572,1.495144,-6.234706,134.598063
42199.0,2025-12-17T00:17:22.344972,34.449168,0.381824,0.055319,-0.006598,0.922554,-0.010602,0.004501,0.095295,0.048644,-0.002508,0.021357,1.733148,-6.148682,134.939802
42238.0,2025-12-17T00:17:22.405798,34.509995,0.381633,0.065906,-0.012067,0.921882,0.130053,-0.133962,0.126526,0.091978,-0.016444,-0.025176,1.621587,-7.511529,134.917230
42273.0,2025-12-17T00:17:22.405798,34.509995,0.381505,0.056461,-0.007577,0.922610,0.031674,0.026529,0.149988,0.110270,-0.008922,0.018043,1.677671,-6.313300,134.976710
42311.0,2025-12-17T00:17:22.464888,34.569085,0.378859,0.056718,-0.004829,0.923702,0.044809,0.064209,0.142721,0.092698,0.000841,0.021096,1.963164,-6.225447,135.291036
42346.0,2025-12-17T00:17:22.527745,34.631941,0.379629,0.053622,-0.012711,0.923496,-0.098122,-0.105347,0.071160,0.124479,-0.008942,-0.083180,0.993475,-6.239829,135.252912
42380.0,2025-12-17T00:17:22.527745,34.631941,0.379703,0.056620,-0.008240,0.923337,0.031096,0.040772,0.126089,0.191991,-0.001477,-0.012581,1.601783,-6.362399,135.203152
42417.0,2025-12-17T00:17:22.584317,34.688514,0.378385,0.058086,-0.006564,0.923801,0.088099,0.091786,0.127370,0.116759,-0.046581,0.048203,1.835621,-6.447152,135.348994
42450.0,2025-12-17T00:17:22.588715,34.692911,0.376271,0.058368,-0.007029,0.924643,0.085361,0.026255,0.141340,0.101487,-0.062068,0.119758,1.783670,-6.501512,135.612253
42487.0,2025-12-17T00:17:22.645744,34.749940,0.374985,0.059668,-0.005849,0.925090,0.160211,0.040931,0.149763,0.085706,-0.053194,0.048284,1.957225,-6.591112,135.756930
42517.0,2025-12-17T00:17:22.645744,34.749940,0.374307,0.059152,-0.005824,0.925398,0.158245,0.045362,0.163147,0.094526,-0.033698,0.032439,1.932541,-6.536649,135.844762
42558.0,2025-12-17T00:17:22.705420,34.809616,0.373664,0.058357,-0.005945,0.925708,0.143094,0.046185,0.165590,0.082875,-0.021296,0.029644,1.880401,-6.458677,135.930757
42593.0,2025-12-17T00:17:22.763034,34.867230,0.372755,0.059150,-0.004608,0.926031,0.132176,0.050688,0.160736,0.080567,-0.020348,0.024226,2.051116,-6.487458,136.031302
42636.0,2025-12-17T00:17:22.769780,34.873976,0.372327,0.058752,-0.004282,0.926230,0.122809,0.038293,0.133348,0.110389,-0.036485,0.015746,2.065591,-6.432016,136.085539
42665.0,2025-12-17T00:17:22.821665,34.925862,0.372077,0.058701,-0.004314,0.926334,0.162657,0.062886,0.146604,0.106683,-0.046950,0.004988,2.058330,-6.428565,136.117059
42702.0,2025-12-17T00:17:22.887621,34.991818,0.373144,0.060589,-0.003042,0.925788,0.136849,0.078700,0.144722,0.095606,-0.081552,-0.097810,2.283638,-6.572226,135.964532
42735.0,2025-12-17T00:17:22.889140,34.993336,0.377422,0.062252,-0.004231,0.923937,0.246658,0.052834,0.167065,0.065551,-0.169001,-0.272604,2.260857,-6.789856,135.426432
42767.0,2025-12-17T00:17:22.946657,35.050853,0.378743,0.065652,-0.005903,0.923151,0.296342,0.025476,0.233128,0.082577,-0.316689,-0.109096,2.243317,-7.220346,135.244534
42795.0,2025-12-17T00:17:22.946657,35.050853,0.377289,0.070551,-0.006214,0.923384,0.483553,-0.138325,0.186865,0.074810,-0.438488,-0.032529,2.415550,-7.757434,135.386977
42819.0,2025-12-17T00:17:22.946657,35.050853,0.378081,0.068306,-0.007020,0.923222,0.550924,-0.275338,0.121703,0.071697,-0.427251,-0.057760,2.236677,-7.552268,135.311863
42839.0,2025-12-17T00:17:23.006497,35.110694,0.379876,0.065609,-0.007184,0.922680,0.586832,-0.321179,0.108476,0.074973,-0.398843,-0.130699,2.113840,-7.269101,135.110805
42875.0,2025-12-17T00:17:23.009666,35.113862,0.380320,0.062553,-0.006119,0.922717,0.575780,-0.368354,0.100108,0.100219,-0.342144,-0.026339,2.094818,-6.897436,135.073363
42908.0,2025-12-17T00:17:23.066200,35.170396,0.378068,0.065683,-0.005046,0.923431,0.680216,-0.379818,0.110062,0.106568,-0.349099,0.019045,2.330559,-7.187842,135.323522
42933.0,2025-12-17T00:17:23.066200,35.170396,0.377857,0.062746,-0.004944,0.923722,0.784970,-0.460379,0.124216,0.076674,-0.381069,0.027025,2.210003,-6.872245,135.372416
42959.0,2025-12-17T00:17:23.126584,35.230780,0.377636,0.058306,-0.003815,0.924109,0.740961,-0.498615,0.064138,0.060760,-0.255320,0.031703,2.132716,-6.352382,135.426989
42994.0,2025-12-17T00:17:23.128156,35.232353,0.374723,0.058412,-0.002045,0.925293,0.782970,-0.514121,0.032767,0.063703,-0.141541,0.037215,2.305923,-6.293899,135.779447
43027.0,2025-12-17T00:17:23.187712,35.291908,0.373524,0.050422,0.002451,0.926246,0.431403,-0.343385,0.145285,0.095851,-0.055051,0.093763,2.429258,-5.254242,135.963414
43062.0,2025-12-17T00:17:23.246958,35.351154,0.371139,0.041411,0.005084,0.927639,0.559929,-0.284920,0.075018,0.099581,-0.029787,0.161226,2.308378,-4.189539,136.303829
43097.0,2025-12-17T00:17:23.247521,35.351717,0.366820,0.040566,0.007773,0.929375,0.563302,-0.171862,0.128246,0.114252,-0.030403,0.160869,2.539985,-3.996783,136.833492
43130.0,2025-12-17T00:17:23.305851,35.410048,0.364759,0.031378,0.008473,0.930534,0.451103,-0.093339,0.075821,0.123995,-0.029811,0.131343,2.218613,-2.993094,137.132745
43163.0,2025-12-17T00:17:23.305851,35.410048,0.363942,0.022357,0.008710,0.931113,0.274735,-0.039521,0.074092,0.109008,-0.024288,0.057470,1.863195,-2.022649,137.269267
43201.0,2025-12-17T00:17:23.366727,35.470923,0.361469,0.022413,0.011124,0.932048,0.250049,0.017052,0.086171,0.101679,-0.021953,0.035026,2.118154,-1.933390,137.569438
43235.0,2025-12-17T00:17:23.391609,35.495805,0.361046,0.014003,0.007737,0.932411,0.074880,0.025979,0.094476,0.101204,-0.022083,0.028046,1.406465,-1.176189,137.650992
43275.0,2025-12-17T00:17:23.423812,35.528008,0.360642,0.005396,0.004053,0.932680,-0.089509,0.004682,0.099553,0.084781,-0.016687,0.026145,0.656204,-0.409175,137.717339
43310.0,2025-12-17T00:17:23.486940,35.591136,0.358445,0.006269,0.006810,0.933505,-0.088844,0.040251,0.116849,0.089654,-0.016773,0.025626,0.986013,-0.390916,137.985316
43345.0,2025-12-17T00:17:23.488130,35.592326,0.357837,0.018680,0.005386,0.933582,0.142078,-0.054776,0.100870,0.110045,-0.024739,0.025484,1.342898,-1.777863,138.036014
43373.0,2025-12-17T00:17:23.547259,35.651455,0.357485,0.009130,0.007180,0.933847,-0.000756,0.033830,0.079954,0.101943,-0.022844,0.026223,1.142512,-0.682938,138.098583
43419.0,2025-12-17T00:17:23.547259,35.651455,0.355037,0.009227,0.009490,0.934758,0.011869,0.085883,0.097273,0.058977,-0.002740,0.025644,1.392115,-0.602271,138.397381
43456.0,2025-12-17T00:17:23.605061,35.709257,0.355181,0.010266,-0.000366,0.934741,-0.010614,-0.085717,0.100569,0.094094,-0.019483,-0.013202,0.378742,-1.114603,138.384960
43489.0,2025-12-17T00:17:23.666579,35.770775,0.352912,0.010812,0.002784,0.935590,-0.044123,-0.078369,0.122683,0.089041,-0.015192,0.015803,0.735843,-1.046686,138.659492
43532.0,2025-12-17T00:17:23.666579,35.770775,0.352598,0.011238,0.015037,0.935587,0.073589,0.162788,0.105785,0.090795,-0.017151,0.022071,2.066731,-0.597314,138.689075
43566.0,2025-12-17T00:17:23.723925,35.828121,0.352862,0.011972,0.014556,0.935485,0.146146,0.193608,0.137103,0.108685,-0.027974,-0.015792,2.045087,-0.694780,138.654930
43602.0,2025-12-17T00:17:23.783846,35.888042,0.352432,0.012766,0.016120,0.935611,0.067213,0.148801,0.069048,0.091478,-0.017518,0.003363,2.244584,-0.717728,138.704507
43632.0,2025-12-17T00:17:23.783846,35.888042,0.352092,0.013339,0.015356,0.935744,0.097887,0.157263,0.096162,0.088333,-0.016217,0.018726,2.185597,-0.810797,138.744981
43676.0,2025-12-17T00:17:23.841885,35.946081,0.351631,0.013848,0.014618,0.935922,0.103563,0.143696,0.101711,0.091425,-0.018232,0.024489,2.126458,-0.896200,138.800416
43713.0,2025-12-17T00:17:23.847518,35.951714,0.350818,0.014721,0.016301,0.936186,0.135841,0.157300,0.088778,0.099218,-0.021081,0.025959,2.341504,-0.923959,138.896080
43746.0,2025-12-17T00:17:23.905191,36.009388,0.350359,0.014942,0.015802,0.936363,0.150850,0.154447,0.098448,0.098207,-0.023400,0.026354,2.296326,-0.968896,138.951930
43784.0,2025-12-17T00:17:23.965018,36.069214,0.349460,0.015981,0.017588,0.936650,0.176220,0.182979,0.099445,0.108029,-0.029465,0.027238,2.528960,-1.011049,139.056966
43817.0,2025-12-17T00:17:23.965018,36.069214,0.349002,0.016163,0.017176,0.936825,0.188602,0.174756,0.077000,0.101391,-0.027232,0.026703,2.491472,-1.048256,139.112742
43851.0,2025-12-17T00:17:24.024997,36.129193,0.348553,0.016536,0.017014,0.936989,0.199163,0.174877,0.097113,0.118192,-0.035154,0.025780,2.488467,-1.096019,139.166532
43895.0,2025-12-17T00:17:24.024997,36.129193,0.348135,0.017469,0.018631,0.937096,0.330149,0.232763,-0.030451,0.105754,-0.030349,0.000830,2.699126,-1.132700,139.212866
43922.0,2025-12-17T00:17:24.088411,36.192607,0.347917,0.017439,0.017694,0.937196,0.109720,0.130341,0.238895,0.069745,-0.011186,0.011762,2.596954,-1.167471,139.240534
43964.0,2025-12-17T00:17:24.141989,36.246185,0.347467,0.017487,0.017460,0.937366,0.214780,0.163721,0.110299,0.107953,-0.029154,0.022117,2.573160,-1.183227,139.295477
44002.0,2025-12-17T00:17:24.147866,36.252062,0.346267,0.019494,0.021366,0.937690,0.118954,0.034111,0.138814,0.237671,-0.038763,0.047763,3.071547,-1.246922,139.430601
44036.0,2025-12-17T00:17:24.206919,36.311115,0.345242,0.020324,0.025098,0.937958,-0.351220,-1.297270,0.120945,0.103892,-0.018874,0.060996,3.504615,-1.191626,139.548387
44072.0,2025-12-17T00:17:24.206919,36.311115,0.340058,0.020500,0.028015,0.939764,-0.032827,-0.744324,0.096476,0.061324,-0.013470,0.308216,3.819291,-1.115973,140.177005
44107.0,2025-12-17T00:17:24.265588,36.369785,0.329102,0.021162,0.027276,0.943663,0.443028,1.039646,0.064574,0.153176,-0.003301,0.730225,3.751135,-1.259844,141.506351
44131.0,2025-12-17T00:17:24.267349,36.371545,0.319385,0.021655,0.020512,0.947156,0.737125,1.806839,0.085116,0.141629,-0.005238,0.721823,3.021468,-1.599844,142.689165
44151.0,2025-12-17T00:17:24.324560,36.428756,0.314868,0.021099,0.014243,0.948794,0.986257,1.817501,0.054093,0.097350,-0.021025,0.381538,2.311530,-1.780327,143.246062
44184.0,2025-12-17T00:17:24.324560,36.428756,0.317116,0.019569,0.010904,0.948122,1.018623,1.395261,0.077891,-0.008870,-0.005514,-0.248374,1.896971,-1.730106,142.984540
44219.0,2025-12-17T00:17:24.383987,36.488183,0.329324,0.018838,0.002788,0.944025,1.442754,2.492228,0.293315,0.128783,-0.029156,-0.747460,1.013116,-1.933037,141.520200
44244.0,2025-12-17T00:17:24.389442,36.493639,0.341221,0.019985,-0.001453,0.939769,0.881926,2.168373,0.351704,0.235583,-0.034840,-1.111558,0.625429,-2.209550,140.076974
44263.0,2025-12-17T00:17:24.443092,36.547288,0.360033,0.024301,-0.004911,0.932610,0.105339,0.826749,0.285560,0.285120,-0.054928,-1.660686,0.478322,-2.800713,137.770310
44290.0,2025-12-17T00:17:24.448046,36.552242,0.379080,0.026427,0.000584,0.924986,-0.647564,-0.662490,0.083067,0.274803,-0.062895,-2.119391,1.211433,-2.776900,135.400806
44309.0,2025-12-17T00:17:24.448046,36.552242,0.399808,0.027815,0.007949,0.916142,-1.694786,-2.715237,0.235751,-0.052672,-0.057779,-1.726938,2.111458,-2.556753,132.799634
44330.0,2025-12-17T00:17:24.507508,36.611704,0.408032,0.028744,0.013282,0.912418,-1.633965,-2.480003,0.236910,-0.034475,-0.032634,-0.955734,2.736083,-2.384999,131.754773
44350.0,2025-12-17T00:17:24.507508,36.611704,0.409873,0.029259,0.021317,0.911424,-0.314700,-0.889485,0.197731,0.189561,-0.012548,-0.186346,3.605349,-2.055035,131.507854
44387.0,2025-12-17T00:17:24.563727,36.667924,0.402345,0.029861,0.026073,0.914630,0.272590,-0.052126,0.143446,0.207305,-0.023686,0.323778,4.115321,-1.927886,132.441400
44413.0,2025-12-17T00:17:24.563727,36.667924,0.397293,0.026691,0.021006,0.917063,0.530340,0.343961,0.031776,0.167900,-0.023356,0.397841,3.426396,-1.848885,133.097898
44434.0,2025-12-17T00:17:24.568839,36.673036,0.394305,0.022831,0.015558,0.918564,0.573955,0.340369,0.052581,0.096979,-0.019696,0.244602,2.671334,-1.700476,133.496315
44470.0,2025-12-17T00:17:24.624213,36.728410,0.393109,0.017124,0.009647,0.919282,0.342059,0.155604,0.065140,0.081799,-0.016154,0.082480,1.788384,-1.369442,133.672966
44506.0,2025-12-17T00:17:24.688547,36.792743,0.389089,0.016736,0.012333,0.920965,0.334228,0.198113,0.104418,0.080283,-0.014298,0.043976,2.048703,-1.216411,134.172088
44542.0,2025-12-17T00:17:24.688547,36.792743,0.388565,0.011199,0.004872,0.921341,0.157936,0.097373,0.077922,0.084547,-0.013794,0.030415,1.013278,-0.965470,134.257418
44572.0,2025-12-17T00:17:24.742006,36.846203,0.388027,0.006777,-0.003224,0.921618,0.014825,0.007976,0.075489,0.088810,-0.016777,0.028331,-0.039139,-0.859048,134.335371
44615.0,2025-12-17T00:17:24.748983,36.853180,0.384280,0.007148,0.000749,0.923189,0.047559,0.060729,0.062097,0.093874,-0.017580,0.026986,0.394083,-0.723245,134.798186
44651.0,2025-12-17T00:17:24.804797,36.908993,0.383766,0.005545,-0.008401,0.923375,-0.052234,-0.091418,0.070096,0.087428,-0.017014,0.025854,-0.645214,-0.956232,134.868633
44693.0,2025-12-17T00:17:24.864285,36.968482,0.379963,0.006011,-0.004323,0.924972,-0.007154,-0.010881,0.042436,0.090361,-0.017640,0.027106,-0.196535,-0.825360,135.337300
44723.0,2025-12-17T00:17:24.867803,36.971999,0.379567,0.004944,0.007614,0.925120,0.064594,0.200129,0.081489,0.086478,-0.017808,0.025886,1.022311,-0.192922,135.382555
44758.0,2025-12-17T00:17:24.928010,37.032206,0.379090,0.006903,-0.001774,0.925333,0.023919,0.006888,0.086190,0.090886,-0.017075,0.025557,0.111782,-0.809040,135.443427
44801.0,2025-12-17T00:17:24.984949,37.089145,0.375261,0.007337,0.001819,0.926889,0.060118,0.093913,0.074858,0.092068,-0.018434,0.026247,0.508745,-0.701133,135.914728
44829.0,2025-12-17T00:17:24.987488,37.091684,0.374719,0.004904,-0.007013,0.927099,-0.050825,-0.074367,0.106783,0.092387,-0.017244,0.027989,-0.534529,-0.822160,135.988258
44868.0,2025-12-17T00:17:25.044910,37.149107,0.374318,0.008347,0.004908,0.927250,0.102310,0.123923,0.072632,0.094028,-0.018480,0.026902,0.879692,-0.676412,136.028270
44904.0,2025-12-17T00:17:25.044910,37.149107,0.370405,0.008706,0.008016,0.928795,0.131042,0.192357,0.079131,0.090531,-0.017239,0.026605,1.222790,-0.586338,136.509326
44940.0,2025-12-17T00:17:25.107490,37.211687,0.369896,0.006939,-0.001094,0.929047,0.031491,0.025639,0.083375,0.088081,-0.016922,0.027307,0.177695,-0.785142,136.579237
44978.0,2025-12-17T00:17:25.107490,37.211687,0.366424,0.007331,0.002297,0.930416,0.060447,0.078985,0.112337,0.093652,-0.016058,0.026718,0.552825,-0.685168,137.004927
45016.0,2025-12-17T00:17:25.165075,37.269271,0.365972,0.007745,0.001545,0.930592,0.068714,0.081216,0.070277,0.088147,-0.018159,0.025782,0.489639,-0.761130,137.060522
45049.0,2025-12-17T00:17:25.225862,37.330058,0.365456,0.007908,0.000776,0.930795,0.062833,0.058909,0.088248,0.087419,-0.017942,0.026322,0.414048,-0.811016,137.124365
45095.0,2025-12-17T00:17:25.225862,37.330058,0.364452,0.008658,0.002484,0.931178,0.084117,0.067569,0.085154,0.086463,-0.017890,0.025674,0.626756,-0.820172,137.245927
45128.0,2025-12-17T00:17:25.286958,37.391155,0.363987,0.008719,0.001771,0.931361,0.077961,0.072875,0.092003,0.084648,-0.018655,0.026279,0.552730,-0.856713,137.303534
45161.0,2025-12-17T00:17:25.345453,37.449649,0.363532,0.008645,0.001124,0.931541,0.069073,0.056554,0.079488,0.084940,-0.019640,0.025662,0.480148,-0.876022,137.360109
45204.0,2025-12-17T00:17:25.345453,37.449649,0.362489,0.009418,0.002920,0.931936,0.100651,0.069313,0.070795,0.090475,-0.018345,0.026276,0.703159,-0.884445,137.486127
45231.0,2025-12-17T00:17:25.406779,37.510976,0.362037,0.009162,0.002500,0.932115,0.092004,0.068653,0.078333,0.091179,-0.017220,0.025662,0.647147,-0.874909,137.542386
45275.0,2025-12-17T00:17:25.406779,37.510976,0.360985,0.010010,0.004340,0.932508,0.121941,0.103577,0.084806,0.098373,-0.019252,0.025497,0.877947,-0.890125,137.669118
45307.0,2025-12-17T00:17:25.463984,37.568180,0.360526,0.010003,0.003843,0.932688,0.132481,0.110076,0.110269,0.093317,-0.022905,0.026229,0.824068,-0.910353,137.725863
45343.0,2025-12-17T00:17:25.526492,37.630689,0.359543,0.010769,0.002885,0.933062,0.072378,0.140828,0.084513,0.080811,-0.012015,0.052613,0.752327,-1.032573,137.846174
45380.0,2025-12-17T00:17:25.527369,37.631565,0.357648,0.011806,0.005214,0.933767,0.158728,0.098733,0.126486,0.128267,-0.020184,0.075562,1.041960,-1.049636,138.075159
45415.0,2025-12-17T00:17:25.587496,37.691693,0.356935,0.011481,0.005399,0.934043,0.191113,0.109514,0.098896,0.116328,-0.019286,0.043319,1.047673,-1.008086,138.163039
45452.0,2025-12-17T00:17:25.587496,37.691693,0.356390,0.011262,0.005391,0.934254,0.191287,0.140471,0.066819,0.112860,-0.015846,0.028388,1.037246,-0.985603,138.230365
45489.0,2025-12-17T00:17:25.641976,37.746172,0.355357,0.011921,0.007207,0.934627,0.203786,0.171944,0.101708,0.097259,-0.011890,0.026238,1.257621,-0.983348,138.354368
45524.0,2025-12-17T00:17:25.704597,37.808794,0.354877,0.011745,0.006955,0.934814,0.189610,0.161480,0.111924,0.102339,-0.012367,0.027207,1.222935,-0.975363,138.413785
45562.0,2025-12-17T00:17:25.707188,37.811385,0.354364,0.011741,0.006807,0.935009,0.188220,0.174604,0.095071,0.112466,-0.013292,0.026682,1.206407,-0.981579,138.476764
45598.0,2025-12-17T00:17:25.762537,37.866733,0.353348,0.012656,0.009089,0.935362,0.229509,0.212602,0.096219,0.129695,-0.015844,0.025777,1.487080,-0.988527,138.597483
45632.0,2025-12-17T00:17:25.767604,37.871800,0.352906,0.012988,0.010057,0.935515,0.244806,0.220992,0.110575,0.178296,-0.012687,0.024760,1.603851,-0.985696,138.650069
45666.0,2025-12-17T00:17:25.824771,37.928967,0.352632,0.013927,0.012064,0.935581,0.302318,0.303586,0.106028,0.251227,-0.017168,0.013785,1.856739,-1.005709,138.679619
45702.0,2025-12-17T00:17:25.886479,37.990675,0.352704,0.015891,0.016925,0.935447,0.417006,0.396972,0.125015,0.294660,-0.020006,-0.040554,2.457699,-1.019424,138.660873
45736.0,2025-12-17T00:17:25.886946,37.991143,0.355487,0.013914,0.014860,0.934459,0.414245,0.390567,0.090391,0.416338,0.000617,-0.206287,2.158773,-0.884626,138.327685
45756.0,2025-12-17T00:17:25.886946,37.991143,0.360232,0.011408,0.015452,0.932665,0.356118,0.317907,0.372612,0.559349,0.046093,-0.364882,2.122971,-0.581417,137.752150
45788.0,2025-12-17T00:17:25.942001,38.046197,0.363540,0.013448,0.025829,0.931123,0.545152,0.697668,0.235604,0.949187,0.106372,-0.517395,3.318059,-0.358948,137.335065
45813.0,2025-12-17T00:17:25.942001,38.046197,0.370270,0.019053,0.035682,0.928043,0.552463,1.055834,0.757625,1.324322,0.089052,-0.519906,4.608213,-0.512254,136.477441
45831.0,2025-12-17T00:17:26.006722,38.110918,0.375946,0.024922,0.051251,0.924887,1.157624,1.392443,0.602597,1.941639,0.053446,-0.537282,6.519678,-0.433383,135.733990
45855.0,2025-12-17T00:17:26.006722,38.110918,0.380272,0.030314,0.068134,0.921863,2.173061,1.993511,-0.592163,2.445432,0.074231,-0.552850,8.550322,-0.233329,135.149882
45881.0,2025-12-17T00:17:26.066980,38.171177,0.381863,0.034978,0.082167,0.919894,2.404072,2.972062,-1.865212,1.628006,0.058288,-0.404111,10.246522,-0.091654,134.903540
45906.0,2025-12-17T00:17:26.067686,38.171883,0.384865,0.039094,0.089967,0.917745,2.651656,3.159349,-1.656735,1.260936,-0.024035,-0.280986,11.257928,-0.143603,134.483410
45925.0,2025-12-17T00:17:26.067686,38.171883,0.387157,0.040951,0.094958,0.916196,3.165304,3.290559,-2.516246,1.024944,0.020690,-0.229453,11.871055,-0.086572,134.176112
45940.0,2025-12-17T00:17:26.069852,38.174049,0.388579,0.041547,0.096887,0.915365,3.390419,3.415528,-2.929590,0.782324,0.021858,-0.164459,12.102566,-0.043813,133.992262
45977.0,2025-12-17T00:17:26.123897,38.228093,0.387186,0.040627,0.095619,0.916129,3.346629,3.393168,-2.733515,0.303236,-0.005615,-0.035027,11.926701,-0.022602,134.176613
45997.0,2025-12-17T00:17:26.123897,38.228093,0.387340,0.038741,0.089744,0.916740,3.135529,3.234604,-2.131577,0.171521,-0.013352,0.005307,11.218738,-0.086386,134.181552
46038.0,2025-12-17T00:17:26.186976,38.291173,0.387659,0.036423,0.082833,0.917351,3.095494,3.184498,-2.114818,0.198914,-0.008036,-0.005001,10.382225,-0.149134,134.170015
46072.0,2025-12-17T00:17:26.244323,38.348519,0.384627,0.034461,0.079389,0.919006,3.052135,3.186747,-2.129800,0.198999,-0.007438,-0.004556,9.928984,-0.129987,134.567615
46106.0,2025-12-17T00:17:26.244323,38.348519,0.384849,0.032440,0.073252,0.919496,2.978637,3.109444,-2.016241,0.192971,-0.009551,-0.002927,9.188272,-0.187597,134.562040
46138.0,2025-12-17T00:17:26.305917,38.410113,0.385051,0.030255,0.066520,0.919997,2.945117,3.069829,-2.019581,0.194281,-0.011730,-0.001666,8.377689,-0.254481,134.559290
46176.0,2025-12-17T00:17:26.305917,38.410113,0.381973,0.028468,0.062687,0.921606,2.905080,3.059089,-2.017927,0.137066,-0.015338,0.014574,7.891344,-0.262549,134.957358
46209.0,2025-12-17T00:17:26.363609,38.467806,0.381890,0.026012,0.055107,0.922196,2.787328,2.941898,-1.855046,0.134885,-0.015629,0.015495,6.979169,-0.337335,134.989591
46244.0,2025-12-17T00:17:26.426112,38.530308,0.381979,0.023650,0.048052,0.922618,2.749961,2.886918,-1.863867,0.180126,-0.011047,0.001765,6.127236,-0.397080,134.998074
46276.0,2025-12-17T00:17:26.427871,38.532067,0.378578,0.021552,0.044008,0.924271,2.672374,2.875643,-1.812224,0.124655,-0.014477,0.015171,5.605107,-0.373528,135.434052
46319.0,2025-12-17T00:17:26.486388,38.590585,0.378347,0.018625,0.035137,0.924809,2.561448,2.750170,-1.644005,0.118947,-0.013829,0.018856,4.535974,-0.450411,135.482422
46354.0,2025-12-17T00:17:26.489495,38.593691,0.378253,0.016091,0.027494,0.925154,2.462526,2.645809,-1.482427,0.151783,-0.012112,0.008873,3.614735,-0.514187,135.508933
46390.0,2025-12-17T00:17:26.543696,38.647892,0.375061,0.014607,0.024971,0.926549,2.441743,2.668455,-1.557340,0.171209,-0.012423,0.003163,3.280958,-0.477642,135.910772
46423.0,2025-12-17T00:17:26.604226,38.708423,0.374866,0.012137,0.017437,0.926835,2.376646,2.582881,-1.485001,0.133747,-0.014809,0.013822,2.374114,-0.540024,135.946254
46459.0,2025-12-17T00:17:26.608230,38.712426,0.374492,0.009335,0.008914,0.927140,2.257646,2.462376,-1.381070,0.102053,-0.016268,0.022309,1.347808,-0.609276,136.003119
46492.0,2025-12-17T00:17:26.666188,38.770384,0.370572,0.007907,0.005796,0.928752,2.188982,2.440850,-1.335576,0.109865,-0.015882,0.021480,0.952689,-0.595423,136.491125
46536.0,2025-12-17T00:17:26.666188,38.770384,0.370161,0.005242,-0.002514,0.928949,2.094773,2.334635,-1.225681,0.107311,-0.017328,0.022033,-0.045254,-0.664712,136.548389
46569.0,2025-12-17T00:17:26.726278,38.830474,0.369798,0.005526,-0.002751,0.929092,2.091437,2.316959,-1.217245,0.113590,-0.016947,0.020633,-0.058721,-0.704898,136.593156
46604.0,2025-12-17T00:17:26.786095,38.890291,0.368822,0.006410,-0.000819,0.929478,2.137940,2.373012,-1.282076,0.161822,-0.010431,0.006620,0.183733,-0.717370,136.711910
46640.0,2025-12-17T00:17:26.786095,38.890291,0.368613,0.006800,-0.000564,0.929558,2.163349,2.394193,-1.321290,0.142663,-0.013475,0.011712,0.227188,-0.748158,136.737301
46673.0,2025-12-17T00:17:26.844018,38.948214,0.367584,0.007331,0.000300,0.929961,2.185967,2.423581,-1.348218,0.116472,-0.016645,0.020074,0.340742,-0.768628,136.863077
46709.0,2025-12-17T00:17:26.844018,38.948214,0.367218,0.007556,0.000003,0.930104,2.181086,2.411970,-1.304329,0.109126,-0.015988,0.020873,0.318293,-0.805216,136.908151
46742.0,2025-12-17T00:17:26.905261,39.009458,0.366982,0.007919,0.000129,0.930195,2.167772,2.404608,-1.292720,0.134226,-0.014258,0.012570,0.346783,-0.838664,136.936883
46785.0,2025-12-17T00:17:26.962868,39.067065,0.365834,0.008563,0.001444,0.930639,2.226817,2.459733,-1.403200,0.131701,-0.013772,0.014227,0.513058,-0.852724,137.076612
46819.0,2025-12-17T00:17:26.962868,39.067065,0.365444,0.008763,0.001081,0.930791,2.223001,2.459848,-1.388286,0.105395,-0.015988,0.021639,0.482273,-0.889445,137.124637
46856.0,2025-12-17T00:17:27.023556,39.127753,0.365051,0.008972,0.000760,0.930944,2.215900,2.459351,-1.377072,0.107643,-0.015807,0.022077,0.456432,-0.925417,137.173083
46892.0,2025-12-17T00:17:27.023556,39.127753,0.364291,0.006722,-0.004220,0.931251,1.893970,2.179298,-1.668450,-0.252348,0.009833,0.005910,-0.169807,-0.893518,137.272019
46927.0,2025-12-17T00:17:27.086205,39.190401,0.366105,-0.003233,-0.029524,0.930099,0.916596,1.561334,-0.692356,-1.170102,0.103745,-0.131737,-3.284545,-0.894078,137.054548
46952.0,2025-12-17T00:17:27.086205,39.190401,0.358770,-0.017024,-0.066638,0.930889,1.347331,1.379565,-0.616131,-2.238846,-0.088492,0.520122,-7.833742,-0.923712,137.909329
46975.0,2025-12-17T00:17:27.144015,39.248211,0.349392,-0.026441,-0.092973,0.931978,-0.018500,0.033105,-0.050980,-2.308508,-0.128497,0.517087,-11.057723,-0.898611,138.985634
47000.0,2025-12-17T00:17:27.144015,39.248211,0.341837,-0.031053,-0.106937,0.933139,-0.566654,-0.681336,0.500908,-1.851824,-0.107561,0.654497,-12.757765,-0.868459,139.858513
47019.0,2025-12-17T00:17:27.144015,39.248211,0.329828,-0.035201,-0.120527,0.935654,-0.978668,-1.274167,0.307355,-1.732417,-0.189246,0.981417,-14.405753,-0.781238,141.262518
47048.0,2025-12-17T00:17:27.205389,39.309586,0.314463,-0.039580,-0.135558,0.938707,-1.526670,-2.218081,-0.025731,-1.852792,-0.261328,1.247657,-16.224865,-0.627263,143.048186
47074.0,2025-12-17T00:17:27.205389,39.309586,0.297056,-0.044286,-0.143190,0.943024,-1.627345,-2.236740,0.128945,-1.213124,-0.054333,1.381325,-17.239959,-0.088485,145.044208
47098.0,2025-12-17T00:17:27.261909,39.366106,0.282225,-0.046726,-0.144619,0.947234,-1.719679,-1.945429,0.137769,-0.735053,0.033052,1.223182,-17.479080,0.394782,146.756871
47117.0,2025-12-17T00:17:27.268872,39.373069,0.272183,-0.047000,-0.140987,0.950700,-1.801778,-2.103818,-0.174108,-0.286531,0.044163,0.908760,-17.078459,0.722936,147.938905
47141.0,2025-12-17T00:17:27.322634,39.426831,0.266571,-0.046181,-0.136101,0.953039,-1.848064,-2.249986,-0.307480,-0.091626,0.038181,0.604748,-16.503521,0.886083,148.618252
47167.0,2025-12-17T00:17:27.322634,39.426831,0.261300,-0.044892,-0.129898,0.955423,-1.784072,-2.341929,-0.407054,0.029385,0.005101,0.402107,-15.766620,1.025513,149.266293
47192.0,2025-12-17T00:17:27.322634,39.426831,0.256516,-0.042586,-0.122002,0.957863,-1.677382,-2.169442,-0.372983,0.064735,0.002594,0.416461,-14.810051,1.088193,149.874456
47215.0,2025-12-17T00:17:27.387525,39.491721,0.251405,-0.040355,-0.114185,0.960275,-1.575076,-2.065313,-0.364214,0.089627,0.002449,0.464034,-13.865166,1.151181,150.517928
47235.0,2025-12-17T00:17:27.387525,39.491721,0.247360,-0.037835,-0.106767,0.962280,-1.489128,-1.865162,-0.263742,0.096884,-0.002348,0.388948,-12.958260,1.145718,151.037606
47267.0,2025-12-17T00:17:27.447510,39.551706,0.244792,-0.035287,-0.099629,0.963798,-1.406309,-1.790023,-0.268225,0.102723,-0.013135,0.128200,-12.084850,1.102555,151.381208
47302.0,2025-12-17T00:17:27.448873,39.553070,0.244237,-0.030766,-0.088901,0.965142,-1.255013,-1.631387,-0.194239,0.107616,-0.017293,0.055298,-10.757670,0.914577,151.511778
47337.0,2025-12-17T00:17:27.503719,39.607915,0.243979,-0.025977,-0.077743,0.966310,-1.118586,-1.459743,-0.130136,0.095845,-0.017713,0.033570,-9.377361,0.702939,151.601940
47374.0,2025-12-17T00:17:27.503719,39.607915,0.243000,-0.023040,-0.070376,0.967196,-1.028367,-1.334502,-0.103889,0.090289,-0.018607,0.028404,-8.472860,0.593897,151.749597
47409.0,2025-12-17T00:17:27.563253,39.667449,0.242788,-0.018093,-0.059077,0.968110,-0.882710,-1.149225,-0.079370,0.090351,-0.018847,0.027013,-7.075352,0.363630,151.820299
47445.0,2025-12-17T00:17:27.627085,39.731282,0.242562,-0.013091,-0.047622,0.968878,-0.732753,-0.954226,-0.049390,0.097374,-0.018912,0.025861,-5.660399,0.129786,151.882934
47483.0,2025-12-17T00:17:27.627085,39.731282,0.241197,-0.010947,-0.041568,0.969524,-0.654690,-0.850437,-0.000466,0.092268,-0.017375,0.023220,-4.926758,0.067296,152.056360
47512.0,2025-12-17T00:17:27.685718,39.789914,0.240926,-0.005642,-0.029574,0.970076,-0.507102,-0.667389,0.039077,0.129013,-0.027853,0.024839,-3.445383,-0.189282,152.110416
47555.0,2025-12-17T00:17:27.687822,39.792018,0.240659,-0.000451,-0.017286,0.970456,-0.311588,-0.421725,0.050859,0.096362,-0.018066,0.021327,-1.935178,-0.426588,152.152095
47598.0,2025-12-17T00:17:27.744669,39.848865,0.240978,0.000892,-0.014523,0.970421,-0.286308,-0.374445,0.085956,0.073331,-0.011703,-0.001332,-1.590612,-0.500237,152.115417
47628.0,2025-12-17T00:17:27.806304,39.910500,0.240704,0.005902,-0.003181,0.970575,-0.152911,-0.199714,0.111269,0.072547,-0.013888,0.019913,-0.190974,-0.744119,152.144364
47671.0,2025-12-17T00:17:27.808315,39.912512,0.241051,0.007128,-0.001443,0.970485,-0.120311,-0.171888,0.080686,0.086427,-0.016814,0.024753,0.036465,-0.832547,152.101766
47705.0,2025-12-17T00:17:27.868641,39.972837,0.240635,0.011948,0.010105,0.970489,0.026450,0.032581,0.080525,0.090873,-0.018366,0.026032,1.453624,-1.050108,152.135102
47741.0,2025-12-17T00:17:27.985355,40.089551,0.240048,0.007783,0.000820,0.970730,-0.095912,-0.123624,0.087393,0.095311,-0.019597,0.026385,0.305295,-0.843289,152.218165
47777.0,2025-12-17T00:17:27.985355,40.089551,0.239786,0.008726,0.002665,0.970783,-0.072894,-0.090290,0.069605,0.091703,-0.016779,0.026470,0.536330,-0.897551,152.246853
47811.0,2025-12-17T00:17:27.985355,40.089551,0.239391,0.013547,0.014038,0.970727,0.073756,0.097357,0.065546,0.086063,-0.016020,0.024158,1.933924,-1.121876,152.274450
47849.0,2025-12-17T00:17:27.985355,40.089551,0.238956,0.013521,0.013527,0.970842,0.067857,0.095996,0.090623,0.092375,-0.017382,0.022746,1.875848,-1.133933,152.326425
47879.0,2025-12-17T00:17:28.044446,40.148642,0.238589,0.014231,0.014945,0.970901,0.090728,0.120597,0.110060,0.094026,-0.017739,0.026269,2.052676,-1.174785,152.366452
47922.0,2025-12-17T00:17:28.106422,40.210619,0.238116,0.014058,0.014641,0.971025,0.093619,0.116354,0.091829,0.099142,-0.017835,0.025660,2.013553,-1.164795,152.423030
47958.0,2025-12-17T00:17:28.106422,40.210619,0.237632,0.013803,0.014501,0.971149,0.084111,0.101469,0.090312,0.105968,-0.015526,0.026275,1.990435,-1.141306,152.480945
47993.0,2025-12-17T00:17:28.163762,40.267958,0.237169,0.014855,0.016984,0.971206,0.106432,0.140409,0.134204,0.154525,-0.023469,0.027219,2.295071,-1.191788,152.529970
48028.0,2025-12-17T00:17:28.167314,40.271511,0.236695,0.015089,0.017544,0.971308,0.141992,0.196212,0.123847,0.154356,-0.022509,0.026704,2.363123,-1.203673,152.584626
48066.0,2025-12-17T00:17:28.224140,40.328336,0.236151,0.016514,0.021468,0.971339,0.155827,0.204411,0.137768,0.252210,-0.027592,0.029618,2.838324,-1.257280,152.639661
48093.0,2025-12-17T00:17:28.224140,40.328336,0.234578,0.014806,0.019982,0.971779,0.135884,0.185099,0.271501,0.464589,-0.049848,0.098957,2.624610,-1.111697,152.832483
48118.0,2025-12-17T00:17:28.287471,40.391667,0.232507,0.014782,0.023369,0.972202,0.156222,0.241464,0.340026,0.843892,-0.054754,0.154465,2.999194,-1.024256,153.073332
48138.0,2025-12-17T00:17:28.289355,40.393551,0.229750,0.013071,0.030595,0.972681,0.395308,0.416874,0.472206,1.071250,-0.014443,0.225204,3.757191,-0.651467,153.398950
48164.0,2025-12-17T00:17:28.345756,40.449952,0.224946,0.016136,0.046367,0.973134,0.420775,0.817544,0.879099,1.727483,0.083161,0.498931,5.595685,-0.604231,153.939103
48188.0,2025-12-17T00:17:28.347769,40.451965,0.215986,0.020942,0.063595,0.974098,0.888907,1.883728,-0.067750,2.047295,-0.024214,0.710790,7.640279,-0.763616,154.945191
48213.0,2025-12-17T00:17:28.348286,40.452482,0.208320,0.027450,0.082801,0.974163,1.042669,2.680634,-0.664278,2.284485,-0.095545,0.611131,9.950129,-1.087777,155.764039
48233.0,2025-12-17T00:17:28.406844,40.511040,0.202696,0.033899,0.102258,0.973298,1.398309,3.546924,-1.649185,2.249348,-0.113627,0.411615,12.290083,-1.405810,156.320485
48256.0,2025-12-17T00:17:28.406844,40.511040,0.199749,0.038597,0.118725,0.971862,1.708807,4.028277,-2.131674,2.234559,-0.087643,0.223026,14.257570,-1.581054,156.573412
48281.0,2025-12-17T00:17:28.467700,40.571897,0.197771,0.044242,0.140566,0.969108,1.986284,4.550007,-2.665665,2.551889,-0.075933,0.135034,16.862711,-1.727769,156.675375
48305.0,2025-12-17T00:17:28.468489,40.572686,0.193762,0.051804,0.168753,0.965036,2.402211,5.228742,-4.256080,2.949998,-0.124886,0.219141,20.242063,-1.982245,156.940100
48325.0,2025-12-17T00:17:28.468489,40.572686,0.188206,0.060546,0.197168,0.960228,2.710665,6.008670,-7.198488,3.031846,-0.195667,0.346263,23.690614,-2.410508,157.315415
48349.0,2025-12-17T00:17:28.521656,40.625852,0.183543,0.066941,0.214863,0.956904,2.880642,6.304646,-8.472963,2.401160,-0.221650,0.374665,25.868639,-2.822359,157.635756
48375.0,2025-12-17T00:17:28.521656,40.625852,0.178733,0.073168,0.227329,0.954475,2.919161,6.545568,-9.700721,1.786580,-0.247306,0.399274,27.445344,-3.348687,157.969511
48400.0,2025-12-17T00:17:28.585328,40.689524,0.174444,0.077408,0.232091,0.953788,2.841437,6.745021,-10.762693,0.976807,-0.192225,0.329045,28.085319,-3.823781,158.314068
48419.0,2025-12-17T00:17:28.585328,40.689524,0.171402,0.078910,0.229629,0.954811,2.828968,6.781028,-10.847879,0.358107,-0.107055,0.261693,27.824608,-4.127182,158.623248
48443.0,2025-12-17T00:17:28.585328,40.689524,0.169487,0.079411,0.224161,0.956410,2.824522,6.792954,-10.382559,0.007638,-0.106588,0.226873,27.194815,-4.353778,158.848185
48469.0,2025-12-17T00:17:28.642107,40.746304,0.168995,0.079109,0.213496,0.958959,2.833839,6.774970,-10.051913,-0.344992,-0.119874,0.145950,25.950356,-4.563574,158.958996
48493.0,2025-12-17T00:17:28.705280,40.809477,0.168965,0.076467,0.191701,0.963771,2.780730,6.567942,-9.099164,-1.209320,-0.091289,0.124115,23.372597,-4.738734,159.131617
48518.0,2025-12-17T00:17:28.705280,40.809477,0.170926,0.069823,0.156956,0.970193,2.790272,6.046607,-7.519191,-2.422977,0.005670,0.019097,19.240250,-4.693593,159.220669
48538.0,2025-12-17T00:17:28.709177,40.813373,0.174462,0.059435,0.106907,0.977037,2.556079,5.310570,-6.241033,-3.610603,0.061078,-0.061378,13.318198,-4.521764,159.223486
48563.0,2025-12-17T00:17:28.709177,40.813373,0.178732,0.049232,0.057484,0.980983,2.153940,4.275020,-4.404310,-4.292372,0.083171,-0.110602,7.513414,-4.361195,159.061847
48588.0,2025-12-17T00:17:28.768208,40.872404,0.181711,0.037913,0.003038,0.982616,1.125213,2.279995,-0.313777,-3.730945,0.054439,-0.086194,1.134666,-4.209562,159.004103
48612.0,2025-12-17T00:17:28.768761,40.872958,0.184134,0.029793,-0.032683,0.981906,0.360940,0.314680,1.022491,-2.550202,0.013061,-0.142070,-3.057887,-4.045268,158.865730
48632.0,2025-12-17T00:17:28.768761,40.872958,0.186038,0.022221,-0.043482,0.981328,0.061378,-0.636955,1.394871,-1.362295,-0.016648,-0.113599,-4.428237,-3.427845,158.663325
48654.0,2025-12-17T00:17:28.826928,40.931124,0.186524,0.017779,-0.043939,0.981306,0.126501,-0.438872,0.802551,-0.528152,-0.024529,-0.036705,-4.571781,-2.939650,158.592855
48679.0,2025-12-17T00:17:28.848136,40.952332,0.188036,0.016934,-0.050884,0.980697,0.201588,-0.085342,0.019820,-0.583082,-0.062579,-0.060863,-5.368692,-3.000870,158.432738
48704.0,2025-12-17T00:17:28.886782,40.990978,0.189397,0.011122,-0.056976,0.980183,0.101683,-0.456087,0.030005,-0.918994,-0.114566,-0.111435,-6.175994,-2.486567,158.261688
48723.0,2025-12-17T00:17:28.886782,40.990978,0.190033,0.009729,-0.056284,0.980115,-0.055506,-0.934909,0.317326,-0.527776,-0.078688,-0.043185,-6.126208,-2.318997,158.178424
48747.0,2025-12-17T00:17:28.888109,40.992305,0.190097,0.008456,-0.053468,0.980272,-0.038473,-0.767044,0.112261,-0.314878,-0.032583,0.001834,-5.835941,-2.115106,158.158388
48769.0,2025-12-17T00:17:28.941599,41.045795,0.190403,0.007840,-0.055381,0.980111,-0.108061,-0.840232,0.075042,-0.304488,-0.013175,0.019453,-6.064275,-2.089341,158.123251
48803.0,2025-12-17T00:17:28.941599,41.045795,0.190200,0.006536,-0.049534,0.980473,-0.137086,-0.833057,0.038281,-0.246192,0.000201,0.023724,-5.433747,-1.814251,158.129434
48836.0,2025-12-17T00:17:29.003240,41.107436,0.189980,0.006760,-0.040551,0.980927,-0.191758,-0.808542,0.092385,-0.082547,-0.005948,0.023420,-4.417245,-1.642926,158.141349
48880.0,2025-12-17T00:17:29.065169,41.169366,0.191486,0.007341,-0.039144,0.980687,-0.146907,-0.702527,0.018598,0.003564,-0.013903,0.024117,-4.243558,-1.684164,157.965560
48916.0,2025-12-17T00:17:29.069200,41.173397,0.191770,0.007513,-0.028293,0.981003,-0.148873,-0.612152,0.046246,-0.078456,0.000056,-0.003971,-3.017894,-1.466434,157.916883
48951.0,2025-12-17T00:17:29.124201,41.228398,0.191858,0.008885,-0.016277,0.981247,-0.135891,-0.493732,0.110240,0.061937,-0.009978,0.002760,-1.635596,-1.357045,157.893049
48995.0,2025-12-17T00:17:29.124201,41.228398,0.193858,0.010381,-0.013280,0.980885,-0.024900,-0.283685,0.055540,0.161454,-0.020043,0.020837,-1.262540,-1.462010,157.656807
49027.0,2025-12-17T00:17:29.186108,41.290305,0.193558,0.009089,-0.002563,0.981043,0.009872,-0.035022,0.062716,0.050930,-0.014667,0.023370,-0.086563,-1.078637,157.678816
49067.0,2025-12-17T00:17:29.242975,41.347171,0.195503,0.010192,-0.002278,0.980648,-0.027759,-0.159302,0.116093,0.067802,-0.014673,0.024926,-0.027663,-1.196447,157.450798
49109.0,2025-12-17T00:17:29.242975,41.347171,0.195106,0.010198,0.010961,0.980668,0.031659,0.102153,0.102311,0.125914,-0.016241,0.026084,1.460112,-0.900948,157.484188
49141.0,2025-12-17T00:17:29.364391,41.468587,0.194595,0.009538,0.002204,0.980835,0.010431,0.004229,0.058982,0.097102,-0.016649,0.024844,0.460515,-1.022979,157.552651
49183.0,2025-12-17T00:17:29.364391,41.468587,0.196357,0.010217,0.001519,0.980478,0.034360,-0.019021,0.093273,0.040114,-0.012877,0.025276,0.400600,-1.113816,157.346848
49214.0,2025-12-17T00:17:29.364391,41.468587,0.195946,0.009651,0.013737,0.980471,0.029031,0.167090,0.087967,0.052089,-0.013419,0.026972,1.760563,-0.775913,157.384883
49252.0,2025-12-17T00:17:29.426221,41.530417,0.195374,0.010536,0.003459,0.980666,0.010736,-0.002859,0.053412,0.054400,-0.016705,0.025838,0.624780,-1.106654,157.459365
49295.0,2025-12-17T00:17:29.428401,41.532597,0.197659,0.011345,0.002658,0.980202,0.005145,-0.106568,0.093006,0.031511,-0.008673,0.025532,0.555683,-1.214194,157.192322
49332.0,2025-12-17T00:17:29.484521,41.588717,0.197278,0.011435,0.005244,0.980267,0.007191,-0.035025,0.098642,0.020647,-0.017079,0.021508,0.847708,-1.165989,157.233857
49375.0,2025-12-17T00:17:29.541908,41.646104,0.198648,0.012185,0.005276,0.979981,0.044799,-0.063098,0.127435,0.018631,-0.034304,-0.051623,0.870108,-1.248306,157.072634
49407.0,2025-12-17T00:17:29.541908,41.646104,0.196064,0.010302,0.006533,0.980515,0.105819,-0.053094,0.120814,0.023751,-0.016213,0.128537,0.965742,-1.010829,157.375996
49448.0,2025-12-17T00:17:29.605021,41.709217,0.192494,0.008340,0.005585,0.981247,0.058992,-0.020553,0.099428,-0.039028,-0.012788,0.211166,0.812074,-0.814559,157.796349
49485.0,2025-12-17T00:17:29.666322,41.770518,0.190650,0.005341,-0.016173,0.981510,0.009172,-0.047707,0.788339,-1.213583,-0.026925,0.276425,-1.702844,-0.954060,158.029538
49510.0,2025-12-17T00:17:29.667885,41.772081,0.190782,0.003568,-0.030232,0.981160,-0.450141,-1.073310,-0.300255,-1.560152,-0.043448,0.004262,-3.323464,-1.062161,158.023590
49529.0,2025-12-17T00:17:29.667885,41.772081,0.192803,0.001035,-0.044847,0.980212,-0.676924,-2.046696,-0.526806,-1.812607,-0.066919,-0.158098,-5.021873,-1.107132,157.793036
49549.0,2025-12-17T00:17:29.723755,41.827951,0.195026,-0.000600,-0.057462,0.979113,-1.154194,-2.854505,-1.900049,-1.831157,-0.078563,-0.212380,-6.475814,-1.216919,157.538606
49575.0,2025-12-17T00:17:29.723755,41.827951,0.197058,-0.000949,-0.064331,0.978279,-1.333098,-3.125009,-1.994871,-1.201537,-0.057714,-0.107900,-7.254516,-1.346367,157.307640
49599.0,2025-12-17T00:17:29.723755,41.827951,0.196195,-0.001986,-0.068538,0.978165,-1.250301,-3.212219,-1.570839,-0.928298,-0.010218,0.079657,-7.752731,-1.318438,157.406145
49627.0,2025-12-17T00:17:29.787521,41.891717,0.194570,-0.002976,-0.071195,0.978297,-1.331478,-3.438694,-1.754781,-0.833099,0.008662,0.155063,-8.076260,-1.253853,157.591395
49647.0,2025-12-17T00:17:29.787521,41.891717,0.192632,-0.005644,-0.081084,0.977899,-1.463985,-3.568390,-1.604436,-1.314976,0.031949,0.151663,-9.252837,-1.157484,157.806092
49670.0,2025-12-17T00:17:29.841818,41.946014,0.193656,-0.006657,-0.090630,0.976852,-1.679969,-3.769052,-2.024553,-1.481360,-0.006283,0.021878,-10.351513,-1.266182,157.688218
49694.0,2025-12-17T00:17:29.841818,41.946014,0.193900,-0.008291,-0.103690,0.975491,-1.966629,-4.502761,-3.458162,-1.743907,-0.074270,-0.024396,-11.862962,-1.377200,157.658633
49719.0,2025-12-17T00:17:29.903155,42.007351,0.193888,-0.009210,-0.108909,0.974916,-1.968131,-4.907377,-4.753634,-1.043512,-0.026796,0.006676,-12.473632,-1.390934,157.655951
49738.0,2025-12-17T00:17:29.903155,42.007351,0.194080,-0.009021,-0.105941,0.975207,-2.090214,-4.943852,-4.399621,-0.343773,0.026685,0.002951,-12.133395,-1.348179,157.632037
49764.0,2025-12-17T00:17:29.903155,42.007351,0.195069,-0.007557,-0.099984,0.975651,-2.114790,-4.931877,-4.378898,0.004274,0.004743,-0.013845,-11.426132,-1.390257,157.526137
49788.0,2025-12-17T00:17:29.967506,42.071702,0.195011,-0.004799,-0.089927,0.976658,-2.051108,-4.662349,-3.745918,0.238815,-0.054780,0.019591,-10.229246,-1.472586,157.548161
49813.0,2025-12-17T00:17:29.968136,42.072333,0.194595,-0.002402,-0.081414,0.977496,-1.792269,-4.522657,-3.337835,0.166526,-0.076771,0.046432,-9.216029,-1.546594,157.606776
49832.0,2025-12-17T00:17:29.968136,42.072333,0.194354,-0.000356,-0.071902,0.978293,-1.777379,-4.501728,-3.485807,0.197383,-0.030124,0.033462,-8.098399,-1.561676,157.637656
49874.0,2025-12-17T00:17:30.024077,42.128273,0.194051,0.003769,-0.052245,0.979592,-1.566653,-3.962726,-2.580930,0.661011,0.008794,0.101823,-5.792955,-1.585098,157.670480
49893.0,2025-12-17T00:17:30.024077,42.128273,0.193056,0.006086,-0.038866,0.980399,-1.342290,-3.469488,-1.768949,0.359002,0.003686,0.082419,-4.237199,-1.543740,157.777332
49926.0,2025-12-17T00:17:30.084924,42.189121,0.192631,0.007955,-0.028823,0.980816,-1.284402,-3.396151,-1.832249,0.102527,-0.012600,0.039578,-3.066409,-1.530546,157.818121
49962.0,2025-12-17T00:17:30.141771,42.245967,0.195210,0.011104,-0.021490,0.980463,-1.298662,-3.431628,-2.047129,-0.079199,-0.019537,0.026185,-2.167523,-1.728561,157.512069
50000.0,2025-12-17T00:17:30.141771,42.245967,0.195765,0.014003,-0.008265,0.980516,-1.250109,-3.335122,-2.031044,0.077721,-0.035083,-0.019970,-0.614782,-1.759071,157.427525
50038.0,2025-12-17T00:17:30.206325,42.310521,0.197358,0.017611,0.006702,0.980151,-1.117889,-3.033355,-1.769426,0.246928,-0.058365,-0.085020,1.151685,-1.826741,157.212574
50072.0,2025-12-17T00:17:30.208340,42.312536,0.201388,0.021941,0.015665,0.979140,-0.978835,-2.751278,-1.387834,0.118500,-0.033887,-0.011854,2.266096,-2.100715,156.713620
50097.0,2025-12-17T00:17:30.267159,42.371355,0.201397,0.023889,0.026269,0.978866,-0.913055,-2.571634,-1.259727,0.018542,-0.026135,0.008234,3.502352,-2.073879,156.684359
50145.0,2025-12-17T00:17:30.325628,42.429824,0.201113,0.025827,0.037559,0.978507,-0.899430,-2.547807,-1.395177,-0.001719,-0.019987,0.023407,4.815399,-2.030835,156.685995
50185.0,2025-12-17T00:17:30.325628,42.429824,0.205785,0.030430,0.046345,0.977025,-0.839725,-2.477129,-1.390790,0.101729,-0.019204,0.016987,5.921676,-2.314666,156.092179
50217.0,2025-12-17T00:17:30.387313,42.491509,0.205409,0.032500,0.059472,0.976327,-0.705159,-2.153120,-1.089381,0.153232,-0.018232,0.025474,7.445298,-2.236792,156.092103
50252.0,2025-12-17T00:17:30.387313,42.491509,0.205056,0.034301,0.071741,0.975515,-0.589370,-1.877005,-0.909601,0.142511,-0.017207,0.024681,8.867145,-2.149178,156.091528
50289.0,2025-12-17T00:17:30.441480,42.545676,0.210132,0.038061,0.076565,0.973927,-0.514505,-1.753542,-0.770729,0.089591,-0.023826,0.011408,9.513389,-2.404887,155.449159
50323.0,2025-12-17T00:17:30.505895,42.610092,0.210014,0.039276,0.087432,0.972989,-0.460562,-1.598485,-0.735958,0.020055,-0.021808,0.016213,10.765225,-2.275645,155.425319
50363.0,2025-12-17T00:17:30.508410,42.612606,0.215540,0.042925,0.091557,0.971245,-0.429424,-1.582547,-0.760437,0.062054,-0.019672,0.020696,11.334864,-2.516785,154.725416
50398.0,2025-12-17T00:17:30.567344,42.671540,0.215359,0.044181,0.104180,0.969956,-0.358861,-1.365467,-0.640862,0.104096,-0.019130,0.017126,12.786206,-2.340380,154.701205
50432.0,2025-12-17T00:17:30.567344,42.671540,0.215190,0.045220,0.115989,0.968605,-0.261163,-1.079284,-0.458286,0.090998,-0.022092,0.017747,14.142201,-2.159445,154.680747
50474.0,2025-12-17T00:17:30.623772,42.727968,0.221627,0.048946,0.117252,0.966818,-0.214928,-1.054157,-0.442292,0.063683,-0.020542,0.024237,14.397333,-2.445661,153.868974
50510.0,2025-12-17T00:17:30.685498,42.789695,0.221559,0.049560,0.120161,0.966445,-0.231450,-1.086799,-0.525950,0.033160,-0.024155,0.007445,14.740952,-2.438627,153.860465
50556.0,2025-12-17T00:17:30.685498,42.789695,0.222786,0.051083,0.122034,0.965849,-0.179878,-1.019158,-0.458832,0.095269,-0.023427,0.011403,14.995750,-2.539156,153.688008
50591.0,2025-12-17T00:17:30.746944,42.851141,0.222591,0.051763,0.125860,0.965367,-0.128161,-0.922689,-0.380559,0.107250,-0.022481,0.012316,15.444397,-2.516713,153.690452
50627.0,2025-12-17T00:17:30.805560,42.909757,0.222243,0.052270,0.129123,0.964988,-0.121418,-0.888641,-0.414445,0.077139,-0.019126,0.022638,15.824774,-2.492355,153.714627
50669.0,2025-12-17T00:17:30.805560,42.909757,0.223100,0.053652,0.131310,0.964420,-0.080423,-0.843527,-0.382302,0.134507,-0.018986,0.022346,16.110791,-2.573153,153.585485
50698.0,2025-12-17T00:17:30.867599,42.971795,0.222954,0.054332,0.135793,0.963794,-0.032895,-0.743677,-0.316176,0.157258,-0.022797,0.008421,16.634157,-2.532023,153.579604
50731.0,2025-12-17T00:17:30.868652,42.972848,0.222867,0.054873,0.140004,0.963181,0.016058,-0.576788,-0.218693,0.148243,-0.024613,0.006870,17.123579,-2.481744,153.569962
50766.0,2025-12-17T00:17:30.927349,43.031546,0.223894,0.056074,0.140902,0.962743,0.042175,-0.594540,-0.228313,0.083881,-0.020496,0.018788,17.260328,-2.572041,153.425783
50803.0,2025-12-17T00:17:30.985346,43.089542,0.223611,0.056174,0.144205,0.962314,0.044634,-0.581310,-0.259640,0.080055,-0.018574,0.022095,17.634926,-2.500227,153.449007
50840.0,2025-12-17T00:17:30.985346,43.089542,0.223377,0.056118,0.147502,0.961871,0.077082,-0.473766,-0.175918,0.071080,-0.020430,0.020617,18.005059,-2.410514,153.469796
50885.0,2025-12-17T00:17:31.046882,43.151078,0.224500,0.057820,0.150090,0.961109,0.087009,-0.471722,-0.241171,0.183868,-0.020115,0.014766,18.346765,-2.507608,153.299666
50912.0,2025-12-17T00:17:31.046882,43.151078,0.224409,0.058158,0.155670,0.960221,0.138033,-0.321485,-0.171829,0.247337,-0.020796,0.005628,18.986306,-2.396904,153.290704
50945.0,2025-12-17T00:17:31.103803,43.208000,0.224815,0.058487,0.162668,0.958946,0.207463,-0.122748,-0.023457,0.347026,-0.032524,-0.023902,19.787605,-2.236890,153.221569
50980.0,2025-12-17T00:17:31.167368,43.271564,0.225653,0.060142,0.165873,0.958097,0.285523,0.018159,-0.009238,0.295480,-0.023254,0.008303,20.198235,-2.314456,153.081944
51005.0,2025-12-17T00:17:31.168170,43.272366,0.227201,0.054701,0.178998,0.955692,0.198611,0.096963,-0.275621,0.743052,-0.038687,-0.041737,21.536216,-1.330434,153.001072
51029.0,2025-12-17T00:17:31.168170,43.272366,0.232027,0.056734,0.214827,0.946992,0.416695,0.133636,-1.787343,2.831437,-0.136015,-0.461396,25.672029,-0.444704,152.364516
51048.0,2025-12-17T00:17:31.223750,43.327946,0.238690,0.069860,0.268359,0.930661,0.304926,0.207839,-4.782126,4.837543,-0.200993,-0.870694,32.198443,-0.110186,151.198577
51074.0,2025-12-17T00:17:31.223750,43.327946,0.245181,0.077270,0.299800,0.918714,2.676838,5.414936,-3.513359,3.841010,-0.079522,-0.810104,36.069025,0.288369,150.208798
51099.0,2025-12-17T00:17:31.223750,43.327946,0.248820,0.079238,0.307477,0.915023,2.556129,5.352990,-1.959807,1.146299,-0.066238,-0.349578,37.023955,0.458594,149.728669
51125.0,2025-12-17T00:17:31.287354,43.391550,0.250002,0.080638,0.309525,0.913888,2.729284,5.245465,-1.786609,0.708088,-0.080950,-0.104978,37.306515,0.422547,149.543771
51150.0,2025-12-17T00:17:31.287354,43.391550,0.250384,0.080932,0.307864,0.914318,2.823850,5.197215,-1.975489,0.374511,-0.041917,-0.009243,37.121703,0.353727,149.489032
51176.0,2025-12-17T00:17:31.347175,43.451371,0.251692,0.080746,0.303188,0.915537,2.815415,5.127507,-1.870529,0.198953,-0.022839,0.013281,36.570646,0.273168,149.347125
51195.0,2025-12-17T00:17:31.347175,43.451371,0.251907,0.080049,0.298474,0.917087,2.789404,5.052921,-1.772126,0.117302,-0.023780,0.020613,36.000064,0.203445,149.347472
51237.0,2025-12-17T00:17:31.405280,43.509476,0.252165,0.078706,0.290940,0.919550,2.702476,4.929337,-1.601048,0.049076,-0.016401,0.024885,35.083042,0.113609,149.365778
51273.0,2025-12-17T00:17:31.405280,43.509476,0.254565,0.077968,0.281205,0.921977,2.636619,4.743981,-1.392461,0.077606,-0.014311,0.026095,33.933118,-0.034393,149.119045
51314.0,2025-12-17T00:17:31.467431,43.571627,0.254768,0.076157,0.272602,0.924652,2.581296,4.595074,-1.372884,0.012757,-0.009109,0.027955,32.883273,-0.110961,149.158453
51346.0,2025-12-17T00:17:31.524274,43.628470,0.254909,0.074444,0.263903,0.927273,2.472444,4.445863,-1.164203,0.065622,-0.010895,0.026860,31.828392,-0.201547,149.200527
51391.0,2025-12-17T00:17:31.524274,43.628470,0.256987,0.073467,0.254336,0.929448,2.431894,4.294709,-1.170112,0.093812,-0.016134,0.025790,30.700714,-0.334885,148.996377
51425.0,2025-12-17T00:17:31.585995,43.690192,0.257116,0.071850,0.246335,0.931691,2.381170,4.151304,-1.085047,0.058633,-0.015846,0.027087,29.734210,-0.413075,149.034805
51465.0,2025-12-17T00:17:31.644639,43.748835,0.258999,0.070792,0.237169,0.933627,2.312831,3.995238,-0.983393,0.075741,-0.014198,0.025870,28.655738,-0.534737,148.854178
51499.0,2025-12-17T00:17:31.647223,43.751419,0.259099,0.068924,0.228277,0.935952,2.226390,3.852960,-0.874058,0.044744,-0.015341,0.027127,27.584498,-0.614599,148.901800
51544.0,2025-12-17T00:17:31.703715,43.807911,0.259155,0.067038,0.219630,0.938140,2.128780,3.674071,-0.760389,0.058001,-0.012486,0.026664,26.542729,-0.684452,148.953613
51580.0,2025-12-17T00:17:31.767806,43.872002,0.261409,0.065928,0.209617,0.939883,2.065320,3.496986,-0.687883,0.073643,-0.014143,0.026541,25.375143,-0.821536,148.729438
51615.0,2025-12-17T00:17:31.767806,43.872002,0.261417,0.064108,0.201429,0.941795,1.985679,3.356019,-0.601767,0.081233,-0.014533,0.025730,24.391995,-0.884624,148.782395
51658.0,2025-12-17T00:17:31.821676,43.925872,0.263157,0.063148,0.193668,0.943002,1.933515,3.204179,-0.543015,0.098075,-0.018539,0.025514,23.487734,-0.983645,148.610561
51692.0,2025-12-17T00:17:31.821676,43.925872,0.263123,0.061150,0.184885,0.944904,1.863270,3.074415,-0.477998,0.097891,-0.017237,0.025455,22.435416,-1.046700,148.671038
51729.0,2025-12-17T00:17:31.885843,43.990040,0.263068,0.059393,0.177001,0.946540,1.798414,2.952199,-0.442496,0.100178,-0.020807,0.026218,21.493409,-1.106406,148.725995
51765.0,2025-12-17T00:17:31.944392,44.048589,0.262848,0.059815,0.176771,0.946618,1.800718,2.927914,-0.438747,0.094586,-0.017891,0.026424,21.480767,-1.164085,148.742400
51801.0,2025-12-17T00:17:31.944392,44.048589,0.262457,0.060142,0.176367,0.946781,1.800678,2.928801,-0.420575,0.095399,-0.020209,0.025703,21.445434,-1.220790,148.781065
51834.0,2025-12-17T00:17:32.004024,44.108221,0.262028,0.060436,0.176176,0.946917,1.796118,2.911630,-0.416580,0.106502,-0.015393,0.026285,21.432753,-1.268036,148.824677
51876.0,2025-12-17T00:17:32.004024,44.108221,0.261983,0.061004,0.176130,0.946901,1.820707,2.934693,-0.435201,0.109494,-0.019521,0.026442,21.445637,-1.331887,148.816974
51909.0,2025-12-17T00:17:32.067752,44.171949,0.261561,0.061287,0.175701,0.947079,1.826548,2.929978,-0.438628,0.093872,-0.018308,0.026486,21.405933,-1.385157,148.860419
51947.0,2025-12-17T00:17:32.124890,44.229086,0.261459,0.061796,0.175369,0.947136,1.824550,2.905570,-0.458015,0.096028,-0.018776,0.026497,21.384722,-1.452916,148.861090
51982.0,2025-12-17T00:17:32.124890,44.229086,0.261043,0.062036,0.174840,0.947333,1.840359,2.905437,-0.463999,0.087239,-0.018892,0.027277,21.332344,-1.504588,148.904959
52024.0,2025-12-17T00:17:32.186442,44.290638,0.260640,0.062211,0.174137,0.947562,1.834915,2.886733,-0.452741,0.077065,-0.018145,0.026710,21.258338,-1.554247,148.948963
52062.0,2025-12-17T00:17:32.247069,44.351266,0.260529,0.062549,0.173671,0.947656,1.847657,2.880305,-0.439884,0.083699,-0.015600,0.026557,21.216558,-1.607827,148.954962
52095.0,2025-12-17T00:17:32.248676,44.352872,0.260088,0.062726,0.172927,0.947901,1.832168,2.860850,-0.446329,0.079096,-0.017311,0.025712,21.137973,-1.659765,149.003523
52130.0,2025-12-17T00:17:32.307955,44.412152,0.259680,0.062971,0.172403,0.948092,1.827638,2.838999,-0.441746,0.088144,-0.020064,0.026291,21.086205,-1.711419,149.046462
52174.0,2025-12-17T00:17:32.307955,44.412152,0.259610,0.063503,0.171986,0.948151,1.842148,2.843178,-0.428699,0.093668,-0.023133,0.028002,21.056227,-1.783417,149.043174
52207.0,2025-12-17T00:17:32.365990,44.470187,0.259197,0.063846,0.171370,0.948353,1.845814,2.828550,-0.433026,0.085708,-0.026335,0.026891,20.997150,-1.848637,149.084705
52242.0,2025-12-17T00:17:32.426288,44.530485,0.257813,0.064645,0.171096,0.948725,1.705501,2.798559,-0.327100,0.110929,-0.033387,0.083466,20.989123,-1.973567,149.228752
52281.0,2025-12-17T00:17:32.428303,44.532499,0.254028,0.065979,0.170439,0.949772,1.410128,3.231792,-0.305093,0.091495,-0.019124,0.252116,20.949593,-2.220099,149.641601
52307.0,2025-12-17T00:17:32.486242,44.590438,0.250760,0.067391,0.170717,0.950491,1.316966,3.411040,-0.398385,0.158245,-0.027898,0.219617,21.017404,-2.435354,149.990013
52341.0,2025-12-17T00:17:32.486242,44.590438,0.242128,0.071956,0.161437,0.954010,-0.310905,4.871900,0.052718,0.037324,0.008686,0.466311,20.088427,-3.389127,150.917511
52365.0,2025-12-17T00:17:32.546639,44.650836,0.235887,0.076589,0.156652,0.956008,-0.804749,5.251266,0.200878,0.175986,-0.006765,0.515728,19.666194,-4.159579,151.557993
52397.0,2025-12-17T00:17:32.546639,44.650836,0.231078,0.080752,0.152455,0.957517,-0.507940,4.478130,0.165683,0.234447,-0.025018,0.336646,19.296137,-4.829198,152.043009
52422.0,2025-12-17T00:17:32.603622,44.707819,0.230804,0.083538,0.148803,0.957919,0.320514,3.455136,0.188879,0.316208,-0.042477,-0.041523,18.965730,-5.241626,152.030272
52451.0,2025-12-17T00:17:32.603622,44.707819,0.235048,0.082845,0.147827,0.957098,1.574172,2.227864,-0.026366,0.352196,-0.037263,-0.235518,18.856496,-5.111167,151.555023
52475.0,2025-12-17T00:17:32.608077,44.712273,0.238965,0.078415,0.145477,0.956861,2.314418,1.729420,-0.397138,0.244807,-0.015039,-0.282549,18.476068,-4.619448,151.204051
52509.0,2025-12-17T00:17:32.666664,44.770860,0.243543,0.071684,0.142575,0.956672,3.084800,1.097272,-0.553250,0.091702,-0.011180,-0.281743,17.963951,-3.882426,150.820927
52533.0,2025-12-17T00:17:32.667678,44.771875,0.251591,0.063189,0.137840,0.955881,3.368667,0.884806,-0.497125,-0.068349,-0.013597,-0.487024,17.199836,-2.948793,150.061927
52559.0,2025-12-17T00:17:32.721721,44.825917,0.258134,0.057180,0.135377,0.954866,3.609586,0.365923,-0.394844,-0.034741,-0.017806,-0.434466,16.754870,-2.252743,149.413210
52590.0,2025-12-17T00:17:32.721721,44.825917,0.261429,0.050119,0.133671,0.954607,3.486076,0.374958,-0.291946,0.079201,-0.015008,-0.183981,16.350130,-1.478263,149.156608
52617.0,2025-12-17T00:17:32.785608,44.889804,0.261347,0.043283,0.129742,0.955506,3.098500,1.130989,-0.585230,0.104516,-0.014016,0.067432,15.699519,-0.853630,149.287919
52660.0,2025-12-17T00:17:32.844947,44.949144,0.260131,0.039056,0.121898,0.957051,2.445960,2.381183,-0.987256,-0.007656,0.024113,0.138141,14.694259,-0.649668,149.504380
52688.0,2025-12-17T00:17:32.844947,44.949144,0.260264,0.034999,0.110479,0.958557,1.385497,2.038863,-0.128068,-0.126788,0.016110,0.016070,13.298816,-0.549411,149.554906
52723.0,2025-12-17T00:17:32.904367,45.008563,0.258916,0.032879,0.100303,0.960115,0.964160,1.777282,-0.114026,-0.001203,-0.004761,0.091947,12.101518,-0.641481,149.747852
52760.0,2025-12-17T00:17:32.904367,45.008563,0.257475,0.032792,0.095592,0.960986,0.657145,1.512348,0.056031,0.050987,-0.008896,0.104856,11.573784,-0.790715,149.922118
52792.0,2025-12-17T00:17:32.965684,45.069880,0.256290,0.032677,0.086207,0.962193,0.432405,1.341888,0.115815,0.057931,0.000836,0.065733,10.525694,-1.071186,150.071318
52835.0,2025-12-17T00:17:32.968169,45.072366,0.255736,0.032339,0.078738,0.962992,0.662439,1.195870,0.032419,0.187021,-0.065139,0.037779,9.684911,-1.261290,150.148310
52868.0,2025-12-17T00:17:33.023736,45.127933,0.255462,0.032572,0.077285,0.963174,0.783045,1.250160,-0.019582,0.197269,-0.034742,0.031922,9.530090,-1.332755,150.179860
52900.0,2025-12-17T00:17:33.083204,45.187400,0.255081,0.030678,0.069952,0.963898,0.738855,1.180338,-0.009103,0.151614,-0.022558,0.027238,8.658528,-1.343984,150.252946
52936.0,2025-12-17T00:17:33.147582,45.251778,0.254720,0.028349,0.061853,0.964618,0.674381,1.041906,0.016840,0.123222,-0.019912,0.025144,7.689611,-1.328284,150.326570
52971.0,2025-12-17T00:17:33.147582,45.251778,0.254253,0.027839,0.059756,0.964888,0.644489,0.984784,0.042626,0.078193,-0.013748,0.025357,7.441069,-1.337172,150.388670
53014.0,2025-12-17T00:17:33.147582,45.251778,0.253860,0.025301,0.051147,0.965556,0.536697,0.827294,0.072643,0.101966,-0.017552,0.025415,6.410242,-1.311652,150.465429
53049.0,2025-12-17T00:17:33.207232,45.311429,0.253498,0.025147,0.049901,0.965721,0.537454,0.819618,0.065686,0.097401,-0.017008,0.025430,6.266859,-1.333434,150.510793
53085.0,2025-12-17T00:17:33.265998,45.370195,0.253104,0.022301,0.041033,0.966311,0.435736,0.660807,0.061389,0.075178,-0.010643,0.024657,5.198870,-1.279379,150.586617
53120.0,2025-12-17T00:17:33.265998,45.370195,0.252655,0.019108,0.030849,0.966876,0.309313,0.469211,0.101787,0.078614,-0.012886,0.022829,3.975317,-1.224054,150.668407
53164.0,2025-12-17T00:17:33.321847,45.426044,0.252359,0.019210,0.030475,0.966963,0.317300,0.453227,0.039574,0.081770,-0.015761,0.025523,3.936322,-1.247366,150.703451
53194.0,2025-12-17T00:17:33.321847,45.426044,0.251894,0.019151,0.029782,0.967107,0.310033,0.452087,0.083665,0.081830,-0.015745,0.025459,3.857176,-1.262768,150.759510
53229.0,2025-12-17T00:17:33.386829,45.491026,0.251429,0.018879,0.028881,0.967261,0.293613,0.434597,0.076812,0.067798,-0.007157,0.025442,3.748706,-1.260573,150.816867
53271.0,2025-12-17T00:17:33.441737,45.545933,0.250706,0.019213,0.029989,0.967408,0.291750,0.434038,0.110926,0.067145,-0.005586,0.024629,3.880347,-1.268494,150.899595
53313.0,2025-12-17T00:17:33.448478,45.552675,0.250264,0.019114,0.029250,0.967547,0.280280,0.420369,0.104262,0.079531,-0.013056,0.023655,3.794930,-1.280454,150.953261
53349.0,2025-12-17T00:17:33.505892,45.610089,0.249895,0.019711,0.030602,0.967589,0.297934,0.442056,0.091023,0.090033,-0.015064,0.013034,3.961720,-1.309358,150.992525
53384.0,2025-12-17T00:17:33.566783,45.670980,0.249468,0.019871,0.030393,0.967702,0.298113,0.435894,0.088426,0.110543,-0.021013,0.022885,3.942580,-1.334809,151.042459
53420.0,2025-12-17T00:17:33.568807,45.673004,0.249035,0.019957,0.030054,0.967822,0.309597,0.450948,0.072154,0.102077,-0.019503,0.023965,3.906759,-1.355821,151.093743
53460.0,2025-12-17T00:17:33.621879,45.726075,0.248662,0.020570,0.031169,0.967870,0.331285,0.465122,0.077460,0.091999,-0.017538,0.025036,4.047657,-1.393394,151.133535
53494.0,2025-12-17T00:17:33.621879,45.726075,0.248152,0.020618,0.030638,0.968017,0.317028,0.445580,0.076740,0.093974,-0.020981,0.025336,3.989339,-1.416037,151.194246
53530.0,2025-12-17T00:17:33.684361,45.788558,0.247688,0.020593,0.030232,0.968149,0.322281,0.444148,0.102593,0.096789,-0.017933,0.025409,3.942785,-1.426726,151.249815
53570.0,2025-12-17T00:17:33.741467,45.845664,0.247052,0.021404,0.031860,0.968242,0.335915,0.466393,0.105127,0.113094,-0.025660,0.025429,4.145841,-1.472989,151.318910
53604.0,2025-12-17T00:17:33.748075,45.852271,0.246742,0.021733,0.032133,0.968304,0.362548,0.483359,0.076362,0.137223,-0.029348,0.015207,4.185121,-1.503160,151.353452
53637.0,2025-12-17T00:17:33.803596,45.907792,0.246816,0.022036,0.032528,0.968266,0.375478,0.480022,0.089927,0.143464,-0.030302,-0.006112,4.237689,-1.525162,151.342706
53680.0,2025-12-17T00:17:33.865260,45.969456,0.247080,0.022801,0.034137,0.968125,0.440370,0.549054,0.010072,0.122102,-0.026718,-0.023289,4.438751,-1.563202,151.305182
53710.0,2025-12-17T00:17:33.865260,45.969456,0.247869,0.022611,0.033571,0.967948,0.421529,0.562120,0.062106,0.085455,-0.016296,-0.045426,4.371710,-1.554661,151.213672
53743.0,2025-12-17T00:17:33.926216,46.030412,0.247509,0.023178,0.034943,0.967978,0.423830,0.553615,0.096720,0.099160,-0.017446,0.009436,4.539784,-1.580136,151.251330
53784.0,2025-12-17T00:17:33.926216,46.030412,0.247918,0.023286,0.035318,0.967857,0.444519,0.586073,0.079542,0.138462,-0.019341,-0.024517,4.585262,-1.579385,151.201775
53817.0,2025-12-17T00:17:33.984120,46.088316,0.248346,0.023350,0.035339,0.967745,0.448771,0.579656,0.046514,0.119811,-0.022910,-0.026918,4.590075,-1.583924,151.150795
53857.0,2025-12-17T00:17:33.984120,46.088316,0.247951,0.023809,0.036349,0.967798,0.462610,0.606641,0.057739,0.081151,-0.016888,0.012142,4.714818,-1.607840,151.193481
53897.0,2025-12-17T00:17:34.104033,46.208229,0.248055,0.023775,0.035859,0.967790,0.451292,0.602575,0.075427,0.091821,-0.021515,-0.007015,4.659542,-1.617537,151.182115
53929.0,2025-12-17T00:17:34.104033,46.208229,0.247815,0.023562,0.035171,0.967882,0.453432,0.581001,0.075223,0.078302,-0.016514,0.012815,4.576597,-1.614775,151.212625
53971.0,2025-12-17T00:17:34.104033,46.208229,0.247379,0.023935,0.035897,0.967958,0.470422,0.592434,0.073193,0.066053,-0.015164,0.018168,4.667252,-1.637460,151.261073
54006.0,2025-12-17T00:17:34.167081,46.271278,0.247181,0.023536,0.034972,0.968052,0.443322,0.571491,0.089718,0.064352,-0.010099,0.010187,4.552694,-1.620494,151.288008
54043.0,2025-12-17T00:17:34.224776,46.328972,0.247450,0.023977,0.036004,0.967935,0.419159,0.531907,0.079042,0.077559,-0.013552,-0.016090,4.680485,-1.638794,151.252271
54080.0,2025-12-17T00:17:34.224776,46.328972,0.248605,0.024100,0.036097,0.967632,0.462507,0.593243,0.021857,0.123711,-0.026885,-0.066924,4.696319,-1.644168,151.114845
54112.0,2025-12-17T00:17:34.284540,46.388736,0.248466,0.024002,0.035519,0.967692,0.428289,0.563705,0.076637,0.084312,-0.019617,0.007351,4.629017,-1.650440,151.132763
54155.0,2025-12-17T00:17:34.288496,46.392692,0.248130,0.024636,0.036693,0.967718,0.448701,0.589051,0.080226,0.098118,-0.019898,0.019820,4.777092,-1.688842,151.167039
54186.0,2025-12-17T00:17:34.347131,46.451328,0.247740,0.024578,0.036507,0.967826,0.477443,0.596049,0.053825,0.107253,-0.019195,0.020811,4.754076,-1.689621,151.213778
54216.0,2025-12-17T00:17:34.348011,46.452208,0.248953,0.024522,0.037214,0.967490,0.513246,0.613070,0.110335,0.153877,-0.014356,-0.073482,4.833059,-1.657274,151.069678
54253.0,2025-12-17T00:17:34.406605,46.510801,0.248646,0.025161,0.038813,0.967489,0.484457,0.635451,0.094766,0.120100,-0.017685,0.010050,5.028568,-1.683826,151.099701
54290.0,2025-12-17T00:17:34.465304,46.569501,0.248296,0.025254,0.038792,0.967578,0.515554,0.674304,0.038885,0.118585,-0.021800,0.016764,5.028292,-1.696615,151.140596
54334.0,2025-12-17T00:17:34.465304,46.569501,0.247992,0.025259,0.038851,0.967653,0.501998,0.651384,0.067533,0.121363,-0.017307,0.014506,5.034477,-1.697018,151.176414
54375.0,2025-12-17T00:17:34.525341,46.629538,0.249943,0.026334,0.042672,0.966961,0.588626,0.805932,-0.040820,0.380789,-0.037023,-0.136666,5.493306,-1.695993,150.933030
54395.0,2025-12-17T00:17:34.525341,46.629538,0.251970,0.024983,0.041470,0.966523,0.543224,0.711795,0.222772,0.483399,-0.034114,-0.152622,5.324021,-1.569868,150.703692
54425.0,2025-12-17T00:17:34.585773,46.689969,0.254785,0.024399,0.042274,0.965765,0.639532,1.091947,-0.187724,0.639994,0.028543,-0.230075,5.400523,-1.466093,150.373116
54451.0,2025-12-17T00:17:34.585773,46.689969,0.255418,0.024565,0.043767,0.965527,0.709327,1.392665,-0.445773,0.356895,0.016025,-0.100739,5.571900,-1.437056,150.295161
54470.0,2025-12-17T00:17:34.641925,46.746121,0.255706,0.022549,0.038747,0.965715,0.746938,1.064648,-0.023853,0.177385,-0.007061,-0.024456,4.956093,-1.360075,150.279780
54506.0,2025-12-17T00:17:34.647635,46.751831,0.257710,0.020440,0.035113,0.965368,0.667273,1.015797,0.002737,0.349483,0.017161,-0.132561,4.493522,-1.224326,150.058272
54536.0,2025-12-17T00:17:34.706704,46.810901,0.260261,0.021001,0.044865,0.964267,0.831136,1.106156,0.120174,0.854595,0.082209,-0.267314,5.593496,-0.982539,149.742921
54560.0,2025-12-17T00:17:34.706704,46.810901,0.262961,0.020957,0.047164,0.963425,0.841996,1.633418,-0.462428,0.778925,0.071278,-0.253048,5.849306,-0.892511,149.421082
54579.0,2025-12-17T00:17:34.706704,46.810901,0.265364,0.020160,0.045607,0.962858,0.928707,1.583679,-0.340049,0.449974,0.021027,-0.218662,5.654868,-0.837505,149.142146
54606.0,2025-12-17T00:17:34.765054,46.869251,0.267712,0.019108,0.043636,0.962321,0.945342,1.438936,-0.019371,0.417090,0.003389,-0.202663,5.406583,-0.768491,148.871185
54633.0,2025-12-17T00:17:34.768677,46.872874,0.270267,0.019051,0.045401,0.961525,0.988294,1.525059,-0.052844,0.725394,0.009765,-0.214561,5.601691,-0.692993,148.566671
54652.0,2025-12-17T00:17:34.824251,46.928447,0.271806,0.020612,0.052699,0.960687,1.068831,1.899594,-0.166691,0.885847,0.015952,-0.239636,6.457524,-0.627681,148.369105
54672.0,2025-12-17T00:17:34.824251,46.928447,0.274313,0.022072,0.056736,0.959711,1.102896,2.280644,-0.619324,1.030587,0.018647,-0.288568,6.950843,-0.643986,148.057968
54697.0,2025-12-17T00:17:34.824251,46.928447,0.276415,0.024475,0.060862,0.958797,0.780573,2.441186,-0.177096,1.041046,0.024211,-0.249791,7.484136,-0.761313,147.786370
54724.0,2025-12-17T00:17:34.883834,46.988030,0.280459,0.025667,0.070904,0.956899,1.971165,2.703906,-1.560567,1.445844,0.073486,-0.393635,8.632661,-0.535742,147.288733
54749.0,2025-12-17T00:17:34.883834,46.988030,0.283678,0.026816,0.083612,0.954891,2.232302,3.119561,-1.675340,1.312217,0.105914,-0.397652,10.072590,-0.216267,146.889842
54769.0,2025-12-17T00:17:34.947967,47.052163,0.287593,0.029466,0.094581,0.952616,2.353976,3.667074,-2.188898,1.495216,0.026456,-0.360660,11.370131,-0.099537,146.392179
54793.0,2025-12-17T00:17:34.947967,47.052163,0.289982,0.031717,0.102963,0.950948,2.429582,4.078001,-2.908679,1.425134,0.035163,-0.276488,12.369712,-0.034833,146.079069
54817.0,2025-12-17T00:17:34.947967,47.052163,0.292615,0.033889,0.110544,0.949215,2.271765,4.384480,-2.793463,1.256331,0.056411,-0.273475,13.278977,0.020450,145.736424
54846.0,2025-12-17T00:17:35.006905,47.111102,0.294131,0.035849,0.121087,0.947386,2.791214,4.514890,-3.466569,1.406712,0.075011,-0.292165,14.508417,0.189407,145.528569
54865.0,2025-12-17T00:17:35.006905,47.111102,0.296916,0.037772,0.131050,0.945114,3.176671,4.777839,-4.410721,1.283560,0.067571,-0.240228,15.673234,0.368049,145.169554
54889.0,2025-12-17T00:17:35.066381,47.170577,0.298375,0.038718,0.135969,0.943920,3.324338,4.946819,-4.849367,1.061314,0.053144,-0.175008,16.248388,0.461029,144.982169
54913.0,2025-12-17T00:17:35.066381,47.170577,0.299263,0.038881,0.137003,0.943483,3.441585,5.091431,-5.224791,0.666799,0.023721,-0.087970,16.367775,0.494690,144.874127
54932.0,2025-12-17T00:17:35.066381,47.170577,0.299672,0.038337,0.134579,0.943724,3.448495,5.094377,-5.201861,0.362820,0.000524,-0.026332,16.081109,0.475606,144.833518
54955.0,2025-12-17T00:17:35.123733,47.227929,0.298767,0.037341,0.131154,0.944533,3.389388,5.041428,-4.961653,0.192021,-0.012601,0.009670,15.668941,0.448630,144.956128
54978.0,2025-12-17T00:17:35.123733,47.227929,0.298764,0.036382,0.126520,0.945203,3.308331,4.956354,-4.663905,0.157490,-0.016594,0.020280,15.124663,0.390860,144.970073
55002.0,2025-12-17T00:17:35.183861,47.288057,0.298812,0.035537,0.122433,0.945758,3.281348,4.934361,-4.566609,0.203590,-0.012718,0.012155,14.644826,0.340970,144.976015
55026.0,2025-12-17T00:17:35.183861,47.288057,0.299015,0.034785,0.118901,0.946173,3.268979,4.902843,-4.513601,0.274436,-0.007142,-0.005285,14.229564,0.302527,144.962048
55061.0,2025-12-17T00:17:35.247676,47.351873,0.297254,0.033679,0.114783,0.947275,3.288762,4.941051,-4.721001,0.239023,-0.016088,0.017569,13.738228,0.253925,145.186934
55087.0,2025-12-17T00:17:35.247676,47.351873,0.297169,0.032245,0.108087,0.948139,3.244250,4.874952,-4.601329,0.143637,-0.017339,0.023092,12.951582,0.177328,145.215698
55122.0,2025-12-17T00:17:35.301744,47.405941,0.297181,0.030468,0.100255,0.949054,3.167312,4.780468,-4.351162,0.145201,-0.013037,0.014647,12.028813,0.100671,145.236383
55158.0,2025-12-17T00:17:35.308040,47.412236,0.295614,0.028875,0.095438,0.950090,3.114984,4.755536,-4.291500,0.215128,-0.001094,-0.007654,11.444622,0.089209,145.442630
55189.0,2025-12-17T00:17:35.364958,47.469154,0.295770,0.027294,0.088928,0.950719,3.119820,4.722459,-4.338379,0.194335,-0.006270,0.001597,10.674963,0.040522,145.441806
55224.0,2025-12-17T00:17:35.369424,47.473620,0.295815,0.025624,0.081936,0.951380,3.054918,4.657513,-4.187456,0.148441,-0.009216,0.008701,9.849678,-0.016094,145.454255
55260.0,2025-12-17T00:17:35.424711,47.528907,0.294344,0.024134,0.077789,0.952223,3.015313,4.640268,-4.102502,0.234845,0.002978,-0.016870,9.343459,-0.009640,145.645097
55286.0,2025-12-17T00:17:35.424711,47.528907,0.293973,0.022133,0.069463,0.953029,3.839339,5.614791,-7.578652,0.046410,-0.023661,0.039082,8.361181,-0.077133,145.708412
55327.0,2025-12-17T00:17:35.485565,47.589761,0.290880,0.021331,0.059178,0.954689,2.667844,3.677246,-1.564293,0.052119,-0.120695,0.194719,7.204190,-0.361088,146.086809
55356.0,2025-12-17T00:17:35.487472,47.591669,0.286623,0.019209,0.048715,0.956611,2.985353,3.698531,1.681469,-0.269480,-0.113556,0.188789,5.982135,-0.505640,146.614649
55381.0,2025-12-17T00:17:35.547668,47.651865,0.284332,0.019118,0.041580,0.957633,3.359595,3.507700,5.619513,-0.546928,-0.145730,0.208755,5.193255,-0.743239,146.892792
55405.0,2025-12-17T00:17:35.547668,47.651865,0.281598,0.016053,0.030973,0.958898,3.009673,3.022640,4.502380,-1.077675,-0.002310,0.309400,3.924803,-0.764458,147.242154
55424.0,2025-12-17T00:17:35.606376,47.710572,0.278216,-0.000732,0.012428,0.960438,1.909308,1.544782,1.758084,-1.336890,0.721959,0.298084,1.344643,0.476769,147.695492
55446.0,2025-12-17T00:17:35.606376,47.710572,0.273817,-0.014947,0.002767,0.961662,0.827830,1.470140,1.033123,-1.056437,1.017825,0.330669,-0.164124,1.734244,148.210729
55468.0,2025-12-17T00:17:35.606376,47.710572,0.269796,-0.017310,-0.004481,0.962751,0.161985,1.730817,0.444318,-0.119594,0.264838,0.370145,-1.030022,1.771430,148.674656
55490.0,2025-12-17T00:17:35.665911,47.770108,0.266021,-0.011158,-0.009099,0.963860,0.412867,1.875825,1.075560,0.283980,-0.470837,0.388635,-1.345411,0.955077,149.130214
55514.0,2025-12-17T00:17:35.665911,47.770108,0.261971,-0.001079,-0.011763,0.965004,0.853904,1.980383,1.773004,0.592575,-0.874127,0.405587,-1.333232,-0.233832,149.626485
55540.0,2025-12-17T00:17:35.724667,47.828864,0.257851,0.012274,-0.008758,0.966067,1.399761,1.952109,1.511545,0.772919,-1.050134,0.238675,-0.607136,-1.617750,150.119946
55559.0,2025-12-17T00:17:35.728885,47.833082,0.256042,0.025274,-0.010342,0.966280,1.967167,1.752966,1.475192,0.728817,-1.138705,0.114814,-0.404255,-3.103440,150.328998
55582.0,2025-12-17T00:17:35.728885,47.833082,0.254826,0.033897,-0.010116,0.966340,2.332052,1.635038,0.713253,0.789194,-1.021975,0.073180,-0.130684,-4.052375,150.459127
55606.0,2025-12-17T00:17:35.785048,47.889245,0.253421,0.033732,-0.004715,0.966756,2.467427,1.946281,-1.887866,1.023995,-0.104253,0.077943,0.458251,-3.876839,150.606964
55630.0,2025-12-17T00:17:35.785048,47.889245,0.250318,0.025541,0.002426,0.967824,2.375473,2.809651,-2.843735,0.987946,0.655682,0.215965,1.002949,-2.764073,150.973358
55655.0,2025-12-17T00:17:35.785048,47.889245,0.242655,0.011675,0.007681,0.970012,2.196862,3.788635,-1.639901,0.557784,1.219426,0.600876,1.178762,-1.084190,151.899475
55672.0,2025-12-17T00:17:35.847712,47.951908,0.230427,-0.004881,0.006590,0.973055,1.203056,4.180738,-2.022611,0.199359,1.343717,0.985092,0.605930,0.718279,153.358472
55691.0,2025-12-17T00:17:35.848597,47.952793,0.221107,-0.014000,0.004721,0.975138,0.655507,4.139171,-2.742043,0.139016,1.094404,1.056993,0.172918,1.684284,154.451554
55716.0,2025-12-17T00:17:35.848597,47.952793,0.215831,-0.017632,0.005552,0.976256,0.343709,4.093722,-2.562608,0.556647,0.613487,0.609182,0.185141,2.110283,155.070538
55740.0,2025-12-17T00:17:35.901615,48.005811,0.214144,-0.016143,0.010693,0.976610,0.512477,4.238166,-2.641339,0.844206,0.110837,0.168489,0.801103,2.069449,155.279158
55759.0,2025-12-17T00:17:35.908260,48.012456,0.213685,-0.012036,0.011299,0.976763,0.664094,4.461090,-2.912599,0.693406,-0.142379,0.062561,0.970383,1.624058,155.333504
55783.0,2025-12-17T00:17:35.966157,48.070353,0.211701,-0.008953,0.009401,0.977248,0.677437,4.628954,-3.013908,0.454745,-0.154127,0.212434,0.835803,1.230799,155.562811
55806.0,2025-12-17T00:17:35.967547,48.071743,0.207850,-0.006803,0.008301,0.978102,0.893938,4.372767,-4.897243,0.523979,-0.070936,0.367922,0.768505,0.960298,156.012249
55831.0,2025-12-17T00:17:35.967547,48.071743,0.203711,-0.006363,0.007928,0.978978,0.977049,4.182031,-6.232651,0.562826,0.072840,0.366897,0.740924,0.898948,156.496435
55855.0,2025-12-17T00:17:36.023992,48.128188,0.200639,-0.008357,0.007267,0.979603,0.792802,4.365939,-5.624256,0.359013,0.254742,0.284861,0.623772,1.105279,156.855911
55875.0,2025-12-17T00:17:36.027584,48.131781,0.196534,-0.010338,0.003783,0.980435,0.623908,5.079805,-4.967362,0.265364,0.264503,0.345456,0.192285,1.246747,157.332046
55907.0,2025-12-17T00:17:36.086208,48.190404,0.188265,-0.013176,-0.002972,0.982026,0.488438,4.643223,-5.464008,0.090372,0.260024,0.570833,-0.618902,1.418750,158.287279
55934.0,2025-12-17T00:17:36.088222,48.192418,0.181344,-0.017153,-0.005267,0.983256,0.308088,4.179413,-5.535444,0.155238,0.429031,0.680304,-0.950407,1.823517,159.085320
55958.0,2025-12-17T00:17:36.088222,48.192418,0.171233,-0.027336,-0.004388,0.984841,0.103624,4.174644,-6.511065,0.481938,0.965058,0.818452,-1.033025,3.000277,160.246224
55979.0,2025-12-17T00:17:36.147181,48.251378,0.160072,-0.045852,0.008738,0.986001,-0.156568,4.324289,-8.455439,0.832426,1.729946,0.980260,0.146884,5.348714,161.564460
55999.0,2025-12-17T00:17:36.147687,48.251884,0.147973,-0.065062,0.018309,0.986679,-0.812406,4.799719,-8.974913,1.034517,2.094737,1.131402,0.975704,7.689782,163.007319
56023.0,2025-12-17T00:17:36.201647,48.305843,0.135612,-0.079763,0.031750,0.987036,-1.464888,5.126148,-9.743846,1.590040,2.141247,1.442693,2.385427,9.559301,164.553303
56049.0,2025-12-17T00:17:36.208518,48.312714,0.123975,-0.095797,0.049855,0.986391,-2.132572,5.270289,-10.675925,1.639418,1.936904,1.233160,4.367867,11.615862,166.117097
56072.0,2025-12-17T00:17:36.208518,48.312714,0.113696,-0.111907,0.072714,0.984511,-2.654988,5.489990,-12.095879,1.952422,1.920748,0.935689,6.960024,13.702570,167.662078
56089.0,2025-12-17T00:17:36.267536,48.371732,0.106867,-0.123633,0.095805,0.981894,-3.962617,5.958546,-12.299399,2.145031,1.714654,0.731883,9.650004,15.263961,168.873060
56113.0,2025-12-17T00:17:36.267536,48.371732,0.102510,-0.129497,0.116734,0.979334,-4.765010,6.537638,-13.208765,2.500877,1.393911,0.682377,12.143457,16.115461,169.774287
56138.0,2025-12-17T00:17:36.267536,48.371732,0.098764,-0.132191,0.142771,0.975903,-4.868977,6.968493,-15.353973,2.532729,1.006865,0.710940,15.282358,16.631397,170.689117
56165.0,2025-12-17T00:17:36.321754,48.425951,0.103787,-0.130190,0.165345,0.972080,-3.670378,6.714523,-19.068304,2.274530,0.387312,-0.143772,17.902963,16.704266,170.460974
56185.0,2025-12-17T00:17:36.321754,48.425951,0.117135,-0.122714,0.183600,0.968252,-2.906806,6.446826,-19.693010,1.934034,-0.160927,-0.702613,19.905989,16.298908,169.083190
56209.0,2025-12-17T00:17:36.384081,48.488277,0.133422,-0.110142,0.194736,0.965477,-2.685506,6.748986,-19.492895,1.824299,-0.952986,-1.188861,21.066492,15.345718,167.133841
56234.0,2025-12-17T00:17:36.384081,48.488277,0.152820,-0.092905,0.210092,0.961185,-2.051420,6.892051,-21.764465,2.175512,-1.153680,-1.146915,22.771881,14.052516,164.775772
56258.0,2025-12-17T00:17:36.384081,48.488277,0.172507,-0.076136,0.230747,0.954568,-1.197381,6.668543,-22.969530,2.498653,-1.033460,-1.169453,25.160596,13.000828,162.425683
56281.0,2025-12-17T00:17:36.447274,48.551471,0.190764,-0.060005,0.248105,0.947867,-0.453214,6.763594,-23.158854,2.319098,-1.093348,-1.145067,27.225487,12.029318,160.164932
56305.0,2025-12-17T00:17:36.447841,48.552037,0.208054,-0.041332,0.261039,0.941735,0.331182,6.072408,-24.449640,1.940939,-1.322809,-0.991505,28.876938,10.746751,157.858567
56330.0,2025-12-17T00:17:36.506159,48.610356,0.224084,-0.021883,0.272568,0.935422,0.883275,4.979294,-26.114279,2.058987,-1.514178,-0.964891,30.458367,9.386679,155.617630
56354.0,2025-12-17T00:17:36.506159,48.610356,0.238171,-0.002726,0.289548,0.927054,1.391455,4.005412,-28.857233,2.251822,-1.232861,-0.756225,32.759523,8.220236,153.603266
56373.0,2025-12-17T00:17:36.506159,48.610356,0.224552,-0.008969,0.323627,0.919109,1.658385,2.020066,-32.628326,3.193385,1.654212,0.753008,36.781264,9.313021,155.643928
56396.0,2025-12-17T00:17:36.564660,48.668857,0.204422,-0.022385,0.357104,0.911146,0.554024,0.067259,-37.656792,3.311978,2.725749,1.184381,40.774967,10.765639,158.720543
56420.0,2025-12-17T00:17:36.564660,48.668857,0.181307,-0.039221,0.401150,0.897033,0.605803,-2.358851,-36.620483,4.092095,3.131483,1.151854,46.260869,12.464111,162.488260
56446.0,2025-12-17T00:17:36.685174,48.789370,0.158892,-0.055585,0.471847,0.865462,0.449717,-8.115307,-40.125950,6.548737,3.332502,0.787071,55.531332,14.250339,166.724091
56465.0,2025-12-17T00:17:36.685174,48.789370,0.140366,-0.072859,0.548604,0.820989,0.950345,-19.513580,-48.467220,6.515904,3.030725,0.321530,66.245083,15.881253,170.995627
56489.0,2025-12-17T00:17:36.685174,48.789370,0.126477,-0.086029,0.572287,0.805662,1.218134,-17.293982,-44.472523,2.428639,2.229362,0.296859,69.861685,16.462204,173.694460
56513.0,2025-12-17T00:17:36.746851,48.851048,0.114897,-0.089007,0.590372,0.793938,1.332366,-19.464800,-43.983574,1.697072,1.083439,0.605804,72.616340,16.080979,175.382829
56576.0,2025-12-17T00:17:36.746851,48.851048,0.142535,-0.069955,0.605109,0.780149,0.705364,-23.163372,-47.900494,0.265475,-1.689007,-1.683603,74.408337,16.358658,171.746758
56600.0,2025-12-17T00:17:36.746851,48.851048,0.173936,-0.074991,0.595427,0.780762,1.653356,-20.878922,-46.788498,-0.774688,-1.846094,-3.191701,72.802949,18.919088,168.888885
56623.0,2025-12-17T00:17:36.749147,48.853343,0.214286,-0.078731,0.575152,0.785546,2.529105,-16.561752,-40.619652,-1.353465,-2.072799,-2.854833,69.455563,21.727205,164.637855
56655.0,2025-12-17T00:17:36.806036,48.910233,0.263662,-0.075593,0.571257,0.773585,4.247458,-16.564472,-42.169151,0.766520,-2.451701,-3.010208,68.297282,24.720521,159.267554
56675.0,2025-12-17T00:17:36.806036,48.910233,0.330587,-0.083250,0.559157,0.755728,5.445522,-17.227863,-41.650105,0.286527,-2.379657,-4.164968,65.454600,29.704642,152.090481
56699.0,2025-12-17T00:17:36.866174,48.970370,0.349190,-0.086957,0.561484,0.745144,5.536446,-17.609474,-40.511139,0.786963,-0.615723,-1.718534,65.458212,31.447762,150.295333
56723.0,2025-12-17T00:17:36.867643,48.971839,0.364328,-0.083690,0.571412,0.730581,6.279007,-19.198843,-42.667931,1.554089,-0.567159,-1.001839,66.721576,32.591579,148.780459
56749.0,2025-12-17T00:17:36.922159,49.026355,0.377007,-0.076831,0.574350,0.722554,5.284246,-19.664455,-42.195877,0.995306,-1.106402,-0.577772,66.954987,32.963023,147.032842
56768.0,2025-12-17T00:17:36.987858,49.092054,0.393528,-0.063936,0.579001,0.711200,5.502058,-21.987062,-42.206375,1.208657,-1.351842,-0.455985,67.433735,33.137423,144.545633
56791.0,2025-12-17T00:17:37.017864,49.122061,0.403590,-0.052459,0.584255,0.702147,4.602542,-21.142405,-40.352104,1.323960,-1.182531,-0.166523,68.164300,33.042883,142.916097
56815.0,2025-12-17T00:17:37.017864,49.122061,0.411148,-0.039533,0.595970,0.688632,3.666998,-20.631155,-38.189548,1.937457,-0.827770,-0.046213,70.026008,32.991288,141.761314
56882.0,2025-12-17T00:17:37.046140,49.150336,0.400581,-0.052452,0.616603,0.675711,2.672123,-23.063625,-36.621056,-1.051454,0.826415,-0.188072,73.518907,34.394187,144.713737
56905.0,2025-12-17T00:17:37.046140,49.150336,0.405701,-0.064696,0.620704,0.667793,3.122381,-23.414486,-36.650597,0.106802,0.485862,-1.106815,74.107710,36.160371,145.134503
56928.0,2025-12-17T00:17:37.106434,49.210630,0.414480,-0.078237,0.625454,0.656424,5.138774,-23.936865,-38.000668,0.477305,0.212951,-1.414528,74.807269,38.403092,145.285822
56952.0,2025-12-17T00:17:37.107431,49.211627,0.426004,-0.091238,0.631824,0.641089,5.938677,-24.366356,-37.038536,0.706356,0.308783,-1.620850,75.827227,40.942635,145.216405
56971.0,2025-12-17T00:17:37.107431,49.211627,0.438581,-0.107338,0.638738,0.623008,7.028313,-25.747616,-36.382534,0.762047,0.439133,-1.884177,77.079275,43.949303,145.348204
56993.0,2025-12-17T00:17:37.166845,49.271042,0.447310,-0.119922,0.642415,0.610603,7.991424,-27.319750,-36.607460,0.439714,0.336560,-1.504005,77.846918,46.150895,145.520823
57017.0,2025-12-17T00:17:37.166845,49.271042,0.453965,-0.131491,0.643887,0.601693,7.848931,-26.952188,-34.628887,0.089812,0.234624,-1.166591,78.258157,47.973817,145.730912
57043.0,2025-12-17T00:17:37.226849,49.331045,0.458925,-0.147768,0.643121,0.594935,8.940111,-26.924145,-32.625629,-0.280970,0.176723,-1.084874,78.410303,50.006174,146.364854
57062.0,2025-12-17T00:17:37.227772,49.331969,0.460254,-0.172979,0.628416,0.602776,10.445442,-25.346779,-32.072727,-2.042327,0.273461,-0.835305,75.895786,51.905714,146.840897
57085.0,2025-12-17T00:17:37.228795,49.332991,0.460333,-0.195599,0.621595,0.602872,10.054576,-21.870338,-29.072685,-1.489023,0.792659,-1.101550,75.173774,53.912959,148.028929
57110.0,2025-12-17T00:17:37.286238,49.390434,0.467633,-0.205938,0.628642,0.586275,11.554363,-26.197926,-30.250534,0.910892,0.482190,-1.157330,77.091040,56.039247,148.797890
57135.0,2025-12-17T00:17:37.287515,49.391711,0.482129,-0.201591,0.648208,0.553839,9.735144,-26.559551,-28.073612,2.974110,-0.149485,-1.061792,81.487374,58.031435,148.998784
57154.0,2025-12-17T00:17:37.288540,49.392737,0.504300,-0.187672,0.672342,0.508347,7.900138,-24.538767,-24.252464,4.203134,-0.387277,-1.234266,87.050108,60.334390,148.261315
57178.0,2025-12-17T00:17:37.346555,49.450752,0.517133,-0.180441,0.686104,0.478828,7.204762,-23.626501,-21.992607,3.059012,-0.254174,-0.942202,90.803192,61.934930,148.240998
57202.0,2025-12-17T00:17:37.348613,49.452809,0.523232,-0.181624,0.695115,0.458319,6.585116,-23.042433,-20.592382,1.393645,0.106939,-0.623466,94.137581,63.367015,149.559432
57228.0,2025-12-17T00:17:37.407004,49.511200,0.519153,-0.184690,0.704460,0.447331,6.561155,-24.643513,-20.476828,0.763055,0.508238,-0.031325,97.887785,63.725211,152.522302
57252.0,2025-12-17T00:17:37.408096,49.512293,0.515160,-0.184377,0.718420,0.429520,5.967243,-25.380812,-18.958843,1.205184,0.678394,0.052851,103.206430,63.973434,156.121277
57271.0,2025-12-17T00:17:37.409111,49.513308,0.511905,-0.183040,0.735484,0.404367,5.287646,-24.675526,-17.741253,1.939603,0.945229,-0.223788,110.073825,64.293360,160.506199
57293.0,2025-12-17T00:17:37.467475,49.571671,0.513093,-0.177372,0.754993,0.367778,2.557136,-23.103077,-15.119205,3.445574,0.900495,-0.778667,118.529865,64.854328,165.055555
57317.0,2025-12-17T00:17:37.467475,49.571671,0.519413,-0.163899,0.778962,0.310750,0.534362,-22.028187,-11.922464,5.695842,0.817524,-1.392534,130.418118,65.653574,170.580013
57342.0,2025-12-17T00:17:37.526481,49.630678,0.526583,-0.141834,0.806339,0.228933,-1.801270,-19.273342,-7.954807,6.854133,0.704791,-1.694308,147.161988,66.085322,178.251011
57366.0,2025-12-17T00:17:37.527620,49.631816,0.527444,-0.128045,0.823632,0.164430,-3.898168,-14.689087,-4.842950,4.820660,0.639542,-1.399889,160.782028,65.636821,-174.788678
57385.0,2025-12-17T00:17:37.528536,49.632732,0.525633,-0.118491,0.833734,0.120650,-5.257578,-10.592129,-3.173009,3.468621,0.385876,-0.995670,169.621133,64.832575,-170.424072
57410.0,2025-12-17T00:17:37.586525,49.690722,0.523631,-0.110802,0.839688,0.091968,-5.408556,-7.805098,-2.639453,2.649964,0.156098,-0.619503,174.950566,64.125673,-168.129967
57435.0,2025-12-17T00:17:37.587504,49.691701,0.519338,-0.102530,0.845419,0.071008,-6.023999,-4.991899,-1.805699,1.892959,0.120480,-0.213398,178.274959,63.211647,-167.231733
57459.0,2025-12-17T00:17:37.646731,49.750927,0.513498,-0.092871,0.851239,0.055556,-6.265841,-3.345229,-1.091071,1.409439,0.151217,0.121094,-179.902198,62.194774,-167.488169
57481.0,2025-12-17T00:17:37.647695,49.751891,0.509856,-0.085391,0.854567,0.049707,-6.073026,-2.956762,-1.557018,0.721009,-0.143858,0.348829,-179.744542,61.630440,-168.435116
57501.0,2025-12-17T00:17:37.648662,49.752858,0.507722,-0.078339,0.856620,0.047785,-6.085151,-2.215687,-2.066949,0.438278,-0.338308,0.450189,179.723250,61.322714,-169.713603
57526.0,2025-12-17T00:17:37.706801,49.810997,0.507872,-0.073593,0.857155,0.044001,-6.311386,-1.370481,-2.540981,0.659214,-0.545473,0.249511,179.918805,61.297585,-170.233709
57550.0,2025-12-17T00:17:37.707808,49.812005,0.511773,-0.067313,0.855725,0.035949,-6.618318,-0.810052,-2.449143,0.827993,-0.867415,0.051083,-179.108020,61.728558,-170.471426
57569.0,2025-12-17T00:17:37.707808,49.812005,0.519003,-0.060709,0.852336,0.021797,-6.883410,1.253800,-2.974399,1.399313,-1.187588,-0.251786,-176.784641,62.545271,-169.898669
57591.0,2025-12-17T00:17:37.766417,49.870613,0.524850,-0.055596,0.849355,0.006101,-7.236424,2.535551,-2.936060,1.659456,-1.125468,-0.491564,-173.898624,63.156910,-168.757315
57614.0,2025-12-17T00:17:37.767410,49.871606,0.528605,-0.051846,0.847242,-0.008349,-7.526299,2.885150,-2.982133,1.507898,-0.920732,-0.533749,-171.112768,63.488745,-167.491203
57639.0,2025-12-17T00:17:37.827775,49.931971,0.530978,-0.048983,0.845684,-0.021944,-7.799191,4.006031,-3.181023,1.220465,-0.765627,-0.426782,-168.424315,63.628125,-166.173915
57665.0,2025-12-17T00:17:37.828773,49.932969,0.533124,-0.045459,0.844115,-0.034380,-7.935534,6.116360,-3.690741,1.128764,-0.718374,-0.431294,-166.062619,63.754880,-165.140855
57685.0,2025-12-17T00:17:37.829777,49.933973,0.535605,-0.041751,0.842020,-0.048861,-7.930493,7.917233,-4.332863,1.261248,-0.739780,-0.525083,-163.230435,63.883287,-163.821859
57708.0,2025-12-17T00:17:37.887597,49.991793,0.536795,-0.037842,0.840731,-0.059916,-8.220136,8.843496,-4.431262,1.268956,-0.649004,-0.425138,-161.252095,63.904969,-163.088151
57733.0,2025-12-17T00:17:37.889695,49.993892,0.534984,-0.034668,0.841491,-0.066961,-8.548466,10.195634,-4.444670,0.840791,-0.354543,-0.184248,-160.311950,63.601725,-162.999854
57757.0,2025-12-17T00:17:37.889695,49.993892,0.530192,-0.030656,0.844268,-0.071887,-8.142625,9.843943,-4.430364,0.637544,-0.077843,-0.138017,-160.200363,62.979116,-163.636881
57779.0,2025-12-17T00:17:37.946702,50.050899,0.524240,-0.026297,0.848354,-0.069116,-8.023161,10.857363,-4.769637,0.145623,0.100028,0.211491,-161.809875,62.355849,-165.383482
57803.0,2025-12-17T00:17:37.947699,50.051896,0.516359,-0.023680,0.853666,-0.063775,-7.439565,8.638194,-3.362881,-0.142671,0.262211,0.220610,-163.788403,61.471056,-167.141107
57828.0,2025-12-17T00:17:38.067257,50.171453,0.508474,-0.024818,0.859040,-0.053747,-7.094403,6.768840,-3.379384,-0.717523,0.234099,0.307641,-166.156374,60.566999,-168.580094
57852.0,2025-12-17T00:17:38.067257,50.171453,0.504166,-0.022475,0.862446,-0.038712,-6.404552,6.905010,-4.325450,-0.781547,-0.133919,0.578192,-169.627944,60.214551,-170.989360
57871.0,2025-12-17T00:17:38.068502,50.172698,0.499705,-0.022084,0.865539,-0.025467,-6.254180,5.961473,-3.998440,-0.828819,-0.112195,0.425905,-172.452163,59.757829,-172.736091
57889.0,2025-12-17T00:17:38.068502,50.172698,0.494948,-0.022148,0.868531,-0.013759,-6.730493,5.717489,-3.489044,-0.874216,-0.034801,0.401347,-174.862445,59.220925,-174.157391
57966.0,2025-12-17T00:17:38.126960,50.231156,0.476266,-0.021765,0.879028,0.002442,-6.419057,3.361831,-3.154735,0.004491,0.116313,-0.067138,-178.276498,56.867536,-176.230016
57986.0,2025-12-17T00:17:38.126960,50.231156,0.465794,-0.019989,0.884665,-0.001897,-6.366925,3.093719,-2.606985,0.399587,0.311521,-0.117254,-177.776497,55.494029,-176.241402
58012.0,2025-12-17T00:17:38.186557,50.290754,0.455724,-0.018220,0.889931,-0.002531,-6.621603,3.432699,-2.176811,0.174821,0.339186,0.014120,-177.931768,54.197025,-176.595827
58047.0,2025-12-17T00:17:38.187554,50.291751,0.446407,-0.018673,0.894635,-0.001156,-6.245265,4.324219,-2.211165,-0.039329,0.169046,0.010967,-178.215389,53.006001,-176.718595
58075.0,2025-12-17T00:17:38.247478,50.351674,0.434934,-0.018610,0.900267,0.002293,-6.094185,4.480738,-1.816484,-0.079431,0.181738,-0.033107,-178.888694,51.554414,-177.094871
58110.0,2025-12-17T00:17:38.247478,50.351674,0.421739,-0.020364,0.906454,0.007928,-5.632859,3.582311,-1.827496,-0.244405,0.263315,-0.060945,-179.750679,49.897808,-177.310089
58145.0,2025-12-17T00:17:38.307549,50.411745,0.408845,-0.023380,0.912196,0.014084,-5.377811,2.621507,-1.241447,-0.451837,0.425394,0.011462,179.433541,48.292560,-177.317525
58164.0,2025-12-17T00:17:38.307549,50.411745,0.393870,-0.026484,0.918519,0.022075,-4.977170,1.856430,-1.047873,-0.547003,0.566240,-0.033490,178.362536,46.445858,-177.399523
58189.0,2025-12-17T00:17:38.366667,50.470863,0.382098,-0.028500,0.923286,0.027053,-4.746572,1.502851,-0.869030,-0.462951,0.622356,-0.037213,177.716300,45.000585,-177.410016
58213.0,2025-12-17T00:17:38.367668,50.471864,0.369007,-0.029602,0.928433,0.031143,-4.450200,1.127710,-0.735402,-0.306244,0.566987,0.007642,177.161617,43.396268,-177.477272
58239.0,2025-12-17T00:17:38.368666,50.472862,0.358295,-0.030828,0.932524,0.032770,-3.932623,0.888391,-0.635803,-0.178591,0.478433,0.000736,176.985500,42.086902,-177.373182
58266.0,2025-12-17T00:17:38.427034,50.531231,0.345998,-0.030890,0.937036,0.035986,-3.513902,1.001075,-0.417276,-0.190947,0.438293,0.042492,176.522262,40.590523,-177.510300
58290.0,2025-12-17T00:17:38.428033,50.532229,0.334491,-0.030929,0.941074,0.039224,-3.233705,0.782821,-0.557298,-0.186597,0.331625,0.038910,176.068642,39.196936,-177.635490
58310.0,2025-12-17T00:17:38.486661,50.590857,0.324938,-0.030799,0.944372,0.040352,-2.781867,0.481089,-0.417219,-0.060842,0.287828,0.011812,175.908099,38.039939,-177.675153
58344.0,2025-12-17T00:17:38.487650,50.591846,0.314119,-0.030293,0.948087,0.039292,-2.641825,0.362198,-0.042448,0.045913,0.307874,0.060602,176.031229,36.727060,-177.657794
58376.0,2025-12-17T00:17:38.546903,50.651099,0.303265,-0.029647,0.951653,0.038842,-2.360797,0.270161,-0.265419,0.055978,0.220106,0.010770,176.063601,35.416049,-177.688605
58403.0,2025-12-17T00:17:38.546903,50.651099,0.292311,-0.028726,0.955119,0.038437,-2.105433,0.994240,-0.269219,0.109481,0.171775,-0.013421,176.078744,34.096674,-177.757515
58438.0,2025-12-17T00:17:38.607193,50.711389,0.284153,-0.028781,0.957722,0.034605,-1.915232,1.112797,-0.157711,0.201609,0.086581,-0.045284,176.582793,33.111602,-177.573487
58472.0,2025-12-17T00:17:38.608192,50.712389,0.275108,-0.028610,0.960483,0.031147,-1.518327,0.766332,-0.338217,0.257271,0.008317,-0.103272,177.019086,32.022695,-177.443296
58506.0,2025-12-17T00:17:38.667631,50.771827,0.265007,-0.028254,0.963413,0.028450,-1.254283,0.381067,-0.084482,0.181883,0.052634,-0.053239,177.340963,30.812466,-177.373174
58542.0,2025-12-17T00:17:38.726743,50.830940,0.258783,-0.027443,0.965179,0.026595,-1.236767,1.149084,-0.147084,0.113704,0.050192,0.028707,177.540816,30.066386,-177.403284
58575.0,2025-12-17T00:17:38.726743,50.830940,0.249509,-0.026228,0.967634,0.027231,-1.063865,1.284492,-0.036380,0.159329,0.024799,-0.036196,177.405048,28.966260,-177.565107
58609.0,2025-12-17T00:17:38.786654,50.890850,0.240429,-0.025226,0.969929,0.028202,-0.810026,1.094550,0.073625,0.151812,0.017031,-0.047895,177.238793,27.892896,-177.706188
58641.0,2025-12-17T00:17:38.787551,50.891747,0.234891,-0.025323,0.971362,0.025312,-0.770039,1.691061,0.094832,0.167350,0.027915,-0.035023,177.597143,27.232994,-177.595484
58680.0,2025-12-17T00:17:38.847109,50.951305,0.227924,-0.023729,0.973010,0.027174,-0.635271,1.690003,0.207637,0.249430,-0.006353,-0.062636,177.307954,26.412729,-177.837797
58709.0,2025-12-17T00:17:38.848107,50.952304,0.223062,-0.021695,0.974086,0.030472,-0.475145,2.070471,0.238486,0.269525,-0.012235,-0.056103,176.835234,25.841625,-178.174461
58745.0,2025-12-17T00:17:38.907296,51.011492,0.218127,-0.021975,0.975314,0.026463,-0.170239,1.989671,0.268572,0.233059,0.030055,-0.061867,177.336222,25.254949,-178.015373
58779.0,2025-12-17T00:17:38.967417,51.071613,0.213741,-0.019788,0.976164,0.032059,-0.192357,1.787796,0.461883,0.226154,0.070211,-0.051866,176.583000,24.743788,-178.427086
58815.0,2025-12-17T00:17:38.968479,51.072675,0.210419,-0.017486,0.976748,0.037165,-0.154067,1.869861,0.239715,0.269839,0.054228,-0.054519,175.893300,24.352685,-178.835240
58847.0,2025-12-17T00:17:39.027057,51.131253,0.206092,-0.018001,0.977819,0.032757,-0.137262,2.272740,-0.033116,0.280590,0.056684,-0.077416,176.449689,23.842243,-178.640397
58875.0,2025-12-17T00:17:39.027057,51.131253,0.204343,-0.016444,0.978031,0.037790,-0.107737,2.172067,-0.099231,0.231552,0.053010,-0.067433,175.793312,23.637674,-178.954168
58908.0,2025-12-17T00:17:39.146452,51.250648,0.204005,-0.016164,0.978195,0.035429,-0.013941,2.217599,-0.225153,0.251681,0.029789,-0.058932,176.075656,23.594358,-178.926513
58945.0,2025-12-17T00:17:39.147451,51.251648,0.203055,-0.016279,0.978484,0.032751,0.038550,2.290880,-0.241137,0.171762,0.030727,-0.040185,176.406844,23.480561,-178.840723
58969.0,2025-12-17T00:17:39.147451,51.251648,0.202470,-0.015340,0.978623,0.032658,-0.000355,2.879085,-0.161019,0.125069,0.041662,0.008940,176.394698,23.408615,-178.951035
59006.0,2025-12-17T00:17:39.148456,51.252652,0.201976,-0.014455,0.978751,0.032310,-0.018478,2.628637,-0.197314,0.138500,0.032504,0.000067,176.415048,23.347190,-179.048709
59040.0,2025-12-17T00:17:39.206090,51.310286,0.201371,-0.013994,0.978957,0.029962,0.020954,2.587473,-0.045524,0.149910,-0.001589,-0.005464,176.690847,23.272549,-179.043659
59075.0,2025-12-17T00:17:39.207090,51.311286,0.201970,-0.012726,0.978858,0.029730,0.009655,2.889748,-0.061324,0.136960,-0.027876,0.022911,176.687008,23.338063,-179.194754
