t_imu_ms,pc_timestamp_iso,pc_timestamp_s,qw,qx,qy,qz,ax_lin_mps2,ay_lin_mps2,az_lin_mps2,gx_rads,gy_rads,gz_rads,roll_deg,pitch_deg,yaw_deg
82568.0,2025-12-15T16:57:39.220840,0.055080,0.802630,0.184585,0.317643,-0.469912,0.029349,0.026488,-0.171445,-0.062781,0.106892,0.068632,-0.174353,43.108085,-60.763843
82607.0,2025-12-15T16:57:39.280578,0.114818,0.802663,0.184378,0.317509,-0.470026,0.092038,-0.283226,-0.055331,0.006589,0.084377,0.003609,-0.195159,43.080969,-60.782100
82645.0,2025-12-15T16:57:39.294791,0.129031,0.801296,0.185337,0.317474,-0.472002,-0.008541,-0.105859,-0.082898,0.035434,0.032388,-0.039137,-0.210238,43.136589,-61.083374
82682.0,2025-12-15T16:57:39.396505,0.230746,0.799926,0.184743,0.317682,-0.474412,-0.066161,-0.167671,-0.088135,0.090516,0.057257,-0.087439,-0.460281,43.120330,-61.523721
82715.0,2025-12-15T16:57:39.396505,0.230746,0.799435,0.184027,0.316963,-0.475997,-0.024261,-0.263785,-0.028847,0.060029,0.027480,-0.055213,-0.588472,42.998137,-61.772377
82756.0,2025-12-15T16:57:39.517931,0.352171,0.797864,0.184837,0.315921,-0.479002,0.050328,-0.008504,-0.131667,0.075142,-0.019281,-0.086539,-0.603004,42.937287,-62.194659
82790.0,2025-12-15T16:57:39.812314,0.646554,0.796897,0.186997,0.314701,-0.480574,0.142089,-0.008779,-0.236601,0.112916,0.080678,-0.097340,-0.347486,42.945371,-62.321379
82821.0,2025-12-15T16:57:39.822849,0.657090,0.796182,0.188752,0.316370,-0.479976,0.219793,-0.224627,-0.158792,0.008297,0.239781,0.000744,-0.246780,43.233202,-62.264894
82855.0,2025-12-15T16:57:39.822849,0.657090,0.793609,0.191152,0.317677,-0.482417,0.132837,-0.524847,0.041466,0.112694,0.185883,-0.111387,-0.245343,43.523595,-62.686841
82884.0,2025-12-15T16:57:39.829819,0.664060,0.791494,0.192246,0.317265,-0.485718,0.104293,-0.438103,-0.029275,0.171688,0.112694,-0.189966,-0.306707,43.549536,-63.195142
82915.0,2025-12-15T16:57:39.829819,0.664060,0.791074,0.192479,0.317040,-0.486456,0.189345,-0.426456,-0.065707,0.040089,0.093640,-0.044079,-0.310061,43.540663,-63.301168
82959.0,2025-12-15T16:57:39.836687,0.670927,0.791793,0.192037,0.316711,-0.485676,0.210656,-0.434995,0.039562,-0.080271,-0.007009,0.099451,-0.278791,43.477809,-63.160012
82994.0,2025-12-15T16:57:39.861763,0.696003,0.794062,0.188736,0.314043,-0.484997,-0.069286,-0.340403,-0.008414,-0.075879,-0.157737,0.099027,-0.382434,42.985350,-62.982059
83016.0,2025-12-15T16:57:39.874615,0.708855,0.796441,0.186966,0.310767,-0.483890,0.115681,0.032490,-0.186328,-0.083007,-0.161430,0.087573,-0.228523,42.528469,-62.651761
83058.0,2025-12-15T16:57:39.882370,0.716610,0.797041,0.186413,0.310026,-0.483590,0.158964,-0.028577,-0.188378,-0.067691,-0.053651,0.080468,-0.209028,42.415432,-62.574074
83090.0,2025-12-15T16:57:39.900048,0.734289,0.797877,0.185908,0.308423,-0.483432,0.095326,-0.065602,-0.124010,-0.012085,-0.003056,0.018793,-0.119171,42.215017,-62.469151
83123.0,2025-12-15T16:57:39.902089,0.736329,0.797199,0.184535,0.307550,-0.485626,-0.033346,-0.067071,-0.117083,0.070112,-0.011054,-0.063522,-0.346039,42.035208,-62.829610
83166.0,2025-12-15T16:57:39.904114,0.738354,0.796241,0.185009,0.306767,-0.487509,0.056434,-0.043881,-0.131777,0.034534,-0.009919,-0.034373,-0.345353,41.982912,-63.087714
83205.0,2025-12-15T16:57:39.904114,0.738354,0.796429,0.182948,0.304788,-0.489219,-0.023586,-0.058308,-0.081533,0.036841,-0.070443,-0.038262,-0.521777,41.643081,-63.320347
83241.0,2025-12-15T16:57:39.904114,0.738354,0.795922,0.182792,0.302809,-0.491326,0.037066,0.053095,-0.137657,0.038991,-0.095273,-0.033015,-0.502779,41.425531,-63.564523
83275.0,2025-12-15T16:57:39.929245,0.763486,0.795214,0.183706,0.302815,-0.492128,-0.017279,0.198931,-0.218205,0.051201,-0.070076,-0.050237,-0.449341,41.484612,-63.673761
83314.0,2025-12-15T16:57:39.974894,0.809134,0.794488,0.185564,0.303315,-0.492296,0.024671,0.120333,-0.162363,0.035505,-0.014509,-0.034347,-0.290307,41.656614,-63.678437
83357.0,2025-12-15T16:57:40.013998,0.848238,0.792974,0.186550,0.302511,-0.494853,0.016357,0.113694,-0.158702,0.080448,-0.004527,-0.078453,-0.271217,41.635993,-64.035329
83394.0,2025-12-15T16:57:40.045902,0.880142,0.790313,0.189027,0.303159,-0.497764,-0.001647,0.089479,-0.158407,0.146004,-0.000287,-0.153403,-0.232567,41.863840,-64.496974
83429.0,2025-12-15T16:57:40.094401,0.928642,0.788698,0.190190,0.304945,-0.498791,-0.014242,0.047649,-0.147016,0.068180,0.037043,-0.063916,-0.324665,42.124878,-64.745441
83464.0,2025-12-15T16:57:40.117359,0.951599,0.787785,0.190938,0.304765,-0.500055,0.028997,-0.004148,-0.108945,0.031860,0.023242,-0.022034,-0.306217,42.154900,-64.929602
83507.0,2025-12-15T16:57:40.167404,1.001644,0.788421,0.190461,0.303378,-0.500078,0.054427,-0.035235,-0.132766,-0.004130,0.017891,0.009158,-0.238782,41.979907,-64.863720
83540.0,2025-12-15T16:57:40.197300,1.031540,0.787753,0.190962,0.303259,-0.501011,0.022483,-0.060320,-0.097845,0.002372,0.014922,0.002995,-0.232110,42.000326,-65.001829
83580.0,2025-12-15T16:57:40.244284,1.078524,0.787324,0.189432,0.302564,-0.502685,-0.027008,-0.065345,-0.093845,0.045278,-0.003287,-0.042995,-0.453652,41.826743,-65.287641
83617.0,2025-12-15T16:57:40.272794,1.107034,0.787931,0.190247,0.300041,-0.502938,0.021266,0.036894,-0.135498,0.022738,-0.028794,-0.021251,-0.153331,41.620099,-65.158600
83659.0,2025-12-15T16:57:40.333264,1.167504,0.787558,0.190429,0.299986,-0.503484,-0.021549,0.036877,-0.140435,-0.020727,0.008287,0.023625,-0.163171,41.626324,-65.243388
83697.0,2025-12-15T16:57:40.394668,1.228908,0.787356,0.191520,0.301816,-0.502292,0.008295,0.071596,-0.148575,-0.028008,0.019572,0.035201,-0.123945,41.887648,-65.118960
83741.0,2025-12-15T16:57:40.394668,1.228908,0.786815,0.191905,0.301930,-0.502924,0.003454,0.020774,-0.143214,-0.006608,0.029752,0.012513,-0.131480,41.924737,-65.222955
83783.0,2025-12-15T16:57:40.445712,1.279953,0.787044,0.190308,0.302597,-0.502772,0.025321,0.009112,-0.144951,-0.026743,0.055943,0.035499,-0.362713,41.887979,-65.280480
83813.0,2025-12-15T16:57:40.513591,1.347831,0.788098,0.189833,0.301913,-0.501711,0.043705,-0.023002,-0.123680,-0.048343,0.049301,0.057043,-0.286737,41.786457,-65.071874
83854.0,2025-12-15T16:57:40.513591,1.347831,0.788127,0.189872,0.302048,-0.501569,0.013216,-0.054053,-0.105810,-0.048562,0.015207,0.058825,-0.285162,41.803049,-65.054778
83894.0,2025-12-15T16:57:40.563132,1.397372,0.789679,0.188228,0.299928,-0.501019,0.044468,-0.044105,-0.088428,-0.041374,-0.039729,0.048026,-0.249306,41.475932,-64.881344
83930.0,2025-12-15T16:57:40.633765,1.468005,0.790204,0.185731,0.300437,-0.500818,-0.001486,0.061996,-0.125700,-0.041230,-0.097846,0.047806,-0.564814,41.364596,-64.944915
83976.0,2025-12-15T16:57:40.633765,1.468005,0.790516,0.184996,0.299379,-0.501232,-0.035102,0.076517,-0.170630,-0.041196,-0.073937,0.041562,-0.581204,41.206878,-64.972506
84010.0,2025-12-15T16:57:40.693925,1.528166,0.789279,0.187055,0.301149,-0.501356,0.000710,0.306895,-0.255174,0.039034,0.055700,-0.039599,-0.511908,41.524815,-65.042164
84044.0,2025-12-15T16:57:40.693925,1.528166,0.787926,0.188373,0.301674,-0.502673,0.085105,0.130937,-0.130369,0.032540,0.068024,-0.030227,-0.493868,41.665029,-65.261238
84084.0,2025-12-15T16:57:40.745806,1.580046,0.785672,0.189437,0.304279,-0.504229,0.020136,-0.010637,-0.097659,0.082407,0.087712,-0.086365,-0.707941,42.002826,-65.654867
84113.0,2025-12-15T16:57:40.812301,1.646542,0.784600,0.190241,0.301838,-0.507056,0.092743,-0.044224,-0.114240,0.137630,-0.008413,-0.149364,-0.581926,41.802808,-65.968164
84147.0,2025-12-15T16:57:40.812301,1.646542,0.781833,0.191742,0.300410,-0.511592,0.053919,0.065809,-0.158726,0.181946,-0.004648,-0.198128,-0.580178,41.753499,-66.618666
84182.0,2025-12-15T16:57:40.875146,1.709387,0.780936,0.192770,0.297861,-0.514060,0.107371,-0.006046,-0.128263,0.143761,-0.030319,-0.152270,-0.394702,41.560574,-66.860497
84209.0,2025-12-15T16:57:40.875146,1.709387,0.779872,0.195211,0.298996,-0.514095,0.062774,0.113851,-0.237932,0.048318,0.068057,-0.046925,-0.226551,41.841353,-66.872701
84247.0,2025-12-15T16:57:40.934325,1.768566,0.780170,0.194707,0.298008,-0.514407,0.167178,-0.138597,-0.085622,-0.034982,-0.050136,0.041700,-0.213827,41.706217,-66.879413
84282.0,2025-12-15T16:57:40.934325,1.768566,0.782639,0.190948,0.297810,-0.512176,-0.057649,-0.043976,-0.065460,-0.143711,-0.070416,0.169104,-0.471931,41.433722,-66.581706
84314.0,2025-12-15T16:57:40.993382,1.827623,0.786555,0.196654,0.300299,-0.502472,-0.242853,-0.000535,0.953535,-0.141268,-0.135030,0.577809,0.584703,42.069381,-64.918146
84340.0,2025-12-15T16:57:40.995787,1.830027,0.789323,0.197422,0.298326,-0.498995,-0.220782,-0.106965,1.741238,-0.194045,-0.087217,0.590413,1.072775,41.911021,-64.189723
84363.0,2025-12-15T16:57:41.046395,1.880635,0.790758,0.194250,0.303922,-0.494571,-0.487401,-0.404038,2.152417,-0.220370,-0.090786,0.462354,0.510149,42.283350,-63.849649
84383.0,2025-12-15T16:57:41.046395,1.880635,0.793293,0.193764,0.303713,-0.490816,-0.664012,-0.347690,2.273100,-0.142912,-0.063920,0.362310,0.718721,42.227142,-63.213174
84411.0,2025-12-15T16:57:41.113735,1.947975,0.795603,0.193266,0.303821,-0.487193,-0.825741,-0.101419,2.150531,-0.156878,-0.043453,0.338262,0.888605,42.202844,-62.620042
84435.0,2025-12-15T16:57:41.115513,1.949753,0.796414,0.195311,0.307291,-0.482856,-0.418193,0.043636,2.002218,-0.173466,-0.124490,0.295604,1.118170,42.693550,-62.018745
84461.0,2025-12-15T16:57:41.115513,1.949753,0.798432,0.194204,0.305977,-0.480801,-0.187151,0.129145,1.999733,-0.119477,-0.152869,0.218476,1.234558,42.481349,-61.631330
84484.0,2025-12-15T16:57:41.171534,2.005774,0.797006,0.193523,0.311273,-0.480041,-0.476477,-0.306230,1.922137,0.002602,-0.068752,0.126101,0.754567,42.997820,-61.824304
84499.0,2025-12-15T16:57:41.175104,2.009344,0.795733,0.188831,0.315109,-0.481517,-0.486901,-0.549062,1.907882,0.034877,0.043137,0.078913,-0.230943,43.104840,-62.449459
84533.0,2025-12-15T16:57:41.234832,2.069072,0.793139,0.188309,0.321619,-0.481697,-0.470415,-0.254508,1.463475,0.034599,0.069992,0.032747,-0.883372,43.756278,-62.897910
84557.0,2025-12-15T16:57:41.234832,2.069072,0.790889,0.189388,0.322206,-0.484572,-0.463517,-0.196708,1.213076,-0.019263,-0.001448,-0.022400,-1.009192,43.884251,-63.397637
84590.0,2025-12-15T16:57:41.293873,2.128114,0.789575,0.182507,0.328388,-0.485205,-0.196012,-0.207285,1.217490,-0.188392,-0.137728,0.032986,-2.430617,44.081531,-64.126768
84618.0,2025-12-15T16:57:41.296006,2.130247,0.790148,0.172599,0.330096,-0.486737,-0.203882,-0.237317,0.865821,-0.161309,-0.144768,0.093314,-3.847010,43.603990,-64.806116
84652.0,2025-12-15T16:57:41.346986,2.181226,0.789990,0.172308,0.328079,-0.488457,-0.225216,0.279781,0.298483,-0.092289,-0.222374,0.104881,-3.806595,43.368484,-64.971728
84687.0,2025-12-15T16:57:41.414860,2.249101,0.791059,0.169054,0.330562,-0.486185,-0.428093,0.454625,0.008436,-0.154011,-0.439606,0.169821,-4.261096,43.422367,-64.847062
84711.0,2025-12-15T16:57:41.414860,2.249101,0.792299,0.163633,0.331079,-0.485667,-0.357449,0.066872,0.277020,-0.014992,-0.505005,0.232401,-4.896094,43.123224,-64.950988
84731.0,2025-12-15T16:57:41.414860,2.249101,0.794155,0.167058,0.329092,-0.482812,-0.134692,0.211166,0.373700,0.063358,-0.471771,0.211431,-4.122411,43.158279,-64.226635
84765.0,2025-12-15T16:57:41.417432,2.251673,0.793624,0.167258,0.324288,-0.486851,-0.160867,1.000663,-0.225634,0.080198,-0.443112,-0.038746,-3.920202,42.655138,-64.585415
84794.0,2025-12-15T16:57:41.465673,2.299914,0.794219,0.168279,0.323977,-0.485734,-0.154191,1.295407,-0.711818,-0.035085,-0.475634,0.007221,-3.700224,42.694932,-64.345439
84821.0,2025-12-15T16:57:41.465673,2.299914,0.794597,0.169430,0.323496,-0.485035,0.069782,1.376889,-0.780888,-0.075818,-0.456909,-0.069674,-3.477158,42.723228,-64.161504
84846.0,2025-12-15T16:57:41.531431,2.365672,0.792539,0.168580,0.320264,-0.490810,0.043945,1.512025,-0.861113,-0.014069,-0.410369,-0.218403,-3.656620,42.308688,-64.954274
84873.0,2025-12-15T16:57:41.535553,2.369794,0.791451,0.168961,0.321795,-0.491432,-0.040410,1.490245,-0.992364,-0.087004,-0.363648,-0.195962,-3.796923,42.487935,-65.150929
84897.0,2025-12-15T16:57:41.593831,2.428071,0.789670,0.168920,0.323765,-0.493015,-0.121048,1.757966,-1.319277,-0.066321,-0.358365,-0.265989,-4.092031,42.679439,-65.554821
84922.0,2025-12-15T16:57:41.595885,2.430125,0.788175,0.168640,0.325369,-0.494445,-0.079545,1.910026,-1.409993,-0.086414,-0.389173,-0.264927,-4.372127,42.817219,-65.917409
84953.0,2025-12-15T16:57:41.645930,2.480170,0.785628,0.166891,0.323771,-0.500109,0.104547,1.660157,-1.016685,-0.035168,-0.372667,-0.364154,-4.794081,42.504931,-66.824876
84980.0,2025-12-15T16:57:41.655707,2.489947,0.782659,0.169328,0.325635,-0.502728,0.114973,1.892785,-1.104103,0.074856,-0.222676,-0.391493,-4.878739,42.841616,-67.342916
85006.0,2025-12-15T16:57:41.655707,2.489947,0.780145,0.172537,0.328200,-0.503874,0.083461,2.202664,-1.072975,0.049475,-0.156926,-0.259171,-4.851244,43.311292,-67.641761
85034.0,2025-12-15T16:57:41.710832,2.545073,0.778405,0.175671,0.330697,-0.503850,0.304579,2.360045,-0.927651,-0.038297,-0.159525,-0.199921,-4.747263,43.777174,-67.736911
85068.0,2025-12-15T16:57:41.773124,2.607364,0.776098,0.176771,0.332065,-0.506118,0.278578,2.139579,-0.618865,-0.097925,-0.132060,-0.154280,-4.922157,43.976633,-68.207839
85103.0,2025-12-15T16:57:41.775142,2.609382,0.770242,0.183414,0.339463,-0.507792,0.461574,1.682637,-0.312036,-0.014436,0.155156,-0.402853,-5.062221,45.170552,-68.897585
85130.0,2025-12-15T16:57:41.835237,2.669478,0.765201,0.186985,0.346631,-0.509266,0.749781,1.991711,-0.484824,-0.172336,0.240745,-0.538652,-5.539155,46.131708,-69.650364
85156.0,2025-12-15T16:57:41.860730,2.694971,0.760845,0.186096,0.353018,-0.511724,0.973821,2.284710,-0.702952,-0.347354,0.218206,-0.619047,-6.538932,46.689188,-70.672034
85181.0,2025-12-15T16:57:41.892788,2.727029,0.755190,0.186888,0.360472,-0.514607,0.754074,1.844769,-0.949905,-0.284486,0.165617,-0.740033,-7.541111,47.459307,-71.861990
85199.0,2025-12-15T16:57:41.892788,2.727029,0.749990,0.190253,0.365223,-0.517621,0.941596,1.307050,-0.912468,-0.120698,0.232245,-0.749345,-7.986781,48.140580,-72.796875
85223.0,2025-12-15T16:57:41.896693,2.730933,0.744835,0.195285,0.367922,-0.521266,1.468755,1.290015,-0.989261,0.039337,0.359540,-0.799014,-8.076362,48.735580,-73.634725
85249.0,2025-12-15T16:57:41.949378,2.783619,0.738647,0.198024,0.371371,-0.526565,1.691820,1.441756,-1.314656,0.010319,0.430825,-0.792590,-8.678347,49.215231,-74.949033
85274.0,2025-12-15T16:57:41.949378,2.783619,0.733108,0.203469,0.375393,-0.529369,1.674263,1.279427,-1.543422,-0.066981,0.461656,-0.743925,-8.866384,49.980773,-75.804359
85294.0,2025-12-15T16:57:41.949378,2.783619,0.728282,0.207876,0.378583,-0.532042,2.082220,1.417888,-1.914479,-0.077717,0.465513,-0.762186,-9.068096,50.590360,-76.592034
85313.0,2025-12-15T16:57:42.014660,2.848901,0.724568,0.211381,0.379816,-0.534845,2.343444,1.361203,-1.995553,0.001474,0.383994,-0.758810,-9.128638,50.942845,-77.222049
85328.0,2025-12-15T16:57:42.014660,2.848901,0.721372,0.214216,0.379887,-0.537978,2.505632,0.909014,-1.834369,0.013133,0.338266,-0.710677,-9.139685,51.129414,-77.808290
85363.0,2025-12-15T16:57:42.014660,2.848901,0.715749,0.217862,0.379511,-0.544252,2.713851,0.610750,-1.722245,0.102904,0.385203,-0.757309,-9.317239,51.298448,-78.979903
85385.0,2025-12-15T16:57:42.076736,2.910976,0.710794,0.222023,0.379347,-0.549157,2.709898,0.650107,-1.871659,0.137386,0.413930,-0.781766,-9.348753,51.547693,-79.900873
85409.0,2025-12-15T16:57:42.076736,2.910976,0.706781,0.225235,0.379316,-0.553036,2.667552,0.467804,-1.922336,0.097450,0.429391,-0.741138,-9.404846,51.749637,-80.653806
85429.0,2025-12-15T16:57:42.132868,2.967108,0.700580,0.230070,0.379435,-0.558825,2.877946,0.185790,-1.835435,0.245716,0.545982,-0.842203,-9.524652,52.072308,-81.817054
85455.0,2025-12-15T16:57:42.132868,2.967108,0.695665,0.234660,0.380627,-0.562234,2.998868,-0.077652,-1.733873,0.314552,0.695479,-0.864081,-9.600995,52.508732,-82.634058
85479.0,2025-12-15T16:57:42.137293,2.971533,0.688385,0.240476,0.383149,-0.567005,3.195743,-0.345318,-1.780856,0.177937,0.787880,-0.790152,-9.929645,53.150147,-83.931189
85503.0,2025-12-15T16:57:42.193405,3.027645,0.682432,0.243792,0.386012,-0.570829,3.401812,-0.529448,-1.904102,0.022707,0.734551,-0.795208,-10.488249,53.627839,-85.134705
85523.0,2025-12-15T16:57:42.196735,3.030975,0.676920,0.245588,0.388746,-0.574754,3.650547,-0.808008,-2.052142,-0.060008,0.636992,-0.786730,-11.210097,53.959915,-86.387750
85549.0,2025-12-15T16:57:42.245375,3.079616,0.673357,0.246127,0.392299,-0.576293,3.938818,-1.346370,-2.186010,-0.034959,0.687565,-0.785215,-11.934369,54.291493,-87.252610
85573.0,2025-12-15T16:57:42.255541,3.089782,0.665094,0.249819,0.396020,-0.581729,3.992124,-2.002948,-2.189652,0.118388,0.844756,-0.850240,-12.884606,54.828859,-89.053078
85598.0,2025-12-15T16:57:42.255541,3.089782,0.655586,0.257795,0.406570,-0.581764,4.126103,-1.706261,-3.050359,-0.099291,1.652952,-0.692842,-14.128769,56.411752,-90.776510
85617.0,2025-12-15T16:57:42.312778,3.147019,0.645499,0.266472,0.418369,-0.580768,4.184345,-3.487659,-3.041448,-0.096147,1.761040,-0.568963,-15.612868,58.171430,-92.678910
85641.0,2025-12-15T16:57:42.312778,3.147019,0.638368,0.272211,0.426298,-0.580222,4.423574,-3.417584,-3.492883,-0.099006,1.475970,-0.525523,-16.769281,59.334063,-94.134751
85667.0,2025-12-15T16:57:42.376171,3.210412,0.632090,0.276076,0.435559,-0.578387,4.831654,-4.000164,-3.962236,-0.180326,1.318677,-0.588080,-18.301209,60.456714,-95.643337
85692.0,2025-12-15T16:57:42.377538,3.211779,0.624041,0.277965,0.443673,-0.580054,5.337516,-3.608167,-4.828519,-0.206017,1.053270,-0.733649,-20.374347,61.188386,-97.945298
85711.0,2025-12-15T16:57:42.378375,3.212615,0.613408,0.282277,0.450521,-0.584021,5.558761,-3.465834,-5.479815,0.114299,1.183336,-0.897000,-22.485005,61.935505,-100.793034
85735.0,2025-12-15T16:57:42.435467,3.269707,0.604228,0.287154,0.455693,-0.587192,5.641334,-3.376422,-5.952125,0.221884,1.227528,-0.831007,-24.142409,62.612356,-103.181996
85761.0,2025-12-15T16:57:42.435467,3.269707,0.593735,0.294212,0.462825,-0.588822,5.854898,-3.729307,-6.425224,0.281298,1.421675,-0.809479,-26.154328,63.645881,-105.929637
85785.0,2025-12-15T16:57:42.496020,3.330261,0.581452,0.304454,0.470805,-0.589546,5.803145,-4.950329,-7.056105,0.270243,1.583710,-0.563620,-28.437113,65.023413,-109.139723
85805.0,2025-12-15T16:57:42.496020,3.330261,0.572548,0.313881,0.477544,-0.587893,5.762382,-5.041278,-7.571104,0.148763,1.485449,-0.305362,-30.223199,66.332706,-111.532354
85824.0,2025-12-15T16:57:42.496020,3.330261,0.565312,0.322169,0.483763,-0.585323,5.804654,-4.849476,-7.959393,0.076324,1.532697,-0.225014,-31.921038,67.532973,-113.643281
85850.0,2025-12-15T16:57:42.545297,3.379537,0.561224,0.326840,0.489292,-0.582063,5.725932,-4.588573,-8.410749,-0.081234,1.263601,-0.238515,-33.393937,68.386130,-115.126438
85875.0,2025-12-15T16:57:42.545297,3.379537,0.552696,0.331543,0.496919,-0.581101,6.001065,-4.375137,-9.473897,-0.075178,1.192358,-0.497932,-36.394043,69.165217,-118.408208
85894.0,2025-12-15T16:57:42.545297,3.379537,0.541851,0.339071,0.506056,-0.579082,6.464334,-3.995042,-10.358488,0.002376,1.544907,-0.512322,-40.293408,70.239410,-122.741622
85909.0,2025-12-15T16:57:42.614111,3.448352,0.532241,0.347084,0.514020,-0.576226,6.535513,-4.714423,-10.961991,0.044551,1.720954,-0.393304,-44.025641,71.291393,-126.881529
85936.0,2025-12-15T16:57:42.614111,3.448352,0.526869,0.351502,0.518574,-0.574401,6.371889,-5.106837,-11.085287,-0.019849,1.284337,-0.295935,-46.338739,71.850490,-129.398575
85961.0,2025-12-15T16:57:42.614111,3.448352,0.521340,0.357775,0.526069,-0.568730,6.224154,-4.423590,-11.304250,-0.135324,1.260410,-0.160697,-49.789205,72.838240,-132.779180
85985.0,2025-12-15T16:57:42.674550,3.508790,0.513402,0.365790,0.533277,-0.564120,5.914321,-5.385085,-12.027806,-0.047800,1.367271,-0.137010,-54.103680,73.795183,-137.341955
86010.0,2025-12-15T16:57:42.676550,3.510791,0.506297,0.371412,0.538342,-0.562054,6.327048,-5.344560,-12.523458,0.051375,1.168897,-0.262703,-57.758188,74.286705,-141.324687
86029.0,2025-12-15T16:57:42.733717,3.567958,0.495395,0.380010,0.546369,-0.558262,6.493274,-5.814823,-13.383944,0.072878,1.573743,-0.306648,-63.950497,74.934215,-147.966540
86055.0,2025-12-15T16:57:42.733717,3.567958,0.488315,0.385571,0.552950,-0.554193,6.422810,-5.502188,-13.870041,-0.034706,1.366906,-0.297145,-68.905477,75.327353,-153.039305
86079.0,2025-12-15T16:57:42.733717,3.567958,0.478947,0.392111,0.560938,-0.549734,6.358544,-4.480638,-14.516440,-0.076017,1.378710,-0.286832,-75.314420,75.565370,-159.649975
86103.0,2025-12-15T16:57:42.795640,3.629880,0.470144,0.397192,0.568185,-0.546232,6.152164,-4.368895,-15.213923,-0.070112,1.312061,-0.350585,-81.079287,75.506269,-165.595773
86123.0,2025-12-15T16:57:42.797001,3.631241,0.459713,0.402852,0.576250,-0.542503,6.057803,-3.984104,-15.881656,-0.038982,1.397796,-0.396143,-87.462961,75.220954,-172.226212
86149.0,2025-12-15T16:57:42.848488,3.682729,0.450497,0.408612,0.583240,-0.538442,6.072525,-3.711267,-16.504948,0.042636,1.462530,-0.402830,-93.141527,74.911256,-178.129987
86173.0,2025-12-15T16:57:42.848488,3.682729,0.441021,0.412713,0.590222,-0.535543,5.867050,-4.129050,-17.340004,-0.035543,1.129226,-0.382376,-97.937655,74.291611,176.863580
86198.0,2025-12-15T16:57:42.848488,3.682729,0.434793,0.413754,0.595698,-0.533767,5.907782,-3.821575,-17.996714,-0.135465,0.832773,-0.413067,-100.683965,73.679889,174.119894
86217.0,2025-12-15T16:57:42.914074,3.748314,0.426444,0.416582,0.603660,-0.529339,5.757487,-2.644447,-18.852362,-0.231191,1.146086,-0.381570,-104.972128,72.917017,169.906711
86232.0,2025-12-15T16:57:42.914074,3.748314,0.416778,0.420859,0.612083,-0.523954,5.757020,-1.824496,-19.558928,-0.230954,1.534070,-0.404842,-109.610190,72.031705,165.266675
86265.0,2025-12-15T16:57:42.975053,3.809293,0.407716,0.426119,0.619283,-0.518342,5.770005,-1.470820,-19.871523,-0.110417,1.775540,-0.368738,-113.844813,71.215138,160.949878
86284.0,2025-12-15T16:57:42.976066,3.810306,0.393709,0.433058,0.627611,-0.513380,6.147231,-0.516490,-20.628994,0.049349,1.350182,-0.341529,-118.226771,69.857395,156.131863
86309.0,2025-12-15T16:57:42.976066,3.810306,0.386563,0.435195,0.631859,-0.511790,6.376364,-0.030433,-21.149879,0.030473,0.908376,-0.379031,-119.740356,69.061217,154.422866
86333.0,2025-12-15T16:57:43.030481,3.864721,0.380181,0.435622,0.635653,-0.511509,6.305629,0.170331,-21.404911,0.028935,0.644574,-0.426121,-120.460690,68.275612,153.548351
86359.0,2025-12-15T16:57:43.030481,3.864721,0.375219,0.435292,0.639098,-0.511162,6.138043,0.239706,-21.845535,0.032501,0.481335,-0.437262,-120.941433,67.609877,153.023058
86378.0,2025-12-15T16:57:43.030481,3.864721,0.368955,0.434346,0.642635,-0.512090,5.873829,0.444188,-22.127588,0.046465,0.477249,-0.464526,-121.047600,66.788341,152.764053
86403.0,2025-12-15T16:57:43.092898,3.927138,0.363700,0.433644,0.645293,-0.513101,5.633076,0.648695,-22.150349,0.082612,0.475324,-0.472392,-121.065633,66.119518,152.580364
86427.0,2025-12-15T16:57:43.096272,3.930513,0.357913,0.432496,0.647918,-0.514828,5.541356,0.793195,-22.338753,0.112451,0.412525,-0.483118,-120.866614,65.383841,152.564968
86447.0,2025-12-15T16:57:43.096272,3.930513,0.352062,0.430451,0.650676,-0.517092,5.347773,0.946551,-22.809151,0.106106,0.350456,-0.536561,-120.441294,64.598279,152.800860
86477.0,2025-12-15T16:57:43.148804,3.983045,0.346297,0.428328,0.654053,-0.518487,4.842111,1.186138,-22.889313,0.076779,0.367843,-0.531359,-120.246636,63.786956,152.903129
86501.0,2025-12-15T16:57:43.148804,3.983045,0.338975,0.426989,0.656321,-0.521554,4.449552,1.550976,-22.782074,0.221642,0.391536,-0.518287,-119.784461,62.917083,152.971092
86524.0,2025-12-15T16:57:43.215189,4.049430,0.331970,0.426216,0.657737,-0.524898,4.633872,1.910548,-23.111061,0.307359,0.389156,-0.504479,-119.286367,62.145659,152.991951
86543.0,2025-12-15T16:57:43.226181,4.060422,0.325486,0.424932,0.659279,-0.528056,4.735620,2.074235,-23.443663,0.267668,0.353433,-0.527695,-118.771282,61.395807,153.107768
86572.0,2025-12-15T16:57:43.265739,4.099979,0.320359,0.422948,0.661067,-0.530543,4.385968,1.906787,-23.237181,0.235048,0.262273,-0.547580,-118.301035,60.731846,153.353179
86591.0,2025-12-15T16:57:43.275868,4.110108,0.314100,0.419956,0.662659,-0.534660,3.839591,1.683404,-23.374580,0.217935,0.209356,-0.550508,-117.441476,59.922677,153.872229
86623.0,2025-12-15T16:57:43.276385,4.110626,0.307412,0.417389,0.664428,-0.538349,3.024964,1.614952,-23.449219,0.241461,0.281452,-0.594106,-116.761794,59.082533,154.195360
86646.0,2025-12-15T16:57:43.328633,4.162873,0.298501,0.415040,0.666778,-0.542260,2.532318,1.888154,-23.401283,0.241949,0.362542,-0.567628,-116.180498,58.015023,154.295057
86672.0,2025-12-15T16:57:43.328633,4.162873,0.291178,0.413452,0.668588,-0.545218,2.569683,2.429748,-23.201042,0.310650,0.353341,-0.557477,-115.786944,57.161238,154.278467
86694.0,2025-12-15T16:57:43.396013,4.230254,0.283662,0.410664,0.668946,-0.550820,2.393995,2.320568,-23.361553,0.383679,0.194465,-0.559497,-114.744315,56.295689,154.724303
86720.0,2025-12-15T16:57:43.396013,4.230254,0.277464,0.407675,0.669060,-0.556035,2.182610,1.978949,-23.572844,0.375014,0.129970,-0.564881,-113.734838,55.552190,155.234222
86744.0,2025-12-15T16:57:43.444872,4.279112,0.271690,0.404599,0.669341,-0.560774,1.470357,1.549758,-23.336069,0.311362,0.121842,-0.525424,-112.826332,54.833620,155.710517
86770.0,2025-12-15T16:57:43.444872,4.279112,0.266419,0.401374,0.669865,-0.564979,0.480298,1.175936,-22.978836,0.307270,0.096836,-0.504749,-112.021113,54.141339,156.168060
86790.0,2025-12-15T16:57:43.444872,4.279112,0.259240,0.398715,0.668663,-0.571587,0.127357,0.992219,-23.105717,0.473232,0.119544,-0.478866,-110.829327,53.368410,156.611548
86816.0,2025-12-15T16:57:43.511429,4.345670,0.253052,0.396806,0.667986,-0.576459,-0.167958,0.732212,-23.188131,0.418569,0.178161,-0.454614,-110.009763,52.707668,156.831659
86840.0,2025-12-15T16:57:43.511429,4.345670,0.246296,0.394604,0.668254,-0.580571,-0.587704,0.625635,-22.823944,0.293502,0.230655,-0.454912,-109.378175,51.940173,156.946824
86866.0,2025-12-15T16:57:43.563273,4.397513,0.239621,0.393752,0.668647,-0.583483,-1.068947,0.652583,-22.245220,0.257416,0.350434,-0.366122,-109.048453,51.254966,156.761854
86891.0,2025-12-15T16:57:43.575899,4.410140,0.232363,0.393279,0.667828,-0.587661,-1.732068,0.644375,-21.930584,0.365216,0.299659,-0.307879,-108.487074,50.586687,156.597017
86910.0,2025-12-15T16:57:43.576820,4.411061,0.223663,0.393659,0.666483,-0.592291,-1.422634,1.173732,-22.167355,0.505874,0.405925,-0.349472,-107.917531,49.858554,156.235876
86936.0,2025-12-15T16:57:43.635999,4.470239,0.216697,0.393612,0.664927,-0.596645,-1.206331,1.258516,-22.323891,0.510133,0.326136,-0.332415,-107.309703,49.276602,156.047590
86962.0,2025-12-15T16:57:43.692916,4.527156,0.209461,0.392827,0.664165,-0.600581,-1.488713,1.177269,-21.662548,0.365775,0.281063,-0.290287,-106.773494,48.597503,155.884723
86986.0,2025-12-15T16:57:43.692916,4.527156,0.202090,0.392915,0.664103,-0.603112,-2.380804,1.352244,-21.616928,0.257542,0.390824,-0.269690,-106.548198,47.932877,155.475402
87011.0,2025-12-15T16:57:43.692916,4.527156,0.195014,0.392115,0.663492,-0.606625,-2.660597,1.666481,-21.659256,0.347909,0.311185,-0.330371,-106.079613,47.266103,155.284386
87030.0,2025-12-15T16:57:43.692916,4.527156,0.189217,0.388543,0.660544,-0.613933,-2.403258,1.483666,-21.149508,0.559424,-0.056214,-0.387832,-104.729402,46.639681,155.843936
87063.0,2025-12-15T16:57:43.744343,4.578583,0.185727,0.383675,0.657129,-0.621676,-2.498847,0.890479,-20.586948,0.567562,-0.312690,-0.317149,-103.187185,46.148310,156.763707
87082.0,2025-12-15T16:57:43.757048,4.591288,0.186497,0.376337,0.651433,-0.631842,-3.047855,0.249308,-19.890106,0.458406,-0.575506,-0.156465,-100.940157,45.935098,158.521961
87108.0,2025-12-15T16:57:43.813552,4.647792,0.186666,0.370044,0.647152,-0.639857,-3.496547,-0.274457,-19.297749,0.501780,-0.631817,-0.239452,-99.177179,45.655769,159.911887
87132.0,2025-12-15T16:57:43.815627,4.649867,0.186203,0.361254,0.641600,-0.650518,-3.754226,-1.161437,-18.480280,0.586182,-0.706162,-0.351064,-96.865754,45.148718,161.712348
87158.0,2025-12-15T16:57:43.815627,4.649867,0.186187,0.351273,0.636470,-0.660944,-4.269691,-2.437094,-18.014839,0.555676,-0.866443,-0.348780,-94.584475,44.535347,163.618997
87182.0,2025-12-15T16:57:43.874141,4.708381,0.189373,0.341467,0.630903,-0.670447,-4.695683,-3.111860,-17.731888,0.383811,-0.864753,-0.185408,-92.339357,44.172674,165.718302
87202.0,2025-12-15T16:57:43.876610,4.710851,0.192393,0.332311,0.626396,-0.678368,-4.759698,-3.253383,-17.237097,0.287392,-0.815966,-0.179306,-90.444719,43.779572,167.579757
87221.0,2025-12-15T16:57:43.876610,4.710851,0.194453,0.323974,0.622654,-0.685223,-4.773041,-3.590466,-16.196114,0.286454,-0.811406,-0.244847,-88.843258,43.325566,169.148147
87245.0,2025-12-15T16:57:43.935715,4.769955,0.196882,0.313641,0.618235,-0.693291,-4.847619,-4.428988,-14.781749,0.356324,-1.030009,-0.352031,-86.970662,42.713081,171.010047
87271.0,2025-12-15T16:57:43.935715,4.769955,0.200267,0.302016,0.613708,-0.701457,-5.502495,-5.767456,-14.533674,0.240792,-1.188595,-0.282858,-85.034152,42.029483,173.060800
87292.0,2025-12-15T16:57:43.994765,4.829005,0.207266,0.290106,0.609184,-0.708361,-6.151221,-6.516121,-13.982119,0.061674,-1.046666,-0.049141,-83.131890,41.569289,175.414052
87311.0,2025-12-15T16:57:43.994765,4.829005,0.211333,0.282030,0.605259,-0.713764,-6.022121,-6.759678,-13.188118,0.144082,-0.860063,-0.056293,-81.731398,41.180089,176.974945
87335.0,2025-12-15T16:57:43.996536,4.830777,0.215243,0.273669,0.600498,-0.719846,-5.399164,-7.165721,-12.287891,0.228405,-0.890909,-0.084391,-80.197382,40.730694,178.579068
87357.0,2025-12-15T16:57:44.055177,4.889417,0.221218,0.263895,0.595081,-0.726155,-5.418995,-7.848023,-11.880732,0.156599,-1.086977,0.084191,-78.470680,40.281410,-179.459341
87382.0,2025-12-15T16:57:44.057199,4.891439,0.230462,0.254138,0.589335,-0.731427,-5.484571,-8.414744,-11.120246,0.058239,-1.183280,0.242575,-76.693320,40.046178,-177.185656
87401.0,2025-12-15T16:57:44.057199,4.891439,0.244250,0.242095,0.583145,-0.735985,-4.392056,-9.037443,-10.175735,-0.121372,-1.395208,0.394426,-74.686011,39.883109,-174.227727
87424.0,2025-12-15T16:57:44.112025,4.946266,0.258525,0.230354,0.577663,-0.739194,-3.732264,-9.642502,-9.142799,-0.246960,-1.635870,0.501748,-72.871645,39.734616,-171.319286
87448.0,2025-12-15T16:57:44.112025,4.946266,0.274718,0.216660,0.571116,-0.742573,-3.950494,-10.314852,-8.112013,-0.250814,-1.800015,0.537974,-70.810242,39.461773,-167.999752
87473.0,2025-12-15T16:57:44.176122,5.010362,0.292641,0.203233,0.563633,-0.745235,-3.751855,-10.975032,-7.198633,-0.266044,-1.811824,0.716792,-68.639960,39.256838,-164.488660
87492.0,2025-12-15T16:57:44.176122,5.010362,0.310981,0.187875,0.555629,-0.747844,-2.779161,-11.359350,-6.629767,-0.281258,-1.747357,0.564018,-66.404399,38.798416,-160.796218
87507.0,2025-12-15T16:57:44.178138,5.012378,0.324394,0.174243,0.549724,-0.749808,-1.700778,-11.583487,-6.241131,-0.350305,-1.688856,0.359625,-64.789442,38.166672,-157.970631
87534.0,2025-12-15T16:57:44.234914,5.069155,0.334806,0.162979,0.545129,-0.751117,-1.222926,-11.416759,-5.926783,-0.391133,-1.660717,0.308137,-63.586664,37.579171,-155.768378
87559.0,2025-12-15T16:57:44.234914,5.069155,0.348695,0.148097,0.538727,-0.752497,-0.882283,-10.989012,-5.771705,-0.353368,-1.599740,0.396504,-62.031828,36.768796,-152.875991
87584.0,2025-12-15T16:57:44.234914,5.069155,0.361649,0.134614,0.530226,-0.754950,-0.311894,-10.736629,-5.462234,-0.161539,-1.337860,0.292248,-60.277317,35.927758,-150.128632
87612.0,2025-12-15T16:57:44.295157,5.129397,0.370110,0.123457,0.523341,-0.757555,0.687662,-10.426960,-5.310976,-0.141185,-1.100298,0.084830,-58.986805,35.060403,-148.183536
87631.0,2025-12-15T16:57:44.295157,5.129397,0.382298,0.106630,0.515456,-0.759462,1.084117,-11.887672,-4.216468,-0.071766,-1.566639,0.052375,-57.556859,33.785078,-145.500092
87656.0,2025-12-15T16:57:44.345037,5.179277,0.396939,0.081153,0.504441,-0.762491,1.364107,-12.140308,-2.573502,-0.148306,-3.056342,-0.183383,-55.861261,31.615846,-142.071308
87680.0,2025-12-15T16:57:44.358186,5.192426,0.402102,0.069121,0.500371,-0.763652,2.196291,-10.686725,-4.761887,-0.410092,-0.850256,-0.142600,-55.353503,30.528645,-140.753160
87705.0,2025-12-15T16:57:44.415243,5.249484,0.406210,0.064105,0.497377,-0.763872,2.240376,-8.367441,-3.248217,-0.304676,-0.365486,0.088632,-54.923037,30.133433,-139.922488
87724.0,2025-12-15T16:57:44.415243,5.249484,0.409128,0.061722,0.493930,-0.764747,2.970702,-7.987194,-4.016215,-0.167508,-0.155162,0.072455,-54.413605,29.905069,-139.342514
87748.0,2025-12-15T16:57:44.415243,5.249484,0.411553,0.060459,0.492060,-0.764752,2.874691,-7.770618,-4.327099,-0.248791,-0.052308,0.133243,-54.117714,29.834025,-138.924559
87774.0,2025-12-15T16:57:44.475382,5.309623,0.412445,0.058864,0.492725,-0.763967,2.617439,-8.273972,-3.999419,-0.365462,-0.024577,0.164063,-54.223587,29.761076,-138.767435
87799.0,2025-12-15T16:57:44.475736,5.309977,0.415254,0.055992,0.492321,-0.762921,3.038990,-7.971989,-4.270121,-0.442643,-0.052668,0.094900,-54.161434,29.624424,-138.281846
87818.0,2025-12-15T16:57:44.475736,5.309977,0.417406,0.053525,0.490523,-0.763082,3.351854,-7.895294,-4.566710,-0.300811,-0.073795,0.032399,-53.914588,29.418282,-137.852117
87851.0,2025-12-15T16:57:44.527794,5.362034,0.417270,0.050766,0.485843,-0.766332,4.053513,-7.334809,-5.329558,-0.063467,-0.069885,-0.203388,-53.336484,28.898733,-137.611348
87887.0,2025-12-15T16:57:44.592032,5.426273,0.403342,0.038991,0.479932,-0.778113,3.460666,-8.216402,-3.023344,0.102460,-0.226883,-1.059789,-53.144611,26.604710,-138.687470
87912.0,2025-12-15T16:57:44.592032,5.426273,0.397161,0.039473,0.469513,-0.787567,3.026206,-7.353798,-4.790190,0.732476,0.113215,-0.655225,-51.864707,25.792935,-139.183683
87931.0,2025-12-15T16:57:44.592032,5.426273,0.396333,0.040015,0.462567,-0.792055,2.036971,-7.925594,-2.854996,0.300604,0.063401,-0.119477,-50.942269,25.470715,-139.124196
87960.0,2025-12-15T16:57:44.651312,5.485553,0.394870,0.037194,0.461272,-0.793677,3.171016,-7.363287,-4.017032,-0.221294,-0.096104,-0.075697,-50.874670,25.044656,-139.158230
87995.0,2025-12-15T16:57:44.651312,5.485553,0.395773,0.038846,0.453297,-0.797732,2.974764,-7.321230,-3.634892,0.208095,0.056889,0.005450,-49.759327,24.884015,-138.910225
88027.0,2025-12-15T16:57:44.712349,5.546589,0.397362,0.037359,0.448244,-0.799865,3.066384,-7.200028,-3.679695,-0.093083,-0.035241,-0.012852,-49.103061,24.581939,-138.532280
88069.0,2025-12-15T16:57:44.776664,5.610904,0.395307,0.038199,0.443049,-0.803729,2.891893,-7.196508,-3.413789,0.090932,0.024712,0.010370,-48.446818,24.310676,-138.690372
88099.0,2025-12-15T16:57:44.776664,5.610904,0.397033,0.037249,0.436576,-0.806461,2.918458,-7.089716,-3.379565,-0.039912,-0.015125,-0.000475,-47.597832,24.000827,-138.287875
88142.0,2025-12-15T16:57:44.829622,5.663862,0.398702,0.036766,0.429036,-0.809700,2.729732,-7.027238,-3.055568,0.006558,0.000870,0.004467,-46.606513,23.681538,-137.888278
88179.0,2025-12-15T16:57:44.829622,5.663862,0.396507,0.037269,0.423729,-0.813540,2.763878,-6.934011,-3.111242,0.005899,-0.000564,0.004156,-45.960269,23.369651,-138.056595
88223.0,2025-12-15T16:57:44.895088,5.729329,0.398260,0.036502,0.416031,-0.816685,2.683147,-6.851955,-2.924229,-0.014183,-0.005687,0.002488,-44.968554,23.016630,-137.641061
88261.0,2025-12-15T16:57:44.955883,5.790123,0.395825,0.036883,0.410687,-0.820548,2.595792,-6.783470,-2.828364,0.000971,0.000309,0.003685,-44.333700,22.684060,-137.839275
88305.0,2025-12-15T16:57:45.009469,5.843709,0.397505,0.036364,0.402582,-0.823769,2.587344,-6.663468,-2.756976,0.002906,0.000909,0.003963,-43.298137,22.331690,-137.440775
88342.0,2025-12-15T16:57:45.017622,5.851862,0.399323,0.035695,0.393720,-0.827195,2.516477,-6.546813,-2.571982,-0.000658,-0.001375,0.004035,-42.179079,21.931346,-137.009721
88384.0,2025-12-15T16:57:45.075966,5.910207,0.397047,0.036386,0.388445,-0.830747,2.467256,-6.476992,-2.533232,-0.002284,-0.001906,0.003255,-41.551436,21.648883,-137.207760
88421.0,2025-12-15T16:57:45.075966,5.910207,0.398671,0.035724,0.380105,-0.833850,2.407828,-6.346387,-2.424332,-0.001898,-0.001243,0.003058,-40.514477,21.263057,-136.820286
88463.0,2025-12-15T16:57:45.134204,5.968445,0.396241,0.036588,0.374372,-0.837556,2.329574,-6.283870,-2.345075,-0.005028,-0.001881,0.003008,-39.834283,20.975704,-137.037866
88503.0,2025-12-15T16:57:45.194406,6.028646,0.397813,0.035932,0.365747,-0.840644,2.278347,-6.154024,-2.205430,0.002196,0.000358,0.002996,-38.776258,20.573614,-136.659961
88545.0,2025-12-15T16:57:45.250210,6.084450,0.399554,0.035076,0.356209,-0.843944,2.229554,-6.012967,-2.085260,-0.005742,-0.002331,0.002993,-37.620897,20.111852,-136.244292
88591.0,2025-12-15T16:57:45.250210,6.084450,0.396906,0.035636,0.350926,-0.847376,2.162940,-5.946419,-2.024228,0.000416,-0.000554,0.002992,-37.019630,19.813758,-136.496458
88624.0,2025-12-15T16:57:45.313094,6.147335,0.398583,0.034788,0.341318,-0.850543,2.115438,-5.785832,-1.900609,-0.003688,-0.002535,0.003805,-35.871191,19.345578,-136.097916
88670.0,2025-12-15T16:57:45.374313,6.208554,0.395419,0.035291,0.335682,-0.854234,2.045968,-5.714602,-1.834749,-0.001419,-0.001384,0.003187,-35.244871,19.011845,-136.411280
88714.0,2025-12-15T16:57:45.376847,6.211087,0.396899,0.034477,0.326615,-0.857091,1.992551,-5.569288,-1.709970,-0.003274,-0.001909,0.003041,-34.176144,18.564190,-136.056940
88747.0,2025-12-15T16:57:45.430779,6.265019,0.398371,0.033661,0.317444,-0.859882,1.948211,-5.419929,-1.619159,-0.003741,-0.002041,0.003801,-33.103905,18.107995,-135.707667
88791.0,2025-12-15T16:57:45.491650,6.325891,0.395397,0.034574,0.311492,-0.863388,1.863473,-5.344846,-1.539678,0.002625,-0.000453,0.004807,-32.429679,17.819971,-136.008956
88835.0,2025-12-15T16:57:45.491650,6.325891,0.396800,0.033761,0.302041,-0.866130,1.797394,-5.195988,-1.389098,0.002527,-0.000080,0.004246,-31.337606,17.348511,-135.672941
88873.0,2025-12-15T16:57:45.546019,6.380260,0.393598,0.035057,0.295458,-0.869803,1.706317,-5.083809,-1.362250,-0.011317,-0.004049,0.002476,-30.584016,17.071740,-136.005119
88913.0,2025-12-15T16:57:45.615248,6.449488,0.394959,0.034266,0.285684,-0.872478,1.666625,-4.937301,-1.267289,0.008584,0.001407,0.005254,-29.465952,16.586282,-135.678859
88951.0,2025-12-15T16:57:45.615248,6.449488,0.396292,0.033246,0.276031,-0.875017,1.603991,-4.769011,-1.144673,-0.006331,-0.002799,0.003562,-28.379301,16.078818,-135.359428
88993.0,2025-12-15T16:57:45.674944,6.509184,0.392962,0.034124,0.270465,-0.878217,1.528651,-4.696126,-1.079700,0.000266,-0.000673,0.003932,-27.766281,15.813209,-135.719214
89030.0,2025-12-15T16:57:45.732051,6.566292,0.394214,0.033130,0.260585,-0.880677,1.481178,-4.525739,-0.998865,-0.000458,-0.000932,0.003229,-26.664158,15.296008,-135.416225
89075.0,2025-12-15T16:57:45.732051,6.566292,0.390853,0.034117,0.254973,-0.883776,1.385296,-4.438298,-0.939293,-0.004623,-0.001794,0.002255,-26.044081,15.047357,-135.783978
89108.0,2025-12-15T16:57:45.794712,6.628952,0.392128,0.032997,0.244324,-0.886258,1.339722,-4.254768,-0.848554,0.000768,-0.000401,0.004427,-24.869670,14.483482,-135.475549
89150.0,2025-12-15T16:57:45.844386,6.678627,0.393437,0.031720,0.232920,-0.888791,1.269583,-4.062996,-0.746954,-0.001180,-0.001695,0.004143,-23.625307,13.866634,-135.159098
89197.0,2025-12-15T16:57:45.856417,6.690658,0.389922,0.033754,0.225557,-0.892158,1.169024,-3.944060,-0.716958,-0.003246,-0.001182,0.004078,-22.773392,13.658020,-135.547311
89241.0,2025-12-15T16:57:45.914626,6.748867,0.390998,0.032517,0.215092,-0.894315,1.106739,-3.760560,-0.605705,0.001847,0.000534,0.003265,-21.645685,13.082935,-135.281326
89275.0,2025-12-15T16:57:45.975755,6.809995,0.387496,0.034689,0.207596,-0.897523,1.005413,-3.658119,-0.568545,-0.004123,-0.001451,0.003865,-20.775414,12.894370,-135.669815
89319.0,2025-12-15T16:57:45.975755,6.809995,0.388564,0.033174,0.196301,-0.899657,0.941803,-3.436352,-0.476909,0.000905,0.000496,0.003202,-19.576195,12.253719,-135.402574
89364.0,2025-12-15T16:57:46.035852,6.870092,0.384159,0.035021,0.189287,-0.902976,0.827366,-3.326576,-0.434228,-0.002786,-0.001488,0.003040,-18.785436,12.044875,-135.906269
89401.0,2025-12-15T16:57:46.092395,6.926635,0.385151,0.033319,0.178129,-0.904886,0.808361,-3.146997,-0.380532,-0.002017,-0.001939,0.003809,-17.618001,11.391536,-135.658402
89444.0,2025-12-15T16:57:46.092395,6.926635,0.386031,0.031551,0.167386,-0.906624,0.730589,-2.919470,-0.272142,-0.005814,-0.002845,0.002401,-16.507124,10.745260,-135.435535
89490.0,2025-12-15T16:57:46.146407,6.980648,0.381984,0.033845,0.160221,-0.909545,0.652707,-2.837660,-0.270527,0.001189,0.000110,0.004434,-15.676936,10.601120,-135.901359
89523.0,2025-12-15T16:57:46.215369,7.049609,0.382885,0.031746,0.148093,-0.911296,0.574655,-2.577393,-0.193197,0.002188,0.000061,0.004145,-14.435228,9.861378,-135.672037
89572.0,2025-12-15T16:57:46.276682,7.110922,0.378577,0.033776,0.141852,-0.914011,0.506825,-2.510291,-0.189222,-0.001567,-0.000747,0.004079,-13.718498,9.738238,-136.176252
89609.0,2025-12-15T16:57:46.276682,7.110922,0.379385,0.031440,0.129517,-0.915590,0.440046,-2.257519,-0.113352,0.004816,0.002312,0.004062,-12.471337,8.965809,-135.967211
89651.0,2025-12-15T16:57:46.331906,7.166147,0.380059,0.029065,0.118534,-0.916875,0.397759,-2.039223,-0.080888,-0.008869,-0.004162,0.002465,-11.379554,8.244467,-135.793340
89689.0,2025-12-15T16:57:46.390303,7.224543,0.375468,0.031861,0.111318,-0.919574,0.303682,-1.938170,-0.057128,0.006833,0.001387,0.004457,-10.524758,8.174581,-136.333164
89733.0,2025-12-15T16:57:46.390303,7.224543,0.376052,0.029084,0.100253,-0.920700,0.253621,-1.707678,-0.010793,-0.005179,-0.002007,0.002564,-9.445061,7.409283,-136.178655
89771.0,2025-12-15T16:57:46.445811,7.280052,0.371450,0.032037,0.092922,-0.923236,0.150591,-1.614971,0.009853,0.000560,-0.001269,0.004478,-8.569406,7.364802,-136.719232
89807.0,2025-12-15T16:57:46.515012,7.349252,0.371982,0.028675,0.081568,-0.924204,0.123805,-1.370137,0.038961,0.001213,-0.000280,0.004161,-7.485948,6.527923,-136.579029
89852.0,2025-12-15T16:57:46.515012,7.349252,0.372477,0.025402,0.070453,-0.925014,0.114814,-1.159423,0.055469,-0.002609,-0.001630,0.004880,-6.429034,5.709144,-136.454374
89887.0,2025-12-15T16:57:46.573721,7.407962,0.367134,0.029060,0.062567,-0.927606,-0.035231,-1.021662,0.071884,0.001284,-0.001977,0.004252,-5.463616,5.730747,-137.087688
89929.0,2025-12-15T16:57:46.634140,7.468381,0.367519,0.024613,0.051745,-0.928249,-0.010241,-0.796961,0.091358,-0.000999,-0.001261,0.004106,-4.487845,4.802961,-136.988435
89972.0,2025-12-15T16:57:46.634140,7.468381,0.362155,0.028380,0.044793,-0.930609,-0.144579,-0.698148,0.096604,0.004075,0.000538,0.004069,-3.614483,4.891256,-137.626533
90004.0,2025-12-15T16:57:46.694096,7.528337,0.362418,0.021883,0.034767,-0.931110,-0.093015,-0.457774,0.065393,-0.001112,-0.002231,0.003260,-2.807918,3.781501,-137.557576
90050.0,2025-12-15T16:57:46.754301,7.588542,0.362631,0.015703,0.024653,-0.931474,-0.042861,-0.234247,0.060973,0.000790,-0.000526,0.003059,-1.981489,2.701536,-137.503984
90093.0,2025-12-15T16:57:46.754301,7.588542,0.356898,0.020492,0.016874,-0.933766,-0.200662,-0.107238,0.096134,-0.002782,-0.001714,0.003008,-0.968755,2.883997,-138.189362
90133.0,2025-12-15T16:57:46.814737,7.648977,0.356922,0.008506,0.014274,-0.933986,0.014483,0.009529,0.086028,0.001203,0.000420,0.004605,-1.180337,1.494336,-138.186809
90177.0,2025-12-15T16:57:46.873569,7.707809,0.351434,0.012965,0.008508,-0.936084,-0.110663,0.088443,0.084455,-0.001020,-0.001455,0.003398,-0.390663,1.733571,-138.850627
90213.0,2025-12-15T16:57:46.873569,7.707809,0.351304,0.006495,0.018742,-0.936051,0.077506,-0.059747,0.095061,0.002429,-0.001127,0.003894,-1.749687,1.451264,-138.879507
90248.0,2025-12-15T16:57:46.929245,7.763485,0.351579,0.013070,0.008958,-0.936024,-0.106717,0.075103,0.096646,-0.000710,-0.001047,0.004016,-0.434531,1.763089,-138.833446
90294.0,2025-12-15T16:57:46.994789,7.829030,0.345100,0.017926,0.002147,-0.938392,-0.236582,0.163100,0.088870,-0.002338,-0.001843,0.004048,0.478303,2.012969,-139.608890
90338.0,2025-12-15T16:57:46.995528,7.829768,0.345000,0.011107,0.012413,-0.938455,-0.041889,0.030105,0.097861,0.000509,-0.001221,0.004055,-0.896232,1.685379,-139.643772
90383.0,2025-12-15T16:57:47.047130,7.881371,0.339235,0.015441,0.006640,-0.940552,-0.156329,0.103818,0.084851,-0.001194,-0.001071,0.003260,-0.115457,1.922716,-140.335617
90418.0,2025-12-15T16:57:47.114414,7.948655,0.339091,0.007590,0.016726,-0.940574,0.051401,-0.033843,0.093141,-0.000819,-0.000220,0.003055,-1.508531,1.468141,-140.369315
90464.0,2025-12-15T16:57:47.177000,8.011240,0.339354,0.015052,0.007596,-0.940508,-0.143332,0.084763,0.096471,-0.000732,-0.000818,0.003805,-0.233425,1.917892,-140.322968
90501.0,2025-12-15T16:57:47.177000,8.011240,0.333137,0.019604,0.001407,-0.942674,-0.263332,0.177180,0.094663,0.001714,-0.000971,0.003996,0.596808,2.171855,-141.062316
90541.0,2025-12-15T16:57:47.233880,8.068120,0.333038,0.012164,0.010578,-0.942775,-0.074821,0.045523,0.110848,-0.000093,-0.001804,0.003245,-0.678867,1.718010,-141.098338
90584.0,2025-12-15T16:57:47.235904,8.070144,0.326734,0.017180,0.003999,-0.944952,-0.196673,0.134588,0.112296,0.001074,-0.000385,0.003051,0.210393,2.010473,-141.848834
90623.0,2025-12-15T16:57:47.294374,8.128615,0.326609,0.010157,0.013849,-0.945003,-0.008561,0.005628,0.073745,-0.004261,-0.002462,0.003006,-1.120050,1.618485,-141.883759
90662.0,2025-12-15T16:57:47.355474,8.189714,0.326499,-0.001286,0.018062,-0.945024,0.235563,-0.005611,0.075863,0.005669,0.001041,0.004605,-2.004576,0.536519,-141.890010
90708.0,2025-12-15T16:57:47.415006,8.249246,0.320451,0.004206,0.011258,-0.947189,0.091953,0.080860,0.111379,0.001613,-0.000534,0.004186,-1.067738,0.869955,-142.624848
90746.0,2025-12-15T16:57:47.416372,8.250612,0.320584,0.015482,0.014632,-0.946981,-0.082823,-0.058103,0.081154,0.003067,-0.000101,0.004090,-1.019828,2.218157,-142.614466
90787.0,2025-12-15T16:57:47.474896,8.309137,0.313948,0.019898,0.008320,-0.949195,-0.223601,0.040230,0.072215,0.000189,-0.000802,0.004065,-0.189326,2.464390,-143.400601
90831.0,2025-12-15T16:57:47.534011,8.368252,0.313824,0.008833,0.014554,-0.949329,0.028658,-0.007259,0.092881,-0.005345,-0.002586,0.002440,-1.266104,1.484471,-143.431274
90877.0,2025-12-15T16:57:47.534011,8.368252,0.307653,0.013365,0.007983,-0.951371,-0.116111,0.106612,0.100070,-0.007451,-0.003008,0.002853,-0.399301,1.738701,-144.165847
90913.0,2025-12-15T16:57:47.595051,8.429291,0.307516,0.006477,0.018650,-0.951338,0.104718,-0.086785,0.080394,0.004197,0.000946,0.003771,-1.805733,1.363385,-144.195036
90950.0,2025-12-15T16:57:47.655457,8.489697,0.307803,0.013734,0.008748,-0.951311,-0.089801,0.063865,0.084876,-0.000309,-0.000539,0.003987,-0.469411,1.806068,-144.148671
91000.0,2025-12-15T16:57:47.656396,8.490637,0.301572,0.018002,0.002971,-0.953269,-0.206104,0.145982,0.093372,-0.002198,-0.000899,0.003242,0.297736,2.069643,-144.884477
91035.0,2025-12-15T16:57:47.708623,8.542864,0.301435,0.010711,0.012909,-0.953339,-0.020824,0.014649,0.094638,-0.003481,-0.002598,0.002249,-1.040750,1.616191,-144.922008
91073.0,2025-12-15T16:57:47.774568,8.608808,0.294986,0.015310,0.006520,-0.955357,-0.133022,0.106170,0.092932,-0.004600,-0.002211,0.002809,-0.196407,1.896807,-145.684944
91117.0,2025-12-15T16:57:47.774568,8.608808,0.294874,0.007682,0.016340,-0.955366,0.058070,-0.041248,0.082862,0.008078,0.001123,0.004567,-1.529904,1.393228,-145.712888
91161.0,2025-12-15T16:57:47.834530,8.668770,0.295153,0.015622,0.005790,-0.955305,-0.137713,0.098700,0.084121,0.000513,-0.000523,0.003357,-0.105531,1.906310,-145.663416
91203.0,2025-12-15T16:57:47.893487,8.727728,0.288785,0.020499,-0.001750,-0.957173,-0.269420,0.215532,0.100991,-0.002015,-0.001703,0.004691,0.870944,2.191052,-146.405562
91241.0,2025-12-15T16:57:47.897063,8.731303,0.288708,0.013876,0.008173,-0.957282,-0.096527,0.079146,0.119468,-0.006609,-0.003582,0.004217,-0.437638,1.792850,-146.441105
91283.0,2025-12-15T16:57:47.954186,8.788426,0.281967,0.018163,0.002295,-0.959249,-0.201675,0.155013,0.097087,-0.001350,-0.001649,0.004096,0.334816,2.071150,-147.232986
91323.0,2025-12-15T16:57:48.013933,8.848174,0.281874,0.011509,0.012583,-0.959300,-0.028529,0.024507,0.076512,0.002358,-0.001174,0.004871,-1.012010,1.671848,-147.265761
91368.0,2025-12-15T16:57:48.073419,8.907660,0.281852,-0.000249,0.011086,-0.959394,0.199039,0.086413,0.100404,0.001662,-0.000261,0.004262,-1.226959,0.330693,-147.259959
91409.0,2025-12-15T16:57:48.132815,8.967056,0.276105,0.005200,0.004150,-0.961104,0.057725,0.196269,0.090047,0.001487,-0.000032,0.003312,-0.292565,0.703980,-147.945280
91444.0,2025-12-15T16:57:48.132815,8.967056,0.276100,0.012270,0.014693,-0.960938,-0.013112,-0.044416,0.109527,-0.005042,-0.001594,0.003068,-1.230478,1.816309,-147.958318
91486.0,2025-12-15T16:57:48.193325,9.027565,0.269826,0.017213,0.007478,-0.962726,-0.158585,0.071429,0.102938,-0.000958,-0.001160,0.003815,-0.292952,2.130665,-148.691928
91530.0,2025-12-15T16:57:48.193325,9.027565,0.269712,0.008544,0.015420,-0.962780,0.049915,-0.025879,0.084078,0.002419,-0.000259,0.003996,-1.437749,1.419406,-148.718592
91564.0,2025-12-15T16:57:48.255952,9.090192,0.269995,0.016445,0.005234,-0.962707,-0.138699,0.101776,0.095553,0.004101,0.000786,0.004043,-0.068658,1.976485,-148.668439
91610.0,2025-12-15T16:57:48.309224,9.143465,0.262899,0.020864,-0.000812,-0.964597,-0.259085,0.205543,0.066734,-0.002788,-0.001396,0.004054,0.718935,2.282317,-149.494555
91654.0,2025-12-15T16:57:48.309224,9.143465,0.262811,0.013882,0.008820,-0.964707,-0.066940,0.052091,0.111785,-0.002024,-0.000317,0.004056,-0.557278,1.800556,-149.530656
91692.0,2025-12-15T16:57:48.375060,9.209300,0.255908,0.018686,0.002435,-0.966518,-0.201122,0.167451,0.104353,-0.001829,-0.000853,0.004057,0.278476,2.141467,-150.334674
91732.0,2025-12-15T16:57:48.430593,9.264833,0.255800,0.011491,0.012361,-0.966582,-0.006772,0.003931,0.124155,0.000631,-0.000175,0.004057,-1.032742,1.635319,-150.368439
91774.0,2025-12-15T16:57:48.436405,9.270645,0.248890,0.015954,0.006354,-0.968379,-0.129920,0.101558,0.140441,0.004453,-0.000008,0.005667,-0.250214,1.951971,-151.176196
91814.0,2025-12-15T16:57:48.493490,9.327730,0.248782,0.008416,0.015822,-0.968394,0.067236,-0.051852,0.100624,-0.000227,-0.001571,0.004456,-1.516423,1.385088,-151.202756
91854.0,2025-12-15T16:57:48.555876,9.390116,0.249052,0.015723,0.006519,-0.968340,-0.118746,0.090053,0.090567,0.001807,-0.001159,0.004158,-0.274860,1.931067,-151.157487
91899.0,2025-12-15T16:57:48.555876,9.390116,0.242572,0.020370,-0.000494,-0.969919,-0.245794,0.205286,0.089129,-0.003259,-0.001852,0.004082,0.621634,2.250822,-151.905000
91935.0,2025-12-15T16:57:48.613268,9.447509,0.242487,0.013154,0.009819,-0.970016,-0.057520,0.048315,0.124079,0.003551,0.001213,0.004874,-0.726307,1.735231,-151.940400
91972.0,2025-12-15T16:57:48.674117,9.508358,0.242339,0.006553,0.019996,-0.969963,0.133144,-0.125992,0.103367,0.003557,0.001136,0.003454,-2.041495,1.283742,-151.967284
92019.0,2025-12-15T16:57:48.674117,9.508358,0.235227,0.011367,0.013644,-0.971778,0.011712,-0.047106,0.115570,-0.001327,-0.001326,0.003915,-1.213588,1.633804,-152.802927
92063.0,2025-12-15T16:57:48.732250,9.566491,0.235196,-0.000255,0.011565,-0.971879,0.204430,0.089027,0.118686,-0.002453,-0.001097,0.004021,-1.294928,0.283282,-152.795027
92101.0,2025-12-15T16:57:48.789578,9.623819,0.227937,0.004995,0.005289,-0.973649,0.094516,0.167799,0.098288,-0.001117,-0.001038,0.004049,-0.459657,0.695436,-153.650789
92145.0,2025-12-15T16:57:48.855253,9.689493,0.227966,0.013325,0.013574,-0.973483,-0.025006,-0.037623,0.086673,0.003973,-0.000228,0.003258,-1.166835,1.841407,-153.659206
92186.0,2025-12-15T16:57:48.855653,9.689893,0.221288,0.017894,0.007057,-0.975019,-0.146524,0.090765,0.091960,-0.001919,-0.000821,0.003059,-0.334951,2.178784,-154.432160
92221.0,2025-12-15T16:57:48.910146,9.744387,0.221186,0.007268,0.014048,-0.975103,0.096582,-0.037463,0.099522,-0.001804,-0.000972,0.003819,-1.385891,1.168295,-154.453431
92266.0,2025-12-15T16:57:48.973206,9.807446,0.221406,0.018464,0.010524,-0.974950,-0.147453,0.010890,0.110495,-0.003370,-0.001805,0.003200,-0.707863,2.330504,-154.425270
92303.0,2025-12-15T16:57:48.973206,9.807446,0.214126,0.022723,0.004521,-0.976531,-0.239814,0.089705,0.114828,-0.005386,-0.002017,0.003042,0.051733,2.654600,-155.263559
92343.0,2025-12-15T16:57:49.032583,9.866824,0.214022,0.012775,0.011624,-0.976676,-0.027376,0.011898,0.106897,0.004593,0.000346,0.003809,-0.988124,1.715069,-155.294759
92384.0,2025-12-15T16:57:49.032583,9.866824,0.207016,0.017361,0.004969,-0.978171,-0.135789,0.113657,0.084857,-0.000983,-0.001479,0.003995,-0.145206,2.064372,-156.103544
92423.0,2025-12-15T16:57:49.093513,9.927754,0.206899,0.010266,0.014326,-0.978204,0.043711,-0.038669,0.093835,0.004807,0.000459,0.004042,-1.363003,1.490563,-156.132583
92462.0,2025-12-15T16:57:49.155816,9.990056,0.207144,0.018077,0.005581,-0.978128,-0.148777,0.108018,0.085262,-0.006499,-0.003042,0.002458,-0.196616,2.159182,-156.089329
92504.0,2025-12-15T16:57:49.157028,9.991268,0.199474,0.022388,-0.000728,-0.979647,-0.245454,0.194260,0.116753,0.005928,0.001705,0.005276,0.594066,2.497434,-156.968776
92543.0,2025-12-15T16:57:49.206880,10.041121,0.199366,0.015076,0.008580,-0.979772,-0.074264,0.061400,0.100753,-0.003010,-0.001128,0.003568,-0.619247,1.888952,-157.006915
92585.0,2025-12-15T16:57:49.272078,10.106318,0.192320,0.019632,0.001599,-0.981135,-0.192417,0.161516,0.112837,0.003497,0.001343,0.004731,0.253104,2.243049,-157.814302
92625.0,2025-12-15T16:57:49.331671,10.165911,0.192204,0.012024,0.012195,-0.981206,-0.008402,0.006222,0.102147,-0.001351,-0.000467,0.004215,-1.106813,1.620763,-157.849543
92670.0,2025-12-15T16:57:49.331671,10.165911,0.192456,0.018363,0.002213,-0.981131,-0.150860,0.157495,0.095962,0.000728,-0.000084,0.003300,0.156225,2.113821,-157.800992
92705.0,2025-12-15T16:57:49.391371,10.225611,0.184633,0.022975,-0.003963,-0.982531,-0.275189,0.283583,0.079350,-0.001176,0.000827,0.004690,0.933216,2.503716,-158.694229
92749.0,2025-12-15T16:57:49.453105,10.287346,0.184520,0.015862,0.006474,-0.982679,-0.081646,0.080792,0.110292,-0.001626,-0.001386,0.003400,-0.393865,1.923423,-158.737202
92795.0,2025-12-15T16:57:49.454882,10.289123,0.177243,0.020184,0.000572,-0.983960,-0.192487,0.202794,0.076890,-0.001732,-0.000316,0.003095,0.345754,2.288016,-159.570436
92827.0,2025-12-15T16:57:49.508401,10.342642,0.177101,0.013378,0.010384,-0.984047,-0.020908,0.019523,0.109116,-0.004151,-0.002438,0.002220,-0.899918,1.719599,-159.608633
92870.0,2025-12-15T16:57:49.571939,10.406180,0.176964,0.006544,0.020914,-0.983973,0.149896,-0.161535,0.095301,0.004145,0.001883,0.004428,-2.226463,1.162064,-159.631667
92912.0,2025-12-15T16:57:49.575358,10.409599,0.169787,0.011358,0.014401,-0.985310,0.030337,-0.062905,0.086641,-0.004347,-0.001920,0.003343,-1.405725,1.562805,-160.465022
92947.0,2025-12-15T16:57:49.638868,10.473108,0.170066,0.015372,0.003199,-0.985308,-0.085366,0.149183,0.092053,0.003165,-0.000449,0.004675,-0.061610,1.798199,-160.415207
92993.0,2025-12-15T16:57:49.688885,10.523126,0.162921,0.020568,-0.004385,-0.986415,-0.211417,0.284664,0.070709,-0.003807,-0.002498,0.002591,0.880379,2.243561,-161.225657
93037.0,2025-12-15T16:57:49.688885,10.523126,0.162832,0.015134,0.006070,-0.986519,-0.071409,0.093859,0.088932,0.003303,0.001001,0.004486,-0.403966,1.824416,-161.261351
93074.0,2025-12-15T16:57:49.755011,10.589252,0.162690,0.009560,0.017382,-0.986478,0.069534,-0.099391,0.120269,-0.002166,-0.001343,0.003351,-1.787492,1.404916,-161.292113
93118.0,2025-12-15T16:57:49.814036,10.648277,0.155400,0.013832,0.011663,-0.987686,-0.026401,-0.012658,0.093592,-0.001072,-0.001101,0.003879,-1.074245,1.773516,-162.133647
93153.0,2025-12-15T16:57:49.816059,10.650299,0.155406,0.002413,0.007747,-0.987817,0.182381,0.096197,0.076764,0.000809,0.000563,0.003212,-0.833984,0.411150,-162.121735
93192.0,2025-12-15T16:57:49.873056,10.707296,0.147967,0.007221,0.001963,-0.988964,0.079942,0.180158,0.096910,0.000475,0.000175,0.003844,-0.100013,0.851666,-162.981981
93233.0,2025-12-15T16:57:49.932820,10.767060,0.147962,0.012673,0.012423,-0.988834,-0.005147,-0.012687,0.111384,0.000391,0.000078,0.004003,-1.193436,1.646861,-162.996813
93272.0,2025-12-15T16:57:49.932820,10.767060,0.148215,0.014241,0.000763,-0.988852,-0.053657,0.181254,0.120163,-0.001223,-0.001539,0.004044,0.155492,1.626890,-162.949025
93313.0,2025-12-15T16:57:49.994501,10.828742,0.140204,0.018531,-0.004942,-0.989937,-0.164494,0.296474,0.088124,0.001570,-0.001149,0.003253,0.858946,2.023091,-163.862591
93350.0,2025-12-15T16:57:50.055083,10.889324,0.140121,0.014006,0.006437,-0.990014,-0.054393,0.093622,0.111942,-0.001751,-0.001052,0.004663,-0.505546,1.692547,-163.895855
93395.0,2025-12-15T16:57:50.055900,10.890140,0.131777,0.018492,0.000330,-0.991107,-0.130384,0.179324,0.104356,0.011196,0.002212,0.005012,0.241875,2.105648,-164.848307
93434.0,2025-12-15T16:57:50.111048,10.945288,0.131658,0.012862,0.010768,-0.991153,-0.010721,0.013413,0.103374,-0.002483,-0.001798,0.003501,-1.029425,1.623464,-164.881599
93474.0,2025-12-15T16:57:50.172842,11.007082,0.131804,0.005636,-0.000137,-0.991260,0.108270,0.223400,0.123340,-0.000301,-0.001202,0.003111,0.100691,0.638174,-164.851452
93521.0,2025-12-15T16:57:50.172842,11.007082,0.123412,0.011093,-0.007072,-0.992268,-0.009046,0.370532,0.103770,0.001020,-0.000248,0.004648,0.961259,1.161400,-165.810901
93564.0,2025-12-15T16:57:50.230824,11.065065,0.123313,0.012467,0.006152,-0.992270,-0.001207,0.081419,0.138575,-0.005214,-0.001660,0.002557,-0.523541,1.504718,-165.838805
93604.0,2025-12-15T16:57:50.292313,11.126553,0.115157,0.017143,-0.000580,-0.993199,-0.117057,0.222308,0.130778,0.003025,-0.000371,0.004496,0.292350,1.943835,-166.767773
93648.0,2025-12-15T16:57:50.355606,11.189847,0.115038,0.013026,0.011588,-0.993208,-0.000225,-0.001133,0.083973,0.002618,-0.000053,0.004160,-1.147743,1.635513,-166.802724
93685.0,2025-12-15T16:57:50.355606,11.189847,0.107384,0.017277,0.005825,-0.994050,-0.072154,0.030603,0.096662,-0.011031,-0.003966,0.003286,-0.451173,2.040160,-167.676923
93724.0,2025-12-15T16:57:50.413002,11.247243,0.107265,0.010510,0.015274,-0.994058,0.040574,-0.046396,0.102743,0.011058,0.003823,0.004661,-1.611388,1.385041,-167.702013
93768.0,2025-12-15T16:57:50.474673,11.308913,0.107570,0.016788,0.004404,-0.994046,-0.081603,0.110328,0.095519,0.011831,0.003383,0.005010,-0.294914,1.966944,-167.652638
93814.0,2025-12-15T16:57:50.476313,11.310553,0.099589,0.021072,-0.001481,-0.994804,-0.190208,0.256177,0.096230,0.005641,0.001683,0.003500,0.409609,2.385944,-168.557862
93845.0,2025-12-15T16:57:50.533529,11.367769,0.099527,0.012026,0.007754,-0.994932,0.030469,-0.027303,0.062222,-0.006512,-0.002004,0.004738,-0.747191,1.459726,-168.584477
93893.0,2025-12-15T16:57:50.588906,11.423146,0.091735,0.016634,0.001518,-0.995643,-0.082514,0.212021,0.080337,-0.015728,-0.005258,0.001833,0.001683,1.914163,-169.471596
93930.0,2025-12-15T16:57:50.588906,11.423146,0.091609,0.011299,0.012285,-0.995655,0.051338,-0.085038,0.086457,-0.010866,-0.004479,0.002699,-1.283559,1.418283,-169.502079
93973.0,2025-12-15T16:57:50.654922,11.489163,0.091867,0.024366,0.013829,-0.995377,-0.222538,-0.046950,0.130782,0.018964,0.006335,0.007005,-1.322677,2.926110,-169.487640
94015.0,2025-12-15T16:57:50.713197,11.547437,0.084207,0.028171,0.007351,-0.996023,-0.281631,-0.040812,0.101168,-0.011624,-0.004723,0.003214,-0.568076,3.287998,-170.351336
94051.0,2025-12-15T16:57:50.713197,11.547437,0.084251,0.016616,0.007848,-0.996275,-0.054778,0.009718,0.107453,0.027634,0.008410,0.007830,-0.735951,1.973160,-170.345143
94092.0,2025-12-15T16:57:50.772227,11.606467,0.076250,0.020933,0.001456,-0.996868,-0.171737,0.182473,0.090942,-0.024848,-0.008272,0.000996,0.016587,2.404711,-171.251603
94130.0,2025-12-15T16:57:50.829603,11.663843,0.076174,0.013683,0.010009,-0.996950,0.005269,-0.003133,0.079169,0.021731,0.007455,0.006453,-1.024522,1.650816,-171.276123
94169.0,2025-12-15T16:57:50.829603,11.663843,0.076024,0.010770,0.021307,-0.996820,0.037973,-0.115371,0.117819,0.000232,-0.000455,0.002283,-2.341401,1.416000,-171.306274
94213.0,2025-12-15T16:57:50.891281,11.725522,0.067739,0.015734,0.013950,-0.997481,-0.018980,-0.138986,0.095951,0.026328,0.008050,0.006885,-1.473392,1.907103,-172.254516
94250.0,2025-12-15T16:57:50.946538,11.780778,0.067664,0.004158,0.012499,-0.997621,0.177798,0.033048,0.114313,-0.008882,-0.003467,0.002398,-1.396815,0.572262,-172.246687
94294.0,2025-12-15T16:57:50.946538,11.780778,0.059680,0.009756,0.004824,-0.998158,0.070172,0.034285,0.099789,0.001436,0.000844,0.003666,-0.485151,1.148914,-173.161622
94334.0,2025-12-15T16:57:51.014709,11.848949,0.059689,0.015722,0.014848,-0.997983,-0.029686,-0.051114,0.120281,0.010195,0.002637,0.004755,-1.591590,1.899923,-173.180846
94372.0,2025-12-15T16:57:51.063457,11.897698,0.059871,0.012326,0.003887,-0.998123,0.017486,0.061399,0.114268,-0.018659,-0.005672,0.001844,-0.360111,1.436567,-173.139100
94417.0,2025-12-15T16:57:51.063457,11.897698,0.052175,0.017279,-0.003282,-0.998483,-0.095451,0.272062,0.110470,0.024984,0.006554,0.006679,0.479075,1.957829,-174.009398
94452.0,2025-12-15T16:57:51.133085,11.967326,0.051997,0.014400,0.009270,-0.998500,-0.000855,0.003118,0.117984,-0.023474,-0.007239,0.000664,-0.975310,1.703140,-174.052535
94494.0,2025-12-15T16:57:51.188794,12.023035,0.044249,0.019006,0.002071,-0.998838,-0.110238,0.121717,0.115472,0.022104,0.005342,0.006372,-0.140799,2.186485,-174.929518
94530.0,2025-12-15T16:57:51.188794,12.023035,0.044081,0.012921,0.012500,-0.998866,0.008781,-0.017739,0.121781,-0.017190,-0.006565,0.001463,-1.366125,1.542304,-174.964610
94571.0,2025-12-15T16:57:51.255838,12.090079,0.044360,0.015915,0.000893,-0.998888,-0.037357,0.118253,0.112066,0.011838,0.002352,0.004992,-0.021377,1.826553,-174.914721
94612.0,2025-12-15T16:57:51.312470,12.146711,0.035070,0.020885,-0.006417,-0.999146,-0.159920,0.375958,0.101276,-0.001879,-0.001872,0.002639,0.819309,2.366088,-175.962602
94653.0,2025-12-15T16:57:51.374580,12.208820,0.034965,0.015378,0.004183,-0.999261,-0.029093,0.049849,0.086422,-0.007371,-0.003624,0.003699,-0.417563,1.777955,-175.998433
94694.0,2025-12-15T16:57:51.374580,12.208820,0.026288,0.019535,-0.001397,-0.999462,-0.108493,0.250862,0.112412,0.013567,0.003906,0.005562,0.219003,2.233753,-176.982433
94731.0,2025-12-15T16:57:51.430714,12.264954,0.026153,0.012836,0.008575,-0.999539,0.018657,-0.029966,0.135570,-0.011433,-0.004554,0.002048,-0.944053,1.496092,-177.014716
94774.0,2025-12-15T16:57:51.435968,12.270208,0.026163,0.017882,0.020211,-0.999293,-0.073242,-0.177702,0.128878,0.011423,0.002218,0.006026,-2.262909,2.108788,-177.042192
94816.0,2025-12-15T16:57:51.490588,12.324829,0.018078,0.021943,0.013825,-0.999500,-0.153885,-0.101923,0.122588,-0.013605,-0.004991,0.002160,-1.539683,2.542702,-177.961733
94856.0,2025-12-15T16:57:51.555884,12.390125,0.018114,0.010992,0.009435,-0.999731,0.049878,0.025727,0.124532,0.015156,0.004349,0.005171,-1.058348,1.278968,-177.935827
94899.0,2025-12-15T16:57:51.555884,12.390125,0.009744,0.015223,0.004183,-0.999828,-0.021183,0.092831,0.120527,-0.014209,-0.004440,0.002746,-0.462486,1.749102,-178.890284
94933.0,2025-12-15T16:57:51.605749,12.439989,0.009659,0.010900,0.015318,-0.999777,0.070694,-0.179505,0.090288,0.006370,0.002140,0.005335,-1.743531,1.265805,-178.912169
94974.0,2025-12-15T16:57:51.673968,12.508208,0.009908,0.017038,0.005512,-0.999791,-0.061935,0.093471,0.117118,-0.012475,-0.005008,0.001987,-0.612562,1.958690,-178.874892
95013.0,2025-12-15T16:57:51.675986,12.510226,0.001411,0.021118,-0.000199,-0.999776,-0.139929,0.128994,0.109655,-0.006063,-0.002026,0.002738,0.026242,2.420098,-179.837714
95052.0,2025-12-15T16:57:51.732733,12.566974,0.001306,0.014646,0.009535,-0.999846,-0.008160,0.011872,0.101165,0.005913,0.001116,0.005318,-1.090827,1.679756,-179.866255
95093.0,2025-12-15T16:57:51.786780,12.621020,-0.007139,0.018720,0.004124,-0.999791,-0.090262,0.063444,0.093351,-0.007801,-0.003669,0.003578,-0.488103,2.141815,179.172596
95130.0,2025-12-15T16:57:51.786780,12.621020,-0.007237,0.011083,0.013304,-0.999824,0.067697,-0.083240,0.103153,0.007153,0.001529,0.005541,-1.533997,1.258896,179.153684
95171.0,2025-12-15T16:57:51.855270,12.689510,-0.006972,0.017983,0.003345,-0.999808,-0.078699,0.112826,0.096486,-0.008442,-0.003617,0.002810,-0.397808,2.058105,179.193831
95212.0,2025-12-15T16:57:51.905648,12.739889,-0.015941,0.022292,-0.002567,-0.999621,-0.153380,0.208637,0.142029,0.008672,0.003174,0.005362,0.253560,2.559071,178.178455
95256.0,2025-12-15T16:57:51.905648,12.739889,-0.016090,0.014086,0.007991,-0.999739,-0.001213,-0.002375,0.139001,-0.007536,-0.003323,0.002722,-0.941895,1.599143,178.142753
95297.0,2025-12-15T16:57:51.973930,12.808170,-0.024931,0.018220,0.002218,-0.999521,-0.071755,0.116647,0.119113,0.006334,0.002381,0.003720,-0.306333,2.080936,177.136830
95340.0,2025-12-15T16:57:52.035636,12.869876,-0.025099,0.012647,0.012722,-0.999524,0.034233,-0.071850,0.118700,-0.005296,-0.002550,0.001583,-1.494160,1.412058,177.104649
95374.0,2025-12-15T16:57:52.035636,12.869876,-0.024830,0.016280,0.001459,-0.999558,-0.037855,0.124485,0.109172,0.002915,0.000186,0.004229,-0.213588,1.860954,177.150558
95416.0,2025-12-15T16:57:52.089313,12.923554,-0.033477,0.020933,-0.005368,-0.999206,-0.119678,0.288045,0.112362,0.000190,0.000080,0.004099,0.534777,2.418147,176.173475
95459.0,2025-12-15T16:57:52.154448,12.988688,-0.033608,0.015680,0.005239,-0.999298,-0.024465,0.050724,0.089555,-0.002866,-0.000742,0.003271,-0.660673,1.775646,176.137346
95500.0,2025-12-15T16:57:52.154448,12.988688,-0.042473,0.019846,-0.000453,-0.998900,-0.097681,0.182853,0.083964,0.003537,0.000645,0.004657,-0.044778,2.274506,175.129614
95534.0,2025-12-15T16:57:52.211632,13.045873,-0.042591,0.013403,0.009767,-0.998955,0.022753,-0.042261,0.103489,-0.000453,0.000194,0.004206,-1.183904,1.486764,175.101967
95570.0,2025-12-15T16:57:52.274041,13.108282,-0.042318,0.020908,0.000149,-0.998885,-0.116346,0.161211,0.088297,0.000162,-0.000722,0.003290,-0.118529,2.393182,175.145727
95617.0,2025-12-15T16:57:52.274041,13.108282,-0.052280,0.024829,-0.005439,-0.998309,-0.181669,0.277920,0.114390,-0.002114,-0.000139,0.003873,0.474085,2.874137,174.016356
95660.0,2025-12-15T16:57:52.331229,13.165469,-0.052410,0.017923,0.004011,-0.998457,-0.055322,0.084537,0.093479,0.003719,0.000795,0.004011,-0.566976,2.026988,173.980451
95696.0,2025-12-15T16:57:52.395554,13.229794,-0.061955,0.022202,-0.001951,-0.997830,-0.130372,0.207663,0.101082,-0.001253,-0.000582,0.004046,0.065547,2.553314,172.895663
95740.0,2025-12-15T16:57:52.395554,13.229794,-0.062077,0.014759,0.008556,-0.997926,0.010066,-0.016921,0.092486,0.001610,-0.000917,0.004869,-1.083954,1.627081,172.865539
95784.0,2025-12-15T16:57:52.453775,13.288015,-0.061787,0.017504,-0.004365,-0.997926,-0.036943,0.241324,0.097211,0.000652,-0.000178,0.003427,0.375512,2.033018,172.920745
95830.0,2025-12-15T16:57:52.505260,13.339501,-0.070970,0.021583,-0.009658,-0.997198,-0.112820,0.334939,0.085841,-0.000361,-0.000011,0.003898,0.929050,2.545664,171.879000
95866.0,2025-12-15T16:57:52.570479,13.404720,-0.071113,0.017353,0.002388,-0.997314,-0.036298,0.128931,0.113572,0.001003,0.000032,0.004019,-0.414607,1.964073,171.835837
95912.0,2025-12-15T16:57:52.570479,13.404720,-0.079808,0.021663,-0.003980,-0.996567,-0.121724,0.234536,0.119871,0.000524,-0.000754,0.004048,0.256646,2.511101,170.848311
95944.0,2025-12-15T16:57:52.635181,13.469422,-0.079944,0.015419,0.006735,-0.996657,-0.011938,0.024632,0.110223,0.005250,0.000660,0.004055,-0.910898,1.699527,170.814552
95989.0,2025-12-15T16:57:52.693925,13.528166,-0.080056,0.006444,0.015508,-0.996649,0.150436,-0.174183,0.107361,0.003964,0.000193,0.004057,-1.830643,0.593730,170.805618
96031.0,2025-12-15T16:57:52.695463,13.529704,-0.089244,0.011067,0.009765,-0.995900,0.079006,-0.054496,0.108551,-0.000367,0.000081,0.004057,-1.227889,1.163161,169.746185
96066.0,2025-12-15T16:57:52.753707,13.587947,-0.088992,0.021602,0.004437,-0.995788,-0.124138,0.076517,0.095287,0.001772,0.000054,0.004057,-0.727274,2.420420,169.770890
96112.0,2025-12-15T16:57:52.806313,13.640553,-0.098179,0.025365,-0.001109,-0.994845,-0.191282,0.191956,0.109452,0.003109,-0.000750,0.004057,-0.159172,2.905344,168.723665
96149.0,2025-12-15T16:57:52.806313,13.640553,-0.098294,0.015866,0.006231,-0.995011,-0.017248,0.015914,0.120109,0.003447,0.001451,0.004057,-0.889582,1.739142,168.703003
96188.0,2025-12-15T16:57:52.875491,13.709731,-0.098402,0.007047,0.014801,-0.995012,0.140164,-0.167920,0.131642,0.001117,-0.001221,0.004057,-1.767410,0.636593,168.694291
96233.0,2025-12-15T16:57:52.931971,13.766212,-0.107982,0.012272,0.008054,-0.994044,0.049141,-0.034589,0.110662,-0.006830,-0.001885,0.003238,-1.069641,1.298307,167.588559
96277.0,2025-12-15T16:57:52.936291,13.770531,-0.107782,0.025093,0.007910,-0.993826,-0.192770,0.021545,0.122782,-0.006218,-0.003666,0.003050,-1.212220,2.761041,167.591535
96323.0,2025-12-15T16:57:52.995276,13.829517,-0.117179,0.028459,0.002463,-0.992700,-0.253114,0.118231,0.086229,0.001089,0.000700,0.003006,-0.663324,3.205950,166.517240
96355.0,2025-12-15T16:57:53.052682,13.886922,-0.117285,0.016230,0.006134,-0.992947,-0.018660,0.009530,0.087006,0.004600,0.001013,0.002995,-0.916582,1.764523,166.512921
96402.0,2025-12-15T16:57:53.052682,13.886922,-0.126699,0.020782,-0.000497,-0.991723,-0.092699,0.149268,0.126703,-0.002669,-0.002151,0.003802,-0.245494,2.369612,165.433952
96445.0,2025-12-15T16:57:53.110651,13.944891,-0.126822,0.012987,0.010053,-0.991790,0.038302,-0.069763,0.134679,0.004572,0.000355,0.004817,-1.331701,1.330059,165.410543
96484.0,2025-12-15T16:57:53.170218,14.004458,-0.126556,0.019552,0.000394,-0.991767,-0.066263,0.126199,0.149322,-0.003347,-0.001468,0.003453,-0.328593,2.216874,165.449584
96528.0,2025-12-15T16:57:53.234834,14.069074,-0.135588,0.024187,-0.006840,-0.990446,-0.132622,0.293575,0.113889,0.000281,0.000491,0.003103,0.401062,2.852591,164.419833
96571.0,2025-12-15T16:57:53.287046,14.121287,-0.135715,0.017882,0.003062,-0.990582,-0.040139,0.086151,0.097643,0.001934,0.000158,0.004612,-0.626036,1.982627,164.386660
96612.0,2025-12-15T16:57:53.287046,14.121287,-0.144199,0.022272,-0.003661,-0.989291,-0.116614,0.204346,0.097385,-0.000038,-0.000723,0.004197,0.047005,2.586221,163.415058
96645.0,2025-12-15T16:57:53.355727,14.189967,-0.144292,0.015324,0.005758,-0.989400,-0.006769,0.012387,0.089523,0.005043,0.002242,0.005686,-0.906654,1.642390,163.392181
96684.0,2025-12-15T16:57:53.355727,14.189967,-0.144377,0.015444,0.017685,-0.989244,-0.036036,-0.226434,0.075365,-0.004838,-0.001794,0.003670,-2.261620,1.458298,163.364187
96725.0,2025-12-15T16:57:53.408230,14.242470,-0.152343,0.020048,0.010438,-0.988069,-0.108807,-0.057821,0.129130,-0.000944,-0.000417,0.003960,-1.533018,2.088158,162.442030
96764.0,2025-12-15T16:57:53.474301,14.308542,-0.152268,0.009752,0.003773,-0.988284,0.111005,0.050250,0.099599,0.001651,0.000736,0.004033,-0.597540,1.038596,162.476805
96810.0,2025-12-15T16:57:53.475963,14.310204,-0.161218,0.014409,-0.001727,-0.986812,0.034845,0.142385,0.094197,-0.001703,0.000220,0.003254,-0.070933,1.661486,161.441794
96844.0,2025-12-15T16:57:53.536788,14.371029,-0.161292,0.015436,0.010961,-0.986725,-0.027462,-0.106689,0.124597,0.003123,0.000087,0.004679,-1.525377,1.542937,161.412342
96885.0,2025-12-15T16:57:53.594093,14.428333,-0.161022,0.016909,-0.000747,-0.986806,0.003134,0.123648,0.142277,0.001856,-0.000740,0.004214,-0.227714,1.926221,161.461022
96926.0,2025-12-15T16:57:53.594093,14.428333,-0.170562,0.021024,-0.005938,-0.985105,-0.062401,0.279244,0.116717,-0.010447,-0.003346,0.002499,0.259672,2.490187,160.359861
96963.0,2025-12-15T16:57:53.649385,14.483626,-0.170677,0.015691,0.004840,-0.985190,-0.003771,0.015314,0.105221,0.013011,0.004045,0.005286,-0.853693,1.677031,160.330498
97009.0,2025-12-15T16:57:53.713660,14.547901,-0.180388,0.020179,-0.001179,-0.983388,-0.068301,0.157508,0.105405,-0.010366,-0.003853,0.002733,-0.284502,2.298904,159.205308
97053.0,2025-12-15T16:57:53.713660,14.547901,-0.180496,0.014260,0.008811,-0.983433,0.013223,-0.035264,0.099859,0.009606,0.003045,0.005316,-1.288430,1.424900,159.183759
97083.0,2025-12-15T16:57:53.772099,14.606339,-0.180209,0.021110,-0.001817,-0.983400,-0.073378,0.172766,0.110089,-0.009643,-0.001683,0.002729,-0.231404,2.417122,159.226553
97131.0,2025-12-15T16:57:53.834495,14.668736,-0.189783,0.024887,-0.006994,-0.981486,-0.131901,0.291699,0.114021,-0.002162,-0.000391,0.002926,0.245722,2.952394,158.118745
97174.0,2025-12-15T16:57:53.835669,14.669909,-0.189931,0.018144,0.002689,-0.981626,-0.041802,0.091122,0.104343,-0.001071,-0.000861,0.003771,-0.697824,1.982768,158.086711
97212.0,2025-12-15T16:57:53.893412,14.727652,-0.200097,0.022296,-0.003098,-0.979518,-0.093659,0.150271,0.095729,0.001644,0.000641,0.005612,-0.163631,2.574486,156.905151
97253.0,2025-12-15T16:57:53.952445,14.786685,-0.200249,0.016353,0.007144,-0.979582,-0.004006,0.006207,0.111466,-0.001706,0.000195,0.003652,-1.177751,1.671975,156.875986
97295.0,2025-12-15T16:57:53.952445,14.786685,-0.200017,0.013976,-0.004466,-0.979683,0.049453,0.119174,0.102334,0.003027,0.001676,0.003955,0.181148,1.671545,156.924261
97332.0,2025-12-15T16:57:54.008264,14.842504,-0.209925,0.018605,-0.009527,-0.977494,0.029111,0.349522,0.094577,-0.005440,-0.001977,0.004032,0.620068,2.313793,155.771238
97370.0,2025-12-15T16:57:54.070733,14.904973,-0.210066,0.015313,0.002297,-0.977565,-0.001823,0.019874,0.090350,0.000552,-0.000449,0.003246,-0.626214,1.660308,155.735569
97417.0,2025-12-15T16:57:54.070733,14.904973,-0.220282,0.020057,-0.004187,-0.975221,-0.028570,0.208280,0.100721,0.010230,0.002387,0.006325,-0.038466,2.347764,154.542582
97461.0,2025-12-15T16:57:54.133084,14.967324,-0.220417,0.013894,0.005895,-0.975289,0.019367,-0.059993,0.103539,-0.000336,-0.000958,0.003036,-1.010089,1.404007,154.517645
97494.0,2025-12-15T16:57:54.195349,15.029589,-0.220189,0.026698,0.005309,-0.975077,-0.201531,0.055417,0.089304,0.010760,0.003870,0.004627,-1.268516,2.850341,154.518536
97544.0,2025-12-15T16:57:54.252075,15.086316,-0.229737,0.029930,-0.000060,-0.972793,-0.250172,0.155743,0.078729,-0.012966,-0.004573,0.002606,-0.782619,3.339855,153.401916
97578.0,2025-12-15T16:57:54.252075,15.086316,-0.229812,0.018770,0.003595,-0.973047,-0.049461,0.033828,0.099707,0.008161,0.002069,0.005285,-0.895771,1.998630,153.407418
97622.0,2025-12-15T16:57:54.305650,15.139890,-0.239515,0.023047,-0.003190,-0.970614,-0.099159,0.192047,0.084098,-0.003571,-0.001945,0.002702,-0.278051,2.651860,152.270049
97661.0,2025-12-15T16:57:54.305650,15.139890,-0.239610,0.014348,0.004977,-0.970750,0.017467,-0.025859,0.111991,0.005784,0.000350,0.005320,-0.947953,1.459562,152.257587
97704.0,2025-12-15T16:57:54.370810,15.205050,-0.248498,0.019030,-0.001626,-0.968444,-0.020268,0.140474,0.087830,-0.004002,-0.002310,0.002741,-0.361700,2.158630,151.210549
97741.0,2025-12-15T16:57:54.432820,15.267060,-0.248593,0.012665,0.008840,-0.968485,0.034164,-0.114038,0.096899,0.003321,0.000275,0.005345,-1.342225,1.153779,151.194459
97786.0,2025-12-15T16:57:54.491475,15.325715,-0.248322,0.021120,-0.000329,-0.968447,-0.073049,0.132410,0.080006,-0.006214,-0.003138,0.002747,-0.564948,2.353840,151.225339
97823.0,2025-12-15T16:57:54.491475,15.325715,-0.258049,0.024498,-0.005310,-0.965807,-0.129539,0.211160,0.119590,-0.002885,-0.000755,0.003728,-0.136878,2.869487,150.078253
97863.0,2025-12-15T16:57:54.553958,15.388199,-0.258189,0.017447,0.004115,-0.965928,-0.013822,0.034278,0.123224,0.004330,0.000641,0.004772,-0.972150,1.809723,150.054440
97909.0,2025-12-15T16:57:54.610614,15.444854,-0.267941,0.021836,-0.002313,-0.963185,-0.090881,0.121560,0.105704,0.000484,0.001000,0.003411,-0.415572,2.481902,148.899774
97948.0,2025-12-15T16:57:54.610614,15.444854,-0.268063,0.015783,0.007668,-0.963242,0.009609,-0.034349,0.107209,0.006766,0.001879,0.005487,-1.331806,1.506706,148.879551
97992.0,2025-12-15T16:57:54.670996,15.505237,-0.267828,0.016144,-0.003893,-0.963324,0.033590,0.141700,0.095736,-0.010765,-0.003474,0.002825,-0.065773,1.901892,148.924386
98030.0,2025-12-15T16:57:54.735689,15.569929,-0.277969,0.020566,-0.009334,-0.960325,-0.003980,0.296139,0.098998,0.009879,0.004074,0.004575,0.372427,2.561336,147.721866
98070.0,2025-12-15T16:57:54.735689,15.569929,-0.278142,0.016605,0.002434,-0.960393,-0.003553,0.041375,0.106389,-0.005362,-0.002190,0.002574,-0.797527,1.750163,147.684429
98112.0,2025-12-15T16:57:54.794518,15.628758,-0.286917,0.020879,-0.003910,-0.957720,-0.062359,0.152078,0.118247,0.003795,0.000304,0.005305,-0.257575,2.420642,146.639896
98150.0,2025-12-15T16:57:54.852946,15.687187,-0.287070,0.015498,0.007203,-0.957757,0.004200,-0.035307,0.108858,-0.002821,-0.001501,0.003558,-1.300875,1.464191,146.613162
98192.0,2025-12-15T16:57:54.857240,15.691480,-0.286824,0.015592,-0.004625,-0.957845,0.040870,0.143897,0.097489,0.001949,-0.000345,0.003931,-0.004832,1.863762,146.659565
98234.0,2025-12-15T16:57:54.912179,15.746419,-0.295402,0.019772,-0.009810,-0.955118,0.022814,0.299989,0.103399,0.002356,0.001540,0.004025,0.404750,2.496928,145.636930
98270.0,2025-12-15T16:57:54.969628,15.803869,-0.295564,0.015952,0.002249,-0.955187,-0.000841,0.015846,0.114135,0.002460,0.000402,0.003238,-0.786800,1.670147,145.601200
98317.0,2025-12-15T16:57:54.969628,15.803869,-0.305699,0.020010,-0.003044,-0.951913,-0.023735,0.175021,0.096063,-0.000771,-0.000685,0.003050,-0.369158,2.289943,144.384634
98361.0,2025-12-15T16:57:55.035247,15.869487,-0.305824,0.013397,0.006760,-0.951970,0.021859,-0.077832,0.102615,0.000077,-0.001732,0.003803,-1.207234,1.224609,144.367528
98394.0,2025-12-15T16:57:55.093326,15.927567,-0.305552,0.022242,-0.001092,-0.951915,-0.077951,0.129211,0.116826,0.001884,0.001190,0.003993,-0.660312,2.465189,144.393979
98436.0,2025-12-15T16:57:55.093326,15.927567,-0.314952,0.025786,-0.006349,-0.948736,-0.126510,0.236079,0.113963,-0.003269,-0.001275,0.003240,-0.240760,3.033943,143.264416
98475.0,2025-12-15T16:57:55.154489,15.988729,-0.315095,0.017889,0.002275,-0.948889,-0.017885,0.042780,0.108902,0.006614,0.001305,0.004647,-0.893843,1.863344,143.246168
98514.0,2025-12-15T16:57:55.212817,16.047058,-0.324461,0.021663,-0.002851,-0.945647,-0.060193,0.146378,0.110905,-0.006135,-0.002859,0.002595,-0.496939,2.454227,142.114084
98557.0,2025-12-15T16:57:55.216530,16.050770,-0.324572,0.012727,0.005522,-0.945759,0.044584,-0.083886,0.097320,0.005220,0.001753,0.004506,-1.072124,1.174048,142.105913
98601.0,2025-12-15T16:57:55.274254,16.108495,-0.324319,0.023392,0.000667,-0.945658,-0.113004,0.104445,0.080511,-0.007178,-0.003508,0.004170,-0.942537,2.510949,142.119959
98637.0,2025-12-15T16:57:55.334938,16.169178,-0.332762,0.026844,-0.005631,-0.942612,-0.146888,0.215117,0.111112,0.001818,0.000013,0.004896,-0.416029,3.115793,141.100444
98677.0,2025-12-15T16:57:55.334938,16.169178,-0.332905,0.018021,0.002165,-0.942786,-0.016181,0.027780,0.097802,0.000730,-0.000759,0.004269,-0.921938,1.864630,141.087983
98723.0,2025-12-15T16:57:55.394255,16.228495,-0.339982,0.021438,-0.003819,-0.940180,-0.081145,0.132593,0.101121,0.006829,0.000639,0.004907,-0.424185,2.459207,140.229515
98754.0,2025-12-15T16:57:55.454990,16.289231,-0.340127,0.015823,0.006413,-0.940225,0.007338,-0.044708,0.093378,0.007570,0.001788,0.004271,-1.308228,1.455030,140.208174
98801.0,2025-12-15T16:57:55.482335,16.316576,-0.339870,0.015092,-0.005399,-0.940336,0.050458,0.118326,0.089399,0.001382,-0.001109,0.004908,-0.006057,1.836818,140.256634
98842.0,2025-12-15T16:57:55.512371,16.346612,-0.348203,0.019118,-0.010329,-0.937167,0.042581,0.275724,0.096985,0.013370,0.003739,0.006662,0.346704,2.466036,139.242535
98874.0,2025-12-15T16:57:55.572643,16.406883,-0.348371,0.015390,0.002571,-0.937227,-0.004240,-0.039604,0.097872,-0.005658,-0.003203,0.003018,-0.890845,1.550381,139.207388
98925.0,2025-12-15T16:57:55.635519,16.469759,-0.356816,0.019475,-0.002885,-0.933967,-0.011790,0.141324,0.088781,0.010796,0.003210,0.004592,-0.487905,2.202818,138.172603
98958.0,2025-12-15T16:57:55.635519,16.469759,-0.356974,0.013418,0.007426,-0.933988,0.017342,-0.116326,0.106723,-0.008962,-0.002345,0.001801,-1.343993,1.132407,138.152573
99002.0,2025-12-15T16:57:55.695524,16.529764,-0.356648,0.019921,-0.004377,-0.934016,-0.019931,0.144155,0.080640,0.010508,0.002773,0.005176,-0.345995,2.311622,138.194998
99048.0,2025-12-15T16:57:55.753257,16.587497,-0.364249,0.023075,-0.008873,-0.930973,-0.053530,0.244093,0.079939,-0.009044,-0.002458,0.001947,-0.016587,2.833171,137.263146
99083.0,2025-12-15T16:57:55.753257,16.587497,-0.364414,0.016233,0.001405,-0.931095,0.000963,-0.001521,0.092984,0.006160,0.001862,0.003546,-0.828156,1.673526,137.238946
99125.0,2025-12-15T16:57:55.812306,16.646547,-0.372138,0.019866,-0.003591,-0.927958,-0.006138,0.147505,0.106985,-0.000634,-0.001925,0.003127,-0.465739,2.266226,136.286344
99168.0,2025-12-15T16:57:55.874461,16.708702,-0.372228,0.012563,0.005578,-0.928039,0.030166,-0.100646,0.096906,0.004889,0.000344,0.005415,-1.129314,1.098127,136.278598
99206.0,2025-12-15T16:57:55.876077,16.710318,-0.380844,0.016903,0.000271,-0.924484,0.024712,0.053473,0.111424,-0.001781,-0.001500,0.003576,-0.766794,1.779105,135.209340
99244.0,2025-12-15T16:57:55.934460,16.768700,-0.380909,0.007704,0.007547,-0.924549,0.098863,-0.177791,0.120484,0.003802,0.001248,0.004732,-1.135979,0.486836,135.212377
99286.0,2025-12-15T16:57:55.993394,16.827635,-0.380669,0.019122,0.003187,-0.924508,-0.032034,0.027849,0.098430,-0.002010,-0.001268,0.004222,-1.172518,1.887125,135.221608
99327.0,2025-12-15T16:57:55.993394,16.827635,-0.388272,0.022274,-0.001884,-0.921274,-0.086587,0.112404,0.105618,-0.004241,-0.001885,0.003293,-0.792862,2.436012,134.277086
99364.0,2025-12-15T16:57:56.053726,16.887966,-0.388367,0.012364,0.005265,-0.921407,0.051069,-0.082019,0.122981,0.008894,0.001183,0.005480,-1.106405,1.071194,134.279426
99409.0,2025-12-15T16:57:56.114573,16.948813,-0.394102,0.015838,0.000456,-0.918930,0.012090,0.018087,0.098838,-0.008620,-0.002850,0.002825,-0.763561,1.647364,133.562862
99446.0,2025-12-15T16:57:56.114573,16.948813,-0.394106,0.021517,0.010844,-0.918749,-0.164396,-0.128518,0.087252,0.005312,0.000921,0.004549,-2.114945,1.775891,133.532501
99491.0,2025-12-15T16:57:56.175848,17.010088,-0.393971,0.015410,0.000846,-0.918993,0.036922,0.025822,0.096315,-0.005565,-0.002126,0.003384,-0.785060,1.584780,133.579698
99528.0,2025-12-15T16:57:56.233998,17.068238,-0.401768,0.018915,-0.003975,-0.915537,-0.007840,0.108482,0.089431,0.006135,0.001922,0.004695,-0.454163,2.167918,132.604498
99571.0,2025-12-15T16:57:56.233998,17.068238,-0.401892,0.015470,0.007303,-0.915527,-0.011528,-0.089340,0.109161,0.001020,0.000518,0.004218,-1.479109,1.286741,132.583020
99612.0,2025-12-15T16:57:56.293162,17.127403,-0.409434,0.018904,0.002155,-0.912142,-0.070820,-0.008015,0.095658,-0.001860,-0.000631,0.003301,-1.112852,1.875171,131.633957
99649.0,2025-12-15T16:57:56.354210,17.188451,-0.409479,0.005972,0.005160,-0.912285,0.173482,-0.132157,0.075740,0.002310,0.000709,0.004703,-0.819649,0.382172,131.651437
99694.0,2025-12-15T16:57:56.354210,17.188451,-0.409295,0.016894,0.000648,-0.912245,-0.009148,0.007905,0.110148,-0.000742,-0.000585,0.003422,-0.860551,1.735892,131.658443
99732.0,2025-12-15T16:57:56.414473,17.248714,-0.417110,0.020071,-0.003744,-0.908627,-0.004355,0.134162,0.097322,0.006599,0.000708,0.004719,-0.570012,2.269394,130.673186
99772.0,2025-12-15T16:57:56.468000,17.302241,-0.417225,0.012567,0.005321,-0.908701,0.029030,-0.109645,0.104705,0.003529,-0.000584,0.004224,-1.155187,1.054219,130.665422
99817.0,2025-12-15T16:57:56.468000,17.302241,-0.424249,0.016110,0.000634,-0.905402,0.010023,0.009332,0.103076,0.003551,0.001479,0.004099,-0.849346,1.640872,129.774637
99852.0,2025-12-15T16:57:56.534896,17.369136,-0.424084,0.027754,0.002431,-0.905194,-0.218895,0.063171,0.123103,-0.004406,-0.001982,0.004068,-1.602927,2.761814,129.755185
99889.0,2025-12-15T16:57:56.594310,17.428551,-0.424089,0.016056,0.000998,-0.905478,0.001798,0.001508,0.094483,0.006319,0.001124,0.005651,-0.884233,1.617710,129.794565
99933.0,2025-12-15T16:57:56.595510,17.429751,-0.430667,0.019232,-0.003438,-0.902300,-0.012047,0.104254,0.104826,-0.001490,-0.001329,0.004433,-0.594090,2.158663,128.958606
99972.0,2025-12-15T16:57:56.653535,17.487775,-0.430747,0.011766,0.005614,-0.902378,0.032455,-0.130874,0.084119,0.003876,0.000495,0.005745,-1.161524,0.939621,128.955844
100013.0,2025-12-15T16:57:56.702754,17.536994,-0.437773,0.015248,0.001285,-0.898955,0.024875,-0.001120,0.101795,0.000451,-0.000638,0.003685,-0.897612,1.506462,128.057855
100054.0,2025-12-15T16:57:56.715599,17.549839,-0.437494,0.022427,-0.008035,-0.898906,-0.041728,0.195607,0.096007,-0.000412,-0.000924,0.003963,-0.297044,2.713989,128.088947
100091.0,2025-12-15T16:57:56.770169,17.604410,-0.437678,0.016541,0.003130,-0.898974,-0.000146,-0.014283,0.096946,0.000177,-0.001806,0.003225,-1.152569,1.547215,128.064891
100132.0,2025-12-15T16:57:56.835278,17.669518,-0.442443,0.019040,-0.000894,-0.896594,-0.033859,0.055124,0.095670,-0.002097,-0.000408,0.003049,-0.874088,2.001958,127.454689
100176.0,2025-12-15T16:57:56.849538,17.683779,-0.442521,0.008509,0.006908,-0.896691,0.092686,-0.180257,0.095919,0.007977,0.002396,0.005460,-1.141383,0.523999,127.461756
100217.0,2025-12-15T16:57:56.893770,17.728011,-0.448673,0.012293,0.002611,-0.893608,0.057654,-0.065704,0.098599,-0.008072,-0.002548,0.003615,-0.899546,1.124614,126.669532
100252.0,2025-12-15T16:57:56.954788,17.789029,-0.448408,0.022566,-0.003959,-0.893535,-0.077873,0.129317,0.096686,0.002306,-0.000592,0.004752,-0.754968,2.514811,126.685107
100296.0,2025-12-15T16:57:56.954788,17.789029,-0.448547,0.013875,0.004073,-0.893642,0.025516,-0.072624,0.080746,-0.003927,-0.000912,0.003436,-1.130560,1.211563,126.681065
100338.0,2025-12-15T16:57:57.004815,17.839055,-0.455017,0.017019,-0.000200,-0.890320,-0.014407,0.008900,0.090934,-0.001491,0.000616,0.003905,-0.867417,1.747032,125.846212
100380.0,2025-12-15T16:57:57.071265,17.905506,-0.455121,0.014982,0.011451,-0.890230,-0.061906,-0.197835,0.103385,-0.000901,-0.000608,0.003222,-1.950114,0.931146,125.828253
100417.0,2025-12-15T16:57:57.133518,17.967759,-0.461411,0.017887,0.006781,-0.886980,-0.079382,-0.108816,0.098135,-0.003157,-0.000918,0.003049,-1.635720,1.459606,125.011901
100461.0,2025-12-15T16:57:57.133518,17.967759,-0.461211,0.014754,-0.004521,-0.887156,0.069763,0.075900,0.095901,-0.002915,-0.001791,0.003803,-0.320340,1.739055,125.057455
100495.0,2025-12-15T16:57:57.187472,18.021712,-0.461270,0.018353,0.006680,-0.887045,-0.077032,-0.075453,0.092930,0.001129,0.000379,0.003993,-1.649899,1.512599,125.028633
100539.0,2025-12-15T16:57:57.187472,18.021712,-0.465757,0.020389,0.002341,-0.884675,-0.091310,-0.011056,0.081113,0.002990,0.000123,0.003226,-1.326424,1.942320,124.446420
100583.0,2025-12-15T16:57:57.253104,18.087345,-0.465744,0.009052,-0.000943,-0.884873,0.153085,-0.031867,0.075408,-0.002962,-0.001529,0.003051,-0.387572,0.968202,124.477464
100621.0,2025-12-15T16:57:57.311496,18.145737,-0.470715,0.012206,-0.004077,-0.882191,0.107728,0.043945,0.073991,0.002009,-0.000329,0.005442,-0.246287,1.454016,123.830308
100665.0,2025-12-15T16:57:57.434689,18.268929,-0.470710,0.020376,0.004485,-0.882041,-0.098045,-0.032372,0.124624,-0.000817,-0.000846,0.003609,-1.553360,1.817864,123.801196
100694.0,2025-12-15T16:57:57.434689,18.268929,-0.470581,0.012409,-0.004059,-0.882260,0.110115,0.037831,0.071358,-0.003118,-0.000976,0.003944,-0.258898,1.473523,123.847487
100736.0,2025-12-15T16:57:57.434689,18.268929,-0.474465,0.014891,-0.006432,-0.880125,0.096123,0.107756,0.093894,0.001879,-0.001009,0.004826,-0.160950,1.851830,123.340183
100779.0,2025-12-15T16:57:57.437862,18.272102,-0.474557,0.017366,0.005688,-0.880035,-0.065342,-0.077471,0.097685,-0.003291,-0.001822,0.003440,-1.518615,1.442160,123.309504
100825.0,2025-12-15T16:57:57.488958,18.323198,-0.478473,0.019171,0.002251,-0.877890,-0.062586,0.001235,0.092786,0.003424,0.000371,0.003901,-1.278327,1.805448,122.796830
100856.0,2025-12-15T16:57:57.556353,18.390594,-0.478358,0.010325,-0.005500,-0.878087,0.157132,0.035291,0.075154,-0.002849,-0.002263,0.003221,-0.012547,1.340517,122.839148
100898.0,2025-12-15T16:57:57.556353,18.390594,-0.478354,0.018810,0.002680,-0.877961,-0.064469,-0.016999,0.100387,0.002744,0.001059,0.003847,-1.301414,1.745736,122.812978
100942.0,2025-12-15T16:57:57.615216,18.449456,-0.481854,0.020382,-0.000572,-0.876015,-0.067410,0.040686,0.100156,-0.000721,0.000281,0.004008,-1.068788,2.078009,122.354455
100981.0,2025-12-15T16:57:57.674413,18.508654,-0.481922,0.008460,0.002300,-0.876170,0.121160,-0.111054,0.082447,-0.000707,0.000908,0.003240,-0.698189,0.722440,122.371131
101027.0,2025-12-15T16:57:57.734349,18.568590,-0.486854,0.011580,-0.001043,-0.873406,0.090838,-0.025531,0.085178,0.004208,0.001064,0.005505,-0.541764,1.217254,121.721872
101071.0,2025-12-15T16:57:57.736236,18.570476,-0.486743,0.023088,0.001468,-0.873239,-0.116780,0.034300,0.101813,-0.001058,-0.002088,0.002829,-1.435917,2.228960,121.701445
101105.0,2025-12-15T16:57:57.789057,18.623298,-0.486737,0.010609,-0.001227,-0.873483,0.107940,-0.033056,0.100974,-0.000787,0.000352,0.003766,-0.469015,1.130449,121.739035
101151.0,2025-12-15T16:57:57.853629,18.687869,-0.491468,0.013477,-0.004085,-0.870782,0.090342,0.046121,0.077816,0.002516,0.000928,0.003987,-0.351487,1.575089,121.114601
101195.0,2025-12-15T16:57:57.853629,18.687869,-0.491467,0.020959,0.005080,-0.870629,-0.138617,-0.053899,0.089174,-0.000689,0.000268,0.004039,-1.688333,1.805231,121.084319
101234.0,2025-12-15T16:57:57.903060,18.737300,-0.495963,0.022472,0.001873,-0.868051,-0.109620,0.027246,0.107164,0.000098,0.000898,0.004053,-1.464622,2.129314,120.489522
101269.0,2025-12-15T16:57:57.972157,18.806397,-0.495938,0.010929,-0.001612,-0.868288,0.113909,-0.026554,0.097583,-0.001305,-0.001345,0.004056,-0.460781,1.179174,120.528031
101308.0,2025-12-15T16:57:57.972157,18.806397,-0.495803,0.022370,0.001121,-0.868146,-0.108735,0.031451,0.101578,0.000738,0.000490,0.004853,-1.383562,2.162216,120.511995
101352.0,2025-12-15T16:57:58.034140,18.868381,-0.499175,0.023286,-0.001476,-0.866187,-0.100083,0.077336,0.084475,-0.000362,-0.001475,0.003432,-1.186561,2.396470,120.066280
101391.0,2025-12-15T16:57:58.095622,18.929863,-0.499252,0.011471,0.000605,-0.866381,0.081623,-0.068781,0.070629,0.000182,-0.000333,0.003102,-0.716461,1.104273,120.087738
101437.0,2025-12-15T16:57:58.095622,18.929863,-0.503759,0.014203,-0.002296,-0.863724,0.064880,0.013261,0.098083,0.000317,-0.000847,0.003019,-0.592850,1.538434,119.487063
101472.0,2025-12-15T16:57:58.153974,18.988214,-0.503706,0.023882,0.005261,-0.863529,-0.183222,-0.024931,0.094381,0.001962,-0.000172,0.003804,-1.900644,2.059923,119.454830
101512.0,2025-12-15T16:57:58.213186,19.047426,-0.503629,0.014514,-0.001795,-0.863796,0.049630,0.005490,0.111854,-0.004014,-0.000806,0.003993,-0.660205,1.540433,119.503173
101557.0,2025-12-15T16:57:58.217850,19.052090,-0.505874,0.015987,-0.003481,-0.862452,0.036998,0.048613,0.083909,0.000052,-0.000966,0.004041,-0.583028,1.782083,119.203206
101592.0,2025-12-15T16:57:58.274504,19.108744,-0.505929,0.018183,0.008646,-0.862340,-0.105541,-0.122251,0.098471,0.005129,0.000607,0.004860,-1.909360,1.295610,119.178731
101634.0,2025-12-15T16:57:58.333834,19.168074,-0.510038,0.019880,0.005147,-0.859907,-0.115336,-0.063546,0.103130,-0.002417,-0.001406,0.003463,-1.669969,1.658331,118.628787
101670.0,2025-12-15T16:57:58.333834,19.168074,-0.509902,0.012892,-0.004374,-0.860125,0.107960,0.046659,0.080291,0.002049,0.000475,0.003907,-0.322286,1.526371,118.674866
101716.0,2025-12-15T16:57:58.392843,19.227084,-0.513282,0.014880,-0.006103,-0.858069,0.083785,0.078590,0.114528,-0.000806,-0.001440,0.004019,-0.275298,1.822355,118.221414
101750.0,2025-12-15T16:57:58.454630,19.288870,-0.513356,0.018172,0.005739,-0.857964,-0.099340,-0.093755,0.096007,0.008156,0.002109,0.004048,-1.633963,1.449128,118.191632
101796.0,2025-12-15T16:57:58.454630,19.288870,-0.513163,0.014395,-0.005307,-0.858154,0.063126,0.053793,0.066186,-0.005637,-0.002620,0.004055,-0.324818,1.727887,118.237537
101835.0,2025-12-15T16:57:58.516962,19.351202,-0.516753,0.016144,-0.006720,-0.855956,0.088066,0.126798,0.089923,0.002044,0.000173,0.004056,-0.297015,1.981824,117.754908
101871.0,2025-12-15T16:57:58.574636,19.408876,-0.516826,0.016484,0.005034,-0.855917,-0.071481,-0.110356,0.084858,0.002380,-0.000719,0.005650,-1.470523,1.318731,117.733666
101909.0,2025-12-15T16:57:58.577684,19.411924,-0.516569,0.017214,-0.006699,-0.856046,0.051558,0.101467,0.098192,-0.002317,-0.001741,0.004458,-0.362029,2.085628,117.776866
101946.0,2025-12-15T16:57:58.633333,19.467573,-0.519578,0.018506,-0.008010,-0.854185,0.046724,0.157019,0.093792,0.004463,0.000390,0.004955,-0.318066,2.288911,117.371629
101989.0,2025-12-15T16:57:58.691312,19.525553,-0.519726,0.015938,0.003690,-0.854177,-0.031995,-0.093063,0.065999,0.006187,0.002536,0.003477,-1.310844,1.340350,117.347623
102035.0,2025-12-15T16:57:58.691312,19.525553,-0.520850,0.016678,0.002148,-0.853482,-0.040303,-0.058279,0.082039,-0.004555,-0.002519,0.003911,-1.206015,1.503046,117.195663
102064.0,2025-12-15T16:57:58.755502,19.589743,-0.520551,0.019861,-0.009281,-0.853549,0.050803,0.183095,0.078853,0.003109,0.000196,0.004817,-0.277197,2.497038,117.238752
102107.0,2025-12-15T16:57:58.815858,19.650099,-0.520701,0.015360,0.002050,-0.853599,-0.011213,-0.042300,0.102420,-0.013350,-0.003116,0.003447,-1.117360,1.380262,117.219599
102153.0,2025-12-15T16:57:58.816508,19.650748,-0.523462,0.016659,-0.000586,-0.851886,-0.017658,-0.012448,0.099570,0.020787,0.005617,0.007088,-0.942545,1.661572,116.847048
102187.0,2025-12-15T16:57:58.870091,19.704331,-0.523580,0.011228,0.011397,-0.851826,-0.032823,-0.255099,0.084872,-0.019192,-0.005953,0.002336,-1.786421,0.412180,116.839090
102232.0,2025-12-15T16:57:58.934032,19.768272,-0.527445,0.013789,0.007023,-0.849448,-0.049660,-0.164272,0.067507,0.009445,0.001848,0.005264,-1.517434,0.917816,116.313346
102276.0,2025-12-15T16:57:58.934032,19.768272,-0.527222,0.017520,-0.004156,-0.849537,0.013702,0.063916,0.068112,-0.003734,-0.001097,0.002766,-0.654352,1.957055,116.341459
102312.0,2025-12-15T16:57:58.994923,19.829164,-0.527311,0.008419,0.004341,-0.849619,0.046148,-0.172312,0.067727,-0.000630,-0.000231,0.003744,-0.931456,0.557327,116.344339
102355.0,2025-12-15T16:57:59.055417,19.889657,-0.530272,0.010811,0.002077,-0.847756,0.080287,-0.097253,0.069356,-0.004671,-0.001619,0.003181,-0.858909,0.924094,115.941061
102391.0,2025-12-15T16:57:59.055417,19.889657,-0.530066,0.019661,-0.005714,-0.847709,-0.033463,0.104035,0.086090,-0.006485,-0.001171,0.002242,-0.639705,2.257482,115.952495
102433.0,2025-12-15T16:57:59.115743,19.949983,-0.533260,0.020801,-0.006972,-0.845667,0.006558,0.149256,0.072617,-0.003754,-0.000261,0.003600,-0.595990,2.442520,115.517889
102471.0,2025-12-15T16:57:59.176162,20.010403,-0.533400,0.013241,0.002259,-0.845756,0.010405,-0.101470,0.083691,-0.007848,-0.003220,0.003145,-1.028582,1.145284,115.512265
102510.0,2025-12-15T16:57:59.176162,20.010403,-0.533133,0.022724,-0.004902,-0.845712,-0.049027,0.131080,0.089276,0.011043,0.003206,0.004624,-0.914066,2.502479,115.525701
102547.0,2025-12-15T16:57:59.235085,20.069326,-0.535692,0.023161,-0.006014,-0.844074,-0.074911,0.141430,0.078200,-0.008961,-0.002363,0.003399,-0.840897,2.610281,115.178264
102590.0,2025-12-15T16:57:59.291270,20.125511,-0.535811,0.012991,0.001387,-0.844237,0.031227,-0.079775,0.077912,0.001362,0.000277,0.004709,-0.932092,1.171699,115.186406
102632.0,2025-12-15T16:57:59.296289,20.130529,-0.538412,0.014699,-0.000390,-0.842553,0.027696,-0.032045,0.085564,-0.008187,-0.003097,0.002620,-0.869528,1.443379,114.829910
102667.0,2025-12-15T16:57:59.354893,20.189133,-0.538153,0.025725,-0.004554,-0.842442,-0.116149,0.154044,0.098287,0.004580,0.000846,0.005288,-1.148236,2.765308,114.831294
102710.0,2025-12-15T16:57:59.407711,20.241951,-0.538297,0.015135,0.000662,-0.842619,0.018458,-0.035037,0.081716,-0.004944,-0.002142,0.002775,-0.997927,1.420702,114.843655
102755.0,2025-12-15T16:57:59.416067,20.250308,-0.541278,0.016564,-0.001672,-0.840679,-0.022191,0.007991,0.107954,0.004063,0.001182,0.003762,-0.866742,1.699600,114.435530
102792.0,2025-12-15T16:57:59.468809,20.303050,-0.541327,0.019044,0.009843,-0.840539,-0.151934,-0.151539,0.110638,-0.001090,-0.000463,0.003982,-2.130322,1.223836,114.412324
102834.0,2025-12-15T16:57:59.533248,20.367488,-0.543991,0.020026,0.006757,-0.838825,-0.154959,-0.099268,0.092452,-0.003222,-0.000886,0.002422,-1.898908,1.503934,114.047019
102878.0,2025-12-15T16:57:59.533248,20.367488,-0.543808,0.014965,-0.005190,-0.839060,0.077603,0.053716,0.086469,0.003588,0.001454,0.003671,-0.433719,1.762606,114.097474
102923.0,2025-12-15T16:57:59.587752,20.421993,-0.543879,0.018433,0.006046,-0.838939,-0.124370,-0.103436,0.082679,0.001972,0.000400,0.003163,-1.730875,1.395410,114.068706
102961.0,2025-12-15T16:57:59.653587,20.487827,-0.545967,0.019136,0.003904,-0.837579,-0.098731,-0.059295,0.079696,0.004753,0.001729,0.004629,-1.572722,1.592659,113.782435
102996.0,2025-12-15T16:57:59.653587,20.487827,-0.545813,0.013695,-0.006476,-0.837770,0.091990,0.052019,0.086216,-0.004908,-0.001922,0.002607,-0.235018,1.720054,113.827402
103038.0,2025-12-15T16:57:59.703987,20.538227,-0.546448,0.014322,-0.006610,-0.837345,0.078342,0.057576,0.093907,0.006258,0.001158,0.003697,-0.262662,1.788436,113.739307
103079.0,2025-12-15T16:57:59.768721,20.602961,-0.546522,0.018119,0.004591,-0.837236,-0.100692,-0.078556,0.097511,-0.002131,-0.001267,0.003170,-1.575964,1.450974,113.709472
103116.0,2025-12-15T16:57:59.768721,20.602961,-0.546325,0.014621,-0.006813,-0.837418,0.080691,0.068058,0.065407,0.002928,0.000514,0.003834,-0.261643,1.829851,113.755590
103162.0,2025-12-15T16:57:59.834701,20.668941,-0.547949,0.015594,-0.007335,-0.836334,0.079374,0.090200,0.090779,0.001805,0.000163,0.004001,-0.276428,1.955441,113.531252
103194.0,2025-12-15T16:57:59.883815,20.718055,-0.548044,0.017542,0.005201,-0.836250,-0.084730,-0.092896,0.092653,0.001518,0.000885,0.004044,-1.600714,1.354483,113.502706
103240.0,2025-12-15T16:57:59.883815,20.718055,-0.548278,0.017617,0.004163,-0.836100,-0.077830,-0.082932,0.081348,-0.001772,-0.000555,0.004054,-1.506305,1.426465,113.471074
103282.0,2025-12-15T16:57:59.952778,20.787018,-0.548009,0.015357,-0.008861,-0.836284,0.109076,0.118179,0.077498,0.001504,0.001542,0.004874,-0.115273,2.028525,113.525082
103324.0,2025-12-15T16:58:00.015252,20.849493,-0.550138,0.016443,-0.009335,-0.834859,0.081334,0.132203,0.086771,-0.000968,-0.000393,0.002648,-0.143609,2.162135,113.230761
103367.0,2025-12-15T16:58:00.072728,20.906968,-0.550237,0.016636,0.002367,-0.834839,-0.048598,-0.069799,0.114831,0.004009,0.001528,0.005294,-1.275830,1.442385,113.206730
103404.0,2025-12-15T16:58:00.072728,20.906968,-0.549941,0.018601,-0.010003,-0.834937,0.080167,0.179439,0.070801,0.001242,-0.000405,0.004356,-0.215377,2.410746,113.252729
103446.0,2025-12-15T16:58:00.131767,20.966007,-0.551834,0.019095,-0.010451,-0.833670,0.036200,0.175569,0.081058,0.007017,0.001545,0.004935,-0.209261,2.485813,112.991667
103489.0,2025-12-15T16:58:00.188217,21.022458,-0.551980,0.016373,0.001015,-0.833696,-0.013008,-0.034458,0.089332,0.002039,-0.000374,0.004278,-1.133052,1.500169,112.968983
103531.0,2025-12-15T16:58:00.188217,21.022458,-0.553392,0.017048,-0.000322,-0.832747,-0.047856,-0.021709,0.085365,-0.004790,-0.001653,0.003316,-1.050798,1.647446,112.773776
103565.0,2025-12-15T16:58:00.252647,21.086888,-0.553139,0.029907,-0.001863,-0.832550,-0.194632,0.164260,0.092239,0.005680,0.001279,0.003883,-1.720486,2.972661,112.755942
103609.0,2025-12-15T16:58:00.313534,21.147774,-0.553223,0.017330,-0.001905,-0.832851,-0.027231,0.015424,0.072133,-0.003218,-0.002087,0.003206,-0.917352,1.774977,112.797470
103655.0,2025-12-15T16:58:00.313534,21.147774,-0.554122,0.017732,-0.002466,-0.832243,0.007134,0.048058,0.096205,0.002651,0.001103,0.004640,-0.891230,1.847989,112.672820
103691.0,2025-12-15T16:58:00.369736,21.203976,-0.554227,0.008414,0.006423,-0.832298,0.047298,-0.213715,0.061047,-0.008032,-0.002954,0.003383,-1.147020,0.394569,112.676817
103733.0,2025-12-15T16:58:00.433100,21.267340,-0.556479,0.010501,0.003845,-0.830786,0.035716,-0.154715,0.085287,0.005547,0.002529,0.005501,-1.035771,0.754515,112.363064
103777.0,2025-12-15T16:58:00.433100,21.267340,-0.556250,0.019150,-0.004162,-0.830784,-0.018989,0.074126,0.074554,-0.001516,-0.000125,0.003625,-0.825028,2.088832,112.376512
103813.0,2025-12-15T16:58:00.495096,21.329336,-0.556318,0.008442,0.001976,-0.830924,0.073603,-0.148458,0.098491,0.003934,0.000810,0.004758,-0.726344,0.677856,112.389747
103853.0,2025-12-15T16:58:00.553478,21.387719,-0.557339,0.009925,0.000899,-0.830225,0.085384,-0.109326,0.079100,-0.002726,-0.000560,0.004233,-0.719476,0.886906,112.246600
103897.0,2025-12-15T16:58:00.555495,21.389735,-0.557132,0.020984,-0.003203,-0.830153,-0.054748,0.073887,0.085153,-0.001212,-0.000904,0.004101,-1.035787,2.201220,112.247402
103935.0,2025-12-15T16:58:00.615031,21.449271,-0.558922,0.021287,-0.004218,-0.828936,-0.043258,0.097034,0.100249,0.003241,0.000633,0.004068,-0.963555,2.292801,111.999970
103971.0,2025-12-15T16:58:00.672702,21.506942,-0.559023,0.010594,0.001805,-0.829082,0.061860,-0.123263,0.061320,0.002676,0.000189,0.004060,-0.850227,0.890864,112.012370
104017.0,2025-12-15T16:58:00.675519,21.509760,-0.558776,0.020679,-0.005752,-0.829041,-0.033594,0.096888,0.075921,0.004156,0.000080,0.004058,-0.778304,2.333466,112.023981
104062.0,2025-12-15T16:58:00.734229,21.568470,-0.560464,0.020862,-0.006382,-0.827892,-0.035816,0.116385,0.086289,-0.001214,-0.001584,0.004057,-0.735119,2.389754,111.790458
104102.0,2025-12-15T16:58:00.793675,21.627916,-0.560590,0.012256,0.002457,-0.827999,0.019167,-0.111737,0.067504,-0.001632,-0.001963,0.004057,-1.020596,1.005105,111.791734
104148.0,2025-12-15T16:58:00.853075,21.687315,-0.562392,0.013641,0.000901,-0.826758,0.024737,-0.067172,0.072720,-0.001734,-0.001257,0.003260,-0.964722,1.234307,111.539629
104184.0,2025-12-15T16:58:00.853075,21.687315,-0.562090,0.020998,-0.009585,-0.826754,-0.003174,0.174546,0.086272,0.005549,0.000548,0.004680,-0.444953,2.607608,111.568138
104226.0,2025-12-15T16:58:00.916602,21.750842,-0.563694,0.021169,-0.009714,-0.825655,0.015087,0.190825,0.076041,0.003240,0.000973,0.003404,-0.448865,2.631248,111.345122
104270.0,2025-12-15T16:58:00.972464,21.806704,-0.563855,0.014555,0.000111,-0.825746,-0.001365,-0.050358,0.083305,-0.001303,-0.001315,0.003096,-0.951296,1.370158,111.334725
104306.0,2025-12-15T16:58:00.972464,21.806704,-0.563557,0.024032,-0.008025,-0.825688,-0.052526,0.191664,0.087747,0.003999,0.000524,0.004632,-0.793690,2.793189,111.351238
104346.0,2025-12-15T16:58:01.034517,21.868757,-0.563773,0.023341,-0.007312,-0.825567,-0.032931,0.180070,0.082363,-0.002774,-0.001448,0.004198,-0.817055,2.681507,111.323160
104387.0,2025-12-15T16:58:01.089252,21.923492,-0.563919,0.013764,-0.000354,-0.825715,0.014968,-0.049565,0.092245,-0.006005,-0.001924,0.002499,-0.856181,1.325316,111.328112
104432.0,2025-12-15T16:58:01.089252,21.923492,-0.564842,0.014543,-0.001130,-0.825070,0.045151,-0.008814,0.089154,0.005924,0.001938,0.004460,-0.834728,1.448252,111.198496
104464.0,2025-12-15T16:58:01.149950,21.984191,-0.564560,0.019320,-0.012426,-0.825072,0.035307,0.182122,0.072133,-0.007966,-0.002721,0.003348,-0.075173,2.631427,111.234023
104508.0,2025-12-15T16:58:01.215191,22.049431,-0.564748,0.016165,-0.000273,-0.825105,-0.021352,-0.048835,0.092755,-0.013748,-0.003851,0.002274,-1.020805,1.546272,111.206397
104544.0,2025-12-15T16:58:01.215191,22.049431,-0.566220,0.016943,-0.001359,-0.824079,0.005718,0.008942,0.094410,0.003174,0.000655,0.004404,-0.971470,1.688442,111.000246
104584.0,2025-12-15T16:58:01.269527,22.103767,-0.566302,0.013363,0.009728,-0.824032,-0.062250,-0.207503,0.081145,0.013838,0.004189,0.004942,-1.786146,0.630539,110.993884
104633.0,2025-12-15T16:58:01.333483,22.167724,-0.566517,0.013831,0.007760,-0.823898,-0.083041,-0.201628,0.068870,0.008541,0.002684,0.004280,-1.630949,0.802073,110.963318
104670.0,2025-12-15T16:58:01.337315,22.171555,-0.566275,0.015830,-0.005190,-0.824048,0.016872,0.038069,0.078785,-0.001002,0.000660,0.004109,-0.537382,1.831883,110.998726
104711.0,2025-12-15T16:58:01.392355,22.226595,-0.566350,0.018807,0.006971,-0.823921,-0.122868,-0.109099,0.080617,-0.009632,-0.003830,0.003265,-1.879589,1.323312,110.970252
104755.0,2025-12-15T16:58:01.448420,22.282661,-0.566075,0.018384,0.006158,-0.824126,-0.124762,-0.107492,0.060181,-0.001358,-0.001728,0.003857,-1.774846,1.336853,111.010604
104790.0,2025-12-15T16:58:01.456217,22.290457,-0.565858,0.016050,-0.005605,-0.824328,0.069740,0.069203,0.084031,0.005516,0.001994,0.004805,-0.511521,1.879833,111.056520
104832.0,2025-12-15T16:58:01.514680,22.348921,-0.566923,0.016545,-0.006056,-0.823582,0.018013,0.056417,0.078403,-0.000793,-0.000283,0.004240,-0.503603,1.955214,110.907314
104873.0,2025-12-15T16:58:01.574240,22.408481,-0.567018,0.017045,0.005655,-0.823510,-0.082176,-0.108643,0.079594,0.004853,0.000759,0.004103,-1.641764,1.241119,110.884434
104910.0,2025-12-15T16:58:01.576259,22.410499,-0.566826,0.015760,-0.005940,-0.823665,0.051030,0.060658,0.086440,-0.009682,-0.004563,0.002473,-0.463229,1.873687,110.922843
104954.0,2025-12-15T16:58:01.635267,22.469507,-0.568884,0.016771,-0.006703,-0.822219,0.055573,0.090569,0.080391,0.001812,-0.000321,0.003657,-0.461962,2.017530,110.634032
104989.0,2025-12-15T16:58:01.690132,22.524373,-0.568996,0.015429,0.004977,-0.822181,-0.062998,-0.117223,0.085063,0.007113,0.003148,0.003957,-1.475379,1.129246,110.614581
105035.0,2025-12-15T16:58:01.696115,22.530356,-0.569752,0.015933,0.003435,-0.821655,-0.057880,-0.103402,0.071576,0.006845,0.002421,0.004828,-1.364093,1.276017,110.508355
105071.0,2025-12-15T16:58:01.751412,22.585653,-0.569484,0.017562,-0.009163,-0.821764,0.064076,0.127016,0.075910,-0.004600,-0.001016,0.003428,-0.283406,2.252310,110.550316
105113.0,2025-12-15T16:58:01.813808,22.648049,-0.569604,0.015979,0.002494,-0.821760,-0.039187,-0.076206,0.082429,0.003098,0.000575,0.004696,-1.278239,1.342030,110.529425
105155.0,2025-12-15T16:58:01.816085,22.650326,-0.571099,0.016738,0.001169,-0.820710,-0.040488,-0.045992,0.085496,-0.004716,-0.001464,0.002573,-1.205829,1.497826,110.319252
105195.0,2025-12-15T16:58:01.875278,22.709518,-0.570897,0.011869,-0.010120,-0.820874,0.142928,0.089600,0.068525,-0.000878,-0.000323,0.003695,0.175571,1.778835,110.367500
105235.0,2025-12-15T16:58:01.934064,22.768304,-0.571789,0.012845,-0.009721,-0.820242,0.169965,0.108528,0.076710,0.004887,0.001565,0.003968,0.072115,1.844538,110.240632
105279.0,2025-12-15T16:58:01.934064,22.768304,-0.571864,0.017924,0.002162,-0.820150,-0.116148,-0.071812,0.085333,-0.001014,0.000403,0.004036,-1.378369,1.543006,110.207784
105324.0,2025-12-15T16:58:01.984299,22.818540,-0.571632,0.015462,-0.009312,-0.820311,0.118464,0.111722,0.073712,-0.003171,-0.001458,0.004052,-0.137512,2.063859,110.256234
105362.0,2025-12-15T16:58:02.055360,22.889601,-0.571104,0.015265,-0.008056,-0.820696,0.059549,0.070481,0.094316,-0.006976,-0.003561,0.003243,-0.241467,1.963190,110.329462
105400.0,2025-12-15T16:58:02.055701,22.889942,-0.571181,0.018180,0.003241,-0.820617,-0.069764,-0.058978,0.099070,0.004879,0.002319,0.004648,-1.495325,1.497631,110.301656
105442.0,2025-12-15T16:58:02.113807,22.948048,-0.570583,0.017636,0.003100,-0.821045,-0.090277,-0.068529,0.082841,-0.002547,-0.001004,0.003398,-1.445450,1.456742,110.387034
105483.0,2025-12-15T16:58:02.167538,23.001778,-0.570348,0.014634,-0.008432,-0.821230,0.090665,0.078937,0.088083,0.005207,0.001375,0.005485,-0.162984,1.928611,110.436911
105520.0,2025-12-15T16:58:02.167538,23.001778,-0.570446,0.018242,0.003011,-0.821127,-0.082045,-0.062984,0.076350,-0.004810,-0.002016,0.002818,-1.476445,1.519797,110.404167
105563.0,2025-12-15T16:58:02.235555,23.069795,-0.570459,0.018081,0.002193,-0.821124,-0.060761,-0.046329,0.087162,0.009645,0.003598,0.004569,-1.388970,1.558193,110.403432
105603.0,2025-12-15T16:58:02.290760,23.125000,-0.570265,0.014732,-0.009405,-0.821275,0.121474,0.100231,0.094786,-0.010244,-0.003110,0.001768,-0.077627,2.001505,110.449144
105649.0,2025-12-15T16:58:02.351722,23.185963,-0.571336,0.015377,-0.009451,-0.820518,0.096931,0.108592,0.072814,0.006441,0.001637,0.004275,-0.118194,2.065025,110.298025
105687.0,2025-12-15T16:58:02.351722,23.185963,-0.571452,0.016870,0.002288,-0.820459,-0.062176,-0.067823,0.088343,-0.000498,-0.000351,0.003315,-1.320345,1.436382,110.268823
105718.0,2025-12-15T16:58:02.414066,23.248306,-0.571238,0.014020,-0.009152,-0.820613,0.096851,0.085623,0.071674,-0.000651,-0.000851,0.003870,-0.057125,1.917833,110.314601
105757.0,2025-12-15T16:58:02.414066,23.248306,-0.572317,0.014838,-0.009134,-0.819847,0.112125,0.097342,0.094313,0.003295,-0.000180,0.004010,-0.115051,1.993496,110.161896
105800.0,2025-12-15T16:58:02.469138,23.303378,-0.572417,0.015403,0.002590,-0.819814,-0.068629,-0.087810,0.085581,0.001104,0.000784,0.004045,-1.254042,1.277234,110.138376
105843.0,2025-12-15T16:58:02.530391,23.364631,-0.572742,0.015654,0.001714,-0.819584,-0.022235,-0.060447,0.077505,0.007063,0.001034,0.003238,-1.188740,1.357785,110.092685
105887.0,2025-12-15T16:58:02.595080,23.429320,-0.572460,0.014900,-0.011551,-0.819716,0.081719,0.104959,0.072127,0.004371,0.001093,0.004686,0.107682,2.157894,110.143942
105933.0,2025-12-15T16:58:02.596571,23.430812,-0.571853,0.014864,-0.009790,-0.820163,0.142884,0.116776,0.076680,-0.000222,-0.000488,0.003418,-0.053983,2.038878,110.227276
105966.0,2025-12-15T16:58:02.651602,23.485843,-0.571971,0.017059,0.002653,-0.820092,-0.077375,-0.076473,0.093779,-0.007049,-0.002507,0.003095,-1.367942,1.429385,110.195499
106004.0,2025-12-15T16:58:02.651602,23.485843,-0.571711,0.015475,-0.009379,-0.820255,0.102029,0.113138,0.083911,0.005722,0.001811,0.005418,-0.132359,2.069486,110.245223
106049.0,2025-12-15T16:58:02.715006,23.549246,-0.572469,0.015903,-0.009001,-0.819723,0.073728,0.106593,0.045211,-0.007047,-0.002695,0.002808,-0.197818,2.084732,110.137859
106092.0,2025-12-15T16:58:02.766333,23.600574,-0.572571,0.017207,0.002617,-0.819670,-0.067673,-0.076705,0.084003,0.009678,0.002550,0.004542,-1.375311,1.444665,110.111078
106128.0,2025-12-15T16:58:02.835525,23.669765,-0.572351,0.014532,-0.009213,-0.819828,0.116292,0.107108,0.088937,-0.007017,-0.004171,0.003371,-0.087588,1.969849,110.158004
106174.0,2025-12-15T16:58:02.884606,23.718846,-0.572122,0.014556,-0.008376,-0.819997,0.091060,0.081308,0.082122,0.005666,0.000574,0.004680,-0.167407,1.917250,110.189305
106208.0,2025-12-15T16:58:02.884606,23.718846,-0.572200,0.018354,0.003877,-0.819899,-0.094555,-0.073148,0.074548,-0.000008,-0.000643,0.004205,-1.568479,1.470396,110.158203
106254.0,2025-12-15T16:58:02.953075,23.787315,-0.573226,0.018557,0.002375,-0.819183,-0.102429,-0.046505,0.079024,0.001089,0.000697,0.004092,-1.442640,1.586162,110.014943
106298.0,2025-12-15T16:58:02.955596,23.789837,-0.573043,0.013829,-0.008416,-0.819365,0.116764,0.072206,0.090618,-0.001845,-0.000587,0.003269,-0.117988,1.851397,110.062209
106332.0,2025-12-15T16:58:03.068797,23.903037,-0.573114,0.018028,0.002668,-0.819273,-0.090554,-0.061410,0.076259,-0.003380,-0.001707,0.003858,-1.435115,1.517439,110.032423
106372.0,2025-12-15T16:58:03.068797,23.903037,-0.574400,0.018534,0.001203,-0.818364,-0.061976,-0.024338,0.097299,0.003445,0.002017,0.004809,-1.333417,1.659174,109.851568
106416.0,2025-12-15T16:58:03.068797,23.903037,-0.574192,0.011596,-0.010078,-0.818577,0.148482,0.065101,0.086703,0.001895,0.000502,0.004231,0.182439,1.751146,109.907170
106457.0,2025-12-15T16:58:03.133231,23.967472,-0.574527,0.012165,-0.009555,-0.818339,0.148129,0.087105,0.074750,0.004731,0.000957,0.004897,0.095122,1.770091,109.858822
106500.0,2025-12-15T16:58:03.190890,24.025130,-0.574596,0.017735,0.000934,-0.818245,-0.069288,-0.034776,0.084954,-0.003318,-0.000522,0.003472,-1.255907,1.601610,109.827140
106537.0,2025-12-15T16:58:03.196215,24.030455,-0.575902,0.018145,-0.000388,-0.817317,-0.058351,-0.010494,0.117725,0.004308,0.001521,0.003915,-1.161672,1.725249,109.643559
106575.0,2025-12-15T16:58:03.252558,24.086798,-0.575819,0.008536,-0.006982,-0.817503,0.186404,-0.002128,0.094761,-0.005001,-0.002763,0.002430,0.090829,1.260497,109.682096
106620.0,2025-12-15T16:58:03.315011,24.149252,-0.575783,0.018597,-0.001072,-0.817390,-0.060521,0.005874,0.086108,0.005374,0.000927,0.004442,-1.127206,1.812947,109.659143
106661.0,2025-12-15T16:58:03.315011,24.149252,-0.576320,0.018589,-0.001615,-0.817011,-0.050428,0.019754,0.096327,0.000830,0.000268,0.003357,-1.077088,1.847366,109.584319
106696.0,2025-12-15T16:58:03.372257,24.206497,-0.576263,0.006617,-0.005069,-0.817222,0.160095,-0.055673,0.099282,-0.003565,-0.001517,0.003888,0.037679,0.954445,109.621201
106741.0,2025-12-15T16:58:03.432323,24.266563,-0.577242,0.008358,-0.005563,-0.816511,0.190050,-0.053911,0.051816,0.005737,0.002038,0.004014,-0.032341,1.150081,109.481957
106775.0,2025-12-15T16:58:03.432323,24.266563,-0.577244,0.019206,-0.000140,-0.816346,-0.073748,0.007015,0.064522,-0.019030,-0.006634,0.000058,-1.258083,1.806212,109.451335
106815.0,2025-12-15T16:58:03.494471,24.328712,-0.577080,0.017618,-0.003996,-0.816488,-0.014534,-0.001590,0.084101,0.083672,0.026427,0.010275,-0.791671,1.912955,109.482723
106853.0,2025-12-15T16:58:03.549842,24.384083,-0.577220,0.018400,-0.001405,-0.816380,-0.064366,0.054865,0.078128,-0.141937,-0.044379,-0.009100,-1.086250,1.814603,109.458538
106886.0,2025-12-15T16:58:03.549842,24.384083,-0.577108,0.017102,-0.004491,-0.816476,-0.233308,-0.128239,0.064601,0.066261,0.019730,0.007451,-0.711176,1.897400,109.480788
106923.0,2025-12-15T16:58:03.615745,24.449986,-0.577134,0.018561,-0.001663,-0.816437,0.027824,0.006786,0.072725,-0.050493,-0.016724,-0.001322,-1.072595,1.846826,109.470159
106968.0,2025-12-15T16:58:03.674276,24.508517,-0.577046,0.018526,-0.001218,-0.816501,-0.030949,0.123901,0.095184,-0.016029,-0.005108,0.001081,-1.111689,1.814272,109.482362
107003.0,2025-12-15T16:58:03.674276,24.508517,-0.576830,0.017498,-0.005272,-0.816660,-0.049177,-0.050873,0.078503,0.078679,0.023806,0.012210,-0.663656,1.986331,109.519168
107038.0,2025-12-15T16:58:03.734795,24.569036,-0.576774,0.017856,-0.003713,-0.816700,-0.038031,0.029777,0.088359,-0.078761,-0.024871,-0.005488,-0.833181,1.916821,109.524647
107076.0,2025-12-15T16:58:03.734795,24.569036,-0.576645,0.015473,-0.005714,-0.816828,-0.045697,0.026222,0.094113,0.057509,0.018689,0.009423,-0.487860,1.826241,109.551415
107114.0,2025-12-15T16:58:03.795985,24.630225,-0.576655,0.017194,-0.003520,-0.816799,0.045826,0.005490,0.090793,-0.030252,-0.008432,-0.000039,-0.807164,1.842207,109.543319
107156.0,2025-12-15T16:58:03.854306,24.688547,-0.576404,0.016863,-0.003855,-0.816982,-0.087680,-0.002226,0.103795,0.022659,0.006598,0.004595,-0.753321,1.833686,109.579813
107191.0,2025-12-15T16:58:03.854306,24.688547,-0.576379,0.017431,-0.001414,-0.816996,0.047761,0.044177,0.103707,-0.008276,-0.003058,0.003399,-1.019419,1.725503,109.579811
107232.0,2025-12-15T16:58:03.912651,24.746891,-0.576325,0.015981,-0.003240,-0.817058,-0.016753,-0.004907,0.076648,-0.001026,-0.000739,0.002299,-0.752422,1.710530,109.593072
107271.0,2025-12-15T16:58:03.968097,24.802338,-0.576198,0.015843,-0.003703,-0.817148,-0.026814,-0.027125,0.081499,0.020736,0.007021,0.007600,-0.699626,1.728307,109.611565
107314.0,2025-12-15T16:58:03.968097,24.802338,-0.576234,0.016661,-0.000427,-0.817115,0.050459,0.048992,0.086090,-0.050891,-0.016462,-0.001401,-1.060707,1.588454,109.601870
107349.0,2025-12-15T16:58:04.034428,24.868668,-0.576169,0.016245,-0.001984,-0.817166,-0.062069,-0.065670,0.067504,0.064710,0.019480,0.010815,-0.887174,1.652457,109.613232
107388.0,2025-12-15T16:58:04.096058,24.930299,-0.576142,0.016956,-0.003513,-0.817166,-0.000267,0.021155,0.103344,-0.036644,-0.011497,-0.001296,-0.790884,1.819989,109.616033
107427.0,2025-12-15T16:58:04.096058,24.930299,-0.576234,0.010358,0.005833,-0.817198,-0.000199,-0.166314,0.092596,0.004295,0.001033,0.004263,-1.230395,0.584795,109.615817
107468.0,2025-12-15T16:58:04.149662,24.983903,-0.576137,0.011274,0.004596,-0.817262,0.048452,-0.185917,0.106984,0.015174,0.004362,0.004105,-1.174925,0.752431,109.627696
107509.0,2025-12-15T16:58:04.213553,25.047794,-0.575951,0.014371,-0.006449,-0.817333,0.003459,0.023187,0.117812,-0.015775,-0.004430,0.002478,-0.344609,1.771854,109.652206
107553.0,2025-12-15T16:58:04.213553,25.047794,-0.576799,0.015155,-0.006355,-0.816721,0.140001,0.095634,0.077528,0.012816,0.004681,0.004497,-0.407109,1.838714,109.531101
107588.0,2025-12-15T16:58:04.268423,25.102664,-0.576893,0.014574,0.005571,-0.816671,-0.113987,-0.178249,0.065490,-0.007650,-0.001972,0.003371,-1.485233,0.995672,109.512636
107632.0,2025-12-15T16:58:04.335582,25.169823,-0.576607,0.017118,-0.006224,-0.816819,0.034494,0.079189,0.081552,0.012702,0.003525,0.007074,-0.548830,2.013966,109.552517
107672.0,2025-12-15T16:58:04.335582,25.169823,-0.576809,0.017272,-0.005275,-0.816680,0.024913,0.080040,0.083033,-0.028391,-0.009433,0.000835,-0.648334,1.965436,109.522922
107712.0,2025-12-15T16:58:04.392847,25.227088,-0.576844,0.008940,0.002371,-0.816802,0.040097,-0.176473,0.089172,0.035080,0.010322,0.007996,-0.812942,0.680108,109.533922
107754.0,2025-12-15T16:58:04.453351,25.287591,-0.576383,0.009598,0.002553,-0.817119,0.050237,-0.148907,0.090012,-0.016835,-0.005229,0.001112,-0.873146,0.730089,109.597358
107790.0,2025-12-15T16:58:04.453351,25.287591,-0.576134,0.019220,-0.005850,-0.817108,-0.023244,0.082822,0.095898,-0.006959,-0.002016,0.004173,-0.721666,2.186380,109.611739
107831.0,2025-12-15T16:58:04.512431,25.346672,-0.576248,0.017241,0.005921,-0.817071,-0.046697,-0.099400,0.091433,0.018701,0.006788,0.005696,-1.693473,1.223396,109.594322
107874.0,2025-12-15T16:58:04.572157,25.406398,-0.577044,0.017244,0.003720,-0.816523,-0.152799,-0.120371,0.072461,0.021711,0.008116,0.006063,-1.488882,1.367661,109.483869
107909.0,2025-12-15T16:58:04.572157,25.406398,-0.576759,0.020281,-0.007671,-0.816627,0.055670,0.153930,0.100434,0.005789,0.002891,0.004567,-0.623164,2.405532,109.522075
107949.0,2025-12-15T16:58:04.634264,25.468505,-0.576032,0.019359,-0.006546,-0.817172,-0.029703,0.090237,0.103927,-0.003141,-0.001674,0.004182,-0.665434,2.245494,109.626189
107993.0,2025-12-15T16:58:04.689311,25.523552,-0.576153,0.014401,0.005112,-0.817199,-0.028651,-0.136720,0.111763,0.013375,0.003710,0.005715,-1.429898,1.011108,109.617125
108032.0,2025-12-15T16:58:04.696553,25.530793,-0.575967,0.016189,-0.006283,-0.817289,0.020645,0.048436,0.101232,-0.011459,-0.003005,0.001294,-0.480386,1.931231,109.645032
108074.0,2025-12-15T16:58:04.750134,25.584374,-0.575367,0.015783,-0.005514,-0.817724,0.053925,0.071773,0.063872,0.014245,0.004093,0.006575,-0.524212,1.842784,109.729613
108115.0,2025-12-15T16:58:04.814593,25.648834,-0.575438,0.019333,0.005941,-0.817595,-0.146172,-0.112282,0.076434,-0.010465,-0.003710,0.003100,-1.832338,1.419719,109.700188
108152.0,2025-12-15T16:58:04.814593,25.648834,-0.576316,0.019275,0.004028,-0.816989,-0.163340,-0.100209,0.079283,0.010393,0.002289,0.004613,-1.650858,1.538684,109.578397
108192.0,2025-12-15T16:58:04.873098,25.707338,-0.576151,0.013167,-0.006350,-0.817213,0.138013,0.062931,0.085680,-0.004381,-0.001807,0.004194,-0.274743,1.652497,109.626842
108230.0,2025-12-15T16:58:04.934866,25.769107,-0.576147,0.021569,0.002447,-0.817058,-0.159543,-0.031466,0.061235,-0.000807,-0.001214,0.004091,-1.654265,1.858238,109.594136
108274.0,2025-12-15T16:58:04.936628,25.770868,-0.575672,0.020754,0.002072,-0.817415,-0.112000,-0.025758,0.086025,0.008844,0.002920,0.004863,-1.564137,1.807653,109.664422
108313.0,2025-12-15T16:58:04.995740,25.829980,-0.575596,0.011572,-0.004978,-0.817637,0.088618,0.002504,0.105556,-0.012635,-0.003213,0.002667,-0.296922,1.412699,109.707142
108350.0,2025-12-15T16:58:05.056037,25.890277,-0.576411,0.012477,-0.005535,-0.817046,0.092461,0.004693,0.088086,0.011023,0.003316,0.006155,-0.306003,1.534010,109.591419
108394.0,2025-12-15T16:58:05.056037,25.890277,-0.576417,0.021525,0.002975,-0.816867,-0.132794,-0.019112,0.093813,-0.005890,-0.000766,0.002154,-1.701427,1.818680,109.556030
108434.0,2025-12-15T16:58:05.112267,25.946507,-0.576254,0.013861,-0.006261,-0.817129,0.048589,0.015067,0.093063,0.011526,0.003026,0.005966,-0.329172,1.711561,109.610695
108475.0,2025-12-15T16:58:05.175864,26.010104,-0.577001,0.014664,-0.006106,-0.816589,0.088160,0.051951,0.068027,-0.005208,-0.000895,0.003685,-0.398456,1.776208,109.503802
108519.0,2025-12-15T16:58:05.175864,26.010104,-0.577049,0.018752,0.005521,-0.816476,-0.142895,-0.100925,0.074100,0.012794,0.004679,0.004778,-1.757285,1.389506,109.476746
108563.0,2025-12-15T16:58:05.233919,26.068159,-0.576496,0.018355,0.005261,-0.816877,-0.088786,-0.093153,0.074676,-0.007288,-0.002118,0.002599,-1.705717,1.370755,109.555939
108604.0,2025-12-15T16:58:05.295666,26.129906,-0.576308,0.014508,-0.006044,-0.817082,0.036260,0.027382,0.079820,0.005610,0.001892,0.004487,-0.392366,1.757826,109.601493
108641.0,2025-12-15T16:58:05.295666,26.129906,-0.576348,0.019593,0.004608,-0.816957,-0.116757,-0.064919,0.088953,0.003275,0.001307,0.004165,-1.726297,1.530045,109.572418
108680.0,2025-12-15T16:58:05.352317,26.186557,-0.576072,0.019043,0.004042,-0.817167,-0.130459,-0.073412,0.076120,-0.005420,-0.002893,0.002463,-1.636373,1.516574,109.613613
108723.0,2025-12-15T16:58:05.413767,26.248007,-0.575884,0.014308,-0.006925,-0.817377,0.078350,0.048592,0.065508,0.006081,0.000900,0.004453,-0.295673,1.797434,109.662012
108769.0,2025-12-15T16:58:05.476018,26.310259,-0.575243,0.014211,-0.005789,-0.817838,0.067702,0.029900,0.083034,-0.005376,-0.002132,0.003359,-0.394388,1.713702,109.751258
108804.0,2025-12-15T16:58:05.476018,26.310259,-0.575221,0.022285,0.003782,-0.817686,-0.192756,-0.050379,0.106745,0.003844,0.001142,0.005509,-1.824559,1.839068,109.719890
108846.0,2025-12-15T16:58:05.534989,26.369230,-0.575111,0.013913,-0.004502,-0.817945,0.064447,0.011510,0.092327,0.001243,0.000323,0.004424,-0.495118,1.600957,109.769619
108885.0,2025-12-15T16:58:05.595273,26.429514,-0.574730,0.013986,-0.003965,-0.818214,0.047443,0.001240,0.073184,-0.004193,-0.001477,0.003353,-0.549589,1.572622,109.822519
108913.0,2025-12-15T16:58:05.596350,26.430590,-0.574724,0.021862,0.004790,-0.818041,-0.155276,-0.035448,0.083526,0.002404,0.001256,0.003083,-1.890065,1.734154,109.790627
108964.0,2025-12-15T16:58:05.648031,26.482272,-0.575999,0.021717,0.002951,-0.817157,-0.158001,-0.027421,0.090779,0.005748,0.001144,0.005470,-1.710953,1.839101,109.613907
109008.0,2025-12-15T16:58:05.713651,26.547891,-0.575856,0.013161,-0.006227,-0.817421,0.094132,0.019858,0.081323,-0.002392,-0.001310,0.004396,-0.285292,1.643919,109.668091
109054.0,2025-12-15T16:58:05.713651,26.547891,-0.577000,0.014016,-0.006663,-0.816597,0.055679,0.032789,0.090770,-0.003519,-0.001890,0.004939,-0.303320,1.752368,109.506006
109088.0,2025-12-15T16:58:05.770566,26.604807,-0.577028,0.019498,0.004785,-0.816477,-0.128616,-0.071193,0.078328,0.005133,0.002025,0.005079,-1.737860,1.508063,109.477209
109130.0,2025-12-15T16:58:05.830087,26.664327,-0.576852,0.014506,-0.005872,-0.816698,0.054700,0.031461,0.074704,-0.002421,-0.001847,0.004314,-0.409536,1.746060,109.524934
109175.0,2025-12-15T16:58:05.835634,26.669875,-0.577798,0.015166,-0.006155,-0.816016,0.067738,0.053989,0.087255,0.003646,0.000366,0.004122,-0.428830,1.826002,109.390728
109207.0,2025-12-15T16:58:05.894545,26.728785,-0.577860,0.018598,0.005772,-0.815903,-0.124734,-0.099140,0.081456,-0.002866,-0.000682,0.004073,-1.771909,1.356728,109.363277
109253.0,2025-12-15T16:58:05.950529,26.784770,-0.578953,0.018805,0.003819,-0.815135,-0.134805,-0.081888,0.089000,0.002016,-0.000129,0.003251,-1.605098,1.503288,109.210073
109297.0,2025-12-15T16:58:05.950529,26.784770,-0.578781,0.014398,-0.006996,-0.815326,0.085898,0.055526,0.085214,-0.005593,-0.001592,0.003057,-0.301379,1.809488,109.255064
109332.0,2025-12-15T16:58:06.013206,26.847446,-0.578858,0.018507,0.004327,-0.815207,-0.131868,-0.090529,0.103472,-0.000315,0.000440,0.003008,-1.632511,1.441986,109.224232
109372.0,2025-12-15T16:58:06.076019,26.910260,-0.578472,0.018134,0.003756,-0.815492,-0.096595,-0.088029,0.085261,0.002585,0.001739,0.002996,-1.553725,1.445840,109.280234
109416.0,2025-12-15T16:58:06.076019,26.910260,-0.578286,0.014753,-0.007495,-0.815666,0.064477,0.051101,0.072144,-0.002263,-0.001121,0.002993,-0.277205,1.875941,109.324173
109455.0,2025-12-15T16:58:06.132791,26.967032,-0.579326,0.015418,-0.007607,-0.814915,0.071140,0.072622,0.075852,-0.001096,-0.001045,0.003789,-0.313383,1.945126,109.176347
109489.0,2025-12-15T16:58:06.195201,27.029441,-0.579403,0.017317,0.003968,-0.814848,-0.086497,-0.086636,0.086472,0.003980,0.001364,0.004786,-1.520869,1.353577,109.152064
109532.0,2025-12-15T16:58:06.195201,27.029441,-0.579186,0.014326,-0.008499,-0.815025,0.086852,0.076673,0.068877,-0.002038,-0.001271,0.003416,-0.157204,1.902423,109.199401
109573.0,2025-12-15T16:58:06.252636,27.086876,-0.579138,0.014473,-0.007953,-0.815062,0.090652,0.070790,0.070400,0.004544,0.000512,0.003896,-0.217826,1.879897,109.205421
109613.0,2025-12-15T16:58:06.314609,27.148849,-0.579235,0.018113,0.003391,-0.814952,-0.094206,-0.069995,0.073104,-0.004165,-0.001431,0.002422,-1.519561,1.466586,109.173192
109652.0,2025-12-15T16:58:06.314609,27.148849,-0.579083,0.017801,0.002673,-0.815069,-0.097581,-0.070533,0.093001,0.003209,0.001268,0.003646,-1.431565,1.485360,109.196040
109690.0,2025-12-15T16:58:06.367427,27.201668,-0.578885,0.013857,-0.008444,-0.815248,0.107335,0.076610,0.091283,0.000284,0.000354,0.003953,-0.130455,1.854986,109.242826
109731.0,2025-12-15T16:58:06.435247,27.269488,-0.578967,0.017999,0.002586,-0.815148,-0.087710,-0.058496,0.101279,-0.000453,0.000123,0.003235,-1.436303,1.509837,109.211796
109773.0,2025-12-15T16:58:06.435961,27.270201,-0.578861,0.017750,0.001965,-0.815230,-0.067033,-0.040118,0.106642,0.005872,0.003321,0.003863,-1.361605,1.527975,109.227862
109812.0,2025-12-15T16:58:06.495149,27.329389,-0.578687,0.013306,-0.008872,-0.815393,0.099071,0.063653,0.076013,-0.007026,-0.001524,0.002413,-0.053448,1.831869,109.272194
109852.0,2025-12-15T16:58:06.549959,27.384200,-0.579167,0.013879,-0.008613,-0.815045,0.107736,0.071783,0.080149,0.003290,0.001246,0.005239,-0.116755,1.868275,109.203322
109896.0,2025-12-15T16:58:06.549959,27.384200,-0.579251,0.016845,0.002884,-0.814970,-0.091603,-0.076399,0.099143,-0.003679,-0.001245,0.003558,-1.388046,1.381853,109.175553
109932.0,2025-12-15T16:58:06.611492,27.445732,-0.579012,0.015316,-0.009415,-0.815121,0.083650,0.092737,0.071000,0.001795,0.001342,0.003936,-0.136848,2.055758,109.222186
109973.0,2025-12-15T16:58:06.674537,27.508778,-0.578532,0.015205,-0.007968,-0.815479,0.086907,0.087073,0.062402,-0.006507,-0.002845,0.003225,-0.263620,1.949487,109.288785
110017.0,2025-12-15T16:58:06.676953,27.511194,-0.578622,0.015390,0.003626,-0.815442,-0.072460,-0.098799,0.083488,0.012190,0.004103,0.004645,-1.359695,1.197734,109.268193
110055.0,2025-12-15T16:58:06.730575,27.564816,-0.578140,0.015293,0.003253,-0.815787,-0.070243,-0.122220,0.078531,-0.007219,-0.001380,0.002590,-1.317636,1.214183,109.336400
110094.0,2025-12-15T16:58:06.795989,27.630229,-0.577897,0.016998,-0.008409,-0.815889,0.051633,0.103780,0.087858,-0.000751,-0.001111,0.003687,-0.339671,2.146555,109.373488
110131.0,2025-12-15T16:58:06.795989,27.630229,-0.578015,0.016592,0.003395,-0.815850,-0.052720,-0.079027,0.083349,-0.000715,-0.001043,0.003964,-1.416833,1.326424,109.349833
110174.0,2025-12-15T16:58:06.852800,27.687040,-0.578730,0.016852,0.002024,-0.815342,-0.089964,-0.088130,0.078605,0.003278,0.001365,0.004830,-1.307213,1.440462,109.249282
110210.0,2025-12-15T16:58:06.963947,27.798188,-0.578465,0.016671,-0.010593,-0.815468,0.108334,0.150352,0.087940,-0.004623,-0.002075,0.003430,-0.115340,2.260634,109.296523
110257.0,2025-12-15T16:58:06.963947,27.798188,-0.579517,0.017098,-0.010562,-0.814713,0.056738,0.131778,0.088302,0.003218,0.001967,0.005527,-0.149425,2.298263,109.147447
110297.0,2025-12-15T16:58:06.977272,27.811512,-0.579647,0.015775,0.001679,-0.814713,-0.043126,-0.075851,0.086759,0.001864,0.000514,0.004415,-1.204976,1.361357,109.123956
110336.0,2025-12-15T16:58:07.030152,27.864393,-0.579404,0.014275,-0.010004,-0.814854,0.089749,0.098573,0.083315,-0.000852,-0.000633,0.004944,-0.013645,1.997538,109.170095
110377.0,2025-12-15T16:58:07.030152,27.864393,-0.579942,0.014788,-0.009539,-0.814468,0.104836,0.098076,0.073659,-0.001537,-0.000126,0.003484,-0.092546,2.014506,109.092812
110417.0,2025-12-15T16:58:07.093473,27.927713,-0.580048,0.016153,0.002716,-0.814417,-0.066461,-0.073562,0.072298,0.003128,0.001617,0.003918,-1.327675,1.327069,109.065815
110455.0,2025-12-15T16:58:07.145377,27.979618,-0.580868,0.016461,0.001495,-0.813830,-0.069614,-0.073359,0.077934,0.003453,0.001235,0.004023,-1.235566,1.435715,108.950126
110498.0,2025-12-15T16:58:07.145377,27.979618,-0.580625,0.016637,-0.010541,-0.813933,0.084414,0.124982,0.070057,-0.013372,-0.003689,0.002439,-0.123862,2.253597,108.992615
110538.0,2025-12-15T16:58:07.214509,28.048750,-0.580725,0.016207,0.001078,-0.813938,-0.036617,-0.056279,0.080266,0.009650,0.002291,0.006040,-1.179503,1.440067,108.971334
110582.0,2025-12-15T16:58:07.262374,28.096614,-0.581380,0.016513,-0.000006,-0.813465,-0.045288,-0.049055,0.103445,0.004162,0.001386,0.003702,-1.100017,1.539873,108.878760
110620.0,2025-12-15T16:58:07.276526,28.110766,-0.581138,0.013671,-0.011466,-0.813610,0.118215,0.102328,0.074625,0.002119,0.001180,0.004763,0.158653,2.038568,108.928574
110662.0,2025-12-15T16:58:07.335605,28.169845,-0.581895,0.014316,-0.010985,-0.813064,0.131392,0.123327,0.074049,0.003205,0.001128,0.004230,0.068981,2.066752,108.820033
110701.0,2025-12-15T16:58:07.393453,28.227694,-0.582028,0.016165,0.001243,-0.813007,-0.056985,-0.057419,0.064228,-0.003771,-0.000495,0.002490,-1.194419,1.423262,108.787710
110746.0,2025-12-15T16:58:07.455235,28.289476,-0.581710,0.018622,-0.011722,-0.813099,0.082561,0.181704,0.093895,-0.000594,-0.000080,0.004513,-0.149270,2.517250,108.835058
110792.0,2025-12-15T16:58:07.455787,28.290028,-0.582037,0.018445,-0.011053,-0.812878,0.044787,0.161930,0.083051,0.000917,-0.000782,0.004172,-0.200855,2.456082,108.788784
110825.0,2025-12-15T16:58:07.514312,28.348552,-0.582172,0.014718,0.000855,-0.812932,-0.026153,-0.077365,0.107781,0.002113,0.000654,0.004893,-1.061865,1.314133,108.771929
110868.0,2025-12-15T16:58:07.567672,28.401913,-0.581965,0.014842,0.000634,-0.813078,-0.015259,-0.067991,0.090486,-0.003173,-0.000596,0.004269,-1.049227,1.340750,108.800962
110910.0,2025-12-15T16:58:07.576106,28.410347,-0.581658,0.019006,-0.011908,-0.813124,0.052469,0.172109,0.066852,0.002813,0.001532,0.004106,-0.157389,2.565461,108.841430
110951.0,2025-12-15T16:58:07.633085,28.467325,-0.581817,0.014892,-0.000790,-0.813183,-0.015036,-0.049248,0.071842,-0.003007,0.000419,0.003272,-0.919549,1.440483,108.822486
110992.0,2025-12-15T16:58:07.695812,28.530052,-0.582501,0.015373,-0.001504,-0.812683,0.003402,-0.022308,0.094225,0.002844,0.000949,0.004691,-0.886452,1.532262,108.725042
111033.0,2025-12-15T16:58:07.696934,28.531175,-0.582230,0.018348,-0.012807,-0.812716,0.072335,0.193737,0.089367,-0.004585,-0.002115,0.003421,-0.031503,2.564079,108.763648
111074.0,2025-12-15T16:58:07.755099,28.589339,-0.582901,0.018426,-0.012255,-0.812241,0.080580,0.182321,0.081409,0.005483,0.001889,0.004693,-0.090226,2.534420,108.668123
111113.0,2025-12-15T16:58:07.805176,28.639416,-0.583058,0.014825,-0.001023,-0.812295,-0.017030,-0.050504,0.077778,0.000061,-0.000286,0.003421,-0.895561,1.448457,108.647826
111155.0,2025-12-15T16:58:07.805176,28.639416,-0.582244,0.014588,-0.000640,-0.812883,0.002541,-0.049962,0.084838,0.001106,0.000782,0.004722,-0.914007,1.401689,108.763059
111190.0,2025-12-15T16:58:07.875370,28.709610,-0.581977,0.019927,-0.011092,-0.812886,0.024446,0.174343,0.099728,-0.003433,-0.001362,0.003428,-0.296027,2.596861,108.792577
111233.0,2025-12-15T16:58:07.934433,28.768673,-0.582122,0.013638,0.000297,-0.812987,-0.009417,-0.083209,0.083206,0.005199,0.002169,0.004728,-0.937639,1.250831,108.782238
111280.0,2025-12-15T16:58:07.936301,28.770542,-0.582213,0.013970,-0.000063,-0.812917,-0.008582,-0.063467,0.079069,-0.005763,-0.001874,0.002599,-0.926418,1.305630,108.768798
111324.0,2025-12-15T16:58:07.994055,28.828295,-0.581939,0.024703,-0.005076,-0.812842,-0.075517,0.137425,0.063779,0.017943,0.005936,0.006080,-1.175778,2.640377,108.772789
111362.0,2025-12-15T16:58:08.051220,28.885460,-0.581942,0.023754,-0.004547,-0.812871,-0.159153,0.098637,0.082060,-0.027146,-0.008305,0.002100,-1.161657,2.516669,108.776032
111401.0,2025-12-15T16:58:08.055526,28.889766,-0.582056,0.013691,0.001867,-0.813031,0.026625,-0.058207,0.078825,0.012715,0.003567,0.005970,-1.087395,1.151127,108.790631
111441.0,2025-12-15T16:58:08.113357,28.947598,-0.581802,0.018433,-0.008910,-0.813073,0.024882,0.124605,0.077870,-0.001303,-0.000660,0.003743,-0.399107,2.312058,108.819954
111483.0,2025-12-15T16:58:08.172859,29.007099,-0.582110,0.018172,-0.008864,-0.812859,-0.007956,0.104596,0.092812,0.007912,0.003055,0.003181,-0.386807,2.284569,108.777378
111522.0,2025-12-15T16:58:08.172859,29.007099,-0.582272,0.016328,0.003690,-0.812822,-0.039020,-0.070247,0.085998,-0.013939,-0.004871,0.002231,-1.433601,1.274709,108.751546
111566.0,2025-12-15T16:58:08.234948,29.069188,-0.582063,0.016021,0.002616,-0.812981,-0.094220,-0.100829,0.058636,0.009318,0.001359,0.004452,-1.312781,1.318169,108.782463
111604.0,2025-12-15T16:58:08.305336,29.139576,-0.581792,0.017580,-0.009601,-0.813091,0.074163,0.140064,0.086282,0.000942,0.000367,0.004154,-0.277692,2.278731,108.824639
111649.0,2025-12-15T16:58:08.351850,29.186091,-0.581902,0.011089,0.001292,-0.813182,-0.011062,-0.146045,0.084823,0.013526,0.005006,0.004894,-0.859968,0.947153,108.818909
111685.0,2025-12-15T16:58:08.351850,29.186091,-0.581682,0.011617,0.000941,-0.813333,0.045393,-0.104471,0.094068,0.003683,0.002093,0.005861,-0.862183,1.020029,108.848939
111726.0,2025-12-15T16:58:08.409821,29.244061,-0.581434,0.020438,-0.006802,-0.813308,-0.026589,0.108949,0.106897,0.001201,-0.001826,0.004513,-0.728409,2.358704,108.863030
111769.0,2025-12-15T16:58:08.467763,29.302003,-0.582195,0.020342,-0.006985,-0.812765,-0.012746,0.111930,0.086465,0.005382,0.001187,0.004170,-0.707224,2.361219,108.756263
111808.0,2025-12-15T16:58:08.467763,29.302003,-0.582321,0.011925,0.001361,-0.812870,0.017548,-0.114677,0.089291,-0.006338,-0.002057,0.003289,-0.922759,1.020033,108.757961
111852.0,2025-12-15T16:58:08.529776,29.364016,-0.582067,0.020481,-0.006898,-0.812854,-0.020846,0.117420,0.080328,0.009821,0.004293,0.004660,-0.724243,2.368469,108.773774
111890.0,2025-12-15T16:58:08.595279,29.429519,-0.581711,0.019930,-0.006142,-0.813128,-0.024059,0.086626,0.093207,-0.006310,-0.002188,0.002578,-0.756800,2.267036,108.825289
111933.0,2025-12-15T16:58:08.645696,29.479936,-0.581830,0.011469,0.002017,-0.813227,0.022509,-0.124213,0.073986,0.001067,0.001074,0.003684,-0.952828,0.934356,108.827988
111969.0,2025-12-15T16:58:08.645696,29.479936,-0.582278,0.012294,0.001158,-0.812896,0.028743,-0.103961,0.093930,0.001341,0.000294,0.003159,-0.928393,1.068034,108.763195
112012.0,2025-12-15T16:58:08.710631,29.544871,-0.581990,0.020517,-0.008909,-0.812888,-0.009052,0.141474,0.086994,0.007106,0.003360,0.004659,-0.538921,2.506146,108.786359
112059.0,2025-12-15T16:58:08.710631,29.544871,-0.581934,0.020061,-0.008090,-0.812948,0.006253,0.141424,0.086459,-0.003513,-0.001509,0.003412,-0.584690,2.408997,108.795117
112092.0,2025-12-15T16:58:08.773061,29.607301,-0.582040,0.011928,0.000449,-0.813073,0.013850,-0.103038,0.089359,0.000181,-0.000347,0.004691,-0.837594,1.081451,108.797952
112133.0,2025-12-15T16:58:08.831454,29.665695,-0.581813,0.021985,-0.005707,-0.813005,-0.051175,0.118516,0.079248,0.000317,0.000743,0.003421,-0.934994,2.429393,108.802632
112175.0,2025-12-15T16:58:08.831454,29.665695,-0.581758,0.021357,-0.005241,-0.813064,-0.058039,0.104721,0.092382,-0.006164,-0.002234,0.004722,-0.936288,2.339812,108.812455
112216.0,2025-12-15T16:58:08.895036,29.729277,-0.581829,0.010997,0.000285,-0.813237,0.052878,-0.104177,0.075629,0.008270,0.002655,0.005817,-0.759963,1.005880,108.829843
112254.0,2025-12-15T16:58:08.955303,29.789543,-0.581603,0.020311,-0.006935,-0.813190,-0.032760,0.103002,0.087948,-0.004019,-0.000891,0.003704,-0.707986,2.355526,108.839887
112299.0,2025-12-15T16:58:08.956337,29.790577,-0.582030,0.020015,-0.007005,-0.812891,-0.028097,0.100292,0.069266,0.005632,0.000606,0.004765,-0.682980,2.332270,108.780802
112333.0,2025-12-15T16:58:09.010562,29.844802,-0.582185,0.012298,0.002510,-0.812960,0.003504,-0.115922,0.076796,-0.015163,-0.004625,0.001828,-1.054517,0.978264,108.775854
112375.0,2025-12-15T16:58:09.076268,29.910509,-0.581452,0.012278,0.002281,-0.813485,0.017555,-0.109435,0.085801,0.015561,0.005239,0.005088,-1.030939,0.992649,108.879228
112411.0,2025-12-15T16:58:09.077451,29.911692,-0.581228,0.017932,-0.008032,-0.813504,0.010840,0.101252,0.100908,0.000223,-0.000234,0.002725,-0.445947,2.207077,108.901695
112452.0,2025-12-15T16:58:09.132247,29.966488,-0.581354,0.013178,0.002741,-0.813540,-0.027016,-0.126126,0.073246,-0.001265,-0.000025,0.003721,-1.133703,1.045905,108.890645
112493.0,2025-12-15T16:58:09.193702,30.027942,-0.581413,0.013609,0.002282,-0.813492,-0.004142,-0.093102,0.102773,-0.004905,-0.000785,0.003164,-1.119743,1.116640,108.881322
112537.0,2025-12-15T16:58:09.193702,30.027942,-0.581138,0.016868,-0.010618,-0.813561,0.047639,0.123080,0.089035,0.005691,0.001490,0.003850,-0.133520,2.280178,108.919903
112573.0,2025-12-15T16:58:09.255154,30.089394,-0.580582,0.016598,-0.009215,-0.813981,0.097439,0.126093,0.089748,0.000911,-0.000386,0.004005,-0.244873,2.161786,108.997696
112613.0,2025-12-15T16:58:09.311761,30.146002,-0.580697,0.012792,0.002016,-0.814017,-0.037399,-0.121751,0.076155,0.001299,0.002333,0.004044,-1.039501,1.059135,108.984441
112659.0,2025-12-15T16:58:09.311761,30.146002,-0.580453,0.013173,0.001645,-0.814186,0.007688,-0.097066,0.084450,-0.001032,0.001404,0.004054,-1.029944,1.119695,109.017917
112703.0,2025-12-15T16:58:09.376202,30.210443,-0.580220,0.018877,-0.008563,-0.814196,0.011376,0.124874,0.090083,-0.007955,-0.002002,0.002463,-0.456606,2.331208,109.041155
112740.0,2025-12-15T16:58:09.492319,30.326559,-0.580351,0.012947,0.002653,-0.814259,-0.016425,-0.124028,0.078631,0.005704,0.002811,0.004492,-1.108859,1.031640,109.032363
112782.0,2025-12-15T16:58:09.492319,30.326559,-0.580297,0.013390,0.002249,-0.814292,-0.004314,-0.104935,0.087051,-0.007187,-0.000889,0.001748,-1.100504,1.099924,109.039024
112821.0,2025-12-15T16:58:09.492319,30.326559,-0.580031,0.017686,-0.008940,-0.814354,0.028936,0.111452,0.088341,0.011202,0.004589,0.005068,-0.341553,2.245166,109.071908
112866.0,2025-12-15T16:58:09.545143,30.379384,-0.580867,0.018003,-0.008682,-0.813753,0.038341,0.111379,0.103797,-0.008851,-0.001995,0.003515,-0.388991,2.257224,108.952907
112901.0,2025-12-15T16:58:09.556641,30.390881,-0.580966,0.011983,0.002071,-0.813837,-0.013642,-0.125059,0.087078,0.005386,0.001970,0.005539,-0.991067,0.979662,108.948497
112943.0,2025-12-15T16:58:09.619050,30.453290,-0.580730,0.023746,-0.002450,-0.813746,-0.068845,0.101262,0.070534,-0.003289,-0.000302,0.002794,-1.353064,2.378035,108.944742
112987.0,2025-12-15T16:58:09.663485,30.497725,-0.580556,0.022783,-0.002606,-0.813897,-0.138184,0.065128,0.088095,0.004227,0.001552,0.003739,-1.273784,2.298898,108.973602
113027.0,2025-12-15T16:58:09.734188,30.568429,-0.580656,0.011354,0.000306,-0.814070,0.069380,-0.085874,0.083099,-0.009020,-0.003558,0.002384,-0.784191,1.038798,108.994229
113064.0,2025-12-15T16:58:09.795014,30.629254,-0.581405,0.012190,-0.000716,-0.813523,-0.002008,-0.100090,0.099552,-0.004339,-0.001638,0.004456,-0.745589,1.184205,108.887341
113099.0,2025-12-15T16:58:09.795014,30.629254,-0.581202,0.023909,-0.001476,-0.813406,-0.103623,0.083993,0.081933,0.001562,0.000416,0.004954,-1.456151,2.327494,108.876613
113142.0,2025-12-15T16:58:09.795014,30.629254,-0.581202,0.012508,-0.004174,-0.813652,0.027627,-0.014442,0.084016,-0.008896,-0.003845,0.002690,-0.444039,1.444402,108.917014
113184.0,2025-12-15T16:58:09.851540,30.685780,-0.582107,0.013322,-0.005036,-0.812988,0.082594,0.005752,0.076871,0.020723,0.006368,0.006955,-0.419583,1.577221,108.788231
113222.0,2025-12-15T16:58:09.912759,30.746999,-0.582122,0.022580,0.003602,-0.812780,-0.179277,-0.024495,0.089921,-0.021196,-0.005646,0.000745,-1.843012,1.863133,108.748695
113260.0,2025-12-15T16:58:09.912759,30.746999,-0.581978,0.013561,-0.004836,-0.813077,0.100070,0.015122,0.062496,0.017416,0.003433,0.007236,-0.453959,1.586226,108.805568
113305.0,2025-12-15T16:58:09.975208,30.809448,-0.581633,0.013726,-0.003981,-0.813325,0.047421,-0.000072,0.067098,-0.016177,-0.006307,0.002451,-0.543950,1.544781,108.853274
113342.0,2025-12-15T16:58:10.028430,30.862670,-0.581487,0.025343,-0.000433,-0.813161,-0.188325,0.063517,0.083530,0.010805,0.003321,0.006079,-1.649993,2.390995,108.828796
113391.0,2025-12-15T16:58:10.094864,30.929104,-0.581192,0.024296,-0.000220,-0.813404,-0.149893,0.062678,0.092831,-0.009756,-0.002317,0.002176,-1.599075,2.279829,108.875218
113427.0,2025-12-15T16:58:10.095752,30.929993,-0.581122,0.012482,-0.005232,-0.813704,0.055765,-0.010648,0.083216,0.004462,0.002735,0.005236,-0.343458,1.512449,108.928936
113466.0,2025-12-15T16:58:10.155865,30.990105,-0.579939,0.012429,-0.003835,-0.814556,0.107445,-0.012214,0.089135,-0.001050,0.000703,0.004345,-0.468179,1.415201,109.094785
113508.0,2025-12-15T16:58:10.212162,31.046402,-0.579757,0.023781,-0.007027,-0.814412,-0.113527,0.138984,0.064692,-0.006365,-0.001382,0.003333,-0.925163,2.687226,109.086298
113552.0,2025-12-15T16:58:10.212162,31.046402,-0.579930,0.015465,0.001454,-0.814518,0.007779,-0.058237,0.061935,-0.002923,-0.001111,0.003078,-1.163842,1.346911,109.085209
113591.0,2025-12-15T16:58:10.273446,31.107686,-0.581168,0.016113,0.000266,-0.813624,-0.070587,-0.059150,0.099110,-0.014020,-0.005030,0.002216,-1.098318,1.484724,108.909670
113627.0,2025-12-15T16:58:10.334104,31.168344,-0.580859,0.022104,-0.010592,-0.813635,0.023538,0.207342,0.074291,0.013698,0.004421,0.004408,-0.484299,2.766964,108.941689
113673.0,2025-12-15T16:58:10.334104,31.168344,-0.580291,0.021034,-0.009561,-0.814081,-0.055133,0.147425,0.084242,-0.001850,-0.001241,0.004146,-0.507283,2.598872,109.024667
113706.0,2025-12-15T16:58:10.393075,31.227316,-0.580387,0.013136,0.000312,-0.814234,0.007035,-0.079027,0.093895,0.013656,0.003805,0.007329,-0.902977,1.205023,109.027852
113751.0,2025-12-15T16:58:10.455093,31.289333,-0.580147,0.021313,-0.009125,-0.814182,-0.018655,0.171696,0.079629,-0.010206,-0.002290,0.001605,-0.566153,2.595977,109.043482
113793.0,2025-12-15T16:58:10.481172,31.315413,-0.580946,0.020935,-0.009370,-0.813619,-0.025846,0.158738,0.087088,0.015483,0.005912,0.005872,-0.520589,2.576534,108.932620
113832.0,2025-12-15T16:58:10.508997,31.343238,-0.581113,0.015362,0.001239,-0.813677,-0.011768,-0.062829,0.079842,-0.010195,-0.002469,0.002918,-1.138887,1.350042,108.919126
113874.0,2025-12-15T16:58:10.575538,31.409779,-0.580697,0.015152,0.000766,-0.813978,-0.051555,-0.077747,0.082850,0.007265,0.003396,0.005364,-1.080012,1.362467,108.978581
113914.0,2025-12-15T16:58:10.575538,31.409779,-0.580375,0.022982,-0.009454,-0.813970,-0.008293,0.194038,0.071429,-0.005345,-0.000796,0.004365,-0.647390,2.773525,109.005302
113949.0,2025-12-15T16:58:10.631858,31.466098,-0.580505,0.014108,-0.001638,-0.814132,0.006539,-0.033144,0.065329,-0.001871,-0.000166,0.004134,-0.785917,1.425337,109.009767
113994.0,2025-12-15T16:58:10.694269,31.528510,-0.580679,0.014462,-0.001992,-0.814002,0.027584,-0.033672,0.092389,0.004590,0.001588,0.004874,-0.776819,1.481689,108.984661
114038.0,2025-12-15T16:58:10.694269,31.528510,-0.580405,0.022803,-0.010228,-0.813944,-0.034833,0.191331,0.084265,-0.004941,-0.001954,0.004263,-0.563343,2.808258,109.002588
114074.0,2025-12-15T16:58:10.754671,31.588911,-0.580766,0.022225,-0.009769,-0.813708,-0.015181,0.184357,0.071564,0.005443,0.001148,0.004909,-0.568834,2.723459,108.953481
114114.0,2025-12-15T16:58:10.814758,31.648998,-0.580924,0.014095,-0.001124,-0.813835,0.004607,-0.049979,0.086796,-0.004737,-0.001272,0.002677,-0.833783,1.389448,108.950558
114151.0,2025-12-15T16:58:10.816271,31.650511,-0.580661,0.021694,-0.010248,-0.813792,-0.014312,0.180159,0.088945,0.006245,0.002899,0.003709,-0.488392,2.705914,108.970818
114192.0,2025-12-15T16:58:10.875281,31.709521,-0.580201,0.020982,-0.009059,-0.814152,0.005128,0.157745,0.092008,-0.002971,-0.000844,0.003170,-0.550448,2.560658,109.036981
114233.0,2025-12-15T16:58:10.932799,31.767039,-0.580341,0.012755,-0.000688,-0.814273,0.012326,-0.077589,0.074501,0.002706,0.001414,0.003037,-0.784264,1.235955,109.035764
114276.0,2025-12-15T16:58:10.932799,31.767039,-0.580767,0.013451,-0.001101,-0.813958,0.041517,-0.047798,0.079454,-0.003032,-0.000407,0.003800,-0.792702,1.327963,108.974312
114314.0,2025-12-15T16:58:11.053373,31.887614,-0.580492,0.020692,-0.010389,-0.813937,-0.008670,0.173454,0.082215,-0.001290,-0.000865,0.004789,-0.407877,2.621950,108.998465
114350.0,2025-12-15T16:58:11.055387,31.889627,-0.580651,0.014630,0.000493,-0.814021,-0.006159,-0.063055,0.084204,0.007248,0.002254,0.004233,-1.019775,1.332006,108.986683
114392.0,2025-12-15T16:58:11.055387,31.889627,-0.580370,0.014634,0.000313,-0.814222,-0.033213,-0.074490,0.079821,-0.005121,-0.001804,0.002501,-1.002734,1.344668,109.026380
114432.0,2025-12-15T16:58:11.113792,31.948033,-0.580077,0.019345,-0.010536,-0.814264,0.032713,0.157835,0.071803,0.002169,-0.000421,0.005259,-0.303104,2.506161,109.061656
114472.0,2025-12-15T16:58:11.176320,32.010560,-0.579185,0.018509,-0.008770,-0.814939,0.038367,0.128136,0.086948,-0.001574,-0.000869,0.003562,-0.409790,2.311083,109.188119
114514.0,2025-12-15T16:58:11.176320,32.010560,-0.579317,0.013481,0.001811,-0.814989,-0.018591,-0.104866,0.092964,0.004652,0.001407,0.003932,-1.064385,1.138845,109.176818
114548.0,2025-12-15T16:58:11.234293,32.068533,-0.579056,0.019796,-0.008683,-0.815001,0.008589,0.128138,0.053400,-0.002611,-0.000426,0.003222,-0.503135,2.425646,109.201971
