t_imu_ms,pc_timestamp_iso,pc_timestamp_s,qw,qx,qy,qz,ax_lin_mps2,ay_lin_mps2,az_lin_mps2,gx_rads,gy_rads,gz_rads,roll_deg,pitch_deg,yaw_deg
219870.0,2025-12-15T01:57:59.441357,0.069314,0.999892,0.001733,-0.011212,0.009366,0.040725,0.039417,0.023945,0.002131,-0.015979,0.003196,0.186536,-1.286620,1.071231
219894.0,2025-12-15T01:58:00.459373,1.087331,0.999894,0.001428,-0.009782,0.010737,0.024644,0.028401,0.025242,0.020240,-0.041545,0.006392,0.151628,-1.122683,1.228982
219917.0,2025-12-15T01:58:00.459373,1.087331,0.999871,0.003957,-0.011247,0.010795,-0.020267,-0.030402,0.027241,0.027697,-0.045806,0.006392,0.439625,-1.293658,1.232202
219942.0,2025-12-15T01:58:00.462425,1.090383,0.999864,0.001845,-0.012199,0.010975,-0.013200,-0.023122,0.013355,0.021305,-0.063916,0.012783,0.196056,-1.400135,1.255348
219962.0,2025-12-15T01:58:00.462425,1.090383,0.999877,0.001702,-0.010887,0.011130,-0.067230,0.004551,0.020103,-0.018109,-0.089482,0.013848,0.181160,-1.249694,1.273559
219993.0,2025-12-15T01:58:00.463411,1.091369,0.999876,0.001103,-0.009340,0.012603,-0.038323,-0.021523,0.012944,-0.005326,-0.021305,0.001065,0.112897,-1.071820,1.443203
220015.0,2025-12-15T01:58:00.463411,1.091369,0.999885,0.002758,-0.007960,0.012595,0.019656,-0.022951,0.007561,-0.014914,-0.011718,0.001065,0.304565,-0.916086,1.440919
220040.0,2025-12-15T01:58:00.464409,1.092366,0.999892,0.000313,-0.007548,0.012625,0.006254,0.038993,0.019210,-0.007457,0.005326,0.001065,0.024995,-0.865312,1.446594
220064.0,2025-12-15T01:58:00.464409,1.092366,0.999897,0.002336,-0.006341,0.012634,0.005440,-0.007098,0.023684,-0.004261,0.003196,0.002131,0.258462,-0.729904,1.446164
220091.0,2025-12-15T01:58:00.464409,1.092366,0.999893,0.001711,-0.004329,0.013841,0.070556,-0.012524,0.011765,-0.005326,0.003196,0.000000,0.189221,-0.498756,1.585287
220115.0,2025-12-15T01:58:00.464409,1.092366,0.999879,0.002171,-0.006699,0.013894,0.049643,0.008467,0.011253,0.004261,-0.002131,0.004261,0.238144,-0.771066,1.590599
220139.0,2025-12-15T01:58:00.465409,1.093366,0.999880,0.004258,-0.005402,0.013904,0.024389,-0.038344,0.006843,0.011718,-0.006392,0.002131,0.479309,-0.625770,1.590744
220166.0,2025-12-15T01:58:00.465409,1.093366,0.999874,0.002676,-0.007122,0.013933,0.025230,-0.027232,0.024097,0.008522,-0.003196,0.001065,0.295291,-0.820338,1.594609
220194.0,2025-12-15T01:58:00.465409,1.093366,0.999868,0.002059,-0.005384,0.015200,0.074286,-0.030573,0.006106,-0.004261,-0.017044,0.001065,0.226518,-0.620523,1.740681
220214.0,2025-12-15T01:58:00.465409,1.093366,0.999850,0.003109,-0.007697,0.015209,-0.035679,-0.015614,0.023462,-0.012783,-0.021305,0.001065,0.342808,-0.887378,1.740299
220243.0,2025-12-15T01:58:00.465409,1.093366,0.999851,0.000707,-0.008039,0.015239,-0.007267,0.041001,0.012008,-0.002131,-0.026632,0.001065,0.067015,-0.922289,1.745846
220268.0,2025-12-15T01:58:00.466410,1.094368,0.999851,0.003130,-0.007416,0.015247,0.001054,-0.013762,0.016765,0.013848,-0.011718,0.002131,0.345753,-0.855141,1.744714
220291.0,2025-12-15T01:58:00.466410,1.094368,0.999837,0.002820,-0.005855,0.016827,0.015572,-0.029002,0.012815,0.018109,-0.015979,0.004261,0.311849,-0.676290,1.926501
220315.0,2025-12-15T01:58:00.466410,1.094368,0.999843,0.000634,-0.005411,0.016865,-0.001031,0.002501,-0.003019,0.010653,-0.009587,0.002131,0.062153,-0.621209,1.932335
220340.0,2025-12-15T01:58:00.466410,1.094368,0.999832,-0.001092,-0.007068,0.016898,-0.015803,0.019674,0.012716,-0.018109,0.015979,0.002131,-0.138775,-0.807725,1.937502
220359.0,2025-12-15T01:58:00.466410,1.094368,0.999841,0.000559,-0.005725,0.016893,0.009464,0.003225,0.006749,-0.041545,0.027697,0.001065,0.052950,-0.657085,1.935614
220389.0,2025-12-15T01:58:00.467409,1.095367,0.999826,-0.000661,-0.003488,0.018320,0.065144,0.052585,0.016206,-0.057524,0.036219,-0.001065,-0.083021,-0.398218,2.099744
220412.0,2025-12-15T01:58:00.467409,1.095367,0.999820,0.000212,-0.005009,0.018299,0.054084,0.049942,0.026212,-0.049002,0.030893,-0.001065,0.013780,-0.574393,2.096943
220436.0,2025-12-15T01:58:00.467409,1.095367,0.999814,0.001848,-0.005919,0.018274,0.039784,0.070301,0.014671,-0.035154,0.024501,-0.001065,0.199384,-0.682032,2.092982
220459.0,2025-12-15T01:58:00.468410,1.096367,0.999798,0.003376,-0.007593,0.018292,-0.008720,-0.007593,0.009553,-0.008522,0.005326,0.002131,0.370861,-0.876997,2.093442
220484.0,2025-12-15T01:58:00.468410,1.096367,0.999779,0.002848,-0.009859,0.018340,-0.038212,0.008458,0.016939,-0.007457,0.006392,0.003196,0.305666,-1.135517,2.098847
220510.0,2025-12-15T01:58:00.468410,1.096367,0.999769,0.002290,-0.008014,0.019833,0.004105,0.039742,0.018391,-0.001065,0.004261,0.002131,0.244198,-0.923352,2.270949
220533.0,2025-12-15T01:58:00.468410,1.096367,0.999765,0.004631,-0.007331,0.019852,0.003103,-0.011370,0.015784,0.005326,-0.001065,0.003196,0.513931,-0.850455,2.271244
220556.0,2025-12-15T01:58:00.469408,1.097366,0.999764,0.002559,-0.008329,0.019898,-0.005773,0.010248,0.014624,0.007457,0.000000,0.002131,0.274197,-0.960136,2.278089
220583.0,2025-12-15T01:58:00.469408,1.097366,0.999741,0.004314,-0.010091,0.019915,-0.010258,-0.011755,0.015228,0.009587,-0.003196,0.002131,0.471239,-1.165923,2.277537
220608.0,2025-12-15T01:58:00.469408,1.097366,0.999722,0.004115,-0.008606,0.021579,-0.019242,-0.024307,0.034785,0.024501,-0.015979,0.003196,0.450185,-0.996157,2.469193
220632.0,2025-12-15T01:58:00.469408,1.097366,0.999737,0.002709,-0.007152,0.021614,-0.000355,-0.001120,0.019099,0.022371,-0.020240,0.002131,0.292667,-0.826077,2.474917
220657.0,2025-12-15T01:58:00.470410,1.098368,0.999724,0.001176,-0.009058,0.021657,-0.013181,0.000541,0.012179,0.024501,-0.033023,0.002131,0.112289,-1.040714,2.481014
220680.0,2025-12-15T01:58:00.470410,1.098368,0.999736,0.002425,-0.007249,0.021672,-0.032443,0.009160,0.011505,0.013848,-0.026632,0.002131,0.259788,-0.836469,2.481775
220707.0,2025-12-15T01:58:00.470410,1.098368,0.999718,0.002008,-0.005421,0.023014,-0.003772,-0.012005,0.006552,0.008522,-0.007457,0.002131,0.215774,-0.626320,2.636317
220733.0,2025-12-15T01:58:00.470410,1.098368,0.999705,0.001457,-0.007648,0.023020,-0.012303,0.005394,0.018983,-0.013848,0.010653,0.000000,0.146799,-0.879969,2.637073
220758.0,2025-12-15T01:58:00.471422,1.099380,0.999704,0.003674,-0.006986,0.023001,0.001109,0.002900,0.013236,-0.007457,0.006392,0.000000,0.402527,-0.809998,2.633167
220782.0,2025-12-15T01:58:00.471422,1.099380,0.999719,0.001897,-0.005389,0.023008,0.005436,0.006108,0.027070,0.000000,0.001065,0.000000,0.203079,-0.622385,2.635670
220805.0,2025-12-15T01:58:00.471422,1.099380,0.999696,0.001454,-0.003471,0.024357,0.054971,0.015307,0.017466,0.005326,0.001065,0.001065,0.156876,-0.401652,2.790823
220831.0,2025-12-15T01:58:00.471422,1.099380,0.999685,0.001708,-0.005816,0.024372,0.041633,0.003581,0.019179,0.004261,0.002131,0.001065,0.179464,-0.671058,2.792113
220851.0,2025-12-15T01:58:00.472423,1.100380,0.999687,0.003641,-0.004446,0.024358,0.017321,-0.021920,0.022190,-0.005326,0.006392,0.000000,0.404674,-0.519507,2.789716
220884.0,2025-12-15T01:58:00.472423,1.100380,0.999658,0.002859,-0.002552,0.025866,0.046306,-0.039374,0.018248,-0.020240,0.011718,0.000000,0.319992,-0.300773,2.963534
220907.0,2025-12-15T01:58:00.476422,1.104380,0.999656,0.001421,-0.004397,0.025798,0.070304,-0.008907,0.018968,-0.051133,0.034088,-0.006392,0.149790,-0.507882,2.955909
220933.0,2025-12-15T01:58:00.506329,1.134287,0.999649,0.001988,-0.005930,0.025754,0.044728,0.038180,0.009838,-0.058590,0.041545,-0.003196,0.210215,-0.685175,2.950360
220957.0,2025-12-15T01:58:00.520893,1.148851,0.999645,0.003491,-0.006169,0.025689,0.010521,0.014154,0.010798,-0.060720,0.049002,-0.004261,0.381827,-0.716964,2.941703
220977.0,2025-12-15T01:58:00.566042,1.194000,0.999634,0.004283,-0.007581,0.025621,0.011024,0.012397,0.024518,-0.047937,0.045806,-0.005326,0.468430,-0.881032,2.932828
221005.0,2025-12-15T01:58:00.626590,1.254548,0.999615,0.003326,-0.005324,0.027014,0.098430,0.069865,0.011869,-0.034088,0.037284,-0.003196,0.364579,-0.620203,3.094053
221029.0,2025-12-15T01:58:00.627102,1.255060,0.999598,0.004729,-0.007175,0.027025,0.034721,0.026552,0.021363,-0.001065,0.005326,0.001065,0.519499,-0.836486,3.093567
221054.0,2025-12-15T01:58:00.627102,1.255060,0.999575,0.005202,-0.009531,0.027057,-0.009019,-0.001784,0.012905,-0.001065,-0.002131,0.002131,0.566449,-1.107876,3.095629
221077.0,2025-12-15T01:58:00.685786,1.313744,0.999563,0.007607,-0.009058,0.027083,0.008046,-0.037678,0.017869,0.007457,-0.007457,0.004261,0.843381,-1.061173,3.096295
221103.0,2025-12-15T01:58:00.686787,1.314744,0.999534,0.007206,-0.007454,0.028700,0.021746,-0.037992,0.017431,0.010653,-0.008522,0.003196,0.801021,-0.877559,3.283223
221128.0,2025-12-15T01:58:00.745340,1.373298,0.999542,0.004913,-0.008118,0.028747,-0.002049,0.004971,0.014959,0.000000,-0.002131,0.002131,0.536114,-0.946092,3.290304
221151.0,2025-12-15T01:58:00.746340,1.374298,0.999515,0.006707,-0.009855,0.028778,-0.017980,-0.019557,0.022532,0.006392,-0.007457,0.003196,0.735918,-1.150932,3.291055
221175.0,2025-12-15T01:58:00.747340,1.375298,0.999537,0.004921,-0.008540,0.028802,-0.013560,-0.019482,0.003872,0.010653,-0.008522,0.001065,0.535545,-0.994490,3.296402
221198.0,2025-12-15T01:58:00.805833,1.433791,0.999515,0.004375,-0.006665,0.030100,0.017984,-0.009056,0.014573,0.004261,-0.003196,0.001065,0.478107,-0.778471,3.446626
221222.0,2025-12-15T01:58:00.805833,1.433791,0.999494,0.005926,-0.008442,0.030098,-0.006231,-0.006505,0.024662,0.001065,0.003196,0.000000,0.649690,-0.987368,3.444038
221247.0,2025-12-15T01:58:00.807340,1.435298,0.999513,0.003898,-0.007267,0.030109,0.006422,0.010783,0.014688,0.004261,0.001065,0.000000,0.421407,-0.845794,3.447807
221273.0,2025-12-15T01:58:00.866658,1.494616,0.999492,0.005478,-0.008934,0.030117,-0.021752,-0.022230,0.015890,-0.002131,0.007457,0.001065,0.596674,-1.042200,3.446405
221297.0,2025-12-15T01:58:00.867303,1.495260,0.999459,0.004923,-0.007127,0.031731,0.014992,0.003405,0.005308,-0.006392,0.009587,0.001065,0.538025,-0.834167,3.632900
221320.0,2025-12-15T01:58:00.926379,1.554337,0.999437,0.005513,-0.009322,0.031749,-0.016241,-0.004108,0.015133,-0.007457,0.007457,0.001065,0.597622,-1.087721,3.633300
221344.0,2025-12-15T01:58:00.926379,1.554337,0.999455,0.003293,-0.008261,0.031777,0.008373,0.017738,0.006605,-0.004261,0.006392,0.001065,0.347161,-0.958175,3.639205
221368.0,2025-12-15T01:58:00.985914,1.613872,0.999448,0.005640,-0.007916,0.031756,0.005681,-0.030167,0.021949,-0.001065,0.003196,0.000000,0.617276,-0.927223,3.634763
221393.0,2025-12-15T01:58:00.985914,1.613872,0.999417,0.005129,-0.006072,0.033216,0.035745,0.014591,0.018584,0.000000,0.002131,0.001065,0.564297,-0.714934,3.803581
221417.0,2025-12-15T01:58:00.987423,1.615381,0.999400,0.004795,-0.008400,0.033255,-0.007839,0.001780,0.019692,-0.004261,0.003196,0.002131,0.517175,-0.980277,3.807154
221436.0,2025-12-15T01:58:01.045801,1.673759,0.999421,0.003337,-0.006356,0.033269,0.028296,0.021900,0.029064,-0.008522,0.007457,0.001065,0.357949,-0.740671,3.810892
221467.0,2025-12-15T01:58:01.046800,1.674758,0.999404,0.005101,-0.007690,0.033262,0.016572,0.022113,0.020122,-0.009587,0.010653,0.000000,0.554949,-0.900202,3.807993
221492.0,2025-12-15T01:58:01.105931,1.733889,0.999355,0.004718,-0.006158,0.035067,0.036943,0.010055,0.010105,0.003196,0.002131,0.001065,0.515601,-0.724144,4.016112
221517.0,2025-12-15T01:58:01.106932,1.734890,0.999338,0.004406,-0.008539,0.035093,-0.007612,-0.000842,0.002874,0.007457,-0.003196,0.001065,0.470326,-0.995642,4.018334
221537.0,2025-12-15T01:58:01.107936,1.735894,0.999320,0.006747,-0.009075,0.035088,-0.003123,-0.017475,0.010593,0.002131,0.001065,0.001065,0.736337,-1.066371,4.015063
221566.0,2025-12-15T01:58:01.165760,1.793718,0.999338,0.004595,-0.008346,0.035118,0.003498,0.011658,0.007938,0.008522,-0.003196,0.001065,0.492726,-0.974269,4.021015
221590.0,2025-12-15T01:58:01.166759,1.794717,0.999295,0.004274,-0.006672,0.036702,0.025267,0.000624,0.009951,0.013848,-0.005326,0.002131,0.461398,-0.782021,4.203624
221614.0,2025-12-15T01:58:01.225885,1.853842,0.999276,0.003909,-0.009002,0.036752,-0.006041,-0.000079,0.019747,0.004261,0.001065,0.003196,0.409767,-1.047313,4.208899
221634.0,2025-12-15T01:58:01.226888,1.854846,0.999254,0.006060,-0.010166,0.036763,-0.010836,-0.022731,0.019010,0.006392,0.000000,0.002131,0.651186,-1.189681,4.207252
221664.0,2025-12-15T01:58:01.228386,1.856344,0.999274,0.004546,-0.008839,0.036773,-0.005525,-0.005605,0.032929,0.020240,-0.023436,0.000000,0.483351,-1.031331,4.210715
221691.0,2025-12-15T01:58:01.286006,1.913964,0.999229,0.004135,-0.007493,0.038309,-0.019980,-0.012432,0.013010,0.005326,-0.034088,0.000000,0.440609,-0.876132,4.387771
221714.0,2025-12-15T01:58:01.286989,1.914947,0.999247,0.002705,-0.005505,0.038310,-0.011454,-0.005515,0.006567,-0.010653,0.000000,0.000000,0.285603,-0.642262,4.389603
221737.0,2025-12-15T01:58:01.347116,1.975074,0.999235,0.003564,-0.007174,0.038282,-0.010445,-0.003132,0.016657,-0.034088,0.029827,-0.002131,0.376663,-0.837171,4.385202
221762.0,2025-12-15T01:58:01.348112,1.976070,0.999219,0.003950,-0.008945,0.038280,-0.006417,0.004166,0.010183,-0.043676,0.037284,0.000000,0.413141,-1.041634,4.384068
221787.0,2025-12-15T01:58:01.406494,2.034452,0.999183,0.002999,-0.006739,0.039748,0.051754,0.069325,0.004600,-0.037284,0.035154,0.000000,0.312715,-0.785284,4.553940
221813.0,2025-12-15T01:58:01.406494,2.034452,0.999167,0.005053,-0.007753,0.039749,0.015315,0.027905,0.014189,-0.003196,0.009587,0.001065,0.543359,-0.910780,4.551991
221833.0,2025-12-15T01:58:01.407496,2.035454,0.999143,0.005216,-0.010116,0.039797,-0.026235,-0.003070,0.001989,0.002131,0.001065,0.003196,0.551225,-1.182113,4.556266
221865.0,2025-12-15T01:58:01.466037,2.093995,0.999169,0.003855,-0.007897,0.039800,0.006682,0.005230,0.022021,-0.011718,0.014914,0.000000,0.405440,-0.921834,4.558810
221890.0,2025-12-15T01:58:01.467022,2.094980,0.999115,0.003308,-0.005975,0.041513,0.047052,0.067432,0.011524,-0.010653,0.027697,0.000000,0.350344,-0.699851,4.756431
221909.0,2025-12-15T01:58:01.468024,2.095981,0.999096,0.004739,-0.007723,0.041523,0.033827,0.028729,0.016784,-0.004261,0.009587,0.001065,0.505851,-0.906773,4.755712
221937.0,2025-12-15T01:58:01.525655,2.153613,0.999074,0.004838,-0.010114,0.041546,-0.013264,-0.001643,0.017758,0.003196,-0.001065,0.001065,0.505898,-1.180998,4.757221
221960.0,2025-12-15T01:58:01.526654,2.154612,0.999088,0.005813,-0.007930,0.041539,0.013884,-0.005842,0.006830,0.002131,0.000000,0.001065,0.627902,-0.935568,4.756480
221986.0,2025-12-15T01:58:01.586130,2.214087,0.999036,0.005277,-0.006180,0.043140,0.031841,0.006187,0.017312,-0.004261,0.003196,0.002131,0.573584,-0.733575,4.941552
222009.0,2025-12-15T01:58:01.587007,2.214965,0.999021,0.004803,-0.008407,0.043154,-0.002852,0.003693,0.007821,-0.012783,0.011718,0.000000,0.508302,-0.986178,4.942468
222034.0,2025-12-15T01:58:01.646222,2.274180,0.999000,0.006326,-0.009966,0.043135,-0.008609,-0.009957,0.016805,-0.008522,0.014914,-0.001065,0.675073,-1.172221,4.937856
222059.0,2025-12-15T01:58:01.647209,2.275167,0.999017,0.006883,-0.007585,0.043129,0.032719,-0.006146,0.015621,0.001065,0.005326,0.001065,0.750576,-0.902409,4.938057
222084.0,2025-12-15T01:58:01.647209,2.275167,0.998959,0.006338,-0.005935,0.044777,0.062687,-0.001017,0.015348,0.000000,0.001065,0.001065,0.695128,-0.711898,5.128672
222106.0,2025-12-15T01:58:01.765972,2.393930,0.998946,0.005577,-0.008196,0.044808,0.027803,-0.007594,0.015453,-0.001065,0.000000,0.001065,0.596427,-0.966830,5.131554
222131.0,2025-12-15T01:58:01.765972,2.393930,0.998921,0.005932,-0.010577,0.044830,-0.025559,-0.005191,0.009478,0.002131,-0.002131,0.001065,0.624851,-1.241336,5.132478
222155.0,2025-12-15T01:58:01.766973,2.394931,0.998936,0.006749,-0.008381,0.044837,0.008524,-0.005797,0.015502,0.013848,-0.008522,0.002131,0.729576,-0.994055,5.133623
222181.0,2025-12-15T01:58:01.767974,2.395932,0.998869,0.006505,-0.006987,0.046576,0.047177,-0.009137,0.014270,0.020240,-0.015979,0.002131,0.707328,-0.834529,5.334292
222233.0,2025-12-15T01:58:01.826049,2.454006,0.998864,0.004605,-0.008504,0.046651,-0.024807,-0.016715,0.015629,0.020240,-0.060720,0.002131,0.481657,-0.998076,5.343803
222257.0,2025-12-15T01:58:01.827049,2.455006,0.998884,0.003516,-0.006457,0.046661,-0.044431,-0.018125,-0.000834,-0.011718,-0.010653,0.001065,0.368017,-0.757886,5.346596
222282.0,2025-12-15T01:58:01.886158,2.514116,0.998889,0.004872,-0.004568,0.046656,0.031212,-0.019074,0.006939,-0.019175,0.010653,0.001065,0.533224,-0.548900,5.345913
222307.0,2025-12-15T01:58:01.887144,2.515102,0.998832,0.003993,-0.002529,0.048080,0.105044,0.026488,0.008333,-0.026632,0.020240,-0.001065,0.443137,-0.311421,5.510516
222327.0,2025-12-15T01:58:01.888141,2.516099,0.998822,0.004867,-0.004364,0.048086,0.058701,0.035342,0.017248,-0.017044,0.024501,0.000000,0.532994,-0.526270,5.509993
222353.0,2025-12-15T01:58:01.945830,2.573788,0.998808,0.005481,-0.006312,0.048093,0.026837,0.012466,0.007826,-0.013848,0.025566,0.000000,0.592645,-0.752657,5.509478
222383.0,2025-12-15T01:58:01.946829,2.574787,0.998742,0.004921,-0.004279,0.049725,0.083434,0.031078,0.009010,-0.003196,0.031958,0.000000,0.538788,-0.517778,5.698092
222406.0,2025-12-15T01:58:02.006163,2.634121,0.998727,0.005735,-0.006129,0.049736,0.060075,0.012070,0.011810,0.020240,0.037284,0.000000,0.621500,-0.734110,5.697916
222429.0,2025-12-15T01:58:02.007163,2.635121,0.998713,0.005409,-0.008167,0.049768,0.023220,-0.008583,0.026104,0.023436,0.021305,0.001065,0.572507,-0.965603,5.700821
222454.0,2025-12-15T01:58:02.065701,2.693659,0.998705,0.003654,-0.009678,0.049805,-0.016696,0.016441,0.010303,0.008522,-0.002131,0.001065,0.363042,-1.128477,5.706269
222479.0,2025-12-15T01:58:02.066700,2.694658,0.998643,0.003220,-0.008012,0.051349,0.021646,0.035955,0.010447,0.004261,-0.007457,0.001065,0.321357,-0.935863,5.884354
222501.0,2025-12-15T01:58:02.067703,2.695661,0.998622,0.005387,-0.009376,0.051361,-0.008457,-0.013344,0.013963,0.009587,-0.012783,0.002131,0.561353,-1.104727,5.883102
222525.0,2025-12-15T01:58:02.125816,2.753774,0.998643,0.003999,-0.007538,0.051378,-0.001056,-0.000330,0.015781,0.002131,-0.006392,0.001065,0.413325,-0.886201,5.887097
222549.0,2025-12-15T01:58:02.127328,2.755286,0.998621,0.005027,-0.009568,0.051376,-0.022560,-0.012194,0.000541,-0.009587,0.005326,0.000000,0.518998,-1.124525,5.885092
222575.0,2025-12-15T01:58:02.186338,2.814296,0.998635,0.006082,-0.007401,0.051354,0.023153,-0.007794,0.017598,-0.012783,0.010653,0.000000,0.652581,-0.882765,5.882543
222599.0,2025-12-15T01:58:02.186338,2.814296,0.998584,0.005366,-0.005399,0.052660,0.072122,0.000083,0.015047,-0.011718,0.007457,0.002131,0.581548,-0.650195,6.034076
222623.0,2025-12-15T01:58:02.187341,2.815299,0.998568,0.005114,-0.007722,0.052685,0.020363,0.003333,0.003221,-0.012783,0.005326,0.001065,0.538604,-0.914567,6.035991
222644.0,2025-12-15T01:58:02.245980,2.873938,0.998545,0.005752,-0.009913,0.052689,-0.021385,-0.006666,0.011665,-0.008522,0.006392,0.000000,0.598501,-1.169089,6.034797
222670.0,2025-12-15T01:58:02.246965,2.874923,0.998569,0.005202,-0.007504,0.052693,0.014428,0.005376,0.022266,-0.008522,0.006392,0.001065,0.549995,-0.890097,6.036976
222695.0,2025-12-15T01:58:02.306123,2.934081,0.998501,0.004597,-0.005701,0.054239,0.050555,0.017280,0.012551,-0.004261,0.005326,0.002131,0.490615,-0.680876,6.215601
222718.0,2025-12-15T01:58:02.307124,2.935082,0.998481,0.005426,-0.007855,0.054256,0.019928,0.009460,0.020165,-0.003196,0.005326,0.001065,0.572089,-0.932566,6.215918
222742.0,2025-12-15T01:58:02.308123,2.936080,0.998455,0.006749,-0.009890,0.054268,-0.012158,-0.009398,0.008436,0.004261,-0.002131,0.001065,0.710857,-1.173664,6.214885
222766.0,2025-12-15T01:58:02.365682,2.993640,0.998479,0.005324,-0.008085,0.054286,0.010792,0.008305,0.021266,0.008522,-0.002131,0.001065,0.558990,-0.958198,6.219366
222791.0,2025-12-15T01:58:02.366678,2.994636,0.998421,0.005040,-0.006131,0.055610,0.048067,0.000564,0.016175,0.014914,0.001065,0.001065,0.537655,-0.733610,6.372438
222815.0,2025-12-15T01:58:02.426250,3.054207,0.998407,0.004465,-0.008300,0.055637,0.012155,-0.001753,0.016292,0.001065,0.011718,0.001065,0.458006,-0.978133,6.375250
222838.0,2025-12-15T01:58:02.427249,3.055207,0.998384,0.004598,-0.010549,0.055645,-0.028752,-0.002907,0.021142,-0.005326,0.010653,0.000000,0.458930,-1.236263,6.375224
222862.0,2025-12-15T01:58:02.485864,3.113822,0.998391,0.006365,-0.008976,0.055619,0.019280,-0.019594,0.012021,0.000000,-0.002131,0.000000,0.671094,-1.067579,6.370935
222887.0,2025-12-15T01:58:02.485864,3.113822,0.998311,0.006214,-0.007475,0.057269,0.067370,0.007981,0.019686,0.024501,-0.017044,0.003196,0.661935,-0.895970,6.561319
222910.0,2025-12-15T01:58:02.487489,3.115447,0.998264,0.008864,-0.010150,0.057335,0.001261,-0.010625,0.035730,0.095874,-0.072438,0.005326,0.947540,-1.219396,6.564216
222935.0,2025-12-15T01:58:02.546191,3.174149,0.998264,0.008579,-0.010111,0.057389,-0.047456,-0.081869,0.041771,0.139550,-0.110787,0.003196,0.915080,-1.213170,6.570815
222958.0,2025-12-15T01:58:02.547077,3.175035,0.998268,0.007880,-0.010116,0.057417,-0.115945,-0.227253,0.000743,0.110787,-0.103331,0.001065,0.835119,-1.209195,6.574908
222984.0,2025-12-15T01:58:02.547077,3.175035,0.998215,0.006836,-0.008516,0.058711,-0.084284,-0.200953,-0.021133,-0.039415,-0.022371,-0.001065,0.724736,-1.020151,6.725572
223005.0,2025-12-15T01:58:02.606680,3.234638,0.998244,0.004272,-0.006675,0.058709,-0.061453,-0.054872,0.004721,-0.072438,0.018109,0.000000,0.443866,-0.792269,6.728569
223031.0,2025-12-15T01:58:02.607554,3.235512,0.998264,0.001537,-0.004563,0.058699,0.009781,0.018340,-0.001788,-0.074569,0.052198,-0.001065,0.145144,-0.532315,6.729712
223057.0,2025-12-15T01:58:02.665937,3.293895,0.998261,0.001573,-0.005977,0.058631,0.007178,0.016495,0.016466,-0.077764,0.067112,-0.005326,0.139812,-0.694312,6.721750
223081.0,2025-12-15T01:58:02.666926,3.294883,0.998197,0.000418,-0.003443,0.059925,0.059578,0.117587,0.023542,-0.055394,0.058590,-0.007457,0.024175,-0.396737,6.870999
223105.0,2025-12-15T01:58:02.667826,3.295784,0.998195,0.001805,-0.004506,0.059855,0.075224,0.100540,0.018307,-0.035154,0.040480,-0.005326,0.175597,-0.527811,6.862202
223127.0,2025-12-15T01:58:02.726392,3.354350,0.998186,0.003054,-0.006106,0.059811,0.051703,0.050773,0.021035,-0.022371,0.020240,-0.003196,0.307541,-0.719396,6.856211
223152.0,2025-12-15T01:58:02.727398,3.355356,0.998167,0.004825,-0.007738,0.059829,0.015058,0.020600,0.014052,-0.001065,-0.004261,0.002131,0.498907,-0.918195,6.856332
223183.0,2025-12-15T01:58:02.785974,3.413932,0.998092,0.004274,-0.006037,0.061308,0.025077,0.000794,0.010951,-0.002131,-0.008522,0.002131,0.446505,-0.720566,7.027155
223205.0,2025-12-15T01:58:02.786916,3.414874,0.998072,0.006338,-0.007128,0.061323,-0.003936,-0.005832,-0.005534,-0.006392,-0.003196,0.002131,0.674918,-0.859798,7.026768
223230.0,2025-12-15T01:58:02.846080,3.474038,0.998090,0.004119,-0.005966,0.061357,0.008709,0.019913,0.003705,-0.009587,0.004261,0.002131,0.429229,-0.711380,7.032914
223255.0,2025-12-15T01:58:02.846936,3.474894,0.998071,0.005686,-0.007541,0.061364,0.002694,0.004461,0.021007,-0.011718,0.007457,0.001065,0.597355,-0.902522,7.031878
223286.0,2025-12-15T01:58:02.906334,3.534292,0.997981,0.005156,-0.005875,0.063032,0.044207,0.026898,0.016358,-0.003196,0.003196,0.001065,0.547228,-0.709128,7.224527
223305.0,2025-12-15T01:58:02.907222,3.535179,0.997962,0.004924,-0.008619,0.063043,0.024000,-0.002753,0.026255,0.001065,-0.031958,0.000000,0.500953,-1.021328,7.224828
223337.0,2025-12-15T01:58:02.908221,3.536178,0.997973,0.005369,-0.006882,0.063039,-0.001022,-0.003473,0.011023,0.004261,-0.052198,0.001065,0.564346,-0.825882,7.224740
223358.0,2025-12-15T01:58:02.966077,3.594034,0.997986,0.004501,-0.005112,0.063069,0.008313,0.007889,0.004657,-0.005326,-0.038350,0.003196,0.477775,-0.617193,7.229571
223385.0,2025-12-15T01:58:02.967075,3.595032,0.997879,0.003902,-0.003722,0.064868,0.015663,0.027530,0.009288,-0.013848,-0.012783,0.005326,0.418558,-0.454576,7.436989
223408.0,2025-12-15T01:58:03.026220,3.654178,0.997864,0.005378,-0.005330,0.064881,-0.008598,-0.008914,0.023693,-0.010653,0.012783,0.001065,0.575326,-0.649475,7.436943
223432.0,2025-12-15T01:58:03.026220,3.654178,0.997855,0.007468,-0.004467,0.064878,0.017546,-0.033348,0.013086,-0.017044,0.026632,0.001065,0.820839,-0.566307,7.435892
223456.0,2025-12-15T01:58:03.027221,3.655179,0.997845,0.007027,-0.006480,0.064910,-0.007373,0.004908,0.013753,-0.014914,0.030893,0.001065,0.755365,-0.793260,7.438525
223481.0,2025-12-15T01:58:03.085756,3.713714,0.997756,0.006370,-0.004479,0.066494,0.037637,0.004423,0.025508,-0.010653,0.025566,0.001065,0.694242,-0.560599,7.622155
223504.0,2025-12-15T01:58:03.086756,3.714714,0.997747,0.005788,-0.006580,0.066511,0.020154,0.001939,0.019745,-0.012783,0.021305,0.000000,0.611736,-0.796493,7.623316
223529.0,2025-12-15T01:58:03.145594,3.773551,0.997724,0.007815,-0.007886,0.066516,0.000145,0.002008,0.016828,0.000000,-0.004261,0.001065,0.833493,-0.961191,7.621304
223553.0,2025-12-15T01:58:03.206279,3.834237,0.997740,0.007489,-0.005743,0.066530,0.009678,-0.001479,0.011406,0.022371,-0.014914,0.002131,0.812545,-0.713669,7.624734
223580.0,2025-12-15T01:58:03.206279,3.834237,0.997655,0.007333,-0.003970,0.067938,0.049275,-0.043533,0.013022,0.031958,-0.010653,0.004261,0.807464,-0.511013,7.787844
223604.0,2025-12-15T01:58:03.207275,3.835233,0.997652,0.006060,-0.005639,0.067985,0.018020,-0.016660,0.006107,0.024501,0.009587,0.002131,0.648882,-0.691853,7.792899
223628.0,2025-12-15T01:58:03.208290,3.836248,0.997646,0.004648,-0.007381,0.068018,-0.002779,0.003503,0.006279,0.003196,0.012783,0.001065,0.473867,-0.880045,7.797001
223653.0,2025-12-15T01:58:03.266138,3.894095,0.997660,0.005157,-0.004880,0.068004,0.017387,0.000014,0.011925,-0.009587,0.018109,0.000000,0.551619,-0.598078,7.796001
223678.0,2025-12-15T01:58:03.267145,3.895103,0.997578,0.004273,-0.002790,0.069364,0.071206,0.022298,0.016631,-0.025566,0.022371,-0.002131,0.466359,-0.352854,7.953560
223701.0,2025-12-15T01:58:03.268095,3.896052,0.997569,0.005284,-0.004523,0.069344,0.038567,0.026793,0.009951,-0.014914,0.027697,-0.002131,0.568082,-0.559046,7.950026
223725.0,2025-12-15T01:58:03.326577,3.954535,0.997555,0.005758,-0.006606,0.069328,0.031701,0.009587,0.013994,-0.003196,0.020240,-0.002131,0.605845,-0.800953,7.946904
223749.0,2025-12-15T01:58:03.327574,3.955532,0.997535,0.006332,-0.008894,0.069310,-0.031038,-0.009831,0.016051,-0.004261,0.001065,-0.002131,0.653310,-1.067018,7.943159
223774.0,2025-12-15T01:58:03.386060,4.014018,0.997429,0.005858,-0.007409,0.071035,0.014840,-0.002997,0.015092,-0.002131,-0.006392,0.000000,0.609274,-0.894525,8.142492
223797.0,2025-12-15T01:58:03.387180,4.015138,0.997440,0.006469,-0.005213,0.071031,0.036374,-0.007847,0.014765,0.008522,-0.011718,0.001065,0.696969,-0.648523,8.142775
223821.0,2025-12-15T01:58:03.388075,4.016033,0.997440,0.004523,-0.006570,0.071063,-0.003899,0.003866,0.012015,0.002131,-0.002131,0.001065,0.463492,-0.787753,8.147152
223845.0,2025-12-15T01:58:03.446640,4.074598,0.997422,0.005235,-0.008634,0.071052,-0.016721,-0.005610,0.019625,-0.014914,0.012783,-0.001065,0.528190,-1.029511,8.144533
223869.0,2025-12-15T01:58:03.447534,4.075492,0.997433,0.006395,-0.006532,0.071017,0.023707,-0.007496,0.009009,-0.021305,0.018109,-0.001065,0.677903,-0.798657,8.140398
223894.0,2025-12-15T01:58:03.506065,4.134022,0.997337,0.005557,-0.004613,0.072579,0.050593,0.009340,0.009941,-0.026632,0.020240,-0.001065,0.596745,-0.573434,8.321452
223918.0,2025-12-15T01:58:03.507079,4.135037,0.997320,0.006274,-0.006658,0.072585,0.013785,0.010929,0.003159,-0.019175,0.012783,0.000000,0.661776,-0.813112,8.320584
223942.0,2025-12-15T01:58:03.508081,4.136039,0.997294,0.007875,-0.008410,0.072610,-0.005186,-0.006713,0.020378,0.003196,0.003196,0.002131,0.830166,-1.026722,8.320900
223966.0,2025-12-15T01:58:03.565651,4.193609,0.997319,0.006559,-0.006160,0.072618,0.012429,0.009095,0.015031,-0.010653,0.015979,0.001065,0.698353,-0.758641,8.324462
223992.0,2025-12-15T01:58:03.566651,4.194609,0.997220,0.005744,-0.004193,0.074171,0.061253,0.006939,0.008724,-0.021305,0.021305,0.002131,0.620834,-0.527995,8.504501
224015.0,2025-12-15T01:58:03.626312,4.254270,0.997202,0.005822,-0.006613,0.074232,0.040692,0.009548,0.008134,-0.011718,-0.003196,0.004261,0.609094,-0.805201,8.510257
224039.0,2025-12-15T01:58:03.627293,4.255251,0.997173,0.006842,-0.008895,0.074298,-0.003545,0.000574,0.013199,-0.005326,-0.012783,0.005326,0.706208,-1.074705,8.515643
224063.0,2025-12-15T01:58:03.627293,4.255251,0.997165,0.008877,-0.007884,0.074307,0.011921,-0.022074,0.019293,-0.004261,-0.012783,0.003196,0.947444,-0.976499,8.515357
224087.0,2025-12-15T01:58:03.686710,4.314668,0.997062,0.008415,-0.006348,0.075873,0.021281,-0.030295,0.009071,0.003196,-0.019175,0.005326,0.906386,-0.798434,8.696972
224111.0,2025-12-15T01:58:03.686710,4.314668,0.997063,0.006461,-0.007818,0.075909,-0.007082,0.006112,0.023559,-0.001065,-0.008522,0.001065,0.670347,-0.949473,8.701822
224136.0,2025-12-15T01:58:03.746232,4.374189,0.997077,0.007122,-0.005657,0.075861,0.017862,-0.001531,0.018550,-0.020240,-0.002131,-0.002131,0.764641,-0.708234,8.697060
224160.0,2025-12-15T01:58:03.747130,4.375088,0.997058,0.009148,-0.006495,0.075827,-0.006567,-0.017424,0.012840,-0.017044,0.001065,-0.002131,0.988877,-0.821592,8.690892
224185.0,2025-12-15T01:58:03.748104,4.376061,0.996959,0.008498,-0.004743,0.077317,0.044020,-0.044004,0.012220,-0.007457,0.000000,0.000000,0.928953,-0.617127,8.864119
224207.0,2025-12-15T01:58:03.866013,4.493970,0.996964,0.006630,-0.006404,0.077314,0.005514,0.001595,0.020916,-0.020240,0.008522,-0.002131,0.700761,-0.790392,8.863909
224234.0,2025-12-15T01:58:03.866013,4.493970,0.996991,0.006127,-0.004082,0.077173,-0.017797,0.000713,0.021305,-0.018109,-0.002131,-0.010653,0.663910,-0.520586,8.849423
224256.0,2025-12-15T01:58:03.867015,4.494972,0.997042,0.003882,-0.002753,0.076709,-0.051320,-0.028732,0.033489,-0.060720,-0.035154,-0.038350,0.419305,-0.348656,8.797659
224288.0,2025-12-15T01:58:03.868024,4.495981,0.996997,0.002616,-0.002317,0.077358,-0.246841,0.119093,0.038183,-0.077764,-0.106526,-0.072438,0.278287,-0.287882,8.872741
224337.0,2025-12-15T01:58:03.926177,4.554135,0.997011,0.006477,-0.003866,0.076886,-0.017794,0.158332,0.013916,0.008522,-0.015979,-0.023436,0.705990,-0.498813,8.816324
224361.0,2025-12-15T01:58:03.927220,4.555178,0.997002,0.008762,-0.003638,0.076796,-0.003684,0.003141,0.026953,-0.006392,-0.012783,-0.006392,0.969163,-0.492707,8.805038
224387.0,2025-12-15T01:58:03.985969,4.613927,0.996897,0.007815,-0.002284,0.078299,-0.099783,-0.024449,0.034112,-0.037284,-0.034088,0.004261,0.872349,-0.330995,8.979365
224411.0,2025-12-15T01:58:03.986984,4.614942,0.996892,0.009387,-0.003811,0.078130,0.052729,0.063606,-0.002424,-0.010653,0.011718,-0.014914,1.038316,-0.519356,8.957951
224436.0,2025-12-15T01:58:04.046264,4.674222,0.996879,0.010126,-0.006005,0.078059,0.067796,0.028669,0.029184,-0.001065,0.005326,-0.007457,1.103174,-0.776553,8.947165
224460.0,2025-12-15T01:58:04.046264,4.674222,0.996897,0.009019,-0.004049,0.078092,-0.254280,-0.030698,0.008035,-0.073503,-0.028762,0.005326,0.994129,-0.543238,8.953571
224485.0,2025-12-15T01:58:04.047129,4.675087,0.996811,0.007488,-0.002542,0.079407,-0.193921,0.034053,0.024947,-0.093743,-0.018109,-0.012783,0.832210,-0.358529,9.106670
224507.0,2025-12-15T01:58:04.105100,4.733057,0.996835,0.007641,-0.001193,0.079117,-0.265795,0.196889,-0.047601,-0.115049,-0.034088,-0.022371,0.862036,-0.205551,9.074351
224533.0,2025-12-15T01:58:04.106612,4.734570,0.996801,0.010235,-0.000631,0.079270,-0.016411,0.020762,0.081547,0.027697,-0.021305,0.013848,1.163452,-0.165034,9.091963
224556.0,2025-12-15T01:58:04.166494,4.794452,0.996793,0.011089,0.001296,0.079241,-0.480800,0.062232,-0.026445,0.024501,-0.035154,0.000000,1.278461,0.047371,9.090967
224582.0,2025-12-15T01:58:04.167385,4.795343,0.996702,0.010772,0.002768,0.080378,-0.095655,-0.044946,0.038110,0.017044,-0.036219,-0.015979,1.255891,0.216950,9.223505
224608.0,2025-12-15T01:58:04.225798,4.853756,0.996821,0.012452,0.004202,0.078588,-0.009080,-0.016047,-0.034041,0.054328,-0.068177,-0.148072,1.460336,0.367845,9.020289
224634.0,2025-12-15T01:58:04.226908,4.854866,0.997095,0.012133,0.001690,0.075180,0.067645,-0.033194,0.028153,0.044741,-0.031958,-0.288687,1.400988,0.088517,8.624849
224657.0,2025-12-15T01:58:04.227801,4.855758,0.997298,0.011303,0.003327,0.072518,-0.122116,-0.093154,-0.022278,0.034088,-0.037284,-0.221575,1.319487,0.286305,8.321083
224680.0,2025-12-15T01:58:04.286550,4.914508,0.997386,0.010726,0.004768,0.071294,-0.216497,0.035002,-0.025326,-0.011718,-0.031958,-0.226901,1.265023,0.457317,8.182285
224705.0,2025-12-15T01:58:04.287551,4.915509,0.997714,0.008216,0.003910,0.066961,0.025814,-0.032877,-0.036258,-0.027697,0.011718,-0.365386,0.969425,0.383947,7.682428
224731.0,2025-12-15T01:58:04.346318,4.974276,0.997993,0.009961,0.001931,0.062500,0.165294,0.091353,0.041298,0.051133,0.002131,-0.377104,1.153027,0.149547,7.168516
224754.0,2025-12-15T01:58:04.347305,4.975263,0.998135,0.012525,0.003745,0.059628,0.001295,-0.027484,0.067354,0.108657,-0.026632,-0.239684,1.458302,0.342738,6.841814
224779.0,2025-12-15T01:58:04.347305,4.975263,0.998046,0.013120,0.005511,0.060848,0.167665,-0.093331,0.056984,0.100135,-0.021305,0.001065,1.539240,0.538844,6.984900
224802.0,2025-12-15T01:58:04.406249,5.034207,0.998022,0.012237,0.003408,0.061564,0.095886,-0.096898,0.027593,0.058590,-0.031958,0.059655,1.423742,0.303478,7.063482
224827.0,2025-12-15T01:58:04.407122,5.035080,0.997960,0.010906,0.001086,0.062900,0.144528,-0.068319,0.071036,-0.015979,-0.018109,0.110787,1.255093,0.045631,7.213562
224853.0,2025-12-15T01:58:04.466075,5.094033,0.997857,0.008507,-0.000972,0.064876,0.139490,-0.124682,0.018585,-0.058590,-0.029827,0.165116,0.965577,-0.174355,7.438262
224877.0,2025-12-15T01:58:04.467080,5.095037,0.997715,0.004489,0.001426,0.067394,0.062554,-0.100709,0.053226,-0.283360,0.063916,0.099070,0.524210,0.128355,7.729301
224900.0,2025-12-15T01:58:04.467997,5.095954,0.997608,0.004668,0.002722,0.068914,-0.225476,0.405187,-0.047130,-0.160855,0.027697,0.127832,0.555123,0.274338,7.904622
224924.0,2025-12-15T01:58:04.526522,5.154480,0.997611,0.004999,0.001076,0.068893,0.287002,0.178983,-0.002135,-0.058590,0.044741,-0.003196,0.579980,0.083504,7.901313
224949.0,2025-12-15T01:58:04.526522,5.154480,0.997525,0.008444,0.001394,0.069790,-0.028045,0.193073,0.105369,0.090547,0.005326,0.075634,0.976463,0.091763,8.004984
224975.0,2025-12-15T01:58:04.585845,5.213803,0.997262,0.009226,0.002992,0.073314,0.176144,-0.014196,-0.006886,0.113983,-0.018109,0.170442,1.079509,0.264382,8.411651
224999.0,2025-12-15T01:58:04.586842,5.214799,0.997240,0.009298,0.005021,0.073489,-0.279996,-0.068254,0.072435,0.031958,-0.029827,0.017044,1.104868,0.495469,8.434098
225018.0,2025-12-15T01:58:04.587750,5.215708,0.997274,0.010501,0.007167,0.072685,-0.081514,0.018716,0.031189,0.027697,-0.008522,-0.066046,1.259908,0.731549,8.345130
225047.0,2025-12-15T01:58:04.646312,5.274270,0.997235,0.008765,0.005330,0.073596,0.044255,-0.025480,-0.010865,-0.021305,0.004261,0.075634,1.046635,0.535148,8.446423
225081.0,2025-12-15T01:58:04.647228,5.275186,0.997180,0.008589,0.006856,0.074242,-0.193209,0.027821,0.032059,0.025566,-0.038350,-0.050067,1.039960,0.710354,8.522269
225098.0,2025-12-15T01:58:04.705997,5.333954,0.997198,0.011429,0.006670,0.073635,0.001164,0.045608,-0.065066,0.039415,-0.003196,-0.052198,1.362476,0.665795,8.454209
225129.0,2025-12-15T01:58:04.707509,5.335467,0.997321,0.009168,0.006023,0.072316,0.022943,-0.049558,0.047906,0.001065,0.007457,-0.110787,1.097780,0.612385,8.300390
225156.0,2025-12-15T01:58:04.766081,5.394039,0.997472,0.010329,0.003549,0.070213,0.019440,0.017448,-0.002266,-0.002131,-0.035154,-0.178964,1.209312,0.322609,8.056331
225180.0,2025-12-15T01:58:04.767082,5.395040,0.997526,0.010244,0.005619,0.069317,0.030220,0.042672,-0.033996,0.040480,-0.002131,-0.166181,1.215765,0.560944,7.956030
225203.0,2025-12-15T01:58:04.768092,5.396049,0.997639,0.008571,0.004821,0.067968,0.016423,-0.017345,0.050540,0.034088,0.031958,-0.113983,1.017436,0.484451,7.799231
225226.0,2025-12-15T01:58:04.826224,5.454182,0.997738,0.008590,0.002108,0.066645,0.178170,0.015285,0.028387,-0.003196,-0.028762,-0.112918,0.998253,0.175454,7.644445
225251.0,2025-12-15T01:58:04.826224,5.454182,0.997825,0.007896,0.004302,0.065307,-0.240398,-0.039185,-0.029035,-0.033023,-0.012783,-0.110787,0.935075,0.432852,7.492834
225276.0,2025-12-15T01:58:04.885858,5.513816,0.997791,0.006513,0.006133,0.065827,-0.011943,0.029313,0.115866,-0.069242,0.009587,-0.082025,0.791045,0.652076,7.553427
225300.0,2025-12-15T01:58:04.887757,5.515715,0.997832,0.007598,0.004449,0.065219,0.165040,0.164435,-0.013279,-0.036219,0.013848,-0.053263,0.902118,0.451894,7.482670
225324.0,2025-12-15T01:58:04.887757,5.515715,0.997830,0.010080,0.003111,0.064995,0.063187,0.081597,0.010503,0.049002,0.004261,-0.020240,1.175885,0.280593,7.456379
225347.0,2025-12-15T01:58:04.946686,5.574644,0.997788,0.008656,0.000625,0.065907,0.220769,-0.117151,0.140264,-0.018109,-0.036219,0.075634,0.994447,0.006119,7.558190
225374.0,2025-12-15T01:58:04.946686,5.574644,0.997706,0.008741,0.002989,0.067057,-0.500614,0.094187,-0.001531,0.052198,0.030893,-0.008522,1.022425,0.274561,7.692703
225398.0,2025-12-15T01:58:05.006457,5.634414,0.997636,0.009375,0.005226,0.067884,-0.249875,0.034287,0.021372,0.009587,-0.007457,0.071373,1.112520,0.524497,7.790434
225422.0,2025-12-15T01:58:05.006457,5.634414,0.997581,0.008237,0.006801,0.068690,-0.001120,-0.008161,0.023689,0.039415,-0.015979,0.070307,0.995236,0.712670,7.884143
225450.0,2025-12-15T01:58:05.066651,5.694609,0.997612,0.008148,0.004381,0.068437,-0.022498,-0.005264,0.049728,0.035154,-0.010653,-0.022371,0.965890,0.436942,7.852487
225475.0,2025-12-15T01:58:05.066651,5.694609,0.997591,0.007822,0.006431,0.068621,0.223189,0.052488,-0.072184,0.036219,0.033023,-0.117179,0.944870,0.673694,7.875536
225498.0,2025-12-15T01:58:05.067640,5.695598,0.997650,0.005253,0.005917,0.068064,0.002994,-0.047593,0.132471,-0.018109,-0.022371,-0.045806,0.646756,0.635428,7.809440
225522.0,2025-12-15T01:58:05.125769,5.753727,0.997624,0.006254,0.007895,0.068159,-0.126583,0.051511,0.087325,-0.005326,-0.012783,0.008522,0.776701,0.853716,7.822634
225542.0,2025-12-15T01:58:05.126766,5.754724,0.997605,0.007478,0.010223,0.067994,-0.135298,0.029448,-0.021107,0.037284,0.004261,-0.012783,0.934747,1.110501,7.807230
225575.0,2025-12-15T01:58:05.186262,5.814220,0.997503,0.007089,0.012188,0.069202,0.292817,0.104821,-0.048925,0.040480,0.027697,-0.026632,0.907261,1.337115,7.947690
225599.0,2025-12-15T01:58:05.187148,5.815105,0.997538,0.006332,0.010658,0.069019,-0.011330,0.000821,0.040412,0.054328,0.030893,-0.014914,0.808321,1.168361,7.924124
225623.0,2025-12-15T01:58:05.188149,5.816107,0.997506,0.008550,0.008671,0.069520,0.006080,0.000171,-0.069074,0.045806,-0.025566,0.040480,1.046623,0.923099,7.981916
225645.0,2025-12-15T01:58:05.245783,5.873741,0.997452,0.009719,0.010664,0.069863,-0.108771,0.005701,0.035404,0.047937,-0.029827,0.030893,1.196520,1.141182,8.024947
225676.0,2025-12-15T01:58:05.246783,5.874741,0.997263,0.009337,0.011929,0.072363,-0.143526,-0.133618,0.025023,0.043676,-0.027697,0.084156,1.166257,1.285891,8.313435
225696.0,2025-12-15T01:58:05.306333,5.934291,0.997281,0.008915,0.009638,0.072518,0.013003,-0.043842,0.104219,0.099070,-0.055394,0.014914,1.099155,1.027350,8.327847
225727.0,2025-12-15T01:58:05.306333,5.934291,0.997272,0.007757,0.010211,0.072691,-0.032363,-0.103948,0.003666,0.085221,-0.034088,0.018109,0.971777,1.102398,8.347200
225747.0,2025-12-15T01:58:05.308351,5.936309,0.997179,0.008962,0.012034,0.073540,-0.033210,-0.025866,0.083916,0.094809,-0.053263,0.074569,1.125889,1.299712,8.448396
225776.0,2025-12-15T01:58:05.366467,5.994425,0.996959,0.009050,0.011821,0.076491,-0.041665,-0.307061,0.146563,0.091613,-0.129962,0.111853,1.137910,1.271258,8.787378
225800.0,2025-12-15T01:58:05.366467,5.994425,0.997059,0.011616,0.006982,0.075431,-0.006628,-0.561637,0.807091,0.384560,-0.416518,-0.078830,1.387777,0.697352,8.661253
225824.0,2025-12-15T01:58:05.426580,6.054538,0.997453,0.034282,0.010200,0.061711,0.060547,-3.805292,-0.986400,2.125202,0.086286,-1.138768,3.994302,0.923421,7.112787
225849.0,2025-12-15T01:58:05.426580,6.054538,0.996370,0.053052,0.013115,0.065278,0.726862,-2.092021,0.159221,1.782187,0.203465,0.312122,6.168436,1.100675,7.556114
225876.0,2025-12-15T01:58:05.487466,6.115423,0.994962,0.069779,0.015586,0.070270,0.244703,-1.633466,-0.407735,1.547829,0.023436,0.338754,8.110228,1.215256,8.165902
225900.0,2025-12-15T01:58:05.488467,6.116425,0.994115,0.079161,0.016289,0.072142,0.639977,-1.740121,-0.019032,0.983239,0.060720,0.167247,9.193874,1.201215,8.397880
225925.0,2025-12-15T01:58:05.488467,6.116425,0.993997,0.081408,0.015757,0.071378,1.135436,-2.458954,-0.487832,0.374973,-0.005326,-0.061785,9.446082,1.129038,8.307903
225952.0,2025-12-15T01:58:05.546573,6.174531,0.994203,0.082879,0.015694,0.066671,1.782320,-3.611921,-0.737459,0.314253,0.015979,-0.398409,9.608967,1.154828,7.770043
225977.0,2025-12-15T01:58:05.548576,6.176533,0.993580,0.089508,0.019266,0.066447,1.520140,-4.622218,-1.764798,0.764860,0.211988,-0.078830,10.398327,1.512208,7.789659
226001.0,2025-12-15T01:58:05.607258,6.235216,0.993727,0.085212,0.017733,0.070223,0.518010,-2.611530,0.278202,-0.177899,-0.062851,0.321710,9.897887,1.333699,8.199859
226021.0,2025-12-15T01:58:05.666224,6.294182,0.994851,0.068763,0.016702,0.072558,0.044002,-1.559066,-0.365935,-1.194161,0.007457,0.178964,8.006187,1.332467,8.436065
226053.0,2025-12-15T01:58:05.666224,6.294182,0.995528,0.061075,0.016972,0.070044,0.478015,-2.675807,-0.472597,-0.443150,0.059655,-0.222640,7.124191,1.446044,8.139297
226078.0,2025-12-15T01:58:05.667211,6.295168,0.995798,0.055725,0.017381,0.070556,0.294247,-2.697625,-0.400417,-0.267381,-0.006392,-0.013848,6.515699,1.532996,8.192916
226102.0,2025-12-15T01:58:05.668228,6.296186,0.995871,0.054551,0.017275,0.070481,-0.292387,-2.255836,-0.334094,0.092678,-0.054328,0.003196,6.380255,1.530981,8.181831
226119.0,2025-12-15T01:58:05.726368,6.354326,0.995734,0.058697,0.017265,0.069070,-0.067324,-2.814043,-0.586819,0.545415,-0.063916,-0.102265,6.852845,1.505523,8.026152
226149.0,2025-12-15T01:58:05.726368,6.354326,0.995372,0.065714,0.017389,0.067925,-0.099927,-2.449262,-0.201117,0.786165,-0.071373,-0.074569,7.656089,1.472051,7.906228
226176.0,2025-12-15T01:58:05.786488,6.414446,0.995064,0.072198,0.018171,0.065616,-0.257741,-2.534048,-0.527200,0.729706,-0.071373,-0.203465,8.402083,1.529318,7.657774
226199.0,2025-12-15T01:58:05.787477,6.415435,0.994852,0.077804,0.018357,0.062283,0.686825,-3.730355,-0.627031,0.673247,-0.023436,-0.266316,9.041483,1.537646,7.286290
226224.0,2025-12-15T01:58:05.787477,6.415435,0.994892,0.079434,0.019055,0.059312,1.048658,-4.034443,-0.685752,0.339819,0.056459,-0.249272,9.229033,1.632726,6.955304
226247.0,2025-12-15T01:58:05.846588,6.474545,0.995068,0.078102,0.020414,0.057645,0.779305,-3.894722,-0.705424,0.093743,0.123571,-0.148072,9.083031,1.812097,6.774927
226272.0,2025-12-15T01:58:05.847574,6.475532,0.995402,0.075630,0.020178,0.055204,0.656467,-3.960669,-0.671437,-0.009587,-0.051133,-0.207727,8.793230,1.823426,6.488854
226295.0,2025-12-15T01:58:05.906168,6.534126,0.995810,0.071691,0.019074,0.053475,0.863869,-4.180811,-0.712132,-0.137419,-0.066046,-0.142745,8.330801,1.737550,6.274267
226320.0,2025-12-15T01:58:05.907163,6.535121,0.996312,0.065247,0.018397,0.052598,0.654630,-3.737378,-0.579196,-0.346211,-0.020240,-0.077764,7.585559,1.707362,6.157236
226345.0,2025-12-15T01:58:05.908166,6.536124,0.996549,0.061578,0.017955,0.052694,0.683294,-3.608358,-0.697693,-0.112918,-0.004261,0.007457,7.162036,1.678857,6.158629
226374.0,2025-12-15T01:58:05.966301,6.594259,0.996769,0.057091,0.018131,0.053505,0.961069,-3.670613,-0.554881,-0.178964,0.049002,0.066046,6.650093,1.721216,6.245199
226397.0,2025-12-15T01:58:05.967289,6.595247,0.996686,0.057474,0.018701,0.054448,1.089878,-3.068362,-0.526088,0.226901,0.095874,0.077764,6.699354,1.777536,6.357900
226422.0,2025-12-15T01:58:06.026446,6.654404,0.996599,0.059622,0.018661,0.053734,1.157186,-3.219774,-0.431257,0.373908,0.030893,-0.055394,6.944071,1.764270,6.279514
226446.0,2025-12-15T01:58:06.026446,6.654404,0.996889,0.061657,0.017469,0.045885,2.358562,-4.840096,-0.713396,0.361125,-0.077764,-0.651942,7.156883,1.671636,5.375230
226472.0,2025-12-15T01:58:06.086109,6.714067,0.996362,0.070089,0.026467,0.040620,1.563386,-3.994050,-0.594638,0.944889,0.657268,-0.450607,8.162175,2.696559,4.861598
226492.0,2025-12-15T01:58:06.086996,6.714954,0.993306,0.101383,0.042996,0.034859,1.759261,-2.618035,-0.155805,2.877279,1.350755,-0.506001,11.831680,4.493634,4.485729
226524.0,2025-12-15T01:58:06.087996,6.715954,0.984783,0.162189,0.055610,0.028378,3.757083,-7.516967,-4.332533,5.391303,0.932106,-0.406931,18.919114,5.757721,4.261344
226552.0,2025-12-15T01:58:06.146160,6.774118,0.963925,0.261522,0.045339,0.019988,3.257034,-7.952547,-9.948429,8.727711,-1.041829,-0.044741,30.496980,4.413356,3.579453
226577.0,2025-12-15T01:58:06.147156,6.775114,0.999257,-0.024930,-0.012283,0.026709,-4.323615,-10.265229,-4.751061,-2.068743,-1.062069,2.246643,-2.894201,-1.330250,3.095735
226597.0,2025-12-15T01:58:06.206136,6.834094,0.995172,-0.085135,0.020672,0.044247,-2.401341,-4.111648,-1.519946,-7.014766,1.641572,3.734817,-9.660907,2.790204,4.855789
226622.0,2025-12-15T01:58:06.207090,6.835048,0.984257,-0.149669,0.042511,0.083849,1.212197,2.739962,0.217573,-5.627791,1.931324,3.418433,-16.810821,6.245188,8.814888
226652.0,2025-12-15T01:58:06.326005,6.953963,0.998125,-0.057530,-0.002177,0.020759,1.575483,4.624956,1.505630,-4.841627,-0.183225,1.747033,-6.599915,-0.112164,2.389401
226678.0,2025-12-15T01:58:06.326977,6.954935,0.999871,-0.013631,-0.006329,-0.005692,2.035939,0.206994,-0.365132,-1.210140,-0.716923,-0.439954,-1.557998,-0.734028,-0.642335
226702.0,2025-12-15T01:58:06.327902,6.955859,0.998739,-0.041576,-0.017681,-0.021891,1.822305,-0.384296,0.382750,-2.276470,-0.764860,-1.356082,-4.722541,-2.128337,-2.423537
226774.0,2025-12-15T01:58:06.385704,7.013662,0.999748,-0.003982,0.007516,0.020795,0.208980,-4.083484,0.337513,-0.233293,0.461259,1.774730,-0.438276,0.870625,2.379906
226800.0,2025-12-15T01:58:06.387239,7.015196,0.999558,0.005593,0.010688,0.027161,0.826904,-1.851924,0.321057,0.991761,0.320645,0.545415,0.674101,1.206863,3.120097
226824.0,2025-12-15T01:58:06.388257,7.016215,0.999496,-0.009065,0.004282,0.030105,1.200864,-3.799383,-1.490094,-1.054612,-0.452737,0.240750,-1.023595,0.521662,3.445869
226847.0,2025-12-15T01:58:06.446282,7.074240,0.999313,-0.016675,0.000038,0.033114,0.805271,-1.304810,0.211555,-0.474043,-0.246076,0.250337,-1.909750,0.067574,3.794623
226878.0,2025-12-15T01:58:06.446282,7.074240,0.999990,0.002089,0.001689,0.003430,1.568437,-3.562977,1.680464,0.203465,0.117179,0.302535,0.240058,0.192733,0.393499
226898.0,2025-12-15T01:58:06.506035,7.133993,0.999964,0.004413,0.007190,0.001243,1.208250,-3.604463,1.873333,0.370712,0.604005,0.104396,0.506766,0.823315,0.146056
226929.0,2025-12-15T01:58:06.507031,7.134989,0.999840,0.012866,0.010098,-0.007164,1.063515,-2.725438,0.112302,1.268730,0.917193,-0.601874,1.466300,1.167642,-0.806112
226948.0,2025-12-15T01:58:06.508033,7.135991,0.999644,0.020991,0.007262,-0.014816,1.173588,-4.112477,-0.937852,0.879908,-0.176834,-0.630637,2.393137,0.867495,-1.680177
226982.0,2025-12-15T01:58:06.566480,7.194438,0.999524,0.025764,0.001935,-0.016882,0.495817,-3.206441,-0.486100,0.570982,-0.560329,-0.180030,2.948483,0.271519,-1.928293
227002.0,2025-12-15T01:58:06.567352,7.195310,0.999230,0.030194,-0.008195,-0.023675,0.480812,-3.342793,-0.553341,0.581634,-0.809601,-0.549676,3.482096,-0.856445,-2.740532
227033.0,2025-12-15T01:58:06.626776,7.254734,0.998320,0.045989,-0.016729,-0.031035,-0.166954,-3.906750,-0.954192,1.539307,-0.692422,-0.612527,5.330801,-1.750462,-3.642639
227053.0,2025-12-15T01:58:06.626776,7.254734,0.996464,0.070927,-0.023621,-0.038346,-0.628717,-4.630939,-2.464035,2.305232,-0.552872,-0.631702,8.238190,-2.386204,-4.579376
227084.0,2025-12-15T01:58:06.686022,7.313980,0.994106,0.094256,-0.034441,-0.041015,-0.802367,-6.668567,-2.990437,2.189118,-0.879908,-0.242880,10.986554,-3.482555,-5.060123
227108.0,2025-12-15T01:58:06.686915,7.314873,0.991681,0.111034,-0.048087,-0.043908,-0.658389,-7.347790,-1.764418,1.654356,-1.106810,-0.203465,13.018819,-4.911838,-5.631187
227132.0,2025-12-15T01:58:06.745870,7.373827,0.988672,0.129424,-0.055406,-0.052030,-1.386454,-7.808002,-2.456126,1.747033,-0.643420,-0.707336,15.242042,-5.514031,-6.763333
227152.0,2025-12-15T01:58:06.746884,7.374842,0.986322,0.143734,-0.060237,-0.053671,-1.564028,-8.846537,-4.192881,1.417867,-0.381365,-0.175769,16.951677,-5.934905,-7.114549
227185.0,2025-12-15T01:58:06.747802,7.375760,0.985336,0.149570,-0.065398,-0.049638,-1.591873,-8.049449,-4.030175,0.725445,-0.364320,0.330232,17.651352,-6.547691,-6.785552
227213.0,2025-12-15T01:58:06.806496,7.434454,0.987042,0.134640,-0.073857,-0.046524,-2.123760,-8.514174,-4.166625,-1.017327,-0.740359,0.438889,15.969042,-7.658709,-6.473111
227237.0,2025-12-15T01:58:06.807498,7.435456,0.990597,0.099368,-0.083416,-0.043412,-3.232996,-7.507387,-4.329216,-2.726012,-0.927845,0.589091,11.926757,-9.011695,-5.961911
227262.0,2025-12-15T01:58:06.865888,7.493845,0.992102,0.075434,-0.095686,-0.029780,-1.047674,-4.529052,-1.591228,-1.687379,-1.032241,1.348625,9.097541,-10.682613,-4.291051
227282.0,2025-12-15T01:58:06.866884,7.494841,0.991959,0.060562,-0.109980,-0.015916,-1.222221,-5.349515,0.017942,-0.899083,-1.168595,1.332646,7.275917,-12.489626,-2.635672
227314.0,2025-12-15T01:58:06.926468,7.554426,0.999637,0.007264,-0.003207,-0.025760,-0.655645,-3.998040,2.420931,0.610397,-0.269512,-2.164617,0.841602,-0.345957,-2.954827
227338.0,2025-12-15T01:58:06.926468,7.554426,0.999740,0.016476,0.012144,-0.010067,0.393917,-6.085903,-1.731469,1.584048,1.031176,-0.845820,1.874409,1.410369,-1.130743
227363.0,2025-12-15T01:58:06.927348,7.555306,0.999719,0.007774,0.014399,-0.017166,-0.466659,-4.085115,-2.061070,-0.547546,0.088417,-0.644485,0.862653,1.665066,-1.954921
227387.0,2025-12-15T01:58:06.986042,7.613999,0.999452,-0.000025,0.018036,-0.027759,-0.124119,-2.318747,0.354963,-0.447411,0.282295,-0.895887,-0.060284,2.066054,-3.182936
227411.0,2025-12-15T01:58:06.986942,7.614900,0.999887,-0.011893,0.008207,-0.004223,0.778985,-3.168013,1.220074,-0.959803,0.696683,-0.354733,-1.367000,0.934659,-0.495069
227436.0,2025-12-15T01:58:07.046676,7.674634,0.999376,-0.028278,0.017682,-0.011629,1.581510,-2.266776,1.527696,-1.340103,0.817058,-0.623180,-3.265639,1.987610,-1.390012
227460.0,2025-12-15T01:58:07.047624,7.675581,0.999761,-0.013121,0.015701,-0.007751,1.170102,-2.225016,-0.784690,-0.937433,1.238903,-0.730771,-1.518070,1.787375,-0.912039
227484.0,2025-12-15T01:58:07.047624,7.675581,0.999027,-0.031292,0.025213,-0.018181,2.089055,-1.527649,-1.310499,-1.386974,0.949151,-0.882039,-3.641703,2.822347,-2.174960
227512.0,2025-12-15T01:58:07.106467,7.734425,0.997461,-0.055167,0.034696,-0.028704,3.383781,0.440808,0.356630,-2.009089,0.989631,-0.899083,-6.447383,3.787025,-3.510086
227532.0,2025-12-15T01:58:07.106467,7.734425,0.994826,-0.081034,0.046120,-0.040357,3.819867,1.177565,-0.949391,-2.228533,1.147290,-0.987500,-9.529460,4.888782,-5.053777
227565.0,2025-12-15T01:58:07.166206,7.794164,0.991917,-0.103539,0.053389,-0.050296,4.874337,0.542332,-2.105806,-1.882322,0.792557,-0.952346,-12.224471,5.480101,-6.392766
227589.0,2025-12-15T01:58:07.167225,7.795183,0.988474,-0.127682,0.060894,-0.053930,5.757837,-0.156635,-1.121483,-2.060221,0.764860,-0.318514,-15.098117,6.120099,-7.057565
227612.0,2025-12-15T01:58:07.225590,7.853547,0.984948,-0.147117,0.072334,-0.054784,6.191677,0.733608,-1.185093,-1.736381,1.076982,-0.017044,-17.465784,7.259916,-7.483791
227637.0,2025-12-15T01:58:07.227097,7.855055,0.982235,-0.155675,0.090400,-0.052981,6.009879,1.518154,-2.689884,-0.905475,1.624528,0.353668,-18.637008,9.270284,-7.699401
227662.0,2025-12-15T01:58:07.228156,7.856113,0.999760,-0.009864,0.018955,0.004856,3.622922,1.210958,-3.774432,-0.828776,1.592570,0.407996,-1.120394,2.177530,0.535284
227679.0,2025-12-15T01:58:07.286222,7.914180,0.999316,-0.017030,0.032133,0.006686,2.826887,2.979267,-4.996227,-0.599744,1.108940,0.153398,-1.929877,3.695237,0.704413
227709.0,2025-12-15T01:58:07.286222,7.914180,0.999151,-0.020130,0.035949,0.000552,3.279488,2.255139,-4.396238,-0.241815,0.331297,-0.517718,-2.309113,4.120755,-0.019749
227734.0,2025-12-15T01:58:07.346017,7.973975,0.999154,-0.026161,0.030708,-0.008047,3.267085,1.395709,-3.382307,-0.480434,-0.425040,-0.748881,-3.030622,3.493979,-1.015385
227760.0,2025-12-15T01:58:07.347019,7.974977,0.999160,-0.023364,0.029481,-0.016262,1.888755,0.096281,-2.789244,0.256729,-0.083091,-0.684965,-2.735728,3.333772,-1.944543
227784.0,2025-12-15T01:58:07.405879,8.033837,0.999066,-0.021871,0.030764,-0.021044,1.225961,-1.849873,-4.174469,0.135289,0.119310,-0.395213,-2.583639,3.471338,-2.491618
227808.0,2025-12-15T01:58:07.406906,8.034864,0.998810,-0.027183,0.019716,-0.035355,0.420646,-1.462779,-4.353673,-0.389887,-0.909736,-1.235707,-3.195053,2.146967,-4.114366
227833.0,2025-12-15T01:58:07.407840,8.035798,0.999494,-0.014508,-0.021628,-0.018240,0.074167,-3.407523,-1.623000,-1.021589,-1.787514,-1.532915,-1.618227,-2.508291,-2.055519
227856.0,2025-12-15T01:58:07.466371,8.094329,0.999064,-0.017664,-0.031858,-0.023313,-1.676379,-3.536151,0.651242,-0.131028,-1.008805,-0.464455,-1.941497,-3.697027,-2.610867
227882.0,2025-12-15T01:58:07.467318,8.095275,0.998762,-0.020086,-0.038115,-0.024868,-3.111728,-3.187042,0.088943,-0.042611,-0.656203,-0.148072,-2.197304,-4.423827,-2.767705
227905.0,2025-12-15T01:58:07.468255,8.096213,0.999413,-0.025146,-0.018657,0.013866,-1.748815,-4.898994,1.742308,-2.113484,-1.568069,1.165399,-2.912651,-2.097143,1.643040
227933.0,2025-12-15T01:58:07.526008,8.153966,0.997813,-0.049787,-0.037588,0.021875,-2.218842,-3.153240,6.034549,-2.082592,-1.580852,0.673247,-5.812271,-4.176742,2.723933
227959.0,2025-12-15T01:58:07.526947,8.154904,0.998099,-0.040084,-0.033464,0.032741,-2.275353,-3.134209,4.536289,0.856473,0.283360,0.896953,-4.725148,-3.679487,3.909547
227983.0,2025-12-15T01:58:07.585752,8.213710,0.999905,0.005828,0.000788,0.012440,-2.370515,-1.997975,1.532391,0.513457,0.034088,1.045024,0.668966,0.082012,1.426012
228007.0,2025-12-15T01:58:07.586961,8.214919,0.999919,-0.004644,-0.002407,0.011628,-2.121811,-1.078292,1.211995,-0.295078,-0.378169,0.976847,-0.535372,-0.269620,1.333800
228027.0,2025-12-15T01:58:07.587956,8.215914,0.999688,-0.011238,-0.005849,0.021529,-1.649763,-1.111138,0.801949,-0.437824,-0.448476,0.829841,-1.301978,-0.642383,2.474761
228056.0,2025-12-15T01:58:07.646112,8.274070,0.999429,-0.007738,-0.005286,0.032469,-1.858034,-0.263128,-0.468800,0.296144,-0.169377,0.913997,-0.905979,-0.576612,3.726057
228080.0,2025-12-15T01:58:07.647122,8.275079,0.998954,0.006390,-0.003174,0.045174,-2.212847,0.471602,-1.368503,1.120658,-0.054328,1.061003,0.715045,-0.396385,5.175974
228104.0,2025-12-15T01:58:07.705868,8.333826,0.999940,0.004527,0.007368,0.006696,-2.857323,4.841910,4.376037,0.380299,0.618919,0.562460,0.524453,0.840776,0.771136
228129.0,2025-12-15T01:58:07.706868,8.334826,0.999591,0.018378,0.021917,0.000114,-0.460952,2.018081,6.977546,1.176052,1.212271,-0.549676,2.107881,2.511043,0.059309
228156.0,2025-12-15T01:58:07.765740,8.393698,0.999995,-0.002101,0.000883,-0.001940,-0.916572,-1.214301,-1.258955,-0.129962,-0.120375,-0.162985,-0.240935,0.100676,-0.222554
228180.0,2025-12-15T01:58:07.766625,8.394583,0.999808,0.004335,0.002440,-0.018963,0.541975,-0.361278,0.564809,0.615723,0.320645,-1.428519,0.491331,0.288922,-2.171936
228205.0,2025-12-15T01:58:07.767626,8.395584,0.996916,0.035894,0.021083,-0.066528,-0.019328,-0.527453,0.109636,2.597115,1.406149,-4.005394,3.947193,2.683145,-7.543288
228233.0,2025-12-15T01:58:07.826499,8.454457,0.994297,0.042946,0.024248,-0.094559,1.289361,-3.548225,-0.943386,0.802144,0.325971,-2.358495,4.642893,3.229875,-10.734115
228258.0,2025-12-15T01:58:07.827487,8.455445,0.992925,0.047532,0.023750,-0.106190,0.043197,-3.738895,-0.762980,0.564590,-0.172573,-0.934237,5.134557,3.282451,-12.061599
228283.0,2025-12-15T01:58:07.886768,8.514725,0.993340,0.042534,0.024751,-0.104186,-0.132605,-3.835254,-0.999982,-0.235423,0.079895,0.165116,4.558543,3.327094,-11.842640
228305.0,2025-12-15T01:58:07.886768,8.514725,0.993922,0.031859,0.026795,-0.101908,0.778473,-2.182724,-0.035328,-0.740359,0.178964,0.168312,3.323482,3.425885,-11.608830
228330.0,2025-12-15T01:58:07.946493,8.574451,0.994112,0.027812,0.026066,-0.101428,0.913401,-1.923457,0.121622,-0.172573,0.023436,0.037284,2.871280,3.294408,-11.568719
228355.0,2025-12-15T01:58:07.947507,8.575465,0.993820,0.031076,0.027111,-0.103058,0.348327,-2.741314,-0.408709,0.395213,-0.037284,-0.094809,3.226479,3.456565,-11.743319
228379.0,2025-12-15T01:58:07.948381,8.576339,0.993874,0.028877,0.027102,-0.103180,0.259798,-2.987783,-0.566840,0.007457,0.037284,-0.006392,2.974961,3.430146,-11.764873
228402.0,2025-12-15T01:58:08.006932,8.634890,0.993994,0.025700,0.026788,-0.102949,0.579542,-2.353078,-0.166754,-0.083091,0.031958,0.020240,2.616730,3.356323,-11.749506
228427.0,2025-12-15T01:58:08.007932,8.635890,0.994012,0.024671,0.025752,-0.103288,0.531231,-2.468103,-0.255316,0.105461,-0.013848,-0.021305,2.510169,3.227048,-11.793897
228454.0,2025-12-15T01:58:08.066250,8.694207,0.993944,0.023339,0.027975,-0.103677,0.422472,-2.599370,-0.357166,-0.004261,0.022371,-0.002131,2.330822,3.465723,-11.839336
228478.0,2025-12-15T01:58:08.066250,8.694207,0.994017,0.020737,0.027499,-0.103652,0.524875,-2.461576,-0.276205,-0.030893,0.018109,0.005326,2.039382,3.380550,-11.845937
228504.0,2025-12-15T01:58:08.067177,8.695135,0.994055,0.018883,0.026794,-0.103831,0.477272,-2.422718,-0.283548,0.035154,0.003196,-0.009587,1.835506,3.278607,-11.873502
228527.0,2025-12-15T01:58:08.125842,8.753800,0.994094,0.016787,0.026272,-0.103949,0.458390,-2.410748,-0.284266,0.013848,0.014914,-0.005326,1.602057,3.194408,-11.894363
228553.0,2025-12-15T01:58:08.127351,8.755309,0.994008,0.015785,0.028289,-0.104394,0.508689,-2.382722,-0.275394,0.022371,0.005326,-0.007457,1.462350,3.413109,-11.947308
228575.0,2025-12-15T01:58:08.186363,8.814320,0.994041,0.013776,0.027686,-0.104532,0.497849,-2.359626,-0.278822,0.020240,0.012783,-0.006392,1.239775,3.320512,-11.970280
228601.0,2025-12-15T01:58:08.186363,8.814320,0.994077,0.011626,0.027024,-0.104616,0.499236,-2.321048,-0.255469,0.008522,0.007457,-0.002131,1.001998,3.219424,-11.987198
228625.0,2025-12-15T01:58:08.187364,8.815322,0.994102,0.009577,0.026377,-0.104753,0.488227,-2.274134,-0.248655,0.017044,0.009587,-0.006392,0.775528,3.121268,-12.009505
228653.0,2025-12-15T01:58:08.245869,8.873827,0.994122,0.007571,0.025744,-0.104890,0.488917,-2.244013,-0.238384,0.020240,0.011718,-0.006392,0.553796,3.025129,-12.031387
228679.0,2025-12-15T01:58:08.246871,8.874828,0.994021,0.006673,0.027865,-0.105362,0.518117,-2.227850,-0.230913,0.020240,0.008522,-0.006392,0.424312,3.256356,-12.089022
228704.0,2025-12-15T01:58:08.305762,8.933720,0.994033,0.004690,0.027262,-0.105517,0.500535,-2.208824,-0.229692,0.021305,0.015979,-0.007457,0.204933,3.163637,-12.112956
228724.0,2025-12-15T01:58:08.306728,8.934686,0.994043,0.002697,0.026589,-0.105659,0.511852,-2.177563,-0.217797,0.020240,0.011718,-0.006392,-0.014793,3.062883,-12.135062
228754.0,2025-12-15T01:58:08.366367,8.994325,0.993932,0.001662,0.028730,-0.106160,0.546938,-2.168504,-0.210373,0.005326,0.008522,-0.002131,-0.160436,3.294287,-12.197696
228778.0,2025-12-15T01:58:08.367373,8.995331,0.993938,-0.000339,0.028028,-0.106307,0.539186,-2.109804,-0.217760,0.018109,0.012783,-0.006392,-0.380677,3.189850,-12.220329
228803.0,2025-12-15T01:58:08.368246,8.996203,0.993937,-0.002277,0.027348,-0.106467,0.531138,-2.093814,-0.206591,0.023436,0.014914,-0.007457,-0.593875,3.088583,-12.244073
228826.0,2025-12-15T01:58:08.426430,9.054388,0.993937,-0.004311,0.026553,-0.106613,0.529722,-2.051887,-0.200177,0.015979,0.005326,-0.006392,-0.816502,2.972947,-12.265802
228851.0,2025-12-15T01:58:08.427431,9.055389,0.993827,-0.005329,0.028728,-0.107020,0.572576,-2.053035,-0.188619,0.006392,0.009587,-0.003196,-0.960781,3.207958,-12.319279
228875.0,2025-12-15T01:58:08.486278,9.114236,0.993821,-0.007296,0.027897,-0.107185,0.560027,-2.017597,-0.191543,0.020240,0.006392,-0.007457,-1.175276,3.088936,-12.342909
228900.0,2025-12-15T01:58:08.487164,9.115122,0.993810,-0.009402,0.027168,-0.107307,0.528974,-1.977320,-0.182294,0.008522,0.011718,-0.004261,-1.406783,2.979688,-12.361920
228924.0,2025-12-15T01:58:08.488164,9.116122,0.993801,-0.011567,0.026391,-0.107377,0.532941,-1.933919,-0.180973,0.003196,0.008522,0.000000,-1.644243,2.864333,-12.374539
228952.0,2025-12-15T01:58:08.546418,9.174376,0.993781,-0.013545,0.025627,-0.107515,0.514526,-1.902408,-0.165962,0.019175,0.010653,-0.005326,-1.860719,2.752574,-12.394121
228977.0,2025-12-15T01:58:08.547311,9.175268,0.993662,-0.014525,0.027839,-0.107931,0.575562,-1.885598,-0.179928,0.003196,0.009587,-0.002131,-2.001310,2.991660,-12.450477
228997.0,2025-12-15T01:58:08.606164,9.234122,0.993644,-0.016766,0.026950,-0.108003,0.561223,-1.805082,-0.147404,-0.005326,0.004261,0.000000,-2.245925,2.862360,-12.462790
229029.0,2025-12-15T01:58:08.607163,9.235121,0.993615,-0.018591,0.026056,-0.108188,0.555315,-1.809312,-0.142545,0.029827,0.007457,-0.008522,-2.443318,2.737284,-12.486466
229054.0,2025-12-15T01:58:08.666503,9.294461,0.993577,-0.020327,0.025252,-0.108412,0.492812,-1.799225,-0.167747,0.039415,0.010653,-0.011718,-2.631696,2.623474,-12.514413
229079.0,2025-12-15T01:58:08.667502,9.295460,0.993459,-0.021545,0.027638,-0.108680,0.561522,-1.766279,-0.145912,-0.024501,0.017044,0.003196,-2.801576,2.879239,-12.556613
229104.0,2025-12-15T01:58:08.668502,9.296460,0.993427,-0.023632,0.026701,-0.108775,0.609558,-1.685701,-0.105497,0.003196,0.009587,-0.001065,-3.027937,2.746062,-12.570027
229128.0,2025-12-15T01:58:08.726361,9.354319,0.993380,-0.025282,0.025801,-0.109045,0.517305,-1.706744,-0.130363,0.044741,0.008522,-0.014914,-3.205376,2.621959,-12.602167
229153.0,2025-12-15T01:58:08.727351,9.355309,0.993246,-0.026125,0.028096,-0.109502,0.581252,-1.730235,-0.142517,0.006392,0.013848,-0.004261,-3.332045,2.871265,-12.666084
229174.0,2025-12-15T01:58:08.786456,9.414414,0.993205,-0.028332,0.027119,-0.109573,0.596110,-1.608664,-0.097404,-0.007457,0.006392,0.001065,-3.571381,2.731777,-12.676328
229202.0,2025-12-15T01:58:08.786456,9.414414,0.993158,-0.030260,0.026120,-0.109726,0.562923,-1.620170,-0.118653,0.018109,0.004261,-0.005326,-3.778820,2.593013,-12.694748
229227.0,2025-12-15T01:58:08.787456,9.415414,0.993102,-0.032361,0.025231,-0.109838,0.537043,-1.570961,-0.108170,0.003196,0.010653,-0.002131,-4.007304,2.464765,-12.708880
229257.0,2025-12-15T01:58:08.845558,9.473516,0.992961,-0.033160,0.027448,-0.110345,0.602228,-1.543890,-0.096930,0.001065,0.004261,-0.001065,-4.128332,2.704823,-12.779740
229282.0,2025-12-15T01:58:08.846558,9.474515,0.992904,-0.035103,0.026429,-0.110504,0.579283,-1.522991,-0.098919,0.013848,0.007457,-0.005326,-4.337073,2.563417,-12.798195
229306.0,2025-12-15T01:58:08.906269,9.534227,0.992839,-0.037016,0.025460,-0.110691,0.564267,-1.489067,-0.094055,0.015979,0.011718,-0.007457,-4.543150,2.427847,-12.819482
229331.0,2025-12-15T01:58:08.907272,9.535230,0.992772,-0.039028,0.024434,-0.110833,0.547917,-1.460585,-0.092010,0.008522,0.005326,-0.004261,-4.759535,2.284587,-12.835233
229353.0,2025-12-15T01:58:08.965734,9.593692,0.992629,-0.039764,0.026730,-0.111319,0.596305,-1.433563,-0.086429,-0.002131,0.007457,-0.001065,-4.874698,2.534075,-12.905340
229380.0,2025-12-15T01:58:08.966735,9.594693,0.992561,-0.041777,0.025635,-0.111444,0.589362,-1.391868,-0.077628,0.004261,0.006392,-0.002131,-5.090197,2.382915,-12.918473
229405.0,2025-12-15T01:58:08.967749,9.595707,0.992489,-0.043723,0.024576,-0.111583,0.560867,-1.361497,-0.070727,0.010653,0.008522,-0.003196,-5.298421,2.236589,-12.932838
229433.0,2025-12-15T01:58:09.025841,9.653798,0.992403,-0.045648,0.023669,-0.111765,0.536961,-1.327945,-0.070685,0.011718,0.020240,-0.006392,-5.506512,2.107482,-12.952568
229459.0,2025-12-15T01:58:09.026824,9.654782,0.992274,-0.046122,0.025992,-0.112200,0.611604,-1.333598,-0.085828,0.018109,0.009587,-0.006392,-5.592198,2.363115,-13.017876
229479.0,2025-12-15T01:58:09.085877,9.713835,0.992195,-0.048151,0.024875,-0.112303,0.560458,-1.301018,-0.075044,0.002131,0.005326,0.000000,-5.809035,2.209074,-13.027353
229511.0,2025-12-15T01:58:09.086876,9.714834,0.992109,-0.050230,0.023755,-0.112394,0.563350,-1.242173,-0.060314,-0.004261,0.007457,0.001065,-6.031514,2.054132,-13.034988
229532.0,2025-12-15T01:58:09.146534,9.774492,0.992019,-0.052214,0.022601,-0.112524,0.537126,-1.193988,-0.050779,0.004261,0.005326,-0.002131,-6.242700,1.896243,-13.046129
229561.0,2025-12-15T01:58:09.146534,9.774492,0.991884,-0.052739,0.024985,-0.112964,0.582407,-1.200010,-0.060186,-0.001065,0.009587,-0.001065,-6.335242,2.157669,-13.114128
229586.0,2025-12-15T01:58:09.147534,9.775492,0.991798,-0.054533,0.023745,-0.113132,0.575765,-1.158172,-0.043653,0.015979,0.006392,-0.004261,-6.523589,1.992056,-13.128501
229613.0,2025-12-15T01:58:09.206452,9.834409,0.991703,-0.056438,0.022571,-0.113271,0.544677,-1.154152,-0.049083,0.008522,0.007457,-0.002131,-6.725537,1.832773,-13.139686
229638.0,2025-12-15T01:58:09.207452,9.835410,0.991600,-0.058500,0.021351,-0.113365,0.521501,-1.077180,-0.034604,-0.005326,0.003196,0.001065,-6.944613,1.666363,-13.145210
229664.0,2025-12-15T01:58:09.265558,9.893516,0.991454,-0.058859,0.023647,-0.114001,0.575955,-1.099776,-0.039657,0.010653,0.006392,-0.003196,-7.017498,1.918073,-13.236146
229689.0,2025-12-15T01:58:09.266558,9.894516,0.991354,-0.060664,0.022408,-0.114173,0.547057,-1.081870,-0.041131,0.013848,0.007457,-0.004261,-7.207041,1.752147,-13.249852
229709.0,2025-12-15T01:58:09.267560,9.895518,0.991244,-0.062694,0.021163,-0.114267,0.542419,-0.996440,-0.039098,-0.008522,0.008522,0.002131,-7.421939,1.583166,-13.254329
229736.0,2025-12-15T01:58:09.326227,9.954185,0.991138,-0.064533,0.019834,-0.114400,0.514372,-0.940090,-0.006880,0.007457,0.004261,-0.001065,-7.614112,1.406860,-13.261815
229762.0,2025-12-15T01:58:09.327212,9.955170,0.990992,-0.064890,0.022140,-0.115035,0.552716,-1.003874,-0.030925,0.011718,0.007457,-0.003196,-7.686937,1.659049,-13.354066
229787.0,2025-12-15T01:58:09.386431,10.014389,0.990872,-0.067476,0.020067,-0.114969,0.495387,-1.017990,-0.112391,-0.042611,-0.072438,0.009587,-7.953868,1.389686,-13.333323
229811.0,2025-12-15T01:58:09.386431,10.014389,0.990594,-0.071710,0.020850,-0.114655,0.221213,-0.150503,0.190082,-0.242880,0.181095,0.045806,-8.447203,1.424765,-13.309713
229833.0,2025-12-15T01:58:09.446169,10.074127,0.990710,-0.065945,0.021437,-0.116981,1.113890,-0.478535,0.179106,0.494283,0.315318,-0.149137,-7.800777,1.549860,-13.574059
229860.0,2025-12-15T01:58:09.447111,10.075069,0.990655,-0.065034,0.021157,-0.118010,0.739841,-1.466904,-0.171688,0.164051,-0.186421,-0.055394,-7.694600,1.522445,-13.688904
229885.0,2025-12-15T01:58:09.448108,10.076066,0.990098,-0.075689,0.024335,-0.115694,0.171040,-1.592664,-0.345625,-0.735032,0.201335,0.198139,-8.950650,1.757780,-13.467279
229913.0,2025-12-15T01:58:09.506043,10.134001,0.989642,-0.091198,0.016336,-0.109660,1.035158,-0.385927,0.005380,-1.163269,-0.666856,0.446346,-10.608835,0.706619,-12.711646
229933.0,2025-12-15T01:58:09.507050,10.135007,0.988001,-0.118171,0.008341,-0.099093,-0.072712,-0.661569,-0.271750,-2.004827,-0.953412,0.775512,-13.601309,-0.397474,-11.407382
229966.0,2025-12-15T01:58:09.566501,10.194459,0.987463,-0.129757,0.014074,-0.088779,0.358278,1.853498,0.596467,-1.080178,0.086286,0.900148,-14.996615,0.272427,-10.310770
229991.0,2025-12-15T01:58:09.567471,10.195428,0.989669,-0.114776,0.018765,-0.083844,0.252902,1.432258,-0.145550,1.032241,0.431432,0.490022,-13.318476,1.025437,-9.804755
230012.0,2025-12-15T01:58:09.626071,10.254029,0.989273,-0.119707,0.022516,-0.080635,1.310315,2.118091,-1.027146,-0.626375,0.317449,0.305731,-13.919230,1.446498,-9.496210
230040.0,2025-12-15T01:58:09.627016,10.254974,0.989526,-0.120117,0.015306,-0.078589,1.092429,1.725794,0.170560,-0.160855,-0.536893,0.115049,-13.894764,0.653853,-9.161621
230066.0,2025-12-15T01:58:09.627986,10.255944,0.989567,-0.123574,0.012367,-0.073035,0.716181,0.638390,-0.153405,-0.316384,-0.518784,0.425040,-14.263453,0.368114,-8.488229
230093.0,2025-12-15T01:58:09.686403,10.314360,0.989460,-0.128851,0.010564,-0.065230,0.390101,1.750525,-0.089409,-0.629571,-0.242880,0.627441,-14.854519,0.234610,-7.574138
230118.0,2025-12-15T01:58:09.687403,10.315361,0.989546,-0.132638,0.009398,-0.055843,0.924976,1.802296,-0.199393,-0.496413,-0.150202,0.781904,-15.281036,0.216872,-6.488932
230138.0,2025-12-15T01:58:09.805608,10.433566,0.989552,-0.136355,0.009378,-0.045896,0.872177,2.597475,-0.385696,-0.504935,-0.087352,0.834102,-15.707535,0.346265,-5.358734
230171.0,2025-12-15T01:58:09.806553,10.434511,0.989031,-0.143059,0.012193,-0.034684,0.419296,2.372246,-0.329829,-0.684965,-0.089482,0.941694,-16.490413,0.813335,-4.134739
230196.0,2025-12-15T01:58:09.807553,10.435511,0.988526,-0.148410,0.013793,-0.024499,-0.602050,2.371131,-0.167036,-0.647681,-0.064981,0.837298,-17.106462,1.145850,-3.011770
230273.0,2025-12-15T01:58:09.865636,10.493593,0.987405,-0.155351,0.022562,0.019692,-0.028229,3.337198,-0.562751,-0.150202,0.093743,1.558482,-17.836070,2.904642,1.829156
230299.0,2025-12-15T01:58:09.866637,10.494594,0.987315,-0.154786,0.024560,0.025443,0.013676,2.892544,-0.455060,-0.152333,0.098004,0.496413,-17.750956,3.231621,2.447601
230324.0,2025-12-15T01:58:09.926365,10.554323,0.987329,-0.153303,0.025984,0.031713,0.533542,3.488413,-0.602826,-0.073503,0.071373,0.542220,-17.555796,3.499100,3.138908
230344.0,2025-12-15T01:58:09.926365,10.554323,0.987145,-0.151144,0.028085,0.043718,0.531127,3.127331,-0.490477,-0.029827,0.057524,1.029045,-17.256311,3.937219,4.473998
230377.0,2025-12-15T01:58:09.987303,10.615261,0.986991,-0.149681,0.030984,0.049841,0.605934,3.011256,-0.451414,-0.033023,0.031958,0.516653,-17.051364,4.363416,5.127336
230402.0,2025-12-15T01:58:09.987303,10.615261,0.987033,-0.147658,0.031194,0.054675,0.539788,3.193698,-0.527958,-0.027697,-0.001065,0.409062,-16.795077,4.457886,5.682678
230427.0,2025-12-15T01:58:10.046277,10.674235,0.987471,-0.144467,0.030869,0.055479,0.432113,3.057310,-0.510663,0.080960,-0.005326,0.068177,-16.423034,4.415760,5.793795
230453.0,2025-12-15T01:58:10.047278,10.675236,0.987796,-0.141271,0.032888,0.056750,0.523585,3.126675,-0.512730,0.132093,0.005326,0.096939,-16.037688,4.646513,5.921255
230473.0,2025-12-15T01:58:10.048283,10.676241,0.988218,-0.138155,0.032712,0.057178,0.565974,2.743750,-0.391859,0.078830,0.023436,0.041545,-15.675504,4.614576,5.987296
230504.0,2025-12-15T01:58:10.106138,10.734095,0.988665,-0.135068,0.032442,0.056968,0.541225,2.889003,-0.434870,0.076699,0.020240,-0.013848,-15.320355,4.561976,5.981701
230530.0,2025-12-15T01:58:10.107136,10.735094,0.989119,-0.131781,0.032149,0.056961,0.575583,2.718377,-0.379178,0.093743,0.019175,0.004261,-14.941319,4.508748,6.000191
230555.0,2025-12-15T01:58:10.166228,10.794186,0.989367,-0.129427,0.033979,0.056985,0.639509,2.643012,-0.348308,0.064981,0.005326,-0.006392,-14.659917,4.702766,5.987679
230580.0,2025-12-15T01:58:10.166228,10.794186,0.989733,-0.126792,0.033299,0.056954,0.593534,2.646599,-0.379512,0.037284,-0.006392,-0.003196,-14.358596,4.609126,6.005961
230600.0,2025-12-15T01:58:10.168225,10.796183,0.990097,-0.124099,0.032516,0.057006,0.590727,2.561395,-0.337664,0.041545,-0.014914,0.003196,-14.050829,4.504512,6.035100
230633.0,2025-12-15T01:58:10.225969,10.853926,0.990447,-0.121484,0.031639,0.057048,0.566912,2.484079,-0.314789,0.034088,-0.022371,0.001065,-13.752897,4.389374,6.063341
230659.0,2025-12-15T01:58:10.226968,10.854926,0.990568,-0.119978,0.033298,0.057200,0.588100,2.466019,-0.317571,-0.009587,-0.004261,-0.001065,-13.569816,4.570892,6.065604
230683.0,2025-12-15T01:58:10.286525,10.914483,0.990856,-0.117745,0.032670,0.057219,0.578150,2.435490,-0.308939,0.003196,0.002131,0.001065,-13.314891,4.486053,6.086112
230703.0,2025-12-15T01:58:10.286525,10.914483,0.991132,-0.115565,0.032047,0.057235,0.580728,2.367615,-0.285956,-0.001065,0.004261,0.001065,-13.066279,4.402009,6.105566
230733.0,2025-12-15T01:58:10.346869,10.974827,0.991400,-0.113403,0.031481,0.057224,0.551397,2.356864,-0.299858,-0.003196,0.007457,-0.001065,-12.819686,4.324123,6.120954
230759.0,2025-12-15T01:58:10.346869,10.974827,0.991506,-0.111805,0.033484,0.057388,0.603351,2.316531,-0.272230,0.017044,0.007457,-0.001065,-12.624153,4.544363,6.122171
230784.0,2025-12-15T01:58:10.347877,10.975835,0.991833,-0.109089,0.032867,0.057335,0.593559,2.271455,-0.279145,0.044741,0.005326,-0.003196,-12.314126,4.456769,6.135834
230808.0,2025-12-15T01:58:10.406652,11.034610,0.992152,-0.106358,0.032385,0.057214,0.586288,2.183991,-0.270920,0.046872,0.018109,-0.007457,-12.002138,4.383554,6.139737
230833.0,2025-12-15T01:58:10.407727,11.035685,0.992459,-0.103667,0.031898,0.057104,0.593506,2.143788,-0.226458,0.043676,0.019175,-0.006392,-11.694878,4.310089,6.144534
230857.0,2025-12-15T01:58:10.466761,11.094718,0.992613,-0.101416,0.034020,0.057240,0.653387,2.094305,-0.210749,0.076699,0.010653,-0.001065,-11.423614,4.539575,6.146428
230882.0,2025-12-15T01:58:10.468339,11.096297,0.992938,-0.098489,0.033226,0.057179,0.646851,1.991202,-0.208173,0.064981,0.000000,-0.003196,-11.090680,4.430244,6.161181
230911.0,2025-12-15T01:58:10.526726,11.154683,0.993256,-0.095547,0.032499,0.057075,0.621983,1.934806,-0.192713,0.066046,0.005326,-0.006392,-10.756074,4.327968,6.169837
230935.0,2025-12-15T01:58:10.526726,11.154683,0.993536,-0.092887,0.031833,0.056966,0.622990,1.833551,-0.175340,0.043676,0.014914,-0.006392,-10.453705,4.234468,6.175577
230961.0,2025-12-15T01:58:10.527717,11.155674,0.993549,-0.091809,0.034046,0.057209,0.673443,1.780867,-0.185759,-0.007457,0.013848,0.000000,-10.316540,4.482693,6.186104
230984.0,2025-12-15T01:58:10.586242,11.214200,0.993725,-0.090179,0.033178,0.057259,0.653335,1.808565,-0.175059,-0.042611,0.006392,0.003196,-10.133338,4.374019,6.207516
231010.0,2025-12-15T01:58:10.587240,11.215198,0.993910,-0.088390,0.032331,0.057304,0.634756,1.788470,-0.167641,-0.029827,0.006392,0.003196,-9.931862,4.266685,6.228548
231030.0,2025-12-15T01:58:10.645643,11.273601,0.994105,-0.086463,0.031500,0.057330,0.628736,1.759906,-0.152127,-0.018109,0.007457,0.002131,-9.714580,4.160029,6.247457
231063.0,2025-12-15T01:58:10.646629,11.274586,0.994115,-0.085388,0.033655,0.057541,0.667269,1.710284,-0.159312,-0.008522,0.008522,0.002131,-9.577913,4.401211,6.256443
231088.0,2025-12-15T01:58:10.706470,11.334428,0.994301,-0.083510,0.032763,0.057605,0.655126,1.681461,-0.161891,-0.020240,0.007457,0.005326,-9.366478,4.288190,6.280038
231108.0,2025-12-15T01:58:10.707419,11.335377,0.994488,-0.081587,0.031854,0.057646,0.637373,1.659208,-0.144672,-0.017044,0.005326,0.003196,-9.150195,4.172747,6.300842
231142.0,2025-12-15T01:58:10.708316,11.336274,0.994491,-0.080508,0.034016,0.057869,0.674976,1.661817,-0.153728,-0.004261,0.006392,0.003196,-9.012939,4.414707,6.312413
231167.0,2025-12-15T01:58:10.766720,11.394677,0.994698,-0.078288,0.033096,0.057899,0.662884,1.622108,-0.127854,0.009587,0.006392,0.003196,-8.762612,4.295834,6.333347
231192.0,2025-12-15T01:58:10.766720,11.394677,0.994904,-0.075962,0.032161,0.057974,0.660582,1.562306,-0.139634,0.019175,0.006392,0.007457,-8.500152,4.174944,6.359475
231212.0,2025-12-15T01:58:10.826359,11.454316,0.995108,-0.073656,0.031151,0.058010,0.668396,1.489155,-0.113827,0.019175,0.004261,0.004261,-8.240834,4.045145,6.381035
231244.0,2025-12-15T01:58:10.826359,11.454316,0.995299,-0.071512,0.030111,0.057968,0.626100,1.449175,-0.107701,0.004261,0.001065,-0.003196,-8.000738,3.912318,6.392771
231271.0,2025-12-15T01:58:10.885882,11.513840,0.995277,-0.070610,0.032309,0.058261,0.650767,1.448141,-0.114199,0.010653,-0.003196,-0.001065,-7.882922,4.159938,6.413563
231296.0,2025-12-15T01:58:10.886868,11.514826,0.995470,-0.068334,0.031297,0.058234,0.646900,1.382425,-0.106672,0.018109,0.007457,-0.001065,-7.627524,4.029469,6.427178
231316.0,2025-12-15T01:58:10.887858,11.515816,0.995648,-0.066209,0.030239,0.058198,0.641198,1.333111,-0.088357,0.006392,0.006392,-0.002131,-7.389749,3.894544,6.438965
231347.0,2025-12-15T01:58:10.946784,11.574742,0.995657,-0.064971,0.032330,0.058318,0.668842,1.332585,-0.089084,0.006392,0.001065,0.000000,-7.234636,4.126366,6.443267
231372.0,2025-12-15T01:58:10.947788,11.575746,0.995832,-0.062845,0.031162,0.058295,0.661226,1.257371,-0.091725,0.009587,0.003196,-0.001065,-6.997510,3.979025,6.457097
231394.0,2025-12-15T01:58:11.005895,11.633853,0.995993,-0.060833,0.029955,0.058303,0.641316,1.210833,-0.076001,0.000000,0.001065,0.001065,-6.773793,3.828081,6.473590
231421.0,2025-12-15T01:58:11.006922,11.634880,0.996140,-0.058964,0.028799,0.058303,0.606529,1.201452,-0.093317,-0.013848,0.003196,0.000000,-6.566237,3.683867,6.487935
231447.0,2025-12-15T01:58:11.066022,11.693980,0.996091,-0.058334,0.031107,0.058590,0.642077,1.197464,-0.089166,-0.005326,0.004261,0.002131,-6.478693,3.945484,6.509106
231472.0,2025-12-15T01:58:11.067007,11.694965,0.996208,-0.056885,0.029941,0.058628,0.643722,1.112406,-0.074047,-0.042611,0.013848,0.003196,-6.319314,3.802960,6.526071
231492.0,2025-12-15T01:58:11.068009,11.695967,0.996314,-0.055562,0.028863,0.058635,0.619732,1.155062,-0.071475,-0.056459,0.017044,0.000000,-6.174137,3.671068,6.538089
231524.0,2025-12-15T01:58:11.125697,11.753655,0.996442,-0.053787,0.027811,0.058629,0.606115,1.138994,-0.068573,-0.019175,0.015979,0.000000,-5.976939,3.539206,6.549823
231550.0,2025-12-15T01:58:11.126695,11.754653,0.996382,-0.053251,0.030249,0.058928,0.650116,1.120803,-0.075436,-0.003196,0.012783,0.001065,-5.899202,3.816096,6.572640
231572.0,2025-12-15T01:58:11.186007,11.813965,0.996515,-0.051342,0.029123,0.058945,0.618954,1.064950,-0.072163,-0.004261,0.014914,0.002131,-5.687142,3.674962,6.587680
231599.0,2025-12-15T01:58:11.186999,11.814957,0.996637,-0.049622,0.027967,0.058914,0.616002,1.043451,-0.051308,-0.019175,0.014914,-0.002131,-5.497146,3.531268,6.596397
231624.0,2025-12-15T01:58:11.188116,11.816074,0.996767,-0.047708,0.026720,0.058873,0.596968,1.026038,-0.054153,-0.004261,0.005326,-0.003196,-5.285672,3.375759,6.604467
231654.0,2025-12-15T01:58:11.246217,11.874175,0.996721,-0.047006,0.029039,0.059118,0.635863,0.992470,-0.055753,0.017044,0.000000,-0.002131,-5.189675,3.637579,6.623890
231674.0,2025-12-15T01:58:11.247247,11.875205,0.996852,-0.045060,0.027616,0.059101,0.626037,0.952160,-0.052099,0.004261,-0.001065,-0.001065,-4.975537,3.461884,6.635466
231703.0,2025-12-15T01:58:11.307129,11.935087,0.996981,-0.043009,0.026215,0.059093,0.597073,0.909244,-0.055883,0.012783,0.000000,0.000000,-4.749321,3.288039,6.647731
231723.0,2025-12-15T01:58:11.307129,11.935087,0.997096,-0.041109,0.024857,0.059085,0.562285,0.845483,-0.031443,0.001065,0.005326,0.000000,-4.540227,3.119958,6.658732
231753.0,2025-12-15T01:58:11.366606,11.994564,0.997022,-0.040926,0.027256,0.059410,0.627502,0.862633,-0.036627,-0.010653,0.006392,-0.001065,-4.502805,3.394626,6.686708
231779.0,2025-12-15T01:58:11.366606,11.994564,0.997131,-0.039219,0.025778,0.059396,0.603281,0.840268,-0.043893,-0.010653,0.002131,-0.001065,-4.316674,3.214127,6.696621
231803.0,2025-12-15T01:58:11.367634,11.995592,0.997237,-0.037406,0.024300,0.059407,0.558432,0.806372,-0.031391,-0.004261,-0.001065,0.001065,-4.118462,3.032904,6.709304
231826.0,2025-12-15T01:58:11.425640,12.053597,0.997347,-0.035367,0.022873,0.059375,0.532261,0.777493,-0.034747,0.013848,0.001065,-0.002131,-3.894209,2.855932,6.716824
231853.0,2025-12-15T01:58:11.427124,12.055082,0.997298,-0.034784,0.025235,0.059590,0.581019,0.731812,-0.035326,0.017044,0.001065,0.000000,-3.811381,3.122986,6.734916
231874.0,2025-12-15T01:58:11.485695,12.113652,0.997396,-0.033030,0.023681,0.059583,0.553211,0.688030,-0.038951,0.000000,0.003196,0.000000,-3.620577,2.933381,6.744706
231901.0,2025-12-15T01:58:11.487207,12.115165,0.997481,-0.031507,0.022135,0.059568,0.529316,0.660914,-0.030882,-0.019175,0.005326,-0.001065,-3.456281,2.746215,6.752276
231925.0,2025-12-15T01:58:11.488228,12.116185,0.997558,-0.029993,0.020658,0.059593,0.490708,0.646615,-0.023215,-0.023436,0.007457,0.002131,-3.292654,2.567085,6.763680
231955.0,2025-12-15T01:58:11.545934,12.173892,0.997505,-0.029735,0.023056,0.059727,0.541402,0.666769,-0.022286,-0.014914,0.006392,-0.001065,-3.246802,2.840104,6.772651
231980.0,2025-12-15T01:58:11.547066,12.175024,0.997588,-0.028133,0.021451,0.059723,0.513828,0.600466,-0.009419,-0.008522,0.004261,0.000000,-3.074000,2.645637,6.781167
232004.0,2025-12-15T01:58:11.605795,12.233753,0.997663,-0.026567,0.019896,0.059723,0.479657,0.590977,-0.015501,-0.014914,0.005326,0.000000,-2.904994,2.457175,6.789241
232024.0,2025-12-15T01:58:11.606930,12.234888,0.997736,-0.024965,0.018314,0.059707,0.463650,0.559324,-0.012693,-0.010653,0.004261,-0.001065,-2.732143,2.265276,6.795241
232055.0,2025-12-15T01:58:11.666501,12.294458,0.997671,-0.024963,0.020690,0.060015,0.501640,0.558417,-0.023041,-0.007457,0.002131,0.000000,-2.715223,2.537857,6.824776
232080.0,2025-12-15T01:58:11.666501,12.294458,0.997740,-0.023403,0.019023,0.060040,0.468730,0.535635,-0.014117,-0.010653,0.001065,0.002131,-2.547805,2.336588,6.835371
232105.0,2025-12-15T01:58:11.668526,12.296484,0.997808,-0.021710,0.017357,0.060049,0.441864,0.498439,-0.014467,0.001065,0.001065,0.001065,-2.365194,2.134521,6.843821
232127.0,2025-12-15T01:58:11.726113,12.354070,0.997871,-0.020021,0.015648,0.060057,0.413510,0.456343,-0.015968,0.002131,-0.001065,0.001065,-2.183404,1.927474,6.851667
232159.0,2025-12-15T01:58:11.727123,12.355081,0.997817,-0.019960,0.018022,0.060313,0.452913,0.447775,-0.012652,-0.002131,0.001065,0.000000,-2.159834,2.199191,6.876586
232177.0,2025-12-15T01:58:11.786572,12.414530,0.997875,-0.018471,0.016285,0.060326,0.421332,0.443523,-0.001314,-0.010653,0.001065,0.001065,-2.001159,1.990215,6.884340
232210.0,2025-12-15T01:58:11.786572,12.414530,0.997930,-0.016868,0.014602,0.060324,0.384499,0.415109,-0.009388,-0.003196,0.003196,0.000000,-1.829166,1.786704,6.890009
232232.0,2025-12-15T01:58:11.846204,12.474161,0.997981,-0.015119,0.012847,0.060332,0.351996,0.362068,-0.000174,0.011718,-0.001065,0.001065,-1.640999,1.573862,6.896526
232260.0,2025-12-15T01:58:11.846204,12.474161,0.997941,-0.014932,0.015196,0.060504,0.402355,0.344650,-0.009894,0.006392,-0.002131,0.000000,-1.603207,1.841643,6.913328
232285.0,2025-12-15T01:58:11.847202,12.475160,0.997989,-0.013284,0.013379,0.060513,0.363850,0.334171,0.007605,0.011718,0.001065,0.001065,-1.427158,1.622368,6.919548
232308.0,2025-12-15T01:58:11.906914,12.534872,0.998028,-0.011952,0.011488,0.060534,0.333104,0.274825,0.000878,-0.005326,0.003196,0.002131,-1.287729,1.396868,6.926222
232333.0,2025-12-15T01:58:11.906914,12.534872,0.998064,-0.010487,0.009681,0.060544,0.294684,0.272255,-0.002554,-0.003196,0.003196,0.001065,-1.132564,1.180022,6.931172
232358.0,2025-12-15T01:58:11.966438,12.594395,0.998028,-0.010384,0.012104,0.060706,0.342617,0.270910,0.000710,0.000000,0.004261,0.001065,-1.103813,1.456723,6.947557
232382.0,2025-12-15T01:58:11.966438,12.594395,0.998062,-0.009012,0.010189,0.060728,0.307798,0.236158,0.020717,0.003196,0.004261,0.002131,-0.960042,1.228131,6.953607
232408.0,2025-12-15T01:58:12.027028,12.654985,0.998091,-0.007621,0.008242,0.060737,0.274094,0.201983,0.016500,0.007457,0.003196,0.001065,-0.814475,0.995705,6.957594
232433.0,2025-12-15T01:58:12.086530,12.714488,0.998114,-0.006231,0.006298,0.060745,0.228218,0.160362,0.017084,0.010653,0.005326,0.001065,-0.668876,0.763735,6.960927
232459.0,2025-12-15T01:58:12.087533,12.715491,0.998085,-0.006117,0.008714,0.060938,0.290623,0.176098,0.008223,0.007457,0.003196,0.000000,-0.638865,1.039369,6.981906
232484.0,2025-12-15T01:58:12.088534,12.716492,0.998108,-0.004851,0.006680,0.060934,0.247153,0.140932,0.005092,0.015979,0.006392,0.000000,-0.508193,0.797961,6.983508
232533.0,2025-12-15T01:58:12.146128,12.774086,0.998135,-0.002764,0.002396,0.060939,0.157240,0.075859,0.021875,0.000000,0.002131,0.000000,-0.299390,0.293341,6.986687
232559.0,2025-12-15T01:58:12.147061,12.775019,0.998114,-0.002925,0.004825,0.061128,0.209380,0.092162,0.010066,-0.006392,0.005326,-0.001065,-0.300761,0.572381,7.007770
232579.0,2025-12-15T01:58:12.148159,12.776117,0.998123,-0.002300,0.002591,0.061138,0.171709,0.063484,0.025432,-0.004261,0.004261,0.001065,-0.244967,0.312417,7.009681
232609.0,2025-12-15T01:58:12.266285,12.894243,0.998127,-0.001583,0.000321,0.061148,0.137529,0.057494,0.022558,-0.004261,-0.001065,0.001065,-0.178867,0.047781,7.011380
232634.0,2025-12-15T01:58:12.267305,12.895263,0.998126,-0.000702,-0.001943,0.061158,0.091058,0.043116,0.020751,0.000000,-0.004261,0.001065,-0.093888,-0.217294,7.012727
232660.0,2025-12-15T01:58:12.267305,12.895263,0.998109,-0.000913,0.000370,0.061459,0.111221,0.047050,0.028600,0.002131,-0.003196,0.000000,-0.101805,0.048785,7.047080
232711.0,2025-12-15T01:58:12.325891,12.953849,0.998102,0.000946,-0.003861,0.061453,0.033880,0.026375,0.019790,0.003196,0.003196,0.000000,0.081060,-0.448267,7.046177
232731.0,2025-12-15T01:58:12.326897,12.954855,0.998091,0.001242,-0.006190,0.061442,-0.001361,-0.003891,0.005544,0.015979,0.003196,-0.001065,0.098468,-0.716693,7.044723
232764.0,2025-12-15T01:58:12.327914,12.955872,0.998089,0.001319,-0.003784,0.061662,0.047896,0.000194,0.011447,0.017044,0.002131,0.000000,0.124093,-0.442140,7.070043
232787.0,2025-12-15T01:58:12.386553,13.014511,0.998079,0.000282,-0.005797,0.061682,0.014069,-0.008806,0.017578,0.011718,0.004261,0.001065,-0.008765,-0.664994,7.072916
232813.0,2025-12-15T01:58:12.387577,13.015534,0.998069,-0.001719,-0.006979,0.061694,-0.014238,0.021443,0.018721,0.003196,0.004261,0.000000,-0.245982,-0.786010,7.075969
232837.0,2025-12-15T01:58:12.446024,13.073982,0.998067,-0.001754,-0.004571,0.061953,0.019467,0.055975,0.016056,0.009587,0.003196,0.000000,-0.233047,-0.510356,7.104918
232862.0,2025-12-15T01:58:12.447031,13.074989,0.998063,0.000155,-0.006201,0.061905,-0.001194,-0.007675,0.021090,0.020240,0.004261,-0.003196,-0.026268,-0.710359,7.098578
232886.0,2025-12-15T01:58:12.505821,13.133779,0.998068,-0.001891,-0.005085,0.061893,0.012272,0.024588,0.007812,0.007457,0.004261,-0.002131,-0.252362,-0.568139,7.098318
232906.0,2025-12-15T01:58:12.506811,13.134769,0.998066,0.000089,-0.006273,0.061842,0.003607,0.001544,0.017585,0.001065,0.011718,-0.003196,-0.034266,-0.718091,7.091454
232938.0,2025-12-15T01:58:12.507813,13.135771,0.998070,-0.002064,-0.005971,0.061782,0.003218,0.035227,0.015074,0.019175,0.009587,-0.006392,-0.278382,-0.668359,7.086009
232964.0,2025-12-15T01:58:12.566302,13.194259,0.998073,-0.002094,-0.003496,0.061914,0.052726,0.020883,0.018592,0.002131,0.008522,-0.005326,-0.264329,-0.385025,7.100306
232990.0,2025-12-15T01:58:12.567372,13.195330,0.998065,-0.001264,-0.005624,0.061905,0.021486,0.012846,0.020035,-0.009587,0.005326,0.000000,-0.184475,-0.634276,7.099474
233010.0,2025-12-15T01:58:12.626577,13.254535,0.998050,-0.001862,-0.007906,0.061890,-0.026750,0.006911,0.004439,-0.015979,0.006392,-0.001065,-0.269083,-0.891041,7.098878
233043.0,2025-12-15T01:58:12.627472,13.255430,0.998050,-0.002453,-0.005497,0.062135,0.005606,0.036666,0.018583,-0.035154,0.006392,-0.002131,-0.319756,-0.611235,7.126551
233065.0,2025-12-15T01:58:12.627472,13.255430,0.998050,-0.000455,-0.006052,0.062119,0.003869,0.039854,0.017527,-0.027697,-0.002131,0.000000,-0.095120,-0.688877,7.123617
233096.0,2025-12-15T01:58:12.686495,13.314453,0.998054,0.001584,-0.005078,0.062131,0.009527,-0.015401,0.006577,-0.011718,0.002131,0.002131,0.145029,-0.592025,7.123641
233121.0,2025-12-15T01:58:12.687495,13.315453,0.998040,0.000890,-0.007294,0.062149,-0.015555,0.005135,0.014022,-0.006392,0.007457,0.001065,0.049824,-0.840612,7.126219
233146.0,2025-12-15T01:58:12.746197,13.374155,0.998039,0.000524,-0.004936,0.062406,0.045737,-0.003338,0.024875,-0.006392,0.001065,0.001065,0.024585,-0.568260,7.155819
233166.0,2025-12-15T01:58:12.747224,13.375182,0.998025,0.001767,-0.006878,0.062424,-0.016054,-0.010320,0.009110,-0.010653,0.001065,0.002131,0.152902,-0.799229,7.157050
233196.0,2025-12-15T01:58:12.805942,13.433900,0.998034,-0.000363,-0.005371,0.062446,0.011008,0.021251,0.023439,-0.023436,0.002131,0.001065,-0.079979,-0.611708,7.160932
233221.0,2025-12-15T01:58:12.806953,13.434911,0.998023,0.000856,-0.007084,0.062446,-0.001829,0.006103,0.014161,-0.034088,0.004261,0.001065,0.047165,-0.816320,7.160296
233247.0,2025-12-15T01:58:12.866585,13.494543,0.998024,0.000513,-0.004639,0.062662,0.030118,0.034428,0.009141,-0.018109,0.007457,0.002131,0.025310,-0.534224,7.185226
233272.0,2025-12-15T01:58:12.866585,13.494543,0.998012,0.001381,-0.006599,0.062668,-0.005758,0.001879,0.022381,-0.027697,0.009587,0.001065,0.110556,-0.764649,7.185365
233292.0,2025-12-15T01:58:12.867585,13.495543,0.998003,0.003353,-0.006900,0.062700,-0.001439,-0.001095,0.003523,-0.033023,0.000000,0.004261,0.333934,-0.813195,7.187500
233324.0,2025-12-15T01:58:12.926191,13.554148,0.997998,0.005305,-0.005912,0.062744,0.017943,-0.030082,0.015467,-0.017044,-0.001065,0.005326,0.564278,-0.714250,7.191358
233350.0,2025-12-15T01:58:12.927313,13.555271,0.997991,0.005292,-0.003495,0.063042,0.037565,-0.026625,0.009116,0.007457,0.003196,0.011718,0.580026,-0.437973,7.226806
233370.0,2025-12-15T01:58:12.985812,13.613770,0.997905,0.006356,-0.000572,0.064388,-0.023878,-0.011931,0.000637,0.067112,0.043676,0.113983,0.722587,-0.112281,7.382910
233402.0,2025-12-15T01:58:12.986821,13.614779,0.997447,0.008362,0.002411,0.070881,-2.220545,0.572413,0.091224,0.106526,0.058590,0.547546,0.975350,0.207621,8.131288
233422.0,2025-12-15T01:58:12.987828,13.615786,0.997339,0.007730,0.005007,0.072319,-4.111967,-0.530982,-0.044307,-0.040480,0.022371,0.122505,0.925045,0.508167,8.298787
233455.0,2025-12-15T01:58:13.046669,13.674627,0.997493,0.006419,0.008159,0.069993,-4.090773,-1.645579,0.144226,-0.072438,0.071373,-0.205596,0.799295,0.881159,8.033773
233481.0,2025-12-15T01:58:13.046669,13.674627,0.999991,-0.000143,0.000535,-0.004172,-6.029417,-0.798296,0.027045,-0.006392,0.005326,-0.350472,-0.016600,0.061229,-0.478115
233505.0,2025-12-15T01:58:13.106426,13.734384,0.999960,0.004134,0.002707,-0.007457,-4.545856,0.706857,0.161220,0.316384,0.029827,-0.626375,0.471417,0.313761,-0.853186
233525.0,2025-12-15T01:58:13.107311,13.735269,0.999777,0.008018,0.004820,-0.018918,-2.033786,1.333932,-0.185229,0.221575,0.006392,-0.961934,0.908232,0.569582,-2.163508
233557.0,2025-12-15T01:58:13.166086,13.794044,0.999645,0.008909,0.008730,-0.023545,0.781152,1.723093,-0.029158,-0.021305,0.149137,-0.394148,0.997172,1.024110,-2.689600
233582.0,2025-12-15T01:58:13.167060,13.795018,0.999647,0.008175,0.010228,-0.023110,-0.046069,0.644864,0.067846,-0.262055,0.091613,0.031958,0.909663,1.193341,-2.639150
233607.0,2025-12-15T01:58:13.225965,13.853923,0.999705,0.004236,0.013174,-0.019950,-0.548354,-0.784431,0.112885,-0.171508,0.133158,0.265251,0.455305,1.519077,-2.280419
233626.0,2025-12-15T01:58:13.286850,13.914808,0.999801,0.001366,0.008216,-0.018132,1.032915,-1.408536,0.109522,-0.080960,-0.292948,0.154463,0.139397,0.944120,-2.076809
233659.0,2025-12-15T01:58:13.346190,13.974148,0.999925,0.002670,0.007149,-0.009542,1.568484,-0.977140,0.034524,0.211988,-0.243946,0.660464,0.298135,0.822129,-1.091367
233684.0,2025-12-15T01:58:13.347137,13.975095,0.999904,-0.000023,0.004328,-0.013179,3.800874,-1.010250,0.012904,-0.173638,-0.045806,-0.306796,-0.009218,0.495897,-1.510319
233729.0,2025-12-15T01:58:13.348210,13.976168,0.999799,-0.005257,0.001347,-0.019307,3.546997,-0.653123,0.205516,-0.128897,0.140615,-0.198139,-0.605241,0.142647,-2.213391
233814.0,2025-12-15T01:58:13.405954,14.033911,0.999794,-0.008628,-0.002464,-0.018192,2.641571,0.448385,0.061086,-0.011718,0.015979,0.186421,-0.983366,-0.300313,-2.082329
233840.0,2025-12-15T01:58:13.406965,14.034923,0.999906,-0.007883,-0.000917,-0.011166,3.200901,0.795083,0.034711,0.054328,0.039415,0.411192,-0.902075,-0.115162,-1.278746
233857.0,2025-12-15T01:58:13.465592,14.093550,0.999930,-0.008149,-0.002333,-0.008226,1.751673,0.298015,0.053585,-0.056459,0.075634,0.249272,-0.931574,-0.275016,-0.940415
233887.0,2025-12-15T01:58:13.466576,14.094533,0.999920,-0.009257,-0.004089,-0.007604,0.999417,-0.150348,0.071528,-0.061785,0.049002,0.054328,-1.057167,-0.476645,-0.866980
233914.0,2025-12-15T01:58:13.526438,14.154396,0.999924,-0.008489,-0.005518,-0.007051,1.253533,0.271729,0.019447,0.019175,0.074569,0.049002,-0.968384,-0.639154,-0.802670
233940.0,2025-12-15T01:58:13.526438,14.154396,0.999938,-0.008818,-0.002958,-0.006087,0.504466,0.189295,0.069550,0.000000,0.033023,0.003196,-1.008382,-0.345105,-0.694494
233965.0,2025-12-15T01:58:13.527950,14.155908,0.999951,-0.006367,-0.004464,-0.006105,0.091902,0.343627,-0.002398,0.014914,-0.068177,-0.001065,-0.726552,-0.515959,-0.696305
233988.0,2025-12-15T01:58:13.586536,14.214494,0.999956,-0.003536,-0.006183,-0.006111,0.071208,0.233207,0.025355,0.050067,-0.076699,0.000000,-0.400833,-0.711004,-0.697851
234013.0,2025-12-15T01:58:13.587555,14.215513,0.999948,-0.000972,-0.008182,-0.005970,0.067151,0.152684,0.022478,0.038350,-0.075634,0.012783,-0.105817,-0.938295,-0.683289
234037.0,2025-12-15T01:58:13.646286,14.274244,0.999966,-0.001274,-0.006743,-0.004643,0.097262,0.142104,0.028211,0.006392,-0.061785,0.036219,-0.142398,-0.773380,-0.531123
234062.0,2025-12-15T01:58:13.647276,14.275234,0.999973,0.000427,-0.005755,-0.004516,-0.059540,0.081449,0.008416,-0.021305,-0.030893,0.011718,0.051968,-0.659199,-0.517856
234087.0,2025-12-15T01:58:13.648288,14.276246,0.999978,0.002096,-0.004301,-0.004604,-0.091713,0.101815,0.008464,-0.008522,-0.011718,-0.006392,0.242400,-0.491721,-0.528636
234116.0,2025-12-15T01:58:13.706041,14.333999,0.999965,0.004690,-0.005013,-0.004700,0.017518,0.045136,-0.005665,0.027697,0.002131,-0.007457,0.540115,-0.571957,-0.541235
234142.0,2025-12-15T01:58:13.707030,14.334988,0.999977,0.004669,-0.002941,-0.003848,0.082940,0.037876,0.020602,0.033023,-0.005326,-0.009587,0.536334,-0.334927,-0.442577
234166.0,2025-12-15T01:58:13.766433,14.394391,0.999963,0.005553,-0.005311,-0.003927,0.009746,-0.004268,0.020378,0.028762,-0.004261,-0.007457,0.638688,-0.606077,-0.453415
234186.0,2025-12-15T01:58:13.767432,14.395390,0.999973,0.003292,-0.005338,-0.003912,-0.000083,0.040313,0.010614,0.009587,0.011718,0.000000,0.379662,-0.610174,-0.450349
234216.0,2025-12-15T01:58:13.826385,14.454343,0.999959,0.005644,-0.005901,-0.003947,0.009207,0.019139,0.012411,0.006392,0.011718,-0.002131,0.649403,-0.673673,-0.456078
234242.0,2025-12-15T01:58:13.827318,14.455276,0.999975,0.005322,-0.003557,-0.003088,0.033583,0.016039,0.006004,0.012783,0.015979,-0.003196,0.611184,-0.405694,-0.356026
234267.0,2025-12-15T01:58:13.886889,14.514846,0.999960,0.006216,-0.005598,-0.003164,0.018492,-0.004055,0.015902,0.029827,0.023436,-0.007457,0.714329,-0.639204,-0.366509
234287.0,2025-12-15T01:58:13.886889,14.514846,0.999961,0.004797,-0.006733,-0.003228,-0.002763,-0.000132,0.021663,0.044741,0.019175,-0.007457,0.552247,-0.769817,-0.373680
234319.0,2025-12-15T01:58:13.887889,14.515847,0.999968,0.002934,-0.006766,-0.003245,0.000203,0.028085,0.025185,0.042611,0.014914,-0.003196,0.338708,-0.774269,-0.374185
234343.0,2025-12-15T01:58:13.945612,14.573570,0.999983,0.002947,-0.004482,-0.002280,0.053175,-0.014121,0.029700,0.038350,0.014914,-0.004261,0.338834,-0.512826,-0.262738
234363.0,2025-12-15T01:58:13.946595,14.574553,0.999971,0.002886,-0.006722,-0.002348,0.034422,-0.000924,0.020669,0.000000,0.011718,-0.006392,0.332517,-0.769535,-0.271291
234396.0,2025-12-15T01:58:14.065766,14.693724,0.999960,0.005134,-0.006885,-0.002414,-0.002306,-0.036531,0.015413,-0.009587,0.011718,-0.004261,0.590232,-0.787554,-0.280688
234419.0,2025-12-15T01:58:14.066757,14.694715,0.999963,0.002957,-0.007662,-0.002406,0.000280,0.004921,0.028903,0.002131,0.010653,-0.001065,0.340977,-0.877214,-0.278331
234443.0,2025-12-15T01:58:14.067758,14.695715,0.999981,0.002508,-0.005454,-0.001458,0.068914,0.018586,0.023108,-0.001065,0.005326,0.001065,0.288292,-0.624525,-0.168622
234465.0,2025-12-15T01:58:14.068865,14.696822,0.999967,0.001592,-0.007873,-0.001500,-0.011000,0.005634,0.019074,-0.012783,-0.013848,-0.004261,0.183767,-0.901916,-0.173327
234516.0,2025-12-15T01:58:14.126326,14.754283,0.999946,0.002761,-0.009906,-0.001769,-0.033038,0.013718,0.025449,0.012783,-0.029827,-0.017044,0.318455,-1.134544,-0.205820
234542.0,2025-12-15T01:58:14.126326,14.754283,0.999963,0.002538,-0.008114,-0.001250,0.013069,0.019336,0.018495,0.011718,-0.033023,-0.029827,0.292027,-0.929406,-0.145641
234562.0,2025-12-15T01:58:14.185562,14.813520,0.999974,0.000832,-0.007038,-0.001579,0.019658,0.031241,0.032451,0.020240,-0.024501,-0.028762,0.096627,-0.806359,-0.181637
234592.0,2025-12-15T01:58:14.186548,14.814506,0.999951,0.000419,-0.009700,-0.002072,0.067757,-0.002938,0.031908,-0.017044,-0.024501,-0.041545,0.050340,-1.111454,-0.237914
234616.0,2025-12-15T01:58:14.187544,14.815501,0.999915,-0.004437,-0.012019,-0.002486,0.283762,-0.119089,0.076987,-0.299339,-0.027697,-0.033023,-0.505091,-1.378540,-0.278839
234642.0,2025-12-15T01:58:14.246625,14.874583,0.999904,-0.009112,-0.010278,-0.002057,0.770906,0.404923,0.060044,-0.368581,-0.028762,-0.054328,-1.041946,-1.179840,-0.224967
234662.0,2025-12-15T01:58:14.246625,14.874583,0.999877,-0.008484,-0.012860,-0.002993,1.328940,0.297575,-0.001035,0.007457,-0.021305,-0.076699,-0.968029,-1.476545,-0.330531
234695.0,2025-12-15T01:58:14.306175,14.934133,0.999855,-0.008662,-0.014042,-0.004194,1.572217,0.411432,-0.006904,-0.067112,0.094809,-0.096939,-0.986179,-1.613186,-0.466758
234719.0,2025-12-15T01:58:14.307177,14.935135,0.999835,-0.009104,-0.014756,-0.005453,2.118287,0.008353,0.060889,-0.040480,0.140615,-0.102265,-1.034377,-1.696561,-0.609644
234745.0,2025-12-15T01:58:14.308179,14.936137,0.999890,-0.007780,-0.012109,-0.003608,2.582520,0.101767,0.092447,0.161920,0.133158,-0.017044,-0.886754,-1.390820,-0.402765
234769.0,2025-12-15T01:58:14.366256,14.994213,0.999912,-0.001052,-0.012935,-0.002783,2.843131,-0.186016,0.176689,0.568851,0.132093,0.064981,-0.116461,-1.482572,-0.317427
234794.0,2025-12-15T01:58:14.367257,14.995215,0.999890,0.003826,-0.013982,-0.003132,3.110162,0.008973,0.173931,0.401605,0.112918,-0.034088,0.443567,-1.600914,-0.365119
234816.0,2025-12-15T01:58:14.426569,15.054527,0.999894,0.004821,-0.013425,-0.002965,2.510383,0.212635,0.081910,0.063916,0.246076,0.011718,0.557120,-1.536776,-0.347217
234844.0,2025-12-15T01:58:14.426569,15.054527,0.999962,0.000832,-0.008539,-0.001443,2.009112,-0.668994,0.001132,-0.225836,0.305731,-0.001065,0.096762,-0.978342,-0.166144
234869.0,2025-12-15T01:58:14.486661,15.114619,0.999961,-0.005312,-0.005377,-0.004530,1.788613,-1.590327,0.010896,-0.379234,0.407996,-0.257794,-0.605892,-0.618873,-0.515860
234894.0,2025-12-15T01:58:14.486661,15.114619,0.999691,-0.022113,-0.000311,-0.011346,1.497693,-0.736890,0.532663,-1.297492,0.582700,-0.562460,-2.533630,-0.064340,-1.299059
234918.0,2025-12-15T01:58:14.487663,15.115621,0.999246,-0.034125,-0.001418,-0.018473,2.125637,0.861012,-0.557144,-1.072721,0.098004,-0.592287,-3.907499,-0.234664,-2.110239
234944.0,2025-12-15T01:58:14.546224,15.174182,0.999375,-0.031274,-0.007770,-0.014499,1.787971,2.742020,-0.267361,0.084156,-0.643420,0.274838,-3.571371,-0.941775,-1.632993
234968.0,2025-12-15T01:58:14.547194,15.175152,0.999461,-0.028658,-0.012850,-0.009573,2.023007,3.149688,0.182751,0.060720,-0.329167,0.407996,-3.270983,-1.503284,-1.054590
234993.0,2025-12-15T01:58:14.607668,15.235626,0.999348,-0.033141,-0.008763,-0.011317,1.259091,1.946507,-0.183785,-0.552872,0.446346,-0.121440,-3.787227,-1.046594,-1.262979
235013.0,2025-12-15T01:58:14.607668,15.235626,0.999163,-0.037977,-0.000158,-0.015189,-0.070039,1.255147,0.176701,-0.611462,0.681769,-0.297209,-4.352083,-0.084233,-1.738633
235043.0,2025-12-15T01:58:14.608667,15.236624,0.998839,-0.041939,0.009643,-0.021635,-0.307072,1.470110,-0.077642,-0.395213,0.644485,-0.518784,-4.830682,0.999803,-2.523851
235066.0,2025-12-15T01:58:14.665855,15.293813,0.998659,-0.043136,0.011774,-0.026103,-0.075373,1.895090,-0.684110,-0.299339,0.170442,-0.373908,-4.979037,1.218440,-3.047463
235092.0,2025-12-15T01:58:14.666854,15.294812,0.999151,-0.034195,0.015274,-0.017144,-0.822274,2.352600,-1.253085,0.549676,0.207727,0.763795,-3.950019,1.681806,-2.024015
235115.0,2025-12-15T01:58:14.726705,15.354662,0.999871,-0.013092,0.009275,0.000442,-1.929047,1.238039,0.452895,1.624528,-0.671117,1.473261,-1.500015,1.063444,0.036762
235141.0,2025-12-15T01:58:14.726705,15.354662,0.999748,0.003467,0.004760,0.021674,-2.743920,0.277019,0.535658,1.424258,-0.584830,1.724663,0.409013,0.536766,2.485790
235166.0,2025-12-15T01:58:14.786463,15.414420,0.999111,0.008668,0.006007,0.040807,-4.271687,-1.237565,0.433318,0.466586,-0.095874,1.611745,1.020615,0.647194,4.683470
235186.0,2025-12-15T01:58:14.786463,15.414420,0.998042,0.010120,0.008992,0.061061,-2.759879,-1.376646,0.045829,0.186421,0.071373,1.706553,1.220619,0.957622,7.012323
235218.0,2025-12-15T01:58:14.787475,15.415433,0.999991,0.000539,0.000347,0.004236,-5.438205,-0.567274,0.411552,0.049002,-0.010653,0.355798,0.061930,0.039535,0.485393
235243.0,2025-12-15T01:58:14.846404,15.474362,0.999988,-0.004354,-0.001486,-0.001454,-0.097058,-0.237577,0.010582,-0.266316,-0.242880,-0.249272,-0.498707,-0.170995,-0.165821
235266.0,2025-12-15T01:58:14.847403,15.475361,0.999942,-0.005490,-0.009154,0.001118,0.838473,0.446363,0.012707,-0.172573,-0.461259,0.215183,-0.630342,-1.048290,0.133892
235286.0,2025-12-15T01:58:14.848405,15.476362,0.999963,-0.002249,-0.008237,-0.001418,-0.226191,0.353400,-0.023056,0.098004,-0.023436,-0.213053,-0.256381,-0.944260,-0.160403
235315.0,2025-12-15T01:58:14.906969,15.534927,0.999938,-0.003446,-0.006024,-0.008667,-0.237994,-0.046080,0.084643,-0.055394,-0.006392,-0.609331,-0.388862,-0.693658,-0.990850
235341.0,2025-12-15T01:58:14.907971,15.535929,0.999831,-0.005472,-0.005581,-0.016636,0.324324,0.562073,-0.000297,-0.089482,-0.091613,-0.794687,-0.616297,-0.649929,-1.903022
235364.0,2025-12-15T01:58:14.966513,15.594471,0.999668,-0.003315,-0.009399,-0.023766,0.300756,0.412156,0.017813,0.023436,-0.193878,-0.598679,-0.354238,-1.085745,-2.720382
235390.0,2025-12-15T01:58:14.967459,15.595417,0.999456,-0.001418,-0.013266,-0.030170,0.156066,0.312854,-0.010287,-0.010653,-0.218379,-0.536893,-0.116556,-1.524419,-3.456488
235410.0,2025-12-15T01:58:15.026116,15.654074,0.999318,-0.000302,-0.018207,-0.032133,0.184622,-0.136277,0.055410,0.168312,-0.222640,-0.168312,0.032449,-2.086504,-3.683970
235440.0,2025-12-15T01:58:15.027104,15.655062,0.999376,-0.000564,-0.017547,-0.030636,-0.089376,-0.361133,0.013300,0.085221,-0.076699,0.020240,-0.002971,-2.011907,-3.511711
235464.0,2025-12-15T01:58:15.028104,15.656061,0.999414,-0.000302,-0.015904,-0.030311,-0.121831,0.042236,0.002227,-0.029827,-0.055394,0.028762,0.020706,-1.822806,-3.474712
235488.0,2025-12-15T01:58:15.085728,15.713686,0.999453,0.000023,-0.014121,-0.029893,-0.100212,0.058424,0.008225,-0.053263,-0.034088,0.037284,0.051032,-1.617407,-3.427111
235513.0,2025-12-15T01:58:15.086730,15.714688,0.999484,0.000911,-0.012279,-0.029652,-0.111170,0.081112,0.001526,-0.031958,-0.014914,0.022371,0.146101,-1.403355,-3.400358
235535.0,2025-12-15T01:58:15.146113,15.774071,0.999545,-0.000516,-0.010539,-0.028244,-0.070927,0.080261,0.004154,-0.033023,0.002131,0.009587,-0.024972,-1.208891,-3.236880
235562.0,2025-12-15T01:58:15.147052,15.775010,0.999549,0.001401,-0.010315,-0.028160,0.005472,0.047952,0.023904,-0.039415,0.017044,0.009587,0.193747,-1.177082,-3.229502
235587.0,2025-12-15T01:58:15.148055,15.776012,0.999560,0.003001,-0.008905,-0.028125,-0.003005,0.026128,0.018590,-0.041545,0.021305,0.005326,0.372543,-1.010413,-3.226716
235614.0,2025-12-15T01:58:15.206612,15.834570,0.999549,0.005573,-0.008730,-0.028195,0.000264,0.061766,0.020733,0.015979,0.006392,-0.004261,0.666602,-0.981988,-3.237199
235640.0,2025-12-15T01:58:15.206612,15.834570,0.999600,0.004942,-0.007006,-0.026948,0.045862,-0.023037,0.013854,0.037284,0.006392,-0.006392,0.587774,-0.787318,-3.092551
235665.0,2025-12-15T01:58:15.266244,15.894202,0.999596,0.003154,-0.008323,-0.026977,0.007847,-0.010456,0.005218,0.009587,0.009587,-0.004261,0.387085,-0.943649,-3.095018
235690.0,2025-12-15T01:58:15.267241,15.895199,0.999578,0.005443,-0.009153,-0.027028,0.001567,-0.005093,-0.001393,0.009587,0.012783,-0.003196,0.651894,-1.031579,-3.103608
235715.0,2025-12-15T01:58:15.326090,15.954048,0.999578,0.003423,-0.009915,-0.027102,0.001342,0.004083,0.012991,0.011718,0.019175,-0.008522,0.422914,-1.125097,-3.110337
235741.0,2025-12-15T01:58:15.327041,15.954998,0.999630,0.002282,-0.008018,-0.025889,0.033394,0.030858,0.010415,-0.003196,0.017044,-0.003196,0.285264,-0.911729,-2.969416
235761.0,2025-12-15T01:58:15.328073,15.956031,0.999612,0.004295,-0.009240,-0.025926,-0.002516,-0.008706,0.013896,0.005326,0.012783,-0.002131,0.519503,-1.045740,-2.976121
235791.0,2025-12-15T01:58:15.445299,16.073256,0.999623,0.001714,-0.008377,-0.026109,0.001966,-0.042868,0.002535,-0.020240,0.042611,-0.017044,0.221429,-0.954433,-2.994142
235811.0,2025-12-15T01:58:15.446297,16.074255,0.999606,0.003063,-0.009540,-0.026232,0.010658,0.000228,0.012955,-0.013848,0.057524,-0.009587,0.379657,-1.083586,-3.010044
235843.0,2025-12-15T01:58:15.446297,16.074255,0.999652,0.002803,-0.006826,-0.025311,0.080353,-0.001512,0.026122,0.062851,0.090547,-0.037284,0.340912,-0.773809,-2.903094
235865.0,2025-12-15T01:58:15.448427,16.076385,0.999635,0.004963,-0.007965,-0.025335,0.086751,0.046277,0.017943,0.051133,0.058590,-0.002131,0.591708,-0.897977,-2.908242
235891.0,2025-12-15T01:58:15.505847,16.133805,0.999621,0.003845,-0.008789,-0.025815,0.038399,-0.013638,0.004784,0.009587,0.100135,-0.042611,0.466498,-0.995480,-2.962675
235916.0,2025-12-15T01:58:15.506849,16.134807,0.999569,0.004604,-0.008381,-0.027766,0.120089,-0.152507,0.046820,0.208792,0.170442,-0.168312,0.554120,-0.945385,-3.186880
235940.0,2025-12-15T01:58:15.507852,16.135809,0.999578,0.006937,-0.005211,-0.027734,0.251600,-0.055501,0.056138,0.287621,0.141680,-0.115049,0.811201,-0.574845,-3.182708
235965.0,2025-12-15T01:58:15.565680,16.193638,0.999513,0.009706,-0.005779,-0.029078,0.264097,-0.156995,0.021876,0.291882,0.149137,-0.117179,1.131085,-0.629573,-3.339023
235989.0,2025-12-15T01:58:15.566680,16.194638,0.999421,0.013750,-0.003480,-0.030917,0.271334,-0.810861,-0.013658,0.519849,0.272708,-0.161920,1.587247,-0.349819,-3.548626
236013.0,2025-12-15T01:58:15.625561,16.253519,0.999392,0.015383,-0.002027,-0.031229,0.323229,-0.754135,-0.020351,0.313188,0.213053,-0.031958,1.769238,-0.177054,-3.582384
236038.0,2025-12-15T01:58:15.626562,16.254520,0.999469,0.010926,0.002424,-0.030590,0.778576,-0.232929,-0.076590,-0.270577,0.236489,-0.054328,1.242958,0.315956,-3.502653
236058.0,2025-12-15T01:58:15.627566,16.255523,0.999554,0.003119,0.002019,-0.029631,0.641929,-0.415003,0.014319,-0.531567,0.104396,0.076699,0.350450,0.241865,-3.395300
236089.0,2025-12-15T01:58:15.745689,16.373647,0.999616,-0.000106,-0.000280,-0.027718,0.663744,-0.063693,-0.006801,-0.240750,-0.002131,0.159790,-0.011253,-0.032435,-3.176613
236112.0,2025-12-15T01:58:15.746663,16.374620,0.999686,-0.003446,-0.004032,-0.024485,0.569097,-0.051065,-0.023337,-0.245011,-0.124636,0.271642,-0.383423,-0.471590,-2.804563
236134.0,2025-12-15T01:58:15.747661,16.375619,0.999749,-0.008087,-0.003126,-0.020643,0.421473,0.196987,0.035490,-0.295078,-0.054328,0.196009,-0.919123,-0.377233,-2.362721
236208.0,2025-12-15T01:58:15.806193,16.434151,0.999696,-0.017056,-0.015038,0.009528,0.297458,0.393774,0.148527,-0.283360,-0.289752,1.460477,-1.971546,-1.704284,1.121490
236232.0,2025-12-15T01:58:15.807181,16.435139,0.999250,-0.024346,-0.012788,0.027248,-0.249885,0.074323,0.117299,-0.484695,0.044741,1.383778,-2.829685,-1.388470,3.158311
236255.0,2025-12-15T01:58:15.866251,16.494208,0.998502,-0.024616,-0.009167,0.047991,0.349773,0.614973,0.018647,-0.167247,0.360059,1.759817,-2.868557,-0.913565,5.526244
236281.0,2025-12-15T01:58:15.867252,16.495210,0.996849,-0.023765,-0.002530,0.075636,0.247254,0.449896,0.265534,-0.070307,0.566721,2.345712,-2.737622,-0.083037,8.679971
236300.0,2025-12-15T01:58:15.867252,16.495210,0.993282,-0.027821,0.006120,0.112155,0.473890,0.174175,0.349899,-0.285491,0.876713,3.110572,-3.089997,1.054245,12.855981
236332.0,2025-12-15T01:58:15.925812,16.553770,0.999593,-0.005761,0.013087,0.024666,1.510249,-2.924596,1.152973,-0.450607,1.094026,2.051699,-0.623088,1.515536,2.818890
236356.0,2025-12-15T01:58:15.926813,16.554770,0.999869,-0.000778,0.013602,0.008711,0.731767,-0.241101,1.113845,0.040480,1.312406,0.731837,-0.075634,1.559453,0.997306
236378.0,2025-12-15T01:58:15.985568,16.613526,0.999551,0.005442,0.010789,0.027418,0.076007,0.910965,1.458791,0.417584,0.902279,2.304167,0.657402,1.218722,3.149515
236405.0,2025-12-15T01:58:15.987078,16.615036,0.999186,0.002782,-0.005272,0.039902,0.060346,0.421243,0.067313,0.050067,-0.364320,3.354517,0.294404,-0.616378,4.572169
236431.0,2025-12-15T01:58:16.046188,16.674146,0.995961,0.008340,-0.007708,0.089065,0.001981,-0.254992,0.154885,0.676443,-0.209857,4.095942,0.873373,-0.964839,10.212974
236453.0,2025-12-15T01:58:16.046188,16.674146,0.989041,0.037024,-0.008992,0.142639,0.012808,-2.638404,0.620736,2.624812,-0.349407,4.522048,4.054182,-1.624442,16.355629
236478.0,2025-12-15T01:58:16.047182,16.675140,0.980318,0.067654,-0.017594,0.184637,1.595629,-4.037596,-1.660894,2.702576,-0.944889,3.595267,7.259948,-3.409881,21.116385
236502.0,2025-12-15T01:58:16.105741,16.733699,0.972143,0.088201,-0.038877,0.213650,1.160425,-2.318360,-1.000808,1.644768,-1.873800,2.590723,8.967735,-6.504215,24.279373
236529.0,2025-12-15T01:58:16.106740,16.734698,0.961129,0.103388,-0.054676,0.250103,-0.474123,-4.302309,-1.183537,1.222924,-1.515871,3.243730,9.993442,-9.022154,28.381421
236554.0,2025-12-15T01:58:16.165824,16.793782,0.949308,0.115890,-0.060913,0.285787,-0.407320,-5.421502,-1.826226,1.300688,-0.627441,3.122290,10.856824,-10.479837,32.509976
236579.0,2025-12-15T01:58:16.166835,16.794792,0.941975,0.123487,-0.066029,0.305082,0.181794,-5.761157,-1.857550,0.813862,-0.546481,1.715076,11.321318,-11.521885,34.745777
236604.0,2025-12-15T01:58:16.167827,16.795784,0.942463,0.122935,-0.073884,0.301979,0.554014,-5.460214,-1.541025,-0.099070,-0.729706,-0.189617,11.041365,-12.328382,34.336326
236633.0,2025-12-15T01:58:16.284630,16.912588,0.948197,0.122439,-0.081042,0.281715,-0.871048,-5.439138,-0.867782,-0.343015,-0.905475,-1.719337,11.030643,-12.866132,31.846408
236657.0,2025-12-15T01:58:16.286245,16.914203,0.951826,0.128368,-0.084317,0.265404,-1.227776,-5.061222,-0.136004,0.380299,-0.680704,-1.395496,11.832055,-13.217548,29.785111
236675.0,2025-12-15T01:58:16.287254,16.915212,0.957720,0.133294,-0.082109,0.241379,-0.609746,-6.385194,-2.793581,0.364320,-0.260990,-2.124137,12.778190,-12.804403,26.852227
236706.0,2025-12-15T01:58:16.288327,16.916285,0.998925,-0.003713,0.009426,-0.045238,-1.479215,-0.067546,-2.096396,-0.305731,0.753142,-3.804059,-0.473960,1.059759,-5.190280
236733.0,2025-12-15T01:58:16.346305,16.974263,0.999453,-0.004368,0.029307,-0.014687,2.412245,1.828872,-0.430542,-0.418649,2.290318,-1.320928,-0.550559,3.351002,-1.699878
236758.0,2025-12-15T01:58:16.347304,16.975262,0.998499,-0.004999,0.053760,-0.009210,2.720029,1.796067,-0.527334,-0.223706,2.207228,0.460194,-0.632383,6.157814,-1.090950
236783.0,2025-12-15T01:58:16.348406,16.976364,0.995079,-0.002584,0.099009,0.002963,3.404697,0.215148,-1.810825,0.092678,4.008590,1.049285,-0.266314,11.365036,0.314658
236806.0,2025-12-15T01:58:16.406112,17.034070,0.989407,-0.009054,0.144737,-0.006516,4.552953,0.678917,-0.868680,-0.482565,4.069310,-0.840494,-1.184234,16.635914,-0.927767
236834.0,2025-12-15T01:58:16.407104,17.035062,0.999825,-0.004336,0.004308,-0.017659,2.076145,3.392006,1.433867,-0.376038,0.345146,-1.518002,-0.505492,0.484780,-2.025900
236855.0,2025-12-15T01:58:16.466288,17.094246,0.999879,-0.006831,0.001024,-0.013961,1.544726,2.916080,-1.154869,-0.752077,0.176834,-1.172856,-0.784343,0.106419,-1.600617
236881.0,2025-12-15T01:58:16.466288,17.094246,0.999369,-0.020058,0.005693,-0.028746,3.420311,1.854925,0.252577,-1.212271,0.560329,-1.238903,-2.316557,0.585911,-3.307107
236905.0,2025-12-15T01:58:16.468292,17.096250,0.999219,-0.022563,0.008226,-0.031392,3.968619,2.626660,0.287140,-0.335558,0.370712,-0.214118,-2.614328,0.860725,-3.618493
236933.0,2025-12-15T01:58:16.526314,17.154271,0.999351,-0.022011,0.013797,-0.024974,2.970175,0.696896,0.721551,0.113983,0.387756,0.383495,-2.561865,1.517195,-2.896965
236959.0,2025-12-15T01:58:16.527283,17.155241,0.999528,-0.016930,0.012661,-0.022280,3.704589,0.123365,0.572040,0.404800,0.108657,0.238619,-1.972460,1.407021,-2.578066
236976.0,2025-12-15T01:58:16.586387,17.214345,0.999606,-0.016313,0.012055,-0.019428,2.934983,-0.050597,-0.216357,0.044741,0.145941,0.246076,-1.896356,1.344673,-2.249176
237007.0,2025-12-15T01:58:16.587256,17.215214,0.999558,-0.021269,0.010789,-0.017740,2.783044,-0.101012,-0.371660,-0.409062,0.083091,0.141680,-2.459350,1.192668,-2.059166
237035.0,2025-12-15T01:58:16.646674,17.274632,0.999557,-0.022868,0.009811,-0.016297,2.996115,-0.521819,-0.827320,-0.003196,-0.093743,-0.033023,-2.639085,1.081159,-1.893064
237060.0,2025-12-15T01:58:16.646674,17.274632,0.999550,-0.022657,0.007733,-0.018068,2.766497,0.205126,-1.042939,0.000000,0.027697,-0.143811,-2.612317,0.838807,-2.090308
237085.0,2025-12-15T01:58:16.647676,17.275634,0.999548,-0.022402,0.005780,-0.019183,2.784736,0.182288,-0.775481,0.004261,0.037284,-0.088417,-2.579602,0.612846,-2.212781
237108.0,2025-12-15T01:58:16.706418,17.334376,0.999580,-0.021711,0.004532,-0.018657,2.800714,0.019044,-0.887883,0.050067,0.094809,0.051133,-2.497468,0.472648,-2.148872
237135.0,2025-12-15T01:58:16.707309,17.335267,0.999584,-0.023132,0.006217,-0.016092,2.666208,0.149931,-0.270581,-0.019175,0.096939,0.051133,-2.662280,0.669431,-1.860137
237158.0,2025-12-15T01:58:16.765738,17.393696,0.999563,-0.024210,0.003691,-0.016581,2.683470,-0.062820,-0.098283,-0.087352,-0.012783,-0.037284,-2.781258,0.376772,-1.909826
237183.0,2025-12-15T01:58:16.766738,17.394696,0.999559,-0.024345,0.001029,-0.016949,2.720831,-0.224104,0.026712,0.002131,-0.023436,-0.026632,-2.791569,0.070550,-1.944621
237205.0,2025-12-15T01:58:16.768089,17.396047,0.999554,-0.024322,-0.001876,-0.017235,2.722827,0.003672,-0.226332,-0.001065,-0.043676,-0.020240,-2.783297,-0.262970,-1.969311
237236.0,2025-12-15T01:58:16.826520,17.454478,0.999574,-0.024947,-0.001850,-0.015020,2.753945,0.112117,-0.081103,0.023436,0.002131,0.001065,-2.855571,-0.254805,-1.715466
237256.0,2025-12-15T01:58:16.827522,17.455480,0.999599,-0.023781,-0.004618,-0.014662,2.460691,-0.063454,-0.090305,0.099070,-0.031958,0.034088,-2.717346,-0.568899,-1.667242
237285.0,2025-12-15T01:58:16.886523,17.514481,0.999594,-0.023232,-0.007474,-0.014717,2.299440,-0.147068,-0.055309,0.055394,-0.039415,-0.001065,-2.649735,-0.895372,-1.666258
237309.0,2025-12-15T01:58:16.887537,17.515495,0.999578,-0.022825,-0.010294,-0.014729,2.367148,-0.295017,0.074266,0.055394,-0.037284,0.002131,-2.598585,-1.217732,-1.660767
237333.0,2025-12-15T01:58:16.946631,17.574589,0.999609,-0.022593,-0.010906,-0.012389,2.316460,-0.213193,-0.046171,0.109722,-0.072438,0.015979,-2.573971,-1.281409,-1.391425
237356.0,2025-12-15T01:58:16.946631,17.574589,0.999566,-0.022663,-0.013960,-0.012617,2.156597,-0.109558,-0.428100,0.002131,-0.056459,-0.015979,-2.577622,-1.631983,-1.409578
237375.0,2025-12-15T01:58:16.947631,17.575589,0.999520,-0.022909,-0.016465,-0.012832,2.207417,-0.137818,-0.394675,-0.010653,-0.010653,-0.013848,-2.602070,-1.919846,-1.427445
237405.0,2025-12-15T01:58:17.006175,17.634133,0.999476,-0.022376,-0.019239,-0.013271,2.047399,-0.117565,-0.039056,0.052198,-0.031958,-0.034088,-2.536222,-2.238042,-1.471896
237438.0,2025-12-15T01:58:17.007178,17.635136,0.999476,-0.023205,-0.019114,-0.012012,2.026576,-0.086891,-0.118860,0.024501,-0.039415,-0.063916,-2.634322,-2.221677,-1.325991
237456.0,2025-12-15T01:58:17.066249,17.694207,0.999429,-0.022308,-0.022024,-0.012610,2.064832,-0.279818,-0.025692,0.096939,-0.043676,-0.049002,-2.526380,-2.555424,-1.389348
237487.0,2025-12-15T01:58:17.067245,17.695203,0.999354,-0.022133,-0.024940,-0.013406,2.063989,-0.055141,-0.242222,0.015979,-0.043676,-0.063916,-2.500269,-2.891305,-1.474006
237513.0,2025-12-15T01:58:17.126357,17.754315,0.999259,-0.022701,-0.027496,-0.014482,2.141459,-0.041631,-0.049792,-0.047937,-0.013848,-0.085221,-2.558547,-3.187768,-1.589376
237538.0,2025-12-15T01:58:17.126357,17.754315,0.999256,-0.023654,-0.026921,-0.014266,2.244040,-0.010634,0.308582,0.005326,-0.003196,-0.152333,-2.669429,-3.122860,-1.563079
237563.0,2025-12-15T01:58:17.127385,17.755343,0.999147,-0.023975,-0.029059,-0.016934,2.236338,0.417560,0.522559,-0.072438,0.020240,-0.216249,-2.694263,-3.375594,-1.862553
237587.0,2025-12-15T01:58:17.186024,17.813982,0.998898,-0.026620,-0.031315,-0.022667,2.188362,0.829592,0.898740,-0.306796,0.003196,-0.466586,-2.973052,-3.656151,-2.504942
237606.0,2025-12-15T01:58:17.187027,17.814985,0.998462,-0.030991,-0.033344,-0.031635,2.350562,0.984409,0.945396,-0.468716,0.022371,-0.731837,-3.435071,-3.930529,-3.511598
237636.0,2025-12-15T01:58:17.246342,17.874300,0.997888,-0.038051,-0.030694,-0.042785,2.588179,1.300908,0.657181,-0.607201,0.164051,-1.096157,-4.213149,-3.698989,-4.774077
237661.0,2025-12-15T01:58:17.246342,17.874300,0.999871,-0.004335,0.003488,-0.015089,3.024404,1.602361,1.728233,-0.383495,0.328101,-1.267665,-0.502796,0.392174,-1.730919
237686.0,2025-12-15T01:58:17.248341,17.876299,0.999830,-0.003538,-0.000228,-0.018094,2.903255,0.915210,2.132327,-0.297209,-0.019175,-1.520132,-0.404840,-0.033484,-2.073397
237715.0,2025-12-15T01:58:17.305876,17.933834,0.999735,-0.003046,0.010417,-0.020322,2.539338,0.313353,-0.344945,-0.207727,0.868190,-1.901497,-0.373254,1.186417,-2.332912
237738.0,2025-12-15T01:58:17.306881,17.934839,0.998123,-0.011291,0.040834,-0.044213,3.054165,-0.509821,-1.943320,-0.694552,2.747317,-2.008023,-1.503350,4.618188,-5.133225
237763.0,2025-12-15T01:58:17.366016,17.993973,0.992633,-0.025222,0.097716,-0.067047,6.892434,0.941716,-2.927940,-1.360343,4.958806,-1.931324,-3.689833,10.988354,-8.083357
237786.0,2025-12-15T01:58:17.367016,17.994974,0.983391,-0.036852,0.157270,-0.082770,8.433449,1.145716,-3.381297,-1.255947,5.203817,-1.333711,-5.933906,17.650809,-10.544414
237811.0,2025-12-15T01:58:17.425609,18.053567,0.972964,-0.040514,0.207697,-0.092525,8.874062,-0.122079,-4.942665,-0.591222,4.496481,-0.762729,-7.339693,23.369992,-12.384527
237836.0,2025-12-15T01:58:17.426595,18.054553,0.999952,-0.006721,0.006025,-0.003719,6.021659,-0.307900,-0.139013,-0.562460,0.537959,-0.336624,-0.772766,0.687581,-0.430876
237861.0,2025-12-15T01:58:17.427597,18.055555,0.999625,-0.005702,-0.025890,-0.006858,4.565366,-1.324160,0.036632,-0.427171,-1.982457,-0.576308,-0.633658,-2.971492,-0.769743
237879.0,2025-12-15T01:58:17.486239,18.114197,0.998465,-0.016496,-0.049968,-0.017275,3.943789,-0.032852,-2.266193,-0.913997,-1.826928,-0.861799,-1.797840,-5.759530,-1.892016
237912.0,2025-12-15T01:58:17.487534,18.115492,0.996991,-0.017892,-0.068234,-0.032154,3.911927,0.316238,-0.709221,-0.181095,-1.323058,-1.261273,-1.810101,-7.886276,-3.569598
237937.0,2025-12-15T01:58:17.545662,18.173620,0.995786,-0.007595,-0.078519,-0.046757,3.488764,-0.214301,-0.945236,0.786165,-0.678573,-1.442368,-0.451523,-9.037849,-5.340982
237960.0,2025-12-15T01:58:17.546663,18.174620,0.994120,0.000020,-0.091163,-0.058432,1.766175,-1.284280,0.021769,0.683900,-0.849016,-1.052481,0.623009,-10.442710,-6.784647
237984.0,2025-12-15T01:58:17.547665,18.175623,0.991149,0.007047,-0.112779,-0.069673,1.109308,-2.638979,0.785335,0.756338,-1.666073,-1.036502,1.744811,-12.860631,-8.238677
238006.0,2025-12-15T01:58:17.606229,18.234187,0.999763,0.005564,-0.018661,-0.009725,2.879064,-3.994827,1.016594,0.497478,-1.541438,-0.817058,0.658659,-2.132143,-1.126840
238034.0,2025-12-15T01:58:17.607218,18.235175,0.999549,0.004627,-0.025722,-0.014779,1.432864,-4.906672,0.640454,-0.050067,-0.588026,-0.444215,0.574357,-2.939593,-1.708918
238056.0,2025-12-15T01:58:17.666354,18.294312,0.999692,-0.000324,0.003355,-0.024603,2.060312,-3.608948,-3.076389,-0.437824,2.451174,-0.827710,-0.046550,0.383436,-2.819782
238079.0,2025-12-15T01:58:17.666354,18.294312,0.995460,-0.023115,0.091096,-0.015073,4.874666,-1.754965,-5.273561,-1.950499,7.686947,-1.271926,-2.841995,10.408645,-1.993920
238106.0,2025-12-15T01:58:17.667361,18.295319,0.992760,-0.029233,0.116504,0.000743,8.097143,-3.025194,-2.917943,-2.376605,10.032660,0.062851,-3.410125,13.377359,-0.314291
238130.0,2025-12-15T01:58:17.725879,18.353837,0.993353,-0.009486,0.112948,0.020080,10.011012,-1.490206,-2.245719,-0.802144,9.551161,1.698031,-0.841437,12.989719,2.220318
238155.0,2025-12-15T01:58:17.726894,18.354852,0.999209,0.010150,0.023942,0.030070,9.053662,-2.510568,-2.152177,0.866060,2.050634,2.527873,1.246135,2.707447,3.476894
238178.0,2025-12-15T01:58:17.786546,18.414504,0.998960,-0.007584,0.020078,0.040220,6.492096,-1.808727,-5.178358,-1.504153,-0.233293,0.820254,-0.776333,2.333930,4.595400
238202.0,2025-12-15T01:58:17.786546,18.414504,0.999816,-0.018322,0.004045,0.003918,5.290654,0.164811,-7.216939,-1.539307,0.339819,0.329167,-2.097852,0.471637,0.440407
238228.0,2025-12-15T01:58:17.787532,18.415490,0.999377,-0.029562,0.017665,0.007783,3.541493,1.634764,-9.576046,-0.941694,1.141963,0.341950,-3.373826,2.049779,0.832031
238255.0,2025-12-15T01:58:17.846115,18.474072,0.999809,-0.006367,0.017860,-0.004805,8.476598,0.470681,-8.472824,-0.547546,1.700162,-0.403735,-0.739765,2.043188,-0.563957
238278.0,2025-12-15T01:58:17.847116,18.475074,0.999274,-0.016321,0.033779,-0.006689,10.150469,2.398434,-9.716926,-0.888430,1.528654,-0.164051,-1.899430,3.858327,-0.831013
238304.0,2025-12-15T01:58:17.906725,18.534683,0.998659,-0.022886,0.045507,-0.009218,9.426526,1.419840,-10.279467,-0.584830,1.182443,-0.210922,-2.679083,5.190608,-1.179158
238332.0,2025-12-15T01:58:17.906725,18.534683,0.997995,-0.024682,0.057298,-0.010706,9.888691,1.184410,-11.096907,-0.190682,1.183509,-0.154463,-2.913187,6.536629,-1.395673
238356.0,2025-12-15T01:58:17.965791,18.593748,0.997212,-0.027024,0.068595,-0.011532,10.612653,1.302472,-11.283197,-0.233293,1.146224,-0.051133,-3.210353,7.827059,-1.544795
238379.0,2025-12-15T01:58:17.966802,18.594759,0.996672,-0.029176,0.075207,-0.011714,10.471733,0.546643,-11.121163,-0.202400,0.752077,-0.004261,-3.474161,8.582339,-1.607522
238404.0,2025-12-15T01:58:17.967790,18.595748,0.996282,-0.030634,0.079507,-0.012746,10.016494,0.776539,-11.410258,-0.141680,0.559264,-0.076699,-3.661723,9.070060,-1.756491
238426.0,2025-12-15T01:58:18.084871,18.712828,0.995978,-0.032191,0.082366,-0.014386,9.726632,0.836761,-11.292110,-0.155529,0.434628,-0.174703,-3.864414,9.389343,-1.972567
238450.0,2025-12-15T01:58:18.086384,18.714342,0.995728,-0.034135,0.084367,-0.015565,10.171967,0.637540,-11.060529,-0.176834,0.365386,-0.096939,-4.106480,9.610612,-2.136536
238474.0,2025-12-15T01:58:18.087419,18.715377,0.995725,-0.033999,0.084222,-0.016790,10.466751,0.799645,-10.828257,-0.002131,0.186421,-0.091613,-4.102099,9.589174,-2.276246
238498.0,2025-12-15T01:58:18.088461,18.716419,0.995959,-0.031958,0.081496,-0.020055,9.588544,0.618620,-10.717581,0.176834,-0.022371,-0.255663,-3.888316,9.267935,-2.622444
238550.0,2025-12-15T01:58:18.146858,18.774816,0.996174,-0.028152,0.078413,-0.026377,9.893528,0.119446,-10.204848,0.107592,0.093743,-0.227967,-3.494918,8.901726,-3.305577
238573.0,2025-12-15T01:58:18.146858,18.774816,0.996179,-0.026507,0.077994,-0.029005,10.080529,-0.234765,-9.930858,0.148072,0.171508,-0.199204,-3.326609,8.850361,-3.593059
238595.0,2025-12-15T01:58:18.206628,18.834586,0.996253,-0.024874,0.076698,-0.031288,10.136877,-0.327264,-9.898042,0.148072,0.096939,-0.172573,-3.152481,8.700184,-3.837488
238622.0,2025-12-15T01:58:18.207555,18.835513,0.996404,-0.023234,0.074724,-0.032490,10.222544,-0.418469,-9.769491,0.132093,0.034088,-0.125701,-2.964685,8.476372,-3.954927
238645.0,2025-12-15T01:58:18.207555,18.835513,0.996554,-0.022512,0.072272,-0.033902,9.863507,-0.408439,-9.886802,0.070307,-0.004261,-0.108657,-2.882133,8.193660,-4.103274
238668.0,2025-12-15T01:58:18.266560,18.894517,0.996664,-0.021733,0.070697,-0.034493,10.059428,-0.408285,-9.811541,0.067112,0.068177,-0.038350,-2.789890,8.014437,-4.159689
238693.0,2025-12-15T01:58:18.267561,18.895519,0.996814,-0.021322,0.068436,-0.034996,10.304092,-0.619827,-9.547809,0.041545,0.009587,-0.034088,-2.736059,7.755399,-4.206851
238718.0,2025-12-15T01:58:18.326473,18.954431,0.997044,-0.021464,0.064599,-0.035633,9.844963,-0.744785,-9.644215,-0.011718,-0.127832,-0.093743,-2.739410,7.312814,-4.268649
238741.0,2025-12-15T01:58:18.327360,18.955318,0.997243,-0.021676,0.061074,-0.036143,9.722113,-0.620351,-9.645215,-0.006392,-0.098004,-0.040480,-2.751050,6.906197,-4.317367
238767.0,2025-12-15T01:58:18.386610,19.014567,0.997405,-0.021596,0.058148,-0.036538,9.639080,-0.427067,-9.629610,0.011718,-0.046872,-0.028762,-2.730688,6.569922,-4.352773
238795.0,2025-12-15T01:58:18.386610,19.014567,0.997540,-0.021478,0.055665,-0.036792,9.778924,-0.439316,-9.469371,0.012783,-0.009587,-0.015979,-2.707054,6.285085,-4.373140
238819.0,2025-12-15T01:58:18.387486,19.015444,0.997696,-0.021347,0.052971,-0.036613,9.726624,-0.637787,-9.337009,-0.001065,-0.031958,-0.022371,-2.678288,5.977342,-4.343252
238842.0,2025-12-15T01:58:18.445889,19.073847,0.997822,-0.021939,0.049946,-0.037075,9.654641,-0.622295,-9.327997,-0.040480,-0.056459,-0.037284,-2.735005,5.626759,-4.390199
238867.0,2025-12-15T01:58:18.446891,19.074849,0.997914,-0.021925,0.047462,-0.037864,9.623480,-0.303645,-9.608200,0.003196,-0.008522,-0.061785,-2.725993,5.340034,-4.473019
238891.0,2025-12-15T01:58:18.506452,19.134409,0.997994,-0.021177,0.045784,-0.038248,9.714702,-0.323934,-9.545201,0.060720,0.060720,-0.023436,-2.634036,5.150043,-4.508050
238916.0,2025-12-15T01:58:18.506452,19.134409,0.998080,-0.019925,0.044263,-0.038476,9.913527,-0.580025,-9.264401,0.089482,0.071373,-0.050067,-2.484192,4.980890,-4.523359
238940.0,2025-12-15T01:58:18.507437,19.135395,0.998143,-0.019357,0.041884,-0.039759,9.907085,-0.463109,-9.296253,0.053263,0.003196,-0.101200,-2.413748,4.707777,-4.661343
238966.0,2025-12-15T01:58:18.566590,19.194547,0.998204,-0.018631,0.039370,-0.041130,9.788932,-0.368885,-9.263735,0.064981,-0.007457,-0.108657,-2.324226,4.419931,-4.808697
238991.0,2025-12-15T01:58:18.567578,19.195536,0.998250,-0.017272,0.036689,-0.043031,9.730667,-0.563111,-8.996083,0.123571,-0.018109,-0.151268,-2.162750,4.115302,-5.014290
239016.0,2025-12-15T01:58:18.626451,19.254409,0.998288,-0.015784,0.033741,-0.045095,9.775064,-0.724016,-8.790844,0.118244,-0.043676,-0.203465,-1.984701,3.780937,-5.238373
239040.0,2025-12-15T01:58:18.627437,19.255395,0.998288,-0.014745,0.030794,-0.047491,9.718601,-0.960874,-8.783820,0.105461,-0.040480,-0.194943,-1.858077,3.444575,-5.503217
239059.0,2025-12-15T01:58:18.627437,19.255395,0.998300,-0.014524,0.027694,-0.049186,9.882682,-1.244173,-8.854706,0.040480,-0.057524,-0.138484,-1.820525,3.087793,-5.690363
239088.0,2025-12-15T01:58:18.685834,19.313792,0.998325,-0.014471,0.024278,-0.050476,9.971835,-1.329768,-8.928972,0.027697,-0.085221,-0.105461,-1.798198,2.694699,-5.831188
239120.0,2025-12-15T01:58:18.686833,19.314790,0.998417,-0.013682,0.020934,-0.050382,9.879224,-1.426984,-9.032063,0.060720,-0.080960,-0.023436,-1.687840,2.316685,-5.811784
239140.0,2025-12-15T01:58:18.745949,19.373907,0.998511,-0.013690,0.017189,-0.049938,10.044987,-1.196393,-8.991086,0.018109,-0.115049,0.039415,-1.665923,1.888775,-5.753653
239171.0,2025-12-15T01:58:18.746949,19.374907,0.998598,-0.014014,0.013169,-0.049315,9.840580,-0.893926,-8.920270,-0.012783,-0.139550,0.053263,-1.678798,1.427901,-5.675322
239195.0,2025-12-15T01:58:18.806499,19.434457,0.998665,-0.014617,0.009697,-0.048594,9.600080,-0.815923,-8.698518,-0.039415,-0.094809,0.061785,-1.727242,1.028380,-5.587003
239219.0,2025-12-15T01:58:18.806499,19.434457,0.998475,-0.009299,0.017291,-0.051607,8.596569,-1.277611,-10.899208,0.397344,0.859668,-0.266316,-1.166918,1.923754,-5.937135
239238.0,2025-12-15T01:58:18.807486,19.435444,0.997608,0.001832,0.044372,-0.052982,10.412271,-1.000400,-8.837466,0.814927,2.522546,-0.077764,-0.060256,5.090308,-6.082792
239268.0,2025-12-15T01:58:18.865611,19.493568,0.999884,0.004220,0.014588,0.001052,11.378778,-0.048262,-8.377864,0.354733,1.265534,0.088417,0.485499,1.671197,0.127698
239294.0,2025-12-15T01:58:18.866609,19.494567,0.999986,0.002006,-0.003611,0.003246,9.631648,0.170241,-8.254918,0.166181,-0.103331,0.272708,0.228577,-0.414519,0.371196
239317.0,2025-12-15T01:58:18.926190,19.554148,0.999842,0.001562,-0.016383,0.006787,9.634006,-0.574747,-8.366475,-0.054328,-0.875647,0.266316,0.166305,-1.878609,0.775076
239343.0,2025-12-15T01:58:18.927177,19.555135,0.999731,0.004404,-0.022275,0.004741,9.418154,-0.301867,-9.092336,0.240750,-0.297209,-0.175769,0.492890,-2.555075,0.532400
239366.0,2025-12-15T01:58:18.928177,19.556134,0.999674,0.005711,-0.023982,0.006598,10.078623,0.002367,-8.262203,0.115049,0.056459,0.152333,0.636781,-2.752643,0.740969
239393.0,2025-12-15T01:58:18.986417,19.614375,0.999574,0.004708,-0.027416,0.008829,10.146277,-0.230432,-8.182731,-0.073503,-0.087352,0.188552,0.512318,-3.146655,0.998115
239419.0,2025-12-15T01:58:18.987404,19.615362,0.999409,0.002005,-0.032473,0.011047,10.172103,-0.033533,-8.109714,-0.248207,-0.225836,0.166181,0.188942,-3.724123,1.260493
239441.0,2025-12-15T01:58:19.046484,19.674442,0.999181,-0.001905,-0.037747,0.014483,9.959931,0.085401,-8.159125,-0.319579,-0.239684,0.299339,-0.281585,-4.322898,1.671547
239465.0,2025-12-15T01:58:19.046484,19.674442,0.998860,-0.006587,-0.043878,0.017629,9.857492,0.224799,-7.982246,-0.387756,-0.311057,0.279099,-0.845840,-5.015415,2.059282
239489.0,2025-12-15T01:58:19.106230,19.734187,0.998410,-0.015291,-0.049554,0.022069,9.976093,0.871630,-8.114410,-0.730771,-0.268447,0.405866,-1.884262,-5.639852,2.625336
239515.0,2025-12-15T01:58:19.107257,19.735215,0.997960,-0.021399,-0.053678,0.027157,9.366882,0.117845,-8.283527,-0.520914,-0.147006,0.420779,-2.629915,-6.083298,3.257378
239540.0,2025-12-15T01:58:19.108116,19.736074,0.999972,-0.004886,-0.005418,-0.001915,11.221753,1.382556,-8.478154,-0.415453,-0.415453,-0.160855,-0.558764,-0.621945,-0.216403
239564.0,2025-12-15T01:58:19.285120,19.913077,0.999722,-0.013209,-0.019505,-0.001312,11.276838,0.575373,-8.634891,-0.698813,-1.145159,0.049002,-1.511602,-2.237010,-0.120904
239587.0,2025-12-15T01:58:19.286727,19.914685,0.999759,-0.000152,-0.020501,-0.007899,12.207468,0.457390,-7.945566,-0.012783,-1.722532,-0.663660,0.001127,-2.349515,-0.905359
239613.0,2025-12-15T01:58:19.286727,19.914685,0.998527,0.021231,-0.044572,-0.022524,10.104986,1.521901,-7.330423,1.737446,-3.560113,-1.936651,2.555101,-5.051773,-2.697153
239637.0,2025-12-15T01:58:19.287844,19.915802,0.991407,0.066476,-0.101279,-0.049345,7.996320,-1.144679,-6.150390,3.827495,-4.561462,-2.347843,8.311731,-11.201289,-6.515299
239732.0,2025-12-15T01:58:19.346230,19.974188,0.991900,-0.005576,-0.098601,-0.079882,2.767682,-9.954416,-2.868038,1.106810,-3.887150,-2.555569,0.274127,-11.332057,-9.235891
239757.0,2025-12-15T01:58:19.347223,19.975181,0.997970,0.047757,-0.039180,-0.015504,4.432715,-9.606809,-4.436471,4.054396,-3.277818,-1.304949,5.556139,-4.400117,-1.993667
239782.0,2025-12-15T01:58:19.348223,19.976181,0.998266,0.049653,-0.031511,-0.002519,5.108402,-7.759132,-5.055158,4.337757,-2.531068,-0.211988,5.709669,-3.592618,-0.468403
239800.0,2025-12-15T01:58:19.405997,20.033955,0.994272,0.091793,-0.054377,-0.006329,5.171216,-5.090668,-5.504010,3.678358,-1.786448,-0.360059,10.619146,-6.140637,-1.300616
239831.0,2025-12-15T01:58:19.407005,20.034963,0.999517,0.020763,-0.005298,-0.022499,5.028331,-2.074879,-6.066863,1.744903,-0.445280,-1.890844,2.392540,-0.553337,-2.590580
239855.0,2025-12-15T01:58:19.466457,20.094415,0.997780,0.026853,-0.000698,-0.060937,3.688547,-1.636775,-6.903951,0.488956,0.330232,-3.243730,3.076663,0.107747,-6.986825
239880.0,2025-12-15T01:58:19.466457,20.094415,0.992909,0.012243,0.006911,-0.118045,1.217793,-3.747637,-8.975258,-1.258077,0.434628,-4.836300,1.299783,0.952030,-13.549170
239903.0,2025-12-15T01:58:19.467353,20.095311,0.983703,-0.024397,0.005815,-0.178041,-1.213622,-5.090579,-9.334426,-3.008307,-0.512392,-5.128183,-2.869963,0.157764,-20.521793
239929.0,2025-12-15T01:58:19.526352,20.154310,0.969861,-0.064547,-0.014615,-0.234499,-3.749580,-3.656400,-7.596485,-3.021090,-2.172074,-4.947088,-6.808607,-3.360739,-26.984946
239952.0,2025-12-15T01:58:19.527237,20.155195,0.951799,-0.089214,-0.045704,-0.289882,-5.276474,-2.251105,-6.069725,-1.567004,-2.747317,-5.018461,-8.321631,-7.974050,-33.296452
239975.0,2025-12-15T01:58:19.586464,20.214422,0.996767,-0.002019,-0.033857,-0.072836,-6.163353,-4.668797,-5.343732,-0.023436,-2.989132,-6.138053,0.052055,-3.887050,-8.360354
239999.0,2025-12-15T01:58:19.586464,20.214422,0.995518,0.018153,-0.036878,-0.085167,-9.479330,-5.898303,-6.239887,1.558482,-3.141464,-7.186273,2.437549,-4.033185,-9.865436
240025.0,2025-12-15T01:58:19.587358,20.215315,0.995603,0.006742,-0.042335,-0.083293,-12.361528,-7.309216,-6.733869,0.568851,-3.571831,-7.027549,1.177445,-4.771039,-9.613658
240047.0,2025-12-15T01:58:19.645857,20.273814,0.984112,0.034598,-0.091731,-0.148027,-13.620508,-7.534362,-8.747282,2.460761,-4.028830,-5.586246,5.547190,-9.805490,-17.584442
240072.0,2025-12-15T01:58:19.646857,20.274815,0.970970,0.092096,-0.136161,-0.173767,-12.823905,-7.342622,-11.756729,5.161206,-3.143595,-2.613094,13.446223,-13.439045,-21.884115
240097.0,2025-12-15T01:58:19.706615,20.334573,0.955666,0.153448,-0.173700,-0.181615,-12.742716,-6.355752,-14.289330,5.595834,-2.408563,-1.278317,21.765860,-16.037244,-24.623243
240126.0,2025-12-15T01:58:19.706615,20.334573,0.947149,0.179714,-0.195720,-0.179739,-11.797320,-5.146966,-14.462754,2.583266,-1.467934,-0.078830,25.563360,-17.827236,-25.565825
240146.0,2025-12-15T01:58:19.707603,20.335561,0.999650,0.024208,0.002863,0.010307,-8.253446,-5.377619,-8.836685,2.139051,0.070307,0.866060,2.777543,0.299402,1.188683
240175.0,2025-12-15T01:58:19.766062,20.394020,0.999154,0.036067,0.010243,0.016879,-8.150112,-3.179628,-10.500343,1.068460,0.434628,0.549676,4.153745,1.103040,1.975621
240199.0,2025-12-15T01:58:19.767064,20.395022,0.999167,0.034590,0.017147,0.013208,-8.551428,-2.792154,-10.442857,-0.054328,0.379234,-0.315318,3.991771,1.911217,1.581308
240225.0,2025-12-15T01:58:19.826613,20.454571,0.999354,0.027110,0.023608,-0.000407,-8.805863,-3.397048,-10.053667,-0.475108,0.369647,-1.108940,3.108422,2.705762,0.026798
240249.0,2025-12-15T01:58:19.827600,20.455558,0.999244,0.018499,0.032315,-0.011137,-8.876270,-5.480308,-10.041579,-0.593352,0.539024,-0.923584,2.081901,3.726479,-1.209376
240268.0,2025-12-15T01:58:19.827600,20.455558,0.998967,0.011693,0.040682,-0.016511,-9.241138,-5.576284,-10.426270,-0.455933,0.520914,-0.469782,1.265869,4.684347,-1.842079
240293.0,2025-12-15T01:58:19.885923,20.513881,0.998937,0.010607,0.041416,-0.017234,-9.461198,-4.956311,-10.934699,0.008522,-0.113983,-0.053263,1.136371,4.767340,-1.929512
240324.0,2025-12-15T01:58:19.886912,20.514869,0.999134,0.013811,0.035449,-0.016842,-9.349244,-4.460496,-10.640889,0.416518,-0.623180,0.113983,1.516927,4.088791,-1.877343
240346.0,2025-12-15T01:58:19.946025,20.573983,0.999353,0.017600,0.027002,-0.015970,-9.243381,-3.954166,-9.357305,0.411192,-0.884169,0.105461,1.969391,3.126003,-1.777274
240370.0,2025-12-15T01:58:19.947011,20.574968,0.999388,0.018180,0.024792,-0.016688,-9.019110,-4.031232,-8.755953,0.140615,-0.365386,-0.044741,2.037599,2.875206,-1.862171
240395.0,2025-12-15T01:58:20.006561,20.634519,0.999358,0.012983,0.027894,-0.018384,-8.955629,-4.378677,-8.897270,-0.343015,0.074569,-0.147006,1.430379,3.223435,-2.067542
240419.0,2025-12-15T01:58:20.006561,20.634519,0.999216,-0.003008,0.033503,-0.020896,-9.088980,-4.825268,-9.042218,-1.202684,0.318514,-0.191748,-0.425562,3.831786,-2.410299
240443.0,2025-12-15T01:58:20.007551,20.635509,0.998762,-0.018280,0.041723,-0.020002,-8.908540,-5.354770,-9.054516,-1.189900,0.497478,0.039415,-2.195855,4.738669,-2.385519
240466.0,2025-12-15T01:58:20.065678,20.693636,0.998261,-0.025958,0.050272,-0.016541,-8.663742,-4.978080,-9.209924,-0.566721,0.531567,0.278034,-3.081428,5.711025,-2.052360
240490.0,2025-12-15T01:58:20.066678,20.694635,0.998032,-0.022269,0.057312,-0.012331,-8.404858,-4.608584,-9.766088,0.381365,0.415453,0.384560,-2.645881,6.537228,-1.566839
240516.0,2025-12-15T01:58:20.126225,20.754183,0.998132,-0.017254,0.057542,-0.011142,-8.259645,-3.965010,-10.110655,0.552872,-0.109722,0.181095,-2.060979,6.573891,-1.397495
240540.0,2025-12-15T01:58:20.127212,20.755170,0.998347,-0.013190,0.054485,-0.012670,-8.203070,-3.954627,-9.577506,0.442085,-0.428236,-0.108657,-1.597685,6.226326,-1.541131
240564.0,2025-12-15T01:58:20.128214,20.756171,0.998429,-0.012966,0.052106,-0.016015,-8.194635,-4.481379,-8.361652,0.137419,-0.367516,-0.275903,-1.587870,5.948358,-1.920450
240587.0,2025-12-15T01:58:20.186530,20.814487,0.998299,-0.015184,0.053284,-0.018159,-8.273435,-4.737777,-8.036252,-0.073503,-0.070307,-0.182160,-1.858608,6.075278,-2.182783
240616.0,2025-12-15T01:58:20.187517,20.815475,0.997998,-0.016384,0.057750,-0.019924,-8.399818,-4.451319,-8.505945,0.049002,0.256729,-0.091613,-2.019325,6.581428,-2.403563
240636.0,2025-12-15T01:58:20.245666,20.873624,0.997681,-0.016152,0.062548,-0.021415,-8.471066,-4.211212,-9.006130,0.113983,0.232228,-0.112918,-2.016085,7.129651,-2.584971
240666.0,2025-12-15T01:58:20.246662,20.874620,0.997505,-0.016038,0.064506,-0.023774,-8.622249,-4.382876,-9.453629,0.116114,-0.004261,-0.188552,-2.026074,7.349859,-2.860683
240690.0,2025-12-15T01:58:20.306242,20.934200,0.997416,-0.017107,0.064633,-0.026287,-8.833820,-4.485526,-9.167365,0.022371,-0.159790,-0.209857,-2.168292,7.355958,-3.158818
240715.0,2025-12-15T01:58:20.307228,20.935186,0.997338,-0.018927,0.064741,-0.027690,-8.883631,-4.801711,-8.543759,0.004261,-0.108657,-0.066046,-2.388910,7.359159,-3.334383
240738.0,2025-12-15T01:58:20.308228,20.936186,0.997150,-0.019637,0.067578,-0.027177,-8.902980,-4.589814,-8.563115,0.030893,0.064981,0.049002,-2.477231,7.683678,-3.288783
240762.0,2025-12-15T01:58:20.366361,20.994319,0.996960,-0.020062,0.070436,-0.026587,-8.876528,-4.193386,-9.070489,0.047937,0.063916,0.056459,-2.532111,8.011847,-3.232517
240781.0,2025-12-15T01:58:20.367346,20.995303,0.996859,-0.019502,0.071934,-0.026766,-8.801480,-4.041227,-9.134304,0.136354,-0.047937,-0.004261,-2.474399,8.185179,-3.253193
240813.0,2025-12-15T01:58:20.425896,21.053854,0.996782,-0.020318,0.072044,-0.028687,-8.916040,-4.035336,-8.829517,0.077764,-0.120375,-0.102265,-2.584842,8.190111,-3.482097
240837.0,2025-12-15T01:58:20.427404,21.055362,0.996649,-0.021216,0.073021,-0.030159,-8.921620,-4.253302,-8.628190,0.026632,-0.090547,-0.121440,-2.704673,8.295141,-3.662696
240860.0,2025-12-15T01:58:20.428413,21.056371,0.996437,-0.022419,0.075440,-0.030325,-8.846743,-4.221987,-8.547635,-0.010653,0.027697,-0.011718,-2.855084,8.567924,-3.700214
240884.0,2025-12-15T01:58:20.485992,21.113950,0.996233,-0.023011,0.078058,-0.029963,-8.839897,-4.068931,-8.727280,0.034088,0.043676,0.036219,-2.931298,8.867445,-3.672843
240909.0,2025-12-15T01:58:20.486991,21.114949,0.996067,-0.024479,0.079382,-0.030810,-8.893121,-3.862929,-8.755854,0.007457,-0.028762,-0.018109,-3.114236,9.011462,-3.788889
240933.0,2025-12-15T01:58:20.546635,21.174593,0.995893,-0.025571,0.080849,-0.031730,-8.743426,-3.904478,-8.462649,0.002131,-0.052198,-0.076699,-3.255493,9.172739,-3.910998
240957.0,2025-12-15T01:58:20.546635,21.174593,0.995626,-0.026613,0.083394,-0.032641,-8.704903,-3.937807,-8.434426,0.004261,0.039415,-0.073503,-3.396368,9.457764,-4.036535
240981.0,2025-12-15T01:58:20.547636,21.175594,0.995197,-0.030224,0.086561,-0.034303,-8.944088,-3.995587,-8.333530,-0.207727,0.087352,-0.153398,-3.846041,9.800481,-4.278146
241006.0,2025-12-15T01:58:20.609202,21.237160,0.994751,-0.034481,0.089292,-0.036163,-8.858304,-4.130516,-8.241384,-0.215183,0.094809,-0.118244,-4.372282,10.087590,-4.550035
241029.0,2025-12-15T01:58:20.610192,21.238150,0.994478,-0.033841,0.092445,-0.036356,-8.724018,-3.824873,-8.426468,0.136354,0.093743,0.000000,-4.317263,10.451783,-4.582389
241054.0,2025-12-15T01:58:20.670306,21.298264,0.994457,-0.028518,0.094180,-0.037053,-8.680849,-3.433481,-8.774692,0.530502,-0.013848,-0.009587,-3.716552,10.672970,-4.614926
241077.0,2025-12-15T01:58:20.671420,21.299377,0.994457,-0.025608,0.094213,-0.039023,-8.861882,-3.340032,-8.611184,0.341950,-0.161920,-0.137419,-3.400395,10.683414,-4.812395
241102.0,2025-12-15T01:58:20.672312,21.300270,0.994216,-0.030073,0.093384,-0.043702,-8.943006,-3.487561,-8.205917,-0.211988,-0.211988,-0.361125,-3.963898,10.548030,-5.399838
241125.0,2025-12-15T01:58:20.726064,21.354022,0.993731,-0.037309,0.094374,-0.046915,-9.043033,-3.692409,-7.965978,-0.493217,-0.106526,-0.319579,-4.844251,10.606546,-5.855843
241149.0,2025-12-15T01:58:20.729086,21.357044,0.992857,-0.044093,0.098546,-0.050795,-8.879087,-3.134701,-8.072480,-0.470847,0.162985,-0.367516,-5.704674,11.023075,-6.408385
241174.0,2025-12-15T01:58:20.791294,21.419252,0.991833,-0.053768,0.102103,-0.054325,-9.313018,-2.848131,-8.205895,-0.719053,0.096939,-0.368581,-6.897714,11.343854,-6.956079
241202.0,2025-12-15T01:58:20.792418,21.420376,0.991454,-0.058136,0.099326,-0.061426,-9.089718,-2.768889,-8.429172,-0.173638,-0.362190,-0.588026,-7.460394,10.941881,-7.806028
241225.0,2025-12-15T01:58:20.793318,21.421275,0.991486,-0.057874,0.094887,-0.067836,-9.431694,-2.929615,-8.135144,0.182160,-0.514523,-0.560329,-7.455885,10.387649,-8.506685
241254.0,2025-12-15T01:58:20.849906,21.477864,0.991519,-0.055687,0.091037,-0.074174,-9.571972,-2.588718,-7.918476,0.334493,-0.456998,-0.537959,-7.227851,9.919714,-9.184593
241277.0,2025-12-15T01:58:20.850895,21.478853,0.990466,-0.065271,0.092260,-0.078766,-10.036308,-2.318430,-7.997283,-0.700944,-0.109722,-0.466586,-8.396313,9.931915,-9.824553
241302.0,2025-12-15T01:58:20.906744,21.534702,0.988663,-0.082127,0.093806,-0.083673,-9.651673,-1.705771,-8.321074,-1.284709,-0.102265,-0.493217,-10.414956,9.889104,-10.578646
241325.0,2025-12-15T01:58:20.906744,21.534702,0.987283,-0.092615,0.092858,-0.089842,-9.606488,-2.115780,-8.232501,-0.747816,-0.278034,-0.630637,-11.676922,9.596709,-11.382739
241349.0,2025-12-15T01:58:20.971821,21.599779,0.986667,-0.097417,0.090064,-0.094266,-9.749889,-1.927664,-8.054111,-0.271642,-0.407996,-0.454868,-12.235114,9.169793,-11.899872
241373.0,2025-12-15T01:58:20.972839,21.600797,0.986435,-0.096964,0.088141,-0.098873,-9.719214,-1.725110,-7.726108,0.159790,-0.296144,-0.422910,-12.196881,8.900364,-12.400467
241397.0,2025-12-15T01:58:20.973729,21.601687,0.985598,-0.101757,0.091274,-0.099559,-9.653275,-1.593581,-8.228348,-0.352602,0.051133,-0.101200,-12.803009,9.187049,-12.569164
241422.0,2025-12-15T01:58:21.034765,21.662723,0.985263,-0.101704,0.092006,-0.102214,-9.469449,-0.936384,-8.581787,0.107592,-0.080960,-0.177899,-12.832295,9.236395,-12.886613
241445.0,2025-12-15T01:58:21.035602,21.663560,0.984758,-0.104755,0.091926,-0.104057,-9.397342,-1.073512,-8.808722,-0.176834,-0.196009,-0.211988,-13.200601,9.163286,-13.126395
241469.0,2025-12-15T01:58:21.092842,21.720800,0.984372,-0.106514,0.090185,-0.107391,-9.526545,-0.643637,-8.853319,-0.050067,-0.312122,-0.341950,-13.406577,8.897907,-13.500069
241492.0,2025-12-15T01:58:21.093841,21.721798,0.983608,-0.112108,0.087526,-0.110840,-9.760067,-0.608624,-8.837657,-0.361125,-0.418649,-0.393083,-14.039528,8.472251,-13.903842
241517.0,2025-12-15T01:58:21.094726,21.722683,0.982845,-0.116669,0.081899,-0.117034,-9.325947,-0.425180,-8.766433,-0.200270,-0.616788,-0.579504,-14.522185,7.682275,-14.561554
241539.0,2025-12-15T01:58:21.215222,21.843179,0.982582,-0.116663,0.076896,-0.122511,-9.425502,-0.672217,-8.337648,0.149137,-0.540089,-0.542220,-14.476700,7.038003,-15.109236
241564.0,2025-12-15T01:58:21.216111,21.844069,0.982073,-0.117589,0.077182,-0.125495,-9.417027,-0.538408,-8.196136,-0.002131,-0.136354,-0.294013,-14.608908,7.012369,-15.464199
241588.0,2025-12-15T01:58:21.216111,21.844069,0.981268,-0.119153,0.081063,-0.127846,-9.552268,-0.471659,-8.197041,-0.100135,0.149137,-0.214118,-14.874467,7.389972,-15.812160
241614.0,2025-12-15T01:58:21.217221,21.845179,0.979754,-0.124684,0.088304,-0.129373,-9.529470,-0.220279,-8.555838,-0.452737,0.392017,-0.074569,-15.655643,8.092436,-16.158749
241658.0,2025-12-15T01:58:21.334714,21.962672,0.978159,-0.127977,0.096375,-0.132431,-9.766764,-0.050762,-8.635171,-0.092678,0.103331,-0.148072,-16.215364,8.896158,-16.690385
241685.0,2025-12-15T01:58:21.334714,21.962672,0.977580,-0.128470,0.099835,-0.133664,-9.659672,-0.093953,-8.461892,-0.017044,0.113983,-0.118244,-16.351814,9.256176,-16.904161
241709.0,2025-12-15T01:58:21.335616,21.963574,0.976621,-0.130738,0.104043,-0.135259,-9.637787,-0.166415,-8.375814,-0.152333,0.171508,-0.083091,-16.713678,9.663018,-17.193006
241732.0,2025-12-15T01:58:21.336731,21.964689,0.975878,-0.133022,0.108231,-0.135104,-9.666250,-0.094380,-8.588006,-0.185356,0.140615,-0.013848,-17.062550,10.095982,-17.282631
241779.0,2025-12-15T01:58:21.388706,22.016664,0.977085,-0.126557,0.106994,-0.133567,-9.615570,0.254078,-8.466958,0.427171,-0.269512,0.035154,-16.274160,10.094760,-17.015130
241806.0,2025-12-15T01:58:21.389687,22.017644,0.976951,-0.125743,0.107139,-0.135194,-9.640305,0.440484,-8.056684,0.141680,-0.141680,-0.098004,-16.199370,10.098393,-17.198281
241829.0,2025-12-15T01:58:21.457272,22.085230,0.976287,-0.127721,0.109570,-0.136184,-9.724112,0.256150,-7.931527,-0.135289,0.009587,-0.124636,-16.488358,10.320658,-17.381421
241853.0,2025-12-15T01:58:21.458244,22.086202,0.975384,-0.130548,0.113889,-0.136427,-9.915574,0.076961,-7.994334,-0.232228,0.150202,-0.053263,-16.908837,10.751568,-17.527280
241877.0,2025-12-15T01:58:21.459170,22.087127,0.974741,-0.132335,0.117961,-0.135839,-9.902198,0.011031,-8.096732,-0.148072,0.131028,0.024501,-17.196489,11.186881,-17.564001
241901.0,2025-12-15T01:58:21.515630,22.143588,0.974661,-0.131349,0.120471,-0.135164,-9.771468,0.049769,-8.200468,0.113983,0.033023,0.123571,-17.128726,11.497761,-17.527874
241924.0,2025-12-15T01:58:21.516607,22.144565,0.974801,-0.130253,0.122386,-0.133486,-9.657830,0.113866,-8.169085,0.107592,-0.033023,0.126766,-17.023398,11.760980,-17.361025
241949.0,2025-12-15T01:58:21.571897,22.199854,0.974929,-0.129417,0.123972,-0.131893,-9.549933,0.091646,-8.052724,0.090547,-0.061785,0.113983,-16.941461,11.981137,-17.199700
241975.0,2025-12-15T01:58:21.572773,22.200731,0.974881,-0.129361,0.126073,-0.130301,-9.430525,0.106553,-7.906564,0.018109,-0.026632,0.109722,-16.960684,12.245519,-17.058517
242002.0,2025-12-15T01:58:21.573771,22.201729,0.974661,-0.129993,0.127942,-0.129490,-9.402394,0.095034,-7.877949,-0.018109,-0.039415,0.107592,-17.064185,12.458615,-17.011953
242024.0,2025-12-15T01:58:21.689512,22.317470,0.974649,-0.129806,0.129690,-0.128027,-9.383402,0.136933,-7.784893,0.033023,-0.053263,0.096939,-17.061484,12.683658,-16.876892
242049.0,2025-12-15T01:58:21.690519,22.318476,0.974446,-0.129825,0.132272,-0.126905,-9.362116,0.025258,-7.693064,0.010653,0.019175,0.074569,-17.104561,12.993095,-16.802313
242075.0,2025-12-15T01:58:21.691415,22.319372,0.973873,-0.131503,0.135932,-0.125704,-9.501333,-0.102735,-7.723083,-0.139550,0.093743,0.071373,-17.363314,13.397210,-16.764599
242146.0,2025-12-15T01:58:21.750679,22.378636,0.972245,-0.138779,0.144542,-0.120778,-9.523453,-0.295479,-7.616323,-0.282295,-0.012783,0.141680,-18.334246,14.331806,-16.487352
242172.0,2025-12-15T01:58:21.751677,22.379635,0.972038,-0.140153,0.146813,-0.118090,-9.626100,-0.565479,-7.303462,-0.107592,-0.035154,0.185356,-18.506479,14.614519,-16.247067
242193.0,2025-12-15T01:58:21.808621,22.436579,0.971715,-0.142289,0.149768,-0.114429,-9.488070,-0.762431,-7.245948,-0.187487,0.004261,0.263120,-18.768147,14.981114,-15.922028
242221.0,2025-12-15T01:58:21.809634,22.437592,0.971079,-0.146819,0.153200,-0.109453,-9.387488,-0.858169,-7.282311,-0.395213,0.012783,0.413323,-19.301226,15.390622,-15.494175
242245.0,2025-12-15T01:58:21.810525,22.438483,0.971264,-0.146592,0.155690,-0.104485,-8.976569,-0.763273,-7.252409,-0.003196,-0.035154,0.397344,-19.250893,15.771324,-14.971308
242267.0,2025-12-15T01:58:21.871025,22.498983,0.971690,-0.144270,0.158503,-0.099408,-9.181110,-1.520460,-6.773765,0.177899,0.009587,0.445280,-18.954366,16.221372,-14.408144
242292.0,2025-12-15T01:58:21.871959,22.499917,0.971384,-0.145445,0.163506,-0.092333,-8.977310,-1.184979,-6.624379,-0.169377,0.141680,0.580569,-19.079918,16.905537,-13.720932
242323.0,2025-12-15T01:58:21.927068,22.555026,0.973285,-0.132152,0.165046,-0.089515,-8.804895,-1.264706,-6.426738,1.129180,-0.007457,0.469782,-17.481805,17.314377,-13.191770
242347.0,2025-12-15T01:58:21.927068,22.555026,0.975474,-0.115563,0.166904,-0.085084,-8.846444,-1.856870,-6.352446,1.380583,0.024501,0.599744,-15.464731,17.815655,-12.408197
242367.0,2025-12-15T01:58:21.927743,22.555701,0.976027,-0.108232,0.169985,-0.082234,-9.418143,-0.776225,-5.977428,0.596548,0.088417,0.337689,-14.594522,18.301652,-11.995439
242397.0,2025-12-15T01:58:21.990527,22.618485,0.976617,-0.094166,0.172483,-0.087188,-9.301664,-1.244844,-5.712587,1.288970,0.167247,-0.138484,-13.057073,18.691881,-12.361150
242420.0,2025-12-15T01:58:21.990527,22.618485,0.975010,-0.091092,0.183030,-0.086933,-8.660659,-3.108940,-5.251598,0.253533,0.745685,0.132093,-12.874413,19.942350,-12.462858
242445.0,2025-12-15T01:58:22.050700,22.678658,0.971625,-0.096133,0.200268,-0.081210,-8.622087,-3.316916,-5.295531,-0.557133,1.221858,0.497478,-13.677481,21.935178,-12.218294
242469.0,2025-12-15T01:58:22.050700,22.678658,0.969069,-0.098688,0.214879,-0.070664,-8.733928,-4.138589,-5.999413,-0.403735,0.976847,0.923584,-14.011744,23.735655,-11.299875
242489.0,2025-12-15T01:58:22.051710,22.679667,0.968653,-0.093837,0.222792,-0.057175,-8.029305,-4.874645,-6.243387,0.213053,0.419714,1.263404,-13.208257,24.890547,-9.683280
242518.0,2025-12-15T01:58:22.106547,22.734505,0.970234,-0.076360,0.225954,-0.041955,-7.765699,-4.922777,-6.468277,1.255947,0.063916,1.679922,-10.680000,25.597725,-7.384993
242543.0,2025-12-15T01:58:22.107445,22.735403,0.972857,-0.051730,0.224335,-0.023382,-7.733323,-4.085824,-6.392884,1.770469,-0.377104,1.996305,-7.086696,25.726251,-4.373809
242566.0,2025-12-15T01:58:22.165845,22.793803,0.974398,-0.029801,0.222716,-0.007570,-6.978424,-4.046886,-6.139263,1.595766,-0.350472,1.726794,-3.910109,25.694738,-1.782322
242589.0,2025-12-15T01:58:22.166864,22.794822,0.973415,-0.020114,0.228054,0.007123,-6.391228,-5.031032,-5.756360,0.617853,0.271642,1.438107,-2.297168,26.376597,0.300148
242616.0,2025-12-15T01:58:22.226473,22.854431,0.970853,-0.025562,0.237064,0.024328,-6.562418,-5.929683,-5.600396,-0.654072,0.637028,1.417867,-2.461493,27.487354,2.268701
242640.0,2025-12-15T01:58:22.227471,22.855429,0.965628,-0.046152,0.251716,0.045511,-6.321273,-6.120441,-5.983861,-1.978196,1.146224,1.410410,-4.357494,29.362198,4.254645
242664.0,2025-12-15T01:58:22.227471,22.855429,0.958877,-0.065281,0.267737,0.067904,-5.069044,-6.045016,-6.698811,-1.880192,1.285774,1.554221,-5.979460,31.487911,6.414299
242690.0,2025-12-15T01:58:22.286328,22.914285,0.999536,-0.023489,0.014016,0.013386,-6.806582,-4.576280,-10.454551,-1.952630,1.144094,1.124919,-2.670923,1.641675,1.496233
242717.0,2025-12-15T01:58:22.287241,22.915199,0.999965,0.003018,0.006353,0.004603,-6.168771,-1.497149,-10.023031,0.253533,0.533697,0.386691,0.349223,0.726438,0.529728
242739.0,2025-12-15T01:58:22.345300,22.973258,0.999351,0.035471,-0.002194,-0.005842,-7.199052,-2.189834,-9.333932,2.993393,-0.222640,-0.491087,4.066955,-0.227550,-0.678005
242765.0,2025-12-15T01:58:22.346317,22.974275,0.998591,-0.050073,0.014753,-0.009511,-6.987796,-11.030569,-7.966470,-4.212055,1.241033,-0.800014,-5.757948,1.633883,-1.173507
242789.0,2025-12-15T01:58:22.406038,23.033996,0.997740,-0.059892,0.029875,0.005856,-7.864581,-10.602075,-8.202769,-0.858603,1.197357,1.340103,-6.856388,3.458002,0.465344
242815.0,2025-12-15T01:58:22.407023,23.034981,0.999590,-0.003911,0.002611,0.028233,-8.005672,-8.659587,-9.045924,-0.292948,0.203465,2.380866,-0.439598,0.311681,3.234557
242838.0,2025-12-15T01:58:22.408040,23.035998,0.999323,-0.022077,0.002408,0.029326,-9.315746,-7.836699,-6.018489,-1.855690,0.202400,2.465022,-2.520848,0.349928,3.354082
242862.0,2025-12-15T01:58:22.466038,23.093995,0.999404,-0.017468,0.011004,0.027655,-7.135753,-7.648423,-7.143033,-1.329450,0.780839,2.324407,-1.966566,1.315660,3.147531
242887.0,2025-12-15T01:58:22.467022,23.094980,0.997421,-0.052585,0.016416,0.045997,-5.759790,-7.805069,-7.823499,-2.808037,0.379234,1.520132,-5.938529,2.154006,5.168958
242914.0,2025-12-15T01:58:22.526143,23.154101,0.998643,-0.050661,-0.006436,0.010198,-8.930493,-6.450650,-4.986681,-4.229099,-0.563525,0.866060,-5.815395,-0.677305,1.204522
242938.0,2025-12-15T01:58:22.526143,23.154101,0.999097,-0.041824,-0.006618,0.003421,-5.230614,-5.805143,-5.344152,-3.364105,-0.686030,0.287621,-4.796942,-0.741254,0.423416
242963.0,2025-12-15T01:58:22.527128,23.155086,0.996217,-0.085443,-0.009284,0.012863,-4.400637,-6.719032,-3.956575,-3.502589,-0.353668,0.797883,-9.816929,-0.933987,1.559748
242988.0,2025-12-15T01:58:22.586244,23.214202,0.981910,-0.186829,0.020979,0.022547,-3.063779,-0.733911,-1.338360,-8.491222,2.410693,1.098288,-21.493969,2.844447,2.090835
243013.0,2025-12-15T01:58:22.586244,23.214202,0.994345,-0.099115,0.037653,-0.006091,-3.792948,-1.076817,-3.756000,-8.372978,3.180879,-0.514523,-11.426178,4.225020,-1.124773
243034.0,2025-12-15T01:58:22.645368,23.273326,0.999131,-0.024952,0.033393,-0.000760,-3.602716,-6.614584,-2.595085,-1.924933,2.706837,-0.063916,-2.867276,3.823890,-0.182929
243063.0,2025-12-15T01:58:22.646879,23.274837,0.997442,-0.032507,0.063238,0.007327,-4.809001,-1.965917,-0.027211,-0.592287,2.307363,0.715858,-3.694645,7.274855,0.606794
243093.0,2025-12-15T01:58:22.706459,23.334416,0.995990,-0.038358,0.079573,0.014204,-3.375131,-1.716236,0.196185,-0.486826,1.169660,0.627441,-4.307635,9.183549,1.287951
243117.0,2025-12-15T01:58:22.706459,23.334416,0.993582,-0.055231,0.093556,0.031501,-1.248096,-2.655719,-1.032691,-1.350755,1.049285,1.402953,-6.071671,10.917249,3.051089
243141.0,2025-12-15T01:58:22.707446,23.335403,0.990429,-0.068780,0.109035,0.049308,-0.186676,-1.160597,-0.045376,-1.069525,1.185639,1.486044,-7.395983,12.871511,4.864737
243161.0,2025-12-15T01:58:22.765569,23.393527,0.986861,-0.070294,0.129134,0.067000,0.605024,-1.690570,-0.866809,-0.031958,1.606419,1.634115,-7.233505,15.325030,6.793444
243191.0,2025-12-15T01:58:22.766568,23.394526,0.981619,-0.077092,0.149877,0.089539,1.718552,-1.251450,-0.464475,-0.563525,1.788579,2.004827,-7.520184,17.941769,9.234835
243214.0,2025-12-15T01:58:22.826460,23.454417,0.975929,-0.063981,0.178740,0.107335,3.170740,-0.330472,-0.295299,1.054612,2.048503,1.810949,-5.326441,21.260565,11.552201
243239.0,2025-12-15T01:58:22.827121,23.455079,0.970418,-0.040937,0.205492,0.119944,4.345198,-2.434622,-1.292383,2.030394,2.143312,1.633050,-1.893530,24.119796,13.687488
243263.0,2025-12-15T01:58:22.828123,23.456080,0.959551,-0.103145,0.223677,0.136353,5.529692,2.521884,-0.817158,-5.209143,2.426672,0.445280,-8.858813,27.218601,14.026586
243281.0,2025-12-15T01:58:22.886640,23.514597,0.945037,-0.198849,0.214953,0.145465,4.982337,1.625679,-2.100009,-8.099205,0.760599,-0.927845,-20.714301,27.653799,12.350134
243312.0,2025-12-15T01:58:22.886640,23.514597,0.944015,-0.198093,0.211985,0.157028,6.534426,-0.990798,-0.709548,-0.015979,-0.374973,0.951281,-20.287661,27.545064,13.866089
243333.0,2025-12-15T01:58:22.946211,23.574169,0.938888,-0.207618,0.204553,0.183148,4.390816,3.411277,-2.009189,-1.455151,-0.644485,1.874865,-20.776136,27.397007,16.959144
243359.0,2025-12-15T01:58:22.946211,23.574169,0.933470,-0.215573,0.202044,0.203320,2.949263,5.313404,-2.301211,-1.205879,-0.196009,1.489240,-21.208813,27.701530,19.289401
243384.0,2025-12-15T01:58:22.947195,23.575153,0.925416,-0.223299,0.211292,0.221583,3.319265,5.954392,-1.823406,-1.000283,0.801079,1.603223,-21.511989,29.342194,21.236596
243408.0,2025-12-15T01:58:23.005836,23.633794,0.917847,-0.223035,0.232485,0.231869,4.285044,5.611546,-2.032934,-0.053263,1.651160,1.258077,-20.838076,32.019058,22.315051
243431.0,2025-12-15T01:58:23.006835,23.634792,0.912520,-0.218213,0.252604,0.236391,4.823656,6.184291,-3.649241,0.502805,1.621332,0.929976,-19.736675,34.345391,22.892473
243455.0,2025-12-15T01:58:23.065927,23.693885,0.914645,-0.204586,0.254802,0.238000,4.958651,4.912454,-4.003360,1.038633,-0.024501,0.426106,-17.830552,34.297522,23.628498
243480.0,2025-12-15T01:58:23.066927,23.694885,0.910002,-0.212380,0.247862,0.255649,5.799067,3.293728,-2.458944,-1.201618,-0.418649,1.208010,-18.270686,34.034933,25.748172
243505.0,2025-12-15T01:58:23.125449,23.753407,0.903718,-0.215248,0.253632,0.269506,3.811529,6.558921,-2.430462,-0.615723,0.481499,1.146224,-17.955280,35.060799,27.497331
243527.0,2025-12-15T01:58:23.126461,23.754419,0.903519,-0.207159,0.263022,0.267503,3.375970,7.317784,-3.967506,0.780839,0.706270,0.176834,-16.759031,35.882250,27.523421
243554.0,2025-12-15T01:58:23.127455,23.755412,0.903665,-0.206863,0.260703,0.269501,6.011168,4.168546,-3.323276,-0.087352,-0.060720,0.150202,-16.686070,35.639019,27.814563
243577.0,2025-12-15T01:58:23.186175,23.814133,0.903719,-0.205681,0.259754,0.271137,3.938455,6.347100,-3.221696,-0.033023,0.019175,0.126766,-16.481013,35.522619,28.088860
243610.0,2025-12-15T01:58:23.187164,23.815122,0.905426,-0.200499,0.258205,0.270803,4.574657,5.475334,-3.403823,0.317449,-0.133158,-0.053263,-15.849823,35.181071,28.248723
243630.0,2025-12-15T01:58:23.246701,23.874659,0.907782,-0.193795,0.256200,0.269698,4.917693,5.472030,-3.039609,0.480434,-0.181095,-0.015979,-15.067724,34.727933,28.356734
243656.0,2025-12-15T01:58:23.246701,23.874659,0.909356,-0.190193,0.254042,0.269002,5.069266,4.861301,-2.952151,0.229032,-0.108657,-0.029827,-14.681738,34.357357,28.396743
243681.0,2025-12-15T01:58:23.247703,23.875660,0.910995,-0.186132,0.251336,0.268837,4.763341,5.092939,-2.853746,0.234358,-0.171508,0.004261,-14.230608,33.918315,28.522911
243706.0,2025-12-15T01:58:23.306332,23.934290,0.912389,-0.181036,0.249690,0.269124,4.836464,4.910604,-2.553920,0.299339,-0.138484,-0.017044,-13.603582,33.577886,28.746610
243729.0,2025-12-15T01:58:23.307319,23.935277,0.913394,-0.177928,0.248852,0.268562,4.956465,4.608580,-2.660723,0.210922,0.015979,0.002131,-13.248446,33.378591,28.781240
243751.0,2025-12-15T01:58:23.366451,23.994408,0.914516,-0.174918,0.246574,0.268824,4.939355,4.616934,-2.770226,0.155529,-0.106526,0.038350,-12.912890,33.027088,28.918534
243778.0,2025-12-15T01:58:23.367438,23.995396,0.915954,-0.171192,0.242946,0.269628,4.856139,4.458201,-2.556197,0.174703,-0.239684,0.068177,-12.504440,32.504807,29.146974
243803.0,2025-12-15T01:58:23.368440,23.996398,0.917006,-0.166839,0.241214,0.270336,4.803817,4.506553,-2.396210,0.223706,-0.117179,0.022371,-11.972054,32.180863,29.386446
243827.0,2025-12-15T01:58:23.426595,24.054553,0.918076,-0.164503,0.239204,0.269920,4.883743,4.187995,-2.336397,0.128897,-0.056459,-0.020240,-11.748708,31.871747,29.401764
243851.0,2025-12-15T01:58:23.427595,24.055553,0.918735,-0.164022,0.236713,0.270166,4.793118,4.270413,-2.349069,-0.045806,-0.052198,-0.005326,-11.748868,31.572637,29.440994
243874.0,2025-12-15T01:58:23.486160,24.114118,0.919414,-0.163134,0.234878,0.269997,4.713647,4.265131,-2.237080,0.007457,-0.005326,-0.021305,-11.694973,31.331660,29.440771
243901.0,2025-12-15T01:58:23.487099,24.115057,0.919296,-0.163752,0.232831,0.271788,4.813576,4.167190,-2.303053,-0.185356,-0.017044,0.010653,-11.764322,31.137509,29.651999
243924.0,2025-12-15T01:58:23.488095,24.116053,0.919599,-0.164752,0.229977,0.272590,4.574303,4.383863,-2.276298,-0.188552,-0.046872,0.009587,-11.941232,30.849989,29.716213
243946.0,2025-12-15T01:58:23.545954,24.173912,0.920086,-0.165052,0.227497,0.272844,4.517739,4.374724,-2.196382,-0.113983,-0.029827,-0.018109,-12.039549,30.577359,29.732296
243973.0,2025-12-15T01:58:23.547005,24.174963,0.920693,-0.164161,0.225794,0.272750,4.475389,4.399057,-2.182198,0.002131,0.005326,-0.014914,-11.979695,30.352861,29.742700
243997.0,2025-12-15T01:58:23.606168,24.234126,0.920813,-0.162932,0.224717,0.273970,4.550593,4.270085,-2.191547,-0.028762,0.000000,-0.005326,-11.813572,30.206702,29.939878
244023.0,2025-12-15T01:58:23.607156,24.235114,0.921328,-0.162472,0.222912,0.273985,4.459288,4.299149,-2.142306,-0.035154,0.008522,-0.012783,-11.807114,29.985389,29.950436
244046.0,2025-12-15T01:58:23.608173,24.236131,0.921732,-0.162563,0.221013,0.274111,4.472020,4.291041,-2.149052,-0.083091,0.014914,-0.012783,-11.868134,29.771976,29.958336
244074.0,2025-12-15T01:58:23.666331,24.294289,0.922312,-0.161850,0.219068,0.274142,4.351866,4.359258,-2.139621,-0.021305,-0.009587,-0.011718,-11.833966,29.527279,29.978438
244100.0,2025-12-15T01:58:23.667308,24.295266,0.922406,-0.160498,0.218436,0.275124,4.460159,4.195109,-2.083905,-0.001065,0.029827,-0.028762,-11.650776,29.425145,30.147120
244124.0,2025-12-15T01:58:23.725865,24.353822,0.922873,-0.160245,0.216699,0.275078,4.378976,4.262785,-2.060058,-0.050067,0.021305,-0.019175,-11.670951,29.217784,30.143380
244149.0,2025-12-15T01:58:23.726865,24.354823,0.923152,-0.160954,0.214792,0.275224,4.428090,4.191730,-2.086810,-0.132093,0.031958,-0.018109,-11.808214,29.023509,30.135792
244174.0,2025-12-15T01:58:23.785940,24.413898,0.923352,-0.162268,0.212203,0.275789,4.320412,4.301260,-2.115536,-0.206661,-0.011718,-0.005326,-12.025153,28.775569,30.164533
244199.0,2025-12-15T01:58:23.785940,24.413898,0.923289,-0.161983,0.210955,0.277124,4.197783,4.397855,-2.019313,-0.132093,0.004261,-0.003196,-11.981348,28.641250,30.345128
244223.0,2025-12-15T01:58:23.787446,24.415404,0.923696,-0.161945,0.208989,0.277279,4.144351,4.416469,-2.044879,-0.083091,0.006392,-0.011718,-12.028024,28.417458,30.361895
244245.0,2025-12-15T01:58:23.846010,24.473968,0.924157,-0.162025,0.207064,0.277139,4.142918,4.338200,-1.986414,-0.084156,0.015979,-0.036219,-12.097474,28.198398,30.337102
244270.0,2025-12-15T01:58:23.847029,24.474987,0.924477,-0.162240,0.205466,0.277135,4.093083,4.419276,-2.004575,-0.093743,0.044741,-0.021305,-12.169565,28.022798,30.327276
244294.0,2025-12-15T01:58:23.906145,24.534103,0.924486,-0.161385,0.204540,0.278287,4.044426,4.451237,-2.036958,-0.075634,0.011718,-0.015979,-12.054294,27.905277,30.500177
244319.0,2025-12-15T01:58:23.907130,24.535088,0.924952,-0.161051,0.202499,0.278426,4.067394,4.375918,-2.009907,-0.061785,-0.006392,-0.009587,-12.067624,27.663945,30.523757
244343.0,2025-12-15T01:58:23.908132,24.536089,0.925446,-0.160353,0.200729,0.278469,3.959852,4.450391,-1.934625,-0.028762,0.006392,-0.009587,-12.031935,27.440979,30.545543
244364.0,2025-12-15T01:58:23.966271,24.594229,0.926012,-0.159078,0.199447,0.278238,4.024462,4.367104,-1.954510,0.035154,0.034088,-0.014914,-11.920593,27.251947,30.548273
244392.0,2025-12-15T01:58:23.966271,24.594229,0.926000,-0.157522,0.198533,0.279815,4.026839,4.296602,-1.926363,-0.014914,-0.014914,0.007457,-11.708709,27.118842,30.793937
244414.0,2025-12-15T01:58:24.026065,24.654022,0.926427,-0.156999,0.196505,0.280125,3.939913,4.343232,-1.893798,-0.052198,-0.010653,0.007457,-11.694779,26.875582,30.844258
244440.0,2025-12-15T01:58:24.027064,24.655022,0.926938,-0.156144,0.194494,0.280315,3.880252,4.361410,-1.869420,-0.024501,-0.017044,0.001065,-11.644067,26.622327,30.887693
244464.0,2025-12-15T01:58:24.028069,24.656027,0.927444,-0.155149,0.192795,0.280370,3.880670,4.291548,-1.841400,-0.003196,0.006392,-0.002131,-11.571659,26.398452,30.917841
244489.0,2025-12-15T01:58:24.145287,24.773245,0.927365,-0.153354,0.192476,0.281834,3.872658,4.283859,-1.837072,0.004261,0.007457,0.005326,-11.320233,26.323041,31.153659
244513.0,2025-12-15T01:58:24.146285,24.774243,0.927944,-0.151870,0.190962,0.281759,3.893245,4.222599,-1.837754,0.043676,0.010653,-0.003196,-11.188271,26.103019,31.179095
244535.0,2025-12-15T01:58:24.147286,24.775244,0.928492,-0.150517,0.189218,0.281858,3.882629,4.170289,-1.768556,0.025566,-0.005326,0.006392,-11.074264,25.863227,31.222643
244562.0,2025-12-15T01:58:24.148310,24.776268,0.928939,-0.149635,0.187406,0.282063,3.851356,4.159166,-1.738501,-0.015979,0.001065,0.008522,-11.016335,25.632123,31.267358
244615.0,2025-12-15T01:58:24.206414,24.834372,0.929342,-0.146872,0.185476,0.283463,3.794054,4.175501,-1.717779,0.008522,0.021305,0.000000,-10.702339,25.341109,31.512166
244641.0,2025-12-15T01:58:24.206414,24.834372,0.929803,-0.145750,0.183829,0.283602,3.793732,4.118607,-1.714552,0.007457,0.009587,0.008522,-10.613913,25.120226,31.553637
244667.0,2025-12-15T01:58:24.266236,24.894194,0.930356,-0.144275,0.182186,0.283604,3.770088,4.083436,-1.682921,0.038350,0.002131,0.001065,-10.487351,24.886982,31.585717
244697.0,2025-12-15T01:58:24.267224,24.895181,0.930236,-0.142558,0.181886,0.285054,3.795526,4.015525,-1.657160,0.003196,0.010653,-0.004261,-10.250957,24.813580,31.812658
244718.0,2025-12-15T01:58:24.326277,24.954235,0.930646,-0.141918,0.180226,0.285090,3.762895,4.011987,-1.613947,-0.027697,0.023436,-0.005326,-10.224625,24.605693,31.827865
244745.0,2025-12-15T01:58:24.327268,24.955226,0.931055,-0.141268,0.178380,0.285238,3.734428,4.030390,-1.649865,-0.034088,0.007457,0.001065,-10.199915,24.377935,31.857152
244768.0,2025-12-15T01:58:24.386196,25.014153,0.931526,-0.140250,0.176618,0.285298,3.683546,4.007309,-1.621429,-0.002131,0.005326,-0.001065,-10.131431,24.146727,31.884013
244794.0,2025-12-15T01:58:24.387210,25.015168,0.931300,-0.138642,0.176210,0.287070,3.693431,3.981739,-1.588520,0.006392,-0.006392,0.001065,-9.905254,24.067217,32.146921
244818.0,2025-12-15T01:58:24.388101,25.016059,0.931848,-0.137418,0.174550,0.286894,3.655572,3.952722,-1.562114,0.021305,0.010653,-0.017044,-9.816642,23.838305,32.147803
244842.0,2025-12-15T01:58:24.446924,25.074882,0.932244,-0.136793,0.172722,0.287011,3.700724,3.885780,-1.582924,-0.033023,0.011718,0.000000,-9.796512,23.613281,32.171644
244867.0,2025-12-15T01:58:24.447846,25.075804,0.932693,-0.135795,0.170854,0.287145,3.592455,3.958689,-1.525455,-0.008522,-0.002131,0.003196,-9.733306,23.371666,32.205892
244893.0,2025-12-15T01:58:24.506314,25.134272,0.932498,-0.133884,0.170774,0.288718,3.639749,3.839224,-1.495494,0.034088,0.009587,-0.006392,-9.469202,23.316038,32.448841
244917.0,2025-12-15T01:58:24.507237,25.135195,0.932900,-0.133071,0.169020,0.288830,3.646463,3.810843,-1.481759,-0.015979,0.013848,0.003196,-9.425899,23.093155,32.475643
244941.0,2025-12-15T01:58:24.508211,25.136168,0.933274,-0.132380,0.167407,0.288878,3.587582,3.842055,-1.485908,-0.023436,0.028762,-0.002131,-9.394192,22.889571,32.492019
244960.0,2025-12-15T01:58:24.566711,25.194669,0.933734,-0.131288,0.165742,0.288848,3.566303,3.814697,-1.490598,0.008522,0.014914,-0.005326,-9.319262,22.666316,32.506836
244992.0,2025-12-15T01:58:24.566711,25.194669,0.933460,-0.129708,0.165501,0.290581,3.572875,3.788943,-1.429343,0.007457,-0.002131,-0.005326,-9.097654,22.603950,32.760209
245015.0,2025-12-15T01:58:24.625480,25.253438,0.933906,-0.128893,0.163545,0.290619,3.550790,3.766989,-1.440438,-0.020240,-0.001065,-0.006392,-9.063682,22.357718,32.776064
245040.0,2025-12-15T01:58:24.626994,25.254952,0.934304,-0.127965,0.161723,0.290768,3.502574,3.733874,-1.411252,-0.010653,0.006392,0.006392,-9.009538,22.124056,32.808800
245064.0,2025-12-15T01:58:24.628010,25.255967,0.934718,-0.126970,0.160019,0.290818,3.467014,3.740382,-1.371499,-0.002131,0.014914,0.000000,-8.946469,21.900514,32.830577
245093.0,2025-12-15T01:58:24.686749,25.314707,0.934412,-0.125274,0.160106,0.292482,3.488156,3.710535,-1.359713,0.025566,0.017044,-0.007457,-8.705180,21.869354,33.076573
245117.0,2025-12-15T01:58:24.687749,25.315706,0.934895,-0.124037,0.158341,0.292428,3.492850,3.649423,-1.385170,0.020240,0.005326,-0.006392,-8.619341,21.629785,33.089059
245137.0,2025-12-15T01:58:24.746216,25.374173,0.935465,-0.122348,0.156842,0.292124,3.489614,3.596520,-1.318883,0.067112,0.017044,-0.019175,-8.478478,21.402748,33.079643
245169.0,2025-12-15T01:58:24.747276,25.375233,0.935940,-0.121307,0.155039,0.292001,3.429496,3.599716,-1.303412,0.004261,0.008522,-0.014914,-8.418637,21.165118,33.078897
245195.0,2025-12-15T01:58:24.806825,25.434783,0.935499,-0.120375,0.154815,0.293911,3.512524,3.507888,-1.315850,-0.039415,0.003196,-0.004261,-8.272912,21.125790,33.337593
245220.0,2025-12-15T01:58:24.806825,25.434783,0.935963,-0.118922,0.153011,0.293969,3.384050,3.600155,-1.253640,0.033023,-0.003196,0.004261,-8.162005,20.875861,33.367038
245240.0,2025-12-15T01:58:24.807697,25.435655,0.936441,-0.117399,0.151316,0.293936,3.423237,3.495870,-1.256703,0.045806,0.005326,0.000000,-8.041814,20.634951,33.386371
245270.0,2025-12-15T01:58:24.866059,25.494016,0.937005,-0.115786,0.149783,0.293565,3.387788,3.505417,-1.219215,0.060720,0.018109,-0.026632,-7.913728,20.406326,33.365130
245296.0,2025-12-15T01:58:24.867040,25.494998,0.936714,-0.114099,0.149921,0.295081,3.465054,3.359258,-1.235056,0.055394,0.010653,-0.034088,-7.680038,20.377443,33.588340
245318.0,2025-12-15T01:58:24.926100,25.554058,0.937114,-0.113398,0.147971,0.295065,3.380339,3.414275,-1.225791,-0.024501,0.007457,-0.009587,-7.663964,20.136071,33.592113
245344.0,2025-12-15T01:58:24.927099,25.555057,0.937593,-0.112101,0.146242,0.294900,3.359455,3.395962,-1.173328,0.029827,0.010653,-0.013848,-7.575224,19.898056,33.589053
245364.0,2025-12-15T01:58:24.928198,25.556156,0.938129,-0.110593,0.144691,0.294530,3.361251,3.328087,-1.161133,0.055394,0.021305,-0.026632,-7.460755,19.671331,33.564560
245396.0,2025-12-15T01:58:24.986449,25.614407,0.937618,-0.109623,0.144640,0.296536,3.447493,3.222076,-1.166523,-0.004261,0.009587,-0.004261,-7.307441,19.648505,33.833637
245420.0,2025-12-15T01:58:24.987331,25.615289,0.938003,-0.108694,0.142692,0.296606,3.281475,3.346709,-1.132851,-0.008522,0.002131,0.000000,-7.264089,19.400551,33.851688
245444.0,2025-12-15T01:58:25.045834,25.673792,0.938457,-0.107457,0.140925,0.296466,3.334325,3.260615,-1.115728,0.026632,0.010653,-0.011718,-7.184003,19.160699,33.849356
245468.0,2025-12-15T01:58:25.046835,25.674793,0.938851,-0.106614,0.139057,0.296405,3.296605,3.234651,-1.121699,-0.008522,0.012783,-0.009587,-7.150910,18.923744,33.849630
245493.0,2025-12-15T01:58:25.166135,25.794093,0.938328,-0.105547,0.139222,0.298358,3.306661,3.212310,-1.095072,-0.015979,0.005326,0.000000,-6.982601,18.920339,34.113031
245517.0,2025-12-15T01:58:25.167073,25.795031,0.938627,-0.105195,0.137431,0.298374,3.263247,3.221667,-1.081642,-0.046872,0.031958,-0.006392,-7.002224,18.709394,34.114243
245537.0,2025-12-15T01:58:25.168202,25.796160,0.938970,-0.104958,0.135654,0.298188,3.255079,3.226587,-1.108738,-0.053263,0.037284,-0.024501,-7.038576,18.502447,34.088644
245614.0,2025-12-15T01:58:25.225636,25.853593,0.939302,-0.102101,0.131061,0.300184,3.138797,3.166400,-0.989488,-0.038350,-0.009587,-0.002131,-6.827714,17.909187,34.368748
245642.0,2025-12-15T01:58:25.226638,25.854595,0.939737,-0.101224,0.128995,0.300014,3.117262,3.160472,-1.021157,-0.011718,-0.002131,-0.021305,-6.801019,17.648752,34.354665
245662.0,2025-12-15T01:58:25.227634,25.855592,0.940171,-0.100278,0.126471,0.300046,3.065753,3.116978,-0.981965,-0.020240,-0.041545,-0.008522,-6.778155,17.336634,34.365308
245694.0,2025-12-15T01:58:25.286343,25.914301,0.939672,-0.099250,0.126439,0.301960,3.048966,3.082031,-0.963061,-0.008522,-0.020240,-0.011718,-6.626318,17.311219,34.619385
245718.0,2025-12-15T01:58:25.287332,25.915290,0.940021,-0.098211,0.124394,0.302062,3.022585,3.069539,-0.961895,-0.002131,-0.005326,0.004261,-6.576220,17.049525,34.641366
245743.0,2025-12-15T01:58:25.345889,25.973846,0.940362,-0.097157,0.122323,0.302187,3.008332,3.027886,-0.943662,-0.001065,-0.007457,0.006392,-6.525011,16.784655,34.666092
245767.0,2025-12-15T01:58:25.346890,25.974848,0.940741,-0.095815,0.120252,0.302267,2.943934,3.024668,-0.925652,0.020240,-0.014914,0.004261,-6.442404,16.509555,34.689536
245793.0,2025-12-15T01:58:25.405993,26.033951,0.940311,-0.093646,0.120939,0.304004,2.982192,3.011777,-0.916034,0.083091,-0.008522,-0.003196,-6.142354,16.521707,34.939617
245818.0,2025-12-15T01:58:25.406994,26.034952,0.940872,-0.091179,0.119343,0.303650,3.005452,2.860187,-0.860294,0.133158,-0.003196,-0.018109,-5.924920,16.256976,34.926161
245838.0,2025-12-15T01:58:25.407993,26.035951,0.941229,-0.089917,0.117473,0.303649,3.040109,2.730517,-0.808788,0.031958,0.006392,0.002131,-5.847069,16.006375,34.937491
245867.0,2025-12-15T01:58:25.466129,26.094086,0.941534,-0.089342,0.115429,0.303659,2.968593,2.727923,-0.805751,-0.028762,0.010653,-0.004261,-5.852596,15.760643,34.939819
245893.0,2025-12-15T01:58:25.467119,26.095076,0.940773,-0.089771,0.115215,0.305963,2.949410,2.816036,-0.834455,-0.100135,0.004261,0.004261,-5.868907,15.766351,35.218332
245913.0,2025-12-15T01:58:25.526680,26.154637,0.941033,-0.089709,0.112749,0.306099,2.867001,2.872561,-0.848336,-0.088417,-0.010653,-0.003196,-5.945227,15.493059,35.227824
245945.0,2025-12-15T01:58:25.526680,26.154637,0.941369,-0.088668,0.110582,0.306160,2.792582,2.870153,-0.821127,-0.005326,-0.012783,0.000000,-5.902316,15.217839,35.242876
245969.0,2025-12-15T01:58:25.587347,26.215305,0.941715,-0.087318,0.108666,0.306172,2.773571,2.787271,-0.758105,0.027697,0.000000,0.001065,-5.816974,14.959294,35.256560
245995.0,2025-12-15T01:58:25.587347,26.215305,0.941179,-0.085788,0.109749,0.307860,2.804951,2.786700,-0.791473,0.050067,0.021305,-0.009587,-5.580065,15.034973,35.488984
246015.0,2025-12-15T01:58:25.588347,26.216305,0.941523,-0.084678,0.107905,0.307767,2.847043,2.673263,-0.759213,0.018109,0.013848,-0.007457,-5.521711,14.792121,35.486027
246046.0,2025-12-15T01:58:25.646215,26.274173,0.941885,-0.084381,0.105808,0.307469,2.762996,2.690202,-0.764891,-0.053263,0.015979,-0.034088,-5.566399,14.548952,35.446462
246070.0,2025-12-15T01:58:25.647201,26.275158,0.942297,-0.084461,0.103602,0.306936,2.706219,2.721038,-0.727159,-0.086286,0.018109,-0.058590,-5.660533,14.305757,35.373237
246095.0,2025-12-15T01:58:25.706453,26.334411,0.941716,-0.085055,0.103892,0.308451,2.765611,2.693008,-0.752512,-0.105461,0.026632,-0.056459,-5.693477,14.367771,35.553329
246120.0,2025-12-15T01:58:25.706453,26.334411,0.942049,-0.085103,0.101936,0.308075,2.667031,2.794951,-0.752066,-0.083091,0.036219,-0.042611,-5.773000,14.151941,35.501061
246140.0,2025-12-15T01:58:25.708330,26.336288,0.942433,-0.084384,0.100123,0.307692,2.677818,2.741307,-0.759050,-0.017044,0.027697,-0.036219,-5.761593,13.924784,35.458136
246170.0,2025-12-15T01:58:25.766151,26.394109,0.942680,-0.083573,0.098129,0.307799,2.624434,2.737620,-0.723156,-0.021305,0.008522,0.005326,-5.738783,13.677497,35.476460
246196.0,2025-12-15T01:58:25.767203,26.395160,0.942054,-0.082572,0.098722,0.309789,2.635497,2.701047,-0.709993,0.012783,0.001065,0.001065,-5.576903,13.719205,35.734865
246217.0,2025-12-15T01:58:25.825826,26.453784,0.942327,-0.081777,0.096708,0.309806,2.621426,2.657762,-0.670945,-0.019175,0.008522,-0.002131,-5.558686,13.469700,35.741440
246243.0,2025-12-15T01:58:25.827337,26.455294,0.942599,-0.081546,0.094485,0.309726,2.598452,2.673843,-0.711477,-0.069242,0.007457,-0.015979,-5.612018,13.216856,35.729078
246268.0,2025-12-15T01:58:25.886300,26.514257,0.942910,-0.081344,0.091933,0.309600,2.529408,2.676856,-0.731046,-0.082025,-0.018109,-0.023436,-5.680714,12.928664,35.710503
246294.0,2025-12-15T01:58:25.887266,26.515224,0.944515,-0.072231,0.088985,0.307823,1.449284,3.365706,-1.534657,0.548611,-0.488956,-0.287621,-4.793934,12.272679,35.586464
246319.0,2025-12-15T01:58:25.887266,26.515224,0.948400,-0.060621,0.084395,0.299566,2.603321,2.065334,0.617276,0.864995,-0.449542,-0.684965,-3.767122,11.326541,34.685278
246339.0,2025-12-15T01:58:25.946790,26.574748,0.949017,-0.062595,0.078710,0.298754,2.964796,1.373977,-0.395817,-0.255663,-0.210922,-0.103331,-4.189945,10.765746,34.553359
246370.0,2025-12-15T01:58:25.946790,26.574748,0.948179,-0.062891,0.080210,0.300943,1.882403,2.354852,-0.080531,-0.060720,0.308927,0.204531,-4.146326,10.950507,34.820300
246395.0,2025-12-15T01:58:26.005989,26.633947,0.947555,-0.060599,0.083117,0.302587,2.415282,2.105907,-0.908730,0.186421,0.122505,-0.002131,-3.772391,11.197317,35.050196
246419.0,2025-12-15T01:58:26.007044,26.635001,0.947745,-0.060446,0.078488,0.303257,2.605420,1.806236,-0.572567,-0.106526,-0.181095,0.039415,-3.907864,10.686500,35.121319
246439.0,2025-12-15T01:58:26.007987,26.635945,0.947351,-0.064414,0.067402,0.306325,2.166807,2.021109,-0.287535,-0.635963,-0.598679,0.182160,-4.697977,9.623350,35.441410
246468.0,2025-12-15T01:58:26.066756,26.694714,0.947238,-0.066705,0.059244,0.307864,1.543722,1.911765,-0.224286,-0.444215,-0.405866,0.076699,-5.219343,8.818737,35.606795
246494.0,2025-12-15T01:58:26.067752,26.695709,0.946310,-0.068906,0.056713,0.310696,1.462432,2.219512,-0.343569,-0.340885,-0.235423,0.066046,-5.524029,8.635901,35.935071
246514.0,2025-12-15T01:58:26.126139,26.754097,0.945971,-0.069144,0.045451,0.313517,1.441517,2.206563,-0.269180,-0.387756,-0.715858,0.175769,-5.922586,7.431812,36.287861
246547.0,2025-12-15T01:58:26.126563,26.754521,0.945925,-0.066543,0.033777,0.315685,0.685466,2.132130,-0.093731,-0.213053,-0.840494,0.119310,-6.036084,6.079828,36.590069
246572.0,2025-12-15T01:58:26.185831,26.813789,0.946400,-0.060245,0.024416,0.316388,0.257117,1.687528,-0.108659,0.122505,-0.766990,0.010653,-5.677751,4.837889,36.730273
246598.0,2025-12-15T01:58:26.186833,26.814791,0.946493,-0.056863,0.022266,0.316895,0.051378,1.138228,-0.084323,0.125701,-0.392017,-0.090547,-5.383167,4.484483,36.811212
246618.0,2025-12-15T01:58:26.187835,26.815793,0.947448,-0.051918,0.018622,0.315119,0.291817,1.270301,-0.046496,0.176834,-0.262055,-0.170442,-4.982068,3.899597,36.624264
246648.0,2025-12-15T01:58:26.246222,26.874179,0.948469,-0.046588,0.013420,0.313139,0.217799,0.953380,0.032654,0.169377,-0.393083,-0.193878,-4.593643,3.131892,36.415886
246673.0,2025-12-15T01:58:26.247208,26.875165,0.948992,-0.043335,0.009138,0.312173,0.018365,0.690349,-0.034167,0.002131,-0.289752,-0.101200,-4.394277,2.544752,36.319789
246696.0,2025-12-15T01:58:26.306301,26.934259,0.949218,-0.043462,0.009161,0.311469,-0.011971,0.681062,-0.093709,-0.080960,-0.137419,-0.176834,-4.409149,2.548549,36.234535
246722.0,2025-12-15T01:58:26.306301,26.934259,0.950172,-0.041187,0.006879,0.308917,-0.038586,0.772381,0.020364,-0.035154,-0.117179,-0.233293,-4.248090,2.207540,35.938567
246742.0,2025-12-15T01:58:26.308305,26.936262,0.951475,-0.038562,0.003661,0.305280,0.000080,0.635702,0.091816,-0.021305,-0.186421,-0.330232,-4.081759,1.748479,35.515249
246773.0,2025-12-15T01:58:26.366431,26.994389,0.952994,-0.036021,0.000929,0.300839,-0.249791,0.550378,-0.070466,-0.052198,-0.214118,-0.403735,-3.905724,1.343329,34.993741
246799.0,2025-12-15T01:58:26.366431,26.994389,0.953588,-0.035180,0.000632,0.299051,-0.324305,0.700343,0.048560,-0.020240,-0.183225,-0.270577,-3.826387,1.274787,34.780904
246824.0,2025-12-15T01:58:26.425963,27.053921,0.954288,-0.032332,-0.000932,0.297133,-0.444956,0.572083,-0.057448,-0.008522,-0.189617,-0.180030,-3.570230,0.999002,34.558473
246844.0,2025-12-15T01:58:26.426964,27.054922,0.954591,-0.029999,-0.000664,0.296403,-0.484792,0.442658,-0.130748,-0.001065,-0.074569,-0.071373,-3.306323,0.946333,34.472141
246875.0,2025-12-15T01:58:26.485641,27.113599,0.954679,-0.028122,0.000872,0.296303,-0.430708,0.363829,-0.183385,-0.003196,0.022371,-0.012783,-3.048839,1.050328,34.457532
246901.0,2025-12-15T01:58:26.486644,27.114602,0.954676,-0.028639,0.004153,0.296237,-0.204641,0.363971,-0.000230,-0.025566,0.123571,-0.107592,-2.994407,1.426654,34.441100
246921.0,2025-12-15T01:58:26.487644,27.115602,0.955033,-0.026297,0.004342,0.295298,-0.224271,0.606862,0.097770,0.000000,0.007457,-0.085221,-2.732819,1.365139,34.330865
246954.0,2025-12-15T01:58:26.546224,27.174182,0.955082,-0.023960,0.004671,0.295336,-0.207672,0.413968,-0.013091,-0.002131,-0.004261,0.000000,-2.465660,1.322236,34.337473
246979.0,2025-12-15T01:58:26.547209,27.175166,0.955136,-0.021729,0.005121,0.295325,-0.178778,0.324091,0.005582,-0.008522,0.000000,-0.004261,-2.206009,1.295927,34.337874
247003.0,2025-12-15T01:58:26.606291,27.234248,0.954785,-0.021638,0.007064,0.296426,-0.127842,0.340770,0.018711,-0.011718,-0.004261,-0.004261,-2.128639,1.508065,34.467318
247028.0,2025-12-15T01:58:26.606291,27.234248,0.954833,-0.019338,0.007214,0.296424,-0.118690,0.301665,0.003390,-0.006392,0.000000,-0.003196,-1.871807,1.446335,34.469809
247048.0,2025-12-15T01:58:26.607293,27.235251,0.954897,-0.017002,0.007416,0.296358,-0.097170,0.248739,0.002770,-0.002131,0.003196,-0.008522,-1.609249,1.388974,34.464622
247077.0,2025-12-15T01:58:26.666466,27.294424,0.954566,-0.016881,0.009401,0.297373,-0.046908,0.250778,0.013789,0.001065,0.002131,-0.021305,-1.526919,1.603719,34.585019
247102.0,2025-12-15T01:58:26.666466,27.294424,0.954798,-0.014527,0.009160,0.296758,-0.033137,0.183220,-0.002395,0.001065,0.004261,-0.056459,-1.278515,1.496367,34.514573
247127.0,2025-12-15T01:58:26.725713,27.353671,0.954847,-0.012214,0.009145,0.296705,-0.077343,0.234275,0.008204,-0.006392,-0.002131,-0.007457,-1.025840,1.415985,34.511120
247152.0,2025-12-15T01:58:26.726712,27.354670,0.954859,-0.009881,0.008993,0.296758,-0.032214,0.124464,-0.000344,-0.004261,-0.001065,0.002131,-0.775618,1.320131,34.520166
247174.0,2025-12-15T01:58:26.786394,27.414352,0.954893,-0.007558,0.008880,0.296722,-0.020941,0.088886,-0.001218,-0.003196,0.004261,-0.005326,-0.525162,1.228740,34.518496
247202.0,2025-12-15T01:58:26.787394,27.415352,0.954475,-0.007626,0.010860,0.297996,0.026365,0.111864,0.007864,-0.005326,0.008522,-0.005326,-0.463381,1.448349,34.671901
247226.0,2025-12-15T01:58:26.788417,27.416374,0.954512,-0.005502,0.009911,0.297959,0.006235,0.051896,0.003967,-0.003196,0.003196,-0.005326,-0.263476,1.272004,34.669462
247252.0,2025-12-15T01:58:26.845947,27.473904,0.954529,-0.003251,0.009254,0.297958,-0.000227,0.022646,0.000428,-0.002131,0.002131,-0.002131,-0.039599,1.123277,34.671279
247272.0,2025-12-15T01:58:26.846965,27.474923,0.954547,-0.002269,0.007089,0.297966,-0.017133,-0.014938,0.015794,-0.002131,0.000000,0.000000,-0.006145,0.852914,34.671912
247305.0,2025-12-15T01:58:26.906079,27.534037,0.954166,-0.002422,0.008992,0.299132,0.016547,-0.012135,0.007552,-0.009587,-0.007457,0.000000,0.043397,1.066251,34.812938
247330.0,2025-12-15T01:58:26.907067,27.535025,0.954189,-0.002740,0.006513,0.299120,-0.041418,-0.007035,0.000294,-0.012783,-0.005326,-0.001065,-0.076389,0.806089,34.809846
247355.0,2025-12-15T01:58:26.966205,27.594163,0.954179,-0.002049,0.008723,0.299102,-0.017657,0.001267,0.005430,-0.006392,-0.002131,-0.002131,0.074911,1.024120,34.809484
247381.0,2025-12-15T01:58:26.967208,27.595165,0.953845,-0.002064,0.010831,0.300097,0.025291,0.000150,-0.001702,-0.002131,0.001065,-0.004261,0.146860,1.254941,34.930602
247406.0,2025-12-15T01:58:27.025761,27.653718,0.953868,-0.002581,0.008510,0.300094,-0.001265,0.001312,0.005151,-0.005326,0.003196,0.000000,0.010470,1.018990,34.928060
247426.0,2025-12-15T01:58:27.025761,27.653718,0.953844,-0.002508,0.010896,0.300095,0.013731,0.004654,0.000938,-0.004261,0.002131,0.000000,0.100582,1.277269,34.929971
247458.0,2025-12-15T01:58:27.028285,27.656243,0.953870,-0.002224,0.008576,0.300088,-0.012640,-0.005049,-0.001816,-0.003196,0.004261,-0.001065,0.051872,1.013924,34.927655
247484.0,2025-12-15T01:58:27.086228,27.714186,0.953536,-0.002264,0.010715,0.301079,0.042333,0.014330,0.013370,0.000000,0.001065,0.000000,0.122276,1.248974,35.048357
247509.0,2025-12-15T01:58:27.087217,27.715175,0.953559,-0.002778,0.008377,0.301076,-0.011599,-0.000715,0.010085,-0.002131,0.000000,0.000000,-0.014486,1.011263,35.045724
247529.0,2025-12-15T01:58:27.088217,27.716175,0.953535,-0.003058,0.010789,0.301073,0.032008,0.014490,0.010074,-0.001065,0.004261,0.000000,0.038036,1.284469,35.046804
247558.0,2025-12-15T01:58:27.146446,27.774404,0.953558,-0.001889,0.008805,0.301074,-0.006620,-0.007464,0.001760,-0.001065,0.006392,-0.001065,0.097415,1.027278,35.046592
247584.0,2025-12-15T01:58:27.147433,27.775391,0.953177,-0.001982,0.010895,0.302209,0.036117,-0.009704,0.000603,0.000000,0.005326,-0.001065,0.160895,1.258794,35.184652
247607.0,2025-12-15T01:58:27.206850,27.834808,0.953203,-0.002888,0.008721,0.302190,-0.007655,0.001813,0.010132,-0.003196,0.005326,-0.001065,-0.013420,1.052622,35.179805
247635.0,2025-12-15T01:58:27.207857,27.835815,0.953191,-0.001024,0.010219,0.302195,0.026732,-0.017286,0.016080,-0.001065,0.005326,-0.001065,0.242063,1.151701,35.183285
247657.0,2025-12-15T01:58:27.266689,27.894647,0.953213,-0.002970,0.008930,0.302152,-0.006606,0.005857,0.008959,0.003196,0.003196,-0.002131,-0.015205,1.078333,35.175311
247685.0,2025-12-15T01:58:27.266689,27.894647,0.952805,-0.003018,0.010945,0.303371,0.028998,-0.003368,0.014000,0.003196,0.004261,-0.003196,0.050963,1.300045,35.323273
247710.0,2025-12-15T01:58:27.326417,27.954375,0.952843,-0.002538,0.008716,0.303328,0.000583,0.000852,0.008785,-0.001065,0.008522,-0.004261,0.025867,1.039910,35.316998
247735.0,2025-12-15T01:58:27.326417,27.954375,0.952849,-0.004678,0.009935,0.303248,0.007328,0.032660,0.022122,-0.001065,0.008522,-0.005326,-0.165559,1.247495,35.305950
247760.0,2025-12-15T01:58:27.327744,27.955702,0.952923,-0.003470,0.008025,0.303088,-0.009619,-0.012187,0.002963,0.001065,0.010653,-0.014914,-0.100234,0.996871,35.286810
247783.0,2025-12-15T01:58:27.386672,28.014630,0.952680,-0.003498,0.010209,0.303785,0.054688,0.006220,0.026411,0.002131,0.009587,-0.035154,-0.026501,1.236372,35.371947
247803.0,2025-12-15T01:58:27.386672,28.014630,0.952819,-0.001158,0.010330,0.303362,-0.005646,0.020541,0.003250,-0.001065,0.006392,-0.039415,0.232723,1.168202,35.323662
247836.0,2025-12-15T01:58:27.446375,28.074333,0.952841,-0.002699,0.008591,0.303337,-0.001907,0.002228,0.015968,0.001065,0.007457,-0.001065,0.003922,1.031938,35.317825
247861.0,2025-12-15T01:58:27.447273,28.075231,0.952877,-0.005044,0.008989,0.303181,-0.003632,0.032748,-0.004347,0.006392,0.012783,-0.011718,-0.238450,1.156879,35.297058
247887.0,2025-12-15T01:58:27.506707,28.134665,0.952489,-0.004990,0.010970,0.304335,0.056946,0.031990,0.007305,0.013848,0.013848,-0.027697,-0.162116,1.371481,35.437018
247907.0,2025-12-15T01:58:27.506707,28.134665,0.953362,-0.006341,0.010087,0.301594,0.168144,-0.103988,0.000887,0.057524,0.039415,-0.238619,-0.344208,1.321290,35.105281
247940.0,2025-12-15T01:58:27.507699,28.135656,0.955027,-0.003569,0.013384,0.296195,0.057539,-0.020060,-0.113490,0.127832,0.115049,-0.475108,0.063709,1.586108,34.462727
247963.0,2025-12-15T01:58:27.566702,28.194660,0.956559,0.000524,0.015469,0.291127,0.062335,0.175477,0.036178,0.220510,0.176834,-0.444215,0.573723,1.678388,33.863422
247990.0,2025-12-15T01:58:27.566702,28.194660,0.957221,0.005054,0.022920,0.288405,0.207519,0.048903,-0.050623,0.500674,0.324906,-0.333428,1.313082,2.347675,33.561427
248012.0,2025-12-15T01:58:27.626442,28.254400,0.958660,0.014676,0.029926,0.282595,0.640601,-0.096665,0.162220,1.045024,0.502805,-0.486826,2.585293,2.813375,32.912566
248039.0,2025-12-15T01:58:27.626442,28.254400,0.961674,0.032153,0.040973,0.269202,1.039297,-0.260705,0.391753,1.800297,0.623180,-1.122789,4.822065,3.525614,31.425574
248064.0,2025-12-15T01:58:27.627442,28.255399,0.965219,0.049079,0.059392,0.249834,1.646223,-1.145491,-0.064605,2.024002,1.119593,-1.631985,7.176592,5.171086,29.347988
248093.0,2025-12-15T01:58:27.686687,28.314645,0.965760,0.074614,0.078787,0.235655,2.581668,-1.404433,-0.128091,2.637595,0.858603,-1.247425,10.515688,6.719653,28.044672
248119.0,2025-12-15T01:58:27.686687,28.314645,0.965918,0.085837,0.080825,0.230437,4.300337,-4.060462,-2.206056,1.166465,-0.021305,-0.355798,11.798343,6.694857,27.528749
248136.0,2025-12-15T01:58:27.746553,28.374511,0.966504,0.079495,0.077398,0.231429,3.471731,-4.136858,-1.966603,-0.402670,-0.106526,0.063916,10.993977,6.477730,27.555846
248167.0,2025-12-15T01:58:27.746553,28.374511,0.966989,0.067317,0.074254,0.234282,3.193034,-1.863005,-0.407978,-0.903344,0.096939,0.164051,9.556966,6.434205,27.776834
248195.0,2025-12-15T01:58:27.806952,28.434910,0.966645,0.066746,0.075432,0.235484,2.991837,-1.716985,-0.224594,0.113983,0.025566,-0.012783,9.535184,6.568807,27.930720
248220.0,2025-12-15T01:58:27.806952,28.434910,0.966926,0.067502,0.074205,0.234504,3.386984,-2.752424,-1.096954,0.220510,-0.041545,-0.066046,9.577796,6.421574,27.803466
248245.0,2025-12-15T01:58:27.808005,28.435963,0.967178,0.065182,0.072513,0.234649,3.159375,-2.646822,-0.912452,-0.043676,-0.015979,0.009587,9.269957,6.296605,27.785249
248268.0,2025-12-15T01:58:27.866280,28.494238,0.967397,0.063419,0.071204,0.234630,3.123652,-2.409061,-0.769190,0.007457,0.010653,-0.003196,9.034824,6.200271,27.756593
248295.0,2025-12-15T01:58:27.866280,28.494238,0.967214,0.061093,0.071946,0.235771,3.176164,-2.472105,-0.844339,-0.021305,0.018109,0.003196,8.803212,6.336429,27.887123
248320.0,2025-12-15T01:58:27.925802,28.553760,0.967432,0.058737,0.070565,0.235896,3.142127,-2.359003,-0.772421,-0.043676,0.019175,0.005326,8.500472,6.247402,27.871646
248351.0,2025-12-15T01:58:27.926807,28.554765,0.967637,0.056415,0.069235,0.236015,3.081202,-2.323848,-0.750888,-0.039415,0.022371,0.005326,8.203146,6.163124,27.856991
248375.0,2025-12-15T01:58:27.986527,28.614485,0.967425,0.054409,0.069935,0.237145,3.095185,-2.243810,-0.726214,0.003196,0.015979,-0.005326,8.006269,6.286993,27.987101
248400.0,2025-12-15T01:58:27.986527,28.614485,0.967629,0.052751,0.068642,0.237063,3.096029,-2.240561,-0.731180,0.014914,0.014914,-0.007457,7.783014,6.190220,27.953408
248420.0,2025-12-15T01:58:27.987528,28.615486,0.967833,0.050791,0.067162,0.237084,3.066832,-2.215354,-0.726912,-0.013848,0.006392,0.000000,7.521427,6.080195,27.928662
248449.0,2025-12-15T01:58:28.045964,28.673922,0.968031,0.048978,0.065706,0.237067,3.001520,-2.170465,-0.671749,-0.001065,0.005326,-0.002131,7.276847,5.968928,27.901228
248475.0,2025-12-15T01:58:28.046966,28.674923,0.967799,0.047186,0.066577,0.238130,3.027495,-2.146461,-0.675268,0.014914,0.007457,-0.006392,7.108243,6.107476,28.026146
248496.0,2025-12-15T01:58:28.106342,28.734300,0.967993,0.045746,0.065416,0.237944,3.017034,-2.121471,-0.665032,0.035154,0.023436,-0.014914,6.912742,6.019916,27.984248
248523.0,2025-12-15T01:58:28.108345,28.736302,0.968183,0.043896,0.063891,0.237933,2.970753,-2.135807,-0.680770,-0.005326,0.001065,-0.001065,6.662291,5.902040,27.957737
248550.0,2025-12-15T01:58:28.166981,28.794939,0.968367,0.041770,0.062391,0.237968,2.934043,-2.085629,-0.619614,-0.027697,0.009587,0.001065,6.382188,5.794170,27.936030
248579.0,2025-12-15T01:58:28.168043,28.796001,0.968245,0.039980,0.063032,0.238599,2.910652,-1.992662,-0.608589,0.024501,0.035154,-0.063916,6.204376,5.910960,28.007128
248605.0,2025-12-15T01:58:28.168555,28.796513,0.968630,0.039311,0.062542,0.237272,2.980288,-2.006259,-0.619190,0.115049,0.061785,-0.109722,6.107537,5.883421,27.842004
248635.0,2025-12-15T01:58:28.285657,28.913615,0.968812,0.037877,0.061006,0.237163,2.889630,-2.233659,-0.672787,0.031958,-0.013848,-0.005326,5.903149,5.753047,27.807625
248659.0,2025-12-15T01:58:28.286598,28.914556,0.968964,0.035594,0.059833,0.237195,2.902457,-2.035538,-0.634307,-0.034088,0.040480,0.000000,5.615056,5.685391,27.789234
248684.0,2025-12-15T01:58:28.286598,28.914556,0.968686,0.033326,0.060138,0.238581,2.893379,-1.821465,-0.544069,-0.031958,0.005326,-0.002131,5.378602,5.774186,27.943867
248708.0,2025-12-15T01:58:28.288104,28.916062,0.968940,0.032271,0.058886,0.238006,2.809626,-1.934874,-0.560286,0.066046,0.009587,-0.044741,5.221837,5.667320,27.859915
248753.0,2025-12-15T01:58:28.346032,28.973990,0.969379,0.030335,0.056968,0.236938,2.883165,-2.005046,-0.614110,0.067112,0.019175,-0.027697,4.945408,5.513030,27.708450
248784.0,2025-12-15T01:58:28.346912,28.974870,0.969068,0.028163,0.057712,0.238294,2.843704,-1.928773,-0.587482,-0.024501,0.014914,0.002131,4.731648,5.648889,27.863460
248809.0,2025-12-15T01:58:28.406379,29.034336,0.969214,0.026388,0.056186,0.238266,2.818083,-1.847624,-0.536275,-0.002131,0.007457,-0.001065,4.490282,5.528334,27.839633
248829.0,2025-12-15T01:58:28.407351,29.035309,0.969375,0.024983,0.054931,0.238054,2.780133,-1.860053,-0.540190,0.035154,0.020240,-0.014914,4.296939,5.428502,27.798517
248858.0,2025-12-15T01:58:28.466578,29.094536,0.969532,0.023586,0.053545,0.237876,2.777846,-1.861074,-0.550158,0.033023,0.009587,-0.011718,4.101039,5.313593,27.761015
248880.0,2025-12-15T01:58:28.466578,29.094536,0.969205,0.021741,0.054346,0.239196,2.764865,-1.833852,-0.535156,0.000000,0.012783,-0.003196,3.925040,5.448046,27.913507
248902.0,2025-12-15T01:58:28.467685,29.095643,0.969338,0.019961,0.052802,0.239161,2.746595,-1.772061,-0.505420,-0.003196,0.007457,-0.001065,3.682773,5.325761,27.890429
248927.0,2025-12-15T01:58:28.526392,29.154350,0.969476,0.018340,0.051330,0.239053,2.704346,-1.754794,-0.477085,0.011718,0.009587,-0.006392,3.459899,5.207172,27.860656
248948.0,2025-12-15T01:58:28.526392,29.154350,0.969630,0.017066,0.050053,0.238790,2.692879,-1.754464,-0.489223,0.044741,0.018109,-0.018109,3.280588,5.101169,27.815926
248977.0,2025-12-15T01:58:28.586575,29.214532,0.969331,0.015679,0.050398,0.240025,2.714155,-1.747020,-0.505669,0.040480,0.012783,-0.021305,3.142115,5.173906,27.957637
249001.0,2025-12-15T01:58:28.646366,29.274324,0.969511,0.013496,0.048640,0.239793,2.683375,-1.722849,-0.503344,-0.039415,-0.002131,-0.019175,2.848072,5.039396,27.910135
249022.0,2025-12-15T01:58:28.647472,29.275430,0.969769,0.011049,0.047059,0.239190,2.596489,-1.640231,-0.427827,-0.056459,0.018109,-0.052198,2.527857,4.932782,27.819430
249051.0,2025-12-15T01:58:28.648428,29.276386,0.969952,0.009179,0.045372,0.238851,2.554240,-1.616654,-0.429061,-0.012783,-0.001065,-0.026632,2.270600,4.797421,27.762883
249103.0,2025-12-15T01:58:28.705949,29.333906,0.969740,0.005461,0.044225,0.240039,2.517256,-1.559567,-0.410492,-0.012783,0.006392,-0.003196,1.830021,4.769794,27.882029
249126.0,2025-12-15T01:58:28.706942,29.334899,0.969841,0.003801,0.042678,0.239942,2.475178,-1.526326,-0.390734,0.005326,0.008522,-0.004261,1.601382,4.643632,27.857241
249146.0,2025-12-15T01:58:28.707948,29.335906,0.969946,0.002195,0.041161,0.239805,2.462088,-1.524703,-0.386649,0.010653,0.009587,-0.007457,1.379468,4.519270,27.828568
249172.0,2025-12-15T01:58:28.766524,29.394482,0.969566,0.000644,0.041856,0.241225,2.483680,-1.495686,-0.388890,0.012783,0.009587,-0.009587,1.232691,4.637589,27.992581
249198.0,2025-12-15T01:58:28.767459,29.395417,0.969667,-0.001075,0.040261,0.241088,2.418994,-1.457948,-0.371149,-0.001065,0.007457,-0.007457,0.996013,4.508019,27.963908
249216.0,2025-12-15T01:58:28.825953,29.453911,0.969786,-0.002556,0.038769,0.240842,2.387130,-1.426252,-0.345399,0.020240,0.011718,-0.015979,0.788230,4.383174,27.924171
249244.0,2025-12-15T01:58:28.826956,29.454914,0.969912,-0.003912,0.037179,0.240567,2.369338,-1.424011,-0.351587,0.028762,0.001065,-0.018109,0.591770,4.243902,27.881784
249270.0,2025-12-15T01:58:28.887055,29.515013,0.969563,-0.005539,0.037989,0.241811,2.379833,-1.401836,-0.339710,0.001065,0.011718,-0.026632,0.438524,4.378482,28.024778
249299.0,2025-12-15T01:58:28.887055,29.515013,0.969802,-0.007124,0.036480,0.241047,2.362167,-1.362629,-0.340351,0.011718,0.014914,-0.060720,0.216579,4.254686,27.924416
249325.0,2025-12-15T01:58:28.888059,29.516017,0.970069,-0.008629,0.035074,0.240127,2.276508,-1.366033,-0.315523,0.022371,0.019175,-0.073503,0.005879,4.139889,27.806818
249349.0,2025-12-15T01:58:28.946554,29.574512,0.970194,-0.010100,0.033510,0.239787,2.286814,-1.344239,-0.310694,0.019175,0.007457,-0.023436,-0.202556,4.006326,27.758241
249376.0,2025-12-15T01:58:28.947406,29.575364,0.969831,-0.011429,0.034371,0.241071,2.291822,-1.308201,-0.305242,0.021305,0.010653,-0.026632,-0.321529,4.139184,27.906591
249399.0,2025-12-15T01:58:29.006861,29.634819,0.970010,-0.012718,0.032959,0.240484,2.263752,-1.314548,-0.299378,0.037284,0.017044,-0.043676,-0.506676,4.017339,27.830193
249425.0,2025-12-15T01:58:29.006861,29.634819,0.970160,-0.014259,0.031381,0.240005,2.240462,-1.323048,-0.312623,0.013848,0.007457,-0.035154,-0.723794,3.883829,27.765980
249446.0,2025-12-15T01:58:29.007927,29.635885,0.970211,-0.016360,0.029596,0.239889,2.172368,-1.270466,-0.283816,-0.037284,0.002131,-0.005326,-1.007443,3.742825,27.743272
249472.0,2025-12-15T01:58:29.065832,29.693789,0.969807,-0.017819,0.030692,0.241279,2.183387,-1.184121,-0.250200,-0.001065,0.008522,-0.012783,-1.134361,3.906526,27.903353
249494.0,2025-12-15T01:58:29.066817,29.694775,0.969925,-0.018978,0.029169,0.240905,2.172477,-1.230052,-0.288064,0.043676,0.007457,-0.024501,-1.307083,3.768575,27.854191
249519.0,2025-12-15T01:58:29.126381,29.754339,0.970042,-0.020522,0.027712,0.240477,2.142349,-1.235681,-0.285937,0.014914,0.019175,-0.029827,-1.520819,3.648453,27.797844
249542.0,2025-12-15T01:58:29.126381,29.754339,0.970078,-0.022355,0.025891,0.240371,2.118819,-1.190565,-0.265509,-0.018109,-0.003196,-0.003196,-1.775450,3.496007,27.779314
249562.0,2025-12-15T01:58:29.127380,29.755338,0.970111,-0.024162,0.024126,0.240249,2.043817,-1.147042,-0.230420,-0.014914,0.001065,-0.004261,-2.025683,3.349149,27.759773
249594.0,2025-12-15T01:58:29.185775,29.813733,0.969683,-0.025442,0.024723,0.241779,2.072116,-1.133795,-0.246134,0.012783,0.003196,-0.018109,-2.146523,3.454127,27.936321
249616.0,2025-12-15T01:58:29.186740,29.814698,0.969735,-0.027289,0.022974,0.241540,2.000872,-1.103895,-0.239578,-0.018109,0.004261,-0.013848,-2.401248,3.310083,27.903718
249648.0,2025-12-15T01:58:29.246363,29.874321,0.969838,-0.029039,0.021316,0.241074,1.986776,-1.056797,-0.221314,-0.009587,0.012783,-0.033023,-2.643346,3.172770,27.845127
249666.0,2025-12-15T01:58:29.247373,29.875331,0.969459,-0.030305,0.022671,0.242316,1.974151,-0.955992,-0.206691,0.001065,0.021305,-0.031958,-2.742854,3.361916,27.986553
249691.0,2025-12-15T01:58:29.306754,29.934712,0.969554,-0.031210,0.021074,0.241964,1.966835,-0.996891,-0.199601,0.057524,0.004261,-0.021305,-2.888957,3.208439,27.944325
249710.0,2025-12-15T01:58:29.306754,29.934712,0.969632,-0.032280,0.019566,0.241637,1.952064,-1.081676,-0.229372,0.050067,0.008522,-0.019175,-3.050696,3.069235,27.904977
249735.0,2025-12-15T01:58:29.307749,29.935707,0.969676,-0.034130,0.017908,0.241336,1.934318,-1.005753,-0.197338,-0.019175,0.015979,-0.018109,-3.303313,2.935068,27.867353
249765.0,2025-12-15T01:58:29.366368,29.994325,0.969220,-0.035518,0.018525,0.242914,1.871272,-0.970540,-0.178717,-0.014914,-0.007457,-0.018109,-3.436108,3.047543,28.048785
249784.0,2025-12-15T01:58:29.367256,29.995214,0.969243,-0.036944,0.017024,0.242719,1.848177,-0.955519,-0.166294,0.018109,0.020240,-0.007457,-3.636883,2.919614,28.025228
249808.0,2025-12-15T01:58:29.426005,30.053963,0.969279,-0.038188,0.015444,0.242488,1.871547,-0.964872,-0.184277,0.030893,0.010653,-0.010653,-3.819811,2.777584,27.998590
249833.0,2025-12-15T01:58:29.427011,30.054969,0.969245,-0.040005,0.013694,0.242439,1.802920,-0.930729,-0.176710,-0.019175,0.007457,0.004261,-4.070500,2.633325,27.993137
249857.0,2025-12-15T01:58:29.428139,30.056097,0.969222,-0.041627,0.011944,0.242349,1.752061,-0.867497,-0.130996,-0.005326,0.006392,0.001065,-4.299637,2.483337,27.984074
249884.0,2025-12-15T01:58:29.486163,30.114121,0.968734,-0.042543,0.012832,0.244088,1.772612,-0.898570,-0.169708,0.023436,0.005326,-0.006392,-4.372494,2.615346,28.184588
249906.0,2025-12-15T01:58:29.487109,30.115067,0.968708,-0.044222,0.011115,0.243979,1.750695,-0.856472,-0.166806,-0.009587,0.010653,0.000000,-4.607374,2.470900,28.173660
249928.0,2025-12-15T01:58:29.546774,30.174731,0.968671,-0.045944,0.009269,0.243885,1.699191,-0.789698,-0.113079,-0.018109,0.004261,0.001065,-4.850511,2.313504,28.165560
249953.0,2025-12-15T01:58:29.546774,30.174731,0.968691,-0.047198,0.007592,0.243622,1.653125,-0.807935,-0.108182,0.025566,0.006392,-0.012783,-5.037319,2.160931,28.138760
249977.0,2025-12-15T01:58:29.547775,30.175733,0.968250,-0.047810,0.008522,0.245223,1.678792,-0.848158,-0.148096,0.044741,0.010653,-0.023436,-5.075927,2.289593,28.322792
250004.0,2025-12-15T01:58:29.606156,30.234113,0.968344,-0.049157,0.006985,0.244633,1.637916,-0.831402,-0.139294,0.023436,0.018109,-0.040480,-5.270001,2.153588,28.256848
250024.0,2025-12-15T01:58:29.607164,30.235122,0.968511,-0.050836,0.005528,0.243662,1.642282,-0.761733,-0.136655,-0.005326,0.038350,-0.072438,-5.499496,2.033384,28.145622
250047.0,2025-12-15T01:58:29.608163,30.236120,0.968650,-0.052682,0.003703,0.242751,1.562227,-0.661968,-0.082953,-0.030893,0.017044,-0.068177,-5.757423,1.876831,28.043583
250072.0,2025-12-15T01:58:29.666649,30.294607,0.968193,-0.053160,0.004716,0.244445,1.540391,-0.715313,-0.088866,0.047937,0.005326,-0.017044,-5.779159,2.012693,28.237690
250096.0,2025-12-15T01:58:29.666649,30.294607,0.968230,-0.054244,0.003228,0.244088,1.605006,-0.736479,-0.111955,0.040480,0.022371,-0.019175,-5.941961,1.875701,28.201153
250124.0,2025-12-15T01:58:29.726224,30.354182,0.968173,-0.055855,0.001369,0.243965,1.544682,-0.702064,-0.099198,-0.010653,0.002131,0.000000,-6.173200,1.713609,28.194083
250148.0,2025-12-15T01:58:29.726224,30.354182,0.968129,-0.057220,-0.000411,0.243826,1.468576,-0.650543,-0.089293,0.009587,0.005326,-0.001065,-6.374964,1.553334,28.185714
250169.0,2025-12-15T01:58:29.786590,30.414548,0.967641,-0.057765,0.000704,0.245630,1.506851,-0.660397,-0.091006,0.031958,0.003196,-0.005326,-6.401470,1.704253,28.391407
250192.0,2025-12-15T01:58:29.787472,30.415430,0.967609,-0.058989,-0.000988,0.245462,1.487944,-0.682133,-0.107158,0.024501,0.007457,-0.003196,-6.585436,1.549867,28.379723
250215.0,2025-12-15T01:58:29.788469,30.416427,0.967537,-0.060501,-0.002769,0.245366,1.433271,-0.635121,-0.077910,-0.002131,0.007457,0.003196,-6.803707,1.394270,28.377359
250245.0,2025-12-15T01:58:29.845783,30.473741,0.967485,-0.061759,-0.004540,0.245233,1.377403,-0.591094,-0.047473,0.017044,0.005326,0.000000,-6.993514,1.232330,28.371588
250268.0,2025-12-15T01:58:29.846779,30.474737,0.967009,-0.062254,-0.003181,0.246999,1.444832,-0.617485,-0.086339,0.026632,0.003196,0.000000,-7.007992,1.409719,28.570543
250287.0,2025-12-15T01:58:29.908772,30.536730,0.966956,-0.063705,-0.005056,0.246804,1.406097,-0.610916,-0.068954,0.000000,0.000000,-0.005326,-7.222599,1.241571,28.558374
250311.0,2025-12-15T01:58:29.909772,30.537730,0.966875,-0.065531,-0.007031,0.246594,1.344151,-0.575382,-0.070154,-0.033023,0.000000,-0.006392,-7.481752,1.072752,28.545464
250336.0,2025-12-15T01:58:29.909772,30.537730,0.966787,-0.067282,-0.009038,0.246402,1.262699,-0.489363,-0.032349,-0.031958,0.001065,-0.004261,-7.733430,0.898486,28.536004
250360.0,2025-12-15T01:58:29.966777,30.594734,0.966803,-0.068279,-0.010597,0.246002,1.228325,-0.490374,-0.033098,0.039415,0.022371,-0.021305,-7.888723,0.750761,28.500028
250384.0,2025-12-15T01:58:29.968793,30.596751,0.966362,-0.068527,-0.009455,0.247707,1.320512,-0.568181,-0.075436,0.043676,-0.001065,-0.018109,-7.882694,0.898199,28.692156
250407.0,2025-12-15T01:58:29.968793,30.596751,0.966209,-0.070690,-0.011451,0.247613,1.230439,-0.499878,-0.063663,-0.062851,0.006392,0.005326,-8.180114,0.737922,28.695254
250431.0,2025-12-15T01:58:30.026670,30.654628,0.966083,-0.072342,-0.013324,0.247534,1.145875,-0.398321,0.005878,-0.025566,0.013848,0.007457,-8.417244,0.577039,28.700357
250454.0,2025-12-15T01:58:30.026670,30.654628,0.966030,-0.073281,-0.015111,0.247360,1.137637,-0.483306,-0.047199,0.041545,-0.002131,-0.003196,-8.572611,0.404367,28.694570
250483.0,2025-12-15T01:58:30.085809,30.713767,0.965426,-0.074150,-0.014208,0.249504,1.176837,-0.423170,-0.046271,-0.015979,0.017044,0.008522,-8.642507,0.548137,28.939377
250502.0,2025-12-15T01:58:30.088348,30.716306,0.965343,-0.075542,-0.016139,0.249291,1.143173,-0.448964,-0.030143,-0.001065,-0.001065,-0.005326,-8.852852,0.372625,28.930738
250526.0,2025-12-15T01:58:30.088348,30.716306,0.965200,-0.077348,-0.017995,0.249165,1.073656,-0.451895,-0.025479,-0.029827,0.008522,0.003196,-9.107154,0.218172,28.932205
250549.0,2025-12-15T01:58:30.146261,30.774219,0.965051,-0.079026,-0.019911,0.249069,1.020764,-0.324978,-0.008699,-0.031958,0.013848,0.007457,-9.348979,0.053608,28.938849
250576.0,2025-12-15T01:58:30.147264,30.775222,0.964604,-0.079340,-0.018430,0.250809,1.068193,-0.330863,-0.019838,0.009587,0.000000,-0.002131,-9.341016,0.243093,29.129856
250600.0,2025-12-15T01:58:30.207378,30.835336,0.964496,-0.080717,-0.020363,0.250635,1.021991,-0.331727,-0.018340,-0.007457,0.006392,0.000000,-9.550102,0.067700,29.127919
250621.0,2025-12-15T01:58:30.266935,30.894893,0.964378,-0.082074,-0.022338,0.250479,0.964088,-0.274010,0.003631,-0.011718,0.007457,0.002131,-9.758264,-0.112774,29.129198
250645.0,2025-12-15T01:58:30.266935,30.894893,0.964284,-0.083212,-0.024297,0.250284,0.941011,-0.288116,0.010160,0.008522,0.002131,-0.002131,-9.941657,-0.298179,29.126523
250670.0,2025-12-15T01:58:30.268261,30.896219,0.963720,-0.083681,-0.023422,0.252375,0.960504,-0.287725,-0.010069,-0.002131,0.004261,0.000000,-9.968881,-0.166547,29.364227
250692.0,2025-12-15T01:58:30.268261,30.896219,0.963598,-0.084967,-0.025415,0.252218,0.907481,-0.257782,0.004807,-0.006392,0.004261,0.002131,-10.170114,-0.350590,29.366965
250721.0,2025-12-15T01:58:30.325969,30.953927,0.963492,-0.086150,-0.027407,0.252013,0.869311,-0.243216,0.003260,0.001065,0.003196,-0.002131,-10.359976,-0.538075,29.364820
250741.0,2025-12-15T01:58:30.326981,30.954939,0.963366,-0.087406,-0.029404,0.251838,0.829044,-0.221770,0.005462,-0.006392,0.005326,0.001065,-10.558147,-0.723631,29.367043
250766.0,2025-12-15T01:58:30.387239,31.015197,0.962799,-0.087721,-0.028645,0.253973,0.824741,-0.205425,0.019096,0.001065,0.003196,-0.001065,-10.572264,-0.607455,29.610644
250788.0,2025-12-15T01:58:30.389504,31.017462,0.962685,-0.088871,-0.030632,0.253774,0.790402,-0.209996,0.019205,0.002131,0.004261,-0.001065,-10.758819,-0.794767,29.610463
250813.0,2025-12-15T01:58:30.446061,31.074019,0.962559,-0.090032,-0.032669,0.253589,0.758268,-0.169267,0.019746,-0.005326,0.005326,0.001065,-10.948109,-0.987195,29.613372
250837.0,2025-12-15T01:58:30.447058,31.075016,0.962444,-0.091102,-0.034678,0.253375,0.703091,-0.173346,0.031519,0.005326,0.003196,-0.002131,-11.126426,-1.179595,29.613190
250861.0,2025-12-15T01:58:30.447058,31.075016,0.961960,-0.091202,-0.033464,0.255333,0.738976,-0.193660,0.020392,0.012783,0.002131,-0.003196,-11.103661,-1.020341,29.829696
250883.0,2025-12-15T01:58:30.448056,31.076014,0.961817,-0.092465,-0.035448,0.255149,0.698713,-0.157514,0.018325,-0.011718,0.010653,0.002131,-11.303240,-1.203521,29.833328
250910.0,2025-12-15T01:58:30.506574,31.134532,0.961698,-0.093492,-0.037522,0.254929,0.641001,-0.112215,0.033591,-0.002131,0.005326,-0.001065,-11.479232,-1.404003,29.834424
250934.0,2025-12-15T01:58:30.506574,31.134532,0.961597,-0.094430,-0.039482,0.254666,0.598861,-0.150067,0.026785,0.017044,0.004261,-0.006392,-11.641925,-1.595042,29.829563
250960.0,2025-12-15T01:58:30.566254,31.194212,0.961221,-0.094426,-0.037743,0.256348,0.672127,-0.088268,0.006452,0.010653,0.013848,-0.005326,-11.591853,-1.383682,30.005777
250981.0,2025-12-15T01:58:30.567260,31.195218,0.961080,-0.095454,-0.039986,0.256152,0.640702,0.051845,0.009433,-0.044741,0.017044,0.006392,-11.773513,-1.602041,30.012904
251006.0,2025-12-15T01:58:30.568431,31.196389,0.961116,-0.095261,-0.042099,0.255753,0.461944,0.154113,0.149257,0.008522,0.020240,-0.011718,-11.815041,-1.845111,29.993205
251030.0,2025-12-15T01:58:30.626116,31.254074,0.961590,-0.092827,-0.042538,0.254789,0.727734,-0.706577,-0.121282,0.373908,-0.018109,-0.093743,-11.555597,-1.977429,29.880970
251053.0,2025-12-15T01:58:30.627115,31.255073,0.961019,-0.097574,-0.043996,0.254923,0.693515,-0.377135,-0.096235,-0.246076,0.073503,0.041545,-12.128129,-1.995068,29.924645
251083.0,2025-12-15T01:58:30.686253,31.314210,0.960177,-0.100115,-0.043202,0.257238,0.493749,0.425192,0.138454,-0.240750,0.026632,0.041545,-12.391438,-1.802593,30.191232
251101.0,2025-12-15T01:58:30.688246,31.316204,0.960456,-0.098060,-0.045525,0.256586,0.525551,0.012842,0.103237,0.194943,-0.046872,-0.049002,-12.232096,-2.127779,30.142601
251125.0,2025-12-15T01:58:30.689249,31.317206,0.960583,-0.097948,-0.046018,0.256063,0.501323,-0.518834,-0.038980,0.186421,0.012783,-0.045806,-12.233548,-2.191947,30.087404
251151.0,2025-12-15T01:58:30.745651,31.373609,0.960002,-0.101966,-0.048077,0.256295,0.610628,0.102672,0.011383,-0.282295,0.089482,0.063916,-12.744041,-2.294827,30.151952
251176.0,2025-12-15T01:58:30.746652,31.374610,0.959590,-0.102315,-0.045841,0.258104,0.430673,0.436725,0.159198,-0.043676,0.067112,0.018109,-12.718494,-2.015011,30.334094
251199.0,2025-12-15T01:58:30.807641,31.435599,0.959702,-0.101645,-0.047216,0.257702,0.379644,-0.215629,0.001093,0.186421,-0.013848,-0.030893,-12.685220,-2.191459,30.304907
251222.0,2025-12-15T01:58:30.807641,31.435599,0.959361,-0.104364,-0.048207,0.257704,0.330402,-0.249424,-0.030233,-0.060720,0.045806,0.018109,-13.018186,-2.218274,30.324917
251246.0,2025-12-15T01:58:30.808810,31.436768,0.959152,-0.105576,-0.050250,0.257597,0.431500,0.149287,0.093946,-0.094809,0.050067,0.024501,-13.215728,-2.407302,30.345047
251275.0,2025-12-15T01:58:30.866254,31.494211,0.958701,-0.104993,-0.049387,0.259671,0.478674,0.072024,0.045109,0.038350,-0.013848,-0.008522,-13.129137,-2.302023,30.575641
251298.0,2025-12-15T01:58:30.867769,31.495727,0.958585,-0.105523,-0.051650,0.259444,0.365659,0.079023,0.032660,-0.027697,0.013848,0.006392,-13.257675,-2.537153,30.583744
251323.0,2025-12-15T01:58:30.925499,31.553457,0.958600,-0.104994,-0.053914,0.259146,0.343861,0.151821,0.065984,0.013848,0.002131,-0.002131,-13.268373,-2.805542,30.581589
251346.0,2025-12-15T01:58:30.926655,31.554613,0.958500,-0.105521,-0.055934,0.258873,0.342589,-0.083650,0.016153,0.044741,-0.007457,-0.008522,-13.389195,-3.014662,30.581747
251371.0,2025-12-15T01:58:30.987311,31.615269,0.957990,-0.105992,-0.054556,0.260855,0.325660,0.057050,0.049266,-0.046872,0.015979,0.009587,-13.404400,-2.821824,30.795743
251393.0,2025-12-15T01:58:30.987311,31.615269,0.957996,-0.105474,-0.056814,0.260560,0.264205,0.127174,0.066550,0.007457,0.003196,-0.001065,-13.416700,-3.089176,30.794453
251417.0,2025-12-15T01:58:30.988323,31.616281,0.957880,-0.105974,-0.059017,0.260294,0.243388,-0.012241,0.034571,0.015979,-0.002131,-0.003196,-13.540781,-3.318925,30.799005
251442.0,2025-12-15T01:58:31.106850,31.734808,0.957750,-0.106481,-0.061272,0.260042,0.191093,0.021361,0.044166,-0.008522,0.006392,0.002131,-13.667343,-3.553889,30.806700
251466.0,2025-12-15T01:58:31.107849,31.735807,0.957348,-0.106360,-0.059800,0.261910,0.236964,0.026482,0.035550,0.000000,0.004261,0.001065,-13.613956,-3.370071,31.003446
251489.0,2025-12-15T01:58:31.108846,31.736804,0.957244,-0.106632,-0.062096,0.261645,0.190620,0.032624,0.039027,-0.002131,0.003196,0.001065,-13.716157,-3.616808,31.009884
251562.0,2025-12-15T01:58:31.167464,31.795421,0.956636,-0.106921,-0.065303,0.262967,0.116442,0.015728,0.041481,-0.004261,0.002131,0.000000,-13.855799,-3.939874,31.219410
251584.0,2025-12-15T01:58:31.226322,31.854280,0.956547,-0.106991,-0.067588,0.262682,0.084369,0.025248,0.053070,-0.005326,0.006392,0.001065,-13.935955,-4.191626,31.223913
251608.0,2025-12-15T01:58:31.226322,31.854280,0.956386,-0.107686,-0.069744,0.262422,0.064279,-0.005617,0.028082,0.006392,0.001065,-0.002131,-14.081571,-4.409662,31.232305
251632.0,2025-12-15T01:58:31.227319,31.855277,0.956395,-0.106938,-0.071898,0.262112,-0.006960,-0.001872,0.049788,-0.012783,0.005326,0.001065,-14.066576,-4.672870,31.229422
251682.0,2025-12-15T01:58:31.285939,31.913897,0.955848,-0.106941,-0.072890,0.263829,-0.018484,-0.003136,0.046879,-0.006392,0.005326,0.002131,-14.107377,-4.756131,31.449582
251703.0,2025-12-15T01:58:31.287057,31.915015,0.956069,-0.105808,-0.070867,0.264037,0.015381,-0.002759,0.043994,-0.003196,0.005326,0.002131,-13.916415,-4.567432,31.434741
251727.0,2025-12-15T01:58:31.287939,31.915897,0.955795,-0.107758,-0.071780,0.263991,0.027122,-0.033290,0.018254,0.011718,0.000000,-0.002131,-14.162793,-4.606922,31.452914
251751.0,2025-12-15T01:58:31.346418,31.974376,0.955457,-0.110174,-0.072576,0.264001,-0.008787,0.016602,0.036405,-0.022371,0.009587,0.005326,-14.457678,-4.618136,31.478006
251781.0,2025-12-15T01:58:31.347442,31.975400,0.955081,-0.110031,-0.071065,0.265826,-0.011949,0.121177,0.072810,-0.009587,0.006392,0.002131,-14.400681,-4.430335,31.666701
251802.0,2025-12-15T01:58:31.407868,32.035826,0.955260,-0.108138,-0.072613,0.265541,0.000164,-0.006399,0.039545,0.014914,0.001065,-0.002131,-14.239569,-4.663186,31.652328
251826.0,2025-12-15T01:58:31.408872,32.036830,0.955518,-0.106040,-0.072580,0.265467,0.004956,-0.014522,0.054906,-0.015979,0.008522,0.004261,-14.004896,-4.726727,31.634117
251848.0,2025-12-15T01:58:31.466635,32.094593,0.955758,-0.103820,-0.073265,0.265293,-0.000405,-0.026354,0.053197,0.001065,0.003196,0.001065,-13.779676,-4.873833,31.615744
251874.0,2025-12-15T01:58:31.466635,32.094593,0.955314,-0.103679,-0.072009,0.267283,0.029630,-0.077434,0.043499,0.005326,0.001065,0.000000,-13.732419,-4.712712,31.829533
251896.0,2025-12-15T01:58:31.467632,32.095590,0.955042,-0.105968,-0.071937,0.267378,0.012154,-0.040090,0.053520,0.003196,0.004261,0.000000,-13.984903,-4.630991,31.849075
251925.0,2025-12-15T01:58:31.526622,32.154580,0.954737,-0.108327,-0.072335,0.267416,-0.000006,0.002487,0.045416,-0.007457,0.005326,0.001065,-14.260330,-4.599164,31.870074
251949.0,2025-12-15T01:58:31.527621,32.155579,0.955000,-0.106177,-0.072374,0.267326,-0.001507,0.010248,0.046905,-0.011718,0.007457,0.003196,-14.022197,-4.672864,31.851251
251976.0,2025-12-15T01:58:31.587789,32.215747,0.954495,-0.105964,-0.071451,0.269453,0.024313,0.025045,0.063277,0.004261,0.002131,-0.001065,-13.978052,-4.548065,32.086486
251998.0,2025-12-15T01:58:31.588787,32.216745,0.954212,-0.107992,-0.072336,0.269417,0.010034,-0.012260,0.047294,0.006392,0.001065,-0.001065,-14.232506,-4.580388,32.105672
252022.0,2025-12-15T01:58:31.589788,32.217746,0.954472,-0.105830,-0.072525,0.269301,0.003904,-0.018986,0.050645,-0.010653,0.006392,0.002131,-13.998109,-4.671624,32.086273
252043.0,2025-12-15T01:58:31.646778,32.274736,0.954660,-0.103901,-0.073738,0.269056,-0.009088,-0.030700,0.051407,-0.004261,0.004261,0.000000,-13.822962,-4.869053,32.069831
252066.0,2025-12-15T01:58:31.646778,32.274736,0.954100,-0.103747,-0.073079,0.271273,0.006583,-0.050695,0.052747,0.003196,0.002131,0.000000,-13.794810,-4.770340,32.320769
252102.0,2025-12-15T01:58:31.707275,32.335233,0.953836,-0.106059,-0.072636,0.271426,0.004771,-0.041458,0.053447,-0.001065,0.003196,0.001065,-14.037279,-4.645610,32.340927
252121.0,2025-12-15T01:58:31.708297,32.336255,0.953614,-0.107190,-0.074670,0.271210,-0.032251,0.008220,0.052159,-0.008522,0.005326,0.001065,-14.229814,-4.834042,32.355537
252145.0,2025-12-15T01:58:31.709297,32.337255,0.953899,-0.105343,-0.073318,0.271301,-0.000182,0.001213,0.042969,-0.001065,0.003196,0.001065,-13.980081,-4.744774,32.334895
252171.0,2025-12-15T01:58:31.766822,32.394780,0.953372,-0.105183,-0.072406,0.273450,0.009467,-0.010741,0.050936,0.001065,0.002131,0.001065,-13.941916,-4.619348,32.573463
252194.0,2025-12-15T01:58:31.767955,32.395913,0.953071,-0.107324,-0.073306,0.273427,-0.006470,0.009107,0.052600,-0.003196,0.003196,0.001065,-14.209617,-4.648446,32.595095
252222.0,2025-12-15T01:58:31.887081,32.515039,0.953326,-0.105094,-0.073865,0.273255,0.001081,-0.025875,0.051994,-0.001065,0.003196,0.000000,-13.980239,-4.784031,32.575053
252240.0,2025-12-15T01:58:31.888080,32.516037,0.953117,-0.107196,-0.072688,0.273485,0.000214,0.000091,0.045671,-0.003196,0.004261,0.001065,-14.174918,-4.584363,32.590590
252267.0,2025-12-15T01:58:31.888080,32.516037,0.952793,-0.107009,-0.070972,0.275133,0.027865,0.024796,0.043642,-0.001065,0.004261,0.001065,-14.103824,-4.379325,32.755719
252291.0,2025-12-15T01:58:31.889083,32.517041,0.952645,-0.107499,-0.073195,0.274870,0.005472,0.000249,0.040882,0.002131,0.003196,0.000000,-14.232035,-4.609296,32.764924
252343.0,2025-12-15T01:58:31.946271,32.574229,0.952886,-0.105742,-0.072746,0.274836,0.004271,0.002244,0.051139,-0.006392,0.005326,0.002131,-14.021930,-4.618046,32.745989
252362.0,2025-12-15T01:58:31.947269,32.575227,0.952305,-0.105597,-0.072113,0.277062,0.022731,0.011140,0.049664,-0.002131,0.003196,0.001065,-13.994830,-4.521559,32.998663
252386.0,2025-12-15T01:58:31.948280,32.576238,0.952130,-0.106357,-0.074258,0.276809,-0.009459,0.000662,0.047098,0.001065,0.003196,-0.001065,-14.150842,-4.733790,33.008910
252406.0,2025-12-15T01:58:32.007264,32.635221,0.952191,-0.106640,-0.071900,0.277112,0.028446,0.012443,0.045798,-0.003196,0.003196,0.001065,-14.103288,-4.463402,33.005076
252439.0,2025-12-15T01:58:32.008262,32.636220,0.952251,-0.105470,-0.073883,0.276830,0.000954,0.001374,0.049131,-0.002131,0.004261,0.002131,-14.039931,-4.721713,33.001174
252465.0,2025-12-15T01:58:32.066447,32.694404,0.951757,-0.105334,-0.072728,0.278880,0.038856,-0.009706,0.038556,0.000000,0.004261,0.001065,-13.995113,-4.570633,33.224154
252487.0,2025-12-15T01:58:32.067445,32.695403,0.951481,-0.107060,-0.074232,0.278770,-0.002907,0.002518,0.053604,-0.001065,0.002131,0.001065,-14.237233,-4.678827,33.244264
252505.0,2025-12-15T01:58:32.125917,32.753875,0.951613,-0.106728,-0.071899,0.279055,0.027139,0.004434,0.047280,-0.003196,0.004261,0.002131,-14.121862,-4.431879,33.236121
252534.0,2025-12-15T01:58:32.126921,32.754879,0.951770,-0.104959,-0.073352,0.278814,0.004369,0.010364,0.056947,-0.003196,0.004261,0.002131,-13.974661,-4.651823,33.225530
252559.0,2025-12-15T01:58:32.127922,32.755880,0.951214,-0.104770,-0.072543,0.280986,0.029273,-0.014115,0.044239,0.003196,0.002131,0.000000,-13.936078,-4.538533,33.468964
252578.0,2025-12-15T01:58:32.186967,32.814925,0.950940,-0.106497,-0.074021,0.280877,0.001862,-0.000318,0.054453,0.000000,0.003196,0.001065,-14.177658,-4.643384,33.488660
252604.0,2025-12-15T01:58:32.187993,32.815950,0.951183,-0.104337,-0.074699,0.280687,-0.000539,-0.033904,0.052158,-0.004261,0.004261,0.000000,-13.961153,-4.791619,33.468963
252634.0,2025-12-15T01:58:32.246367,32.874325,0.950897,-0.106653,-0.074771,0.280767,-0.003297,0.011658,0.053103,0.000000,0.003196,0.000000,-14.220337,-4.721364,33.489405
252664.0,2025-12-15T01:58:32.247356,32.875314,0.950452,-0.106479,-0.073427,0.282688,0.012917,0.018132,0.051802,-0.001065,0.003196,0.000000,-14.163685,-4.552689,33.693475
252685.0,2025-12-15T01:58:32.248245,32.876203,0.950571,-0.104929,-0.075150,0.282413,-0.010517,-0.017294,0.033956,-0.001065,0.003196,0.001065,-14.050723,-4.795821,33.684489
252712.0,2025-12-15T01:58:32.305863,32.933821,0.950529,-0.105997,-0.072987,0.282722,0.012887,0.012029,0.043213,-0.001065,0.004261,0.001065,-14.095295,-4.520613,33.687988
252735.0,2025-12-15T01:58:32.307857,32.935814,0.950546,-0.105111,-0.075126,0.282436,-0.015317,-0.012292,0.052671,-0.001065,0.003196,0.002131,-14.070161,-4.786803,33.687582
252766.0,2025-12-15T01:58:32.366001,32.993959,0.950096,-0.104975,-0.073765,0.284354,0.026636,-0.004984,0.055474,-0.001065,0.004261,0.000000,-14.016973,-4.615382,33.891468
252789.0,2025-12-15T01:58:32.367002,32.994959,0.949796,-0.107177,-0.074408,0.284367,-0.008387,0.013876,0.056566,0.000000,0.003196,0.001065,-14.282883,-4.610963,33.913208
252815.0,2025-12-15T01:58:32.426564,33.054522,0.950048,-0.104962,-0.074891,0.284224,0.001061,-0.007819,0.042857,-0.003196,0.004261,0.002131,-14.054237,-4.739990,33.895597
252841.0,2025-12-15T01:58:32.427193,33.055151,0.949749,-0.107029,-0.075908,0.284183,-0.026119,0.028393,0.043180,-0.002131,0.004261,0.001065,-14.318078,-4.781457,33.917255
252864.0,2025-12-15T01:58:32.428212,33.056170,0.949165,-0.106874,-0.075188,0.286376,-0.028191,0.023180,0.040748,-0.002131,0.003196,0.001065,-14.286305,-4.675897,34.164927
252887.0,2025-12-15T01:58:32.487252,33.115209,0.949461,-0.104707,-0.074518,0.286370,0.011665,-0.016537,0.055385,-0.002131,0.003196,0.001065,-14.023268,-4.676692,34.143575
252914.0,2025-12-15T01:58:32.488769,33.116727,0.949159,-0.106867,-0.075340,0.286356,-0.014941,0.020174,0.053159,-0.002131,0.004261,0.001065,-14.290780,-4.692895,34.165179
252941.0,2025-12-15T01:58:32.547027,33.174984,0.949449,-0.104590,-0.075175,0.286280,0.003115,-0.005906,0.054637,-0.001065,0.004261,0.001065,-14.033113,-4.753280,34.143823
252964.0,2025-12-15T01:58:32.548027,33.175985,0.948895,-0.104391,-0.074285,0.288415,0.020836,-0.006970,0.035112,0.005326,0.004261,-0.001065,-13.989914,-4.632321,34.381853
252984.0,2025-12-15T01:58:32.549026,33.176984,0.948601,-0.106607,-0.074840,0.288427,-0.001615,0.004395,0.039805,0.001065,0.004261,0.000000,-14.254266,-4.616678,34.401886
253011.0,2025-12-15T01:58:32.605651,33.233609,0.948768,-0.104798,-0.076243,0.288174,-0.003766,-0.009805,0.054275,-0.003196,0.004261,0.001065,-14.103057,-4.834291,34.389053
253037.0,2025-12-15T01:58:32.606652,33.234609,0.948821,-0.105198,-0.073909,0.288459,0.013540,0.006992,0.054701,-0.001065,0.002131,-0.001065,-14.065931,-4.563428,34.383778
253066.0,2025-12-15T01:58:32.667030,33.294988,0.948240,-0.105077,-0.073079,0.290617,0.048158,0.016372,0.049876,-0.005326,0.003196,0.001065,-14.033140,-4.445958,34.626057
253087.0,2025-12-15T01:58:32.668952,33.296910,0.948069,-0.105780,-0.075243,0.290370,-0.005628,0.000272,0.047207,0.001065,0.003196,0.000000,-14.186622,-4.659881,34.637297
253113.0,2025-12-15T01:58:32.786906,33.414864,0.948318,-0.104345,-0.073504,0.290520,0.023648,-0.009027,0.040883,-0.006392,0.004261,0.001065,-13.967041,-4.518532,34.619007
253138.0,2025-12-15T01:58:32.787906,33.415864,0.948262,-0.104054,-0.075790,0.290220,-0.009911,-0.004583,0.046324,0.001065,0.003196,0.000000,-14.014906,-4.780637,34.621949
253166.0,2025-12-15T01:58:32.787906,33.415864,0.947720,-0.103851,-0.074778,0.292317,0.022538,-0.023651,0.045997,0.004261,0.002131,0.000000,-13.966495,-4.647395,34.853515
253194.0,2025-12-15T01:58:32.788907,33.416865,0.947419,-0.105884,-0.075971,0.292256,-0.009576,0.010419,0.048648,-0.007457,0.005326,0.002131,-14.233185,-4.707062,34.875502
253246.0,2025-12-15T01:58:32.847462,33.475420,0.947440,-0.105629,-0.076331,0.292189,-0.017991,0.011921,0.049107,0.004261,0.003196,-0.001065,-14.217613,-4.755938,34.872781
253274.0,2025-12-15T01:58:32.848355,33.476313,0.946884,-0.105507,-0.075324,0.294288,0.004951,-0.000145,0.057255,-0.002131,0.004261,0.001065,-14.178020,-4.620049,35.104953
253298.0,2025-12-15T01:58:32.906387,33.534345,0.947061,-0.103631,-0.076648,0.294044,-0.011384,-0.035260,0.050416,-0.002131,0.004261,0.001065,-14.017951,-4.832165,35.091511
253321.0,2025-12-15T01:58:32.907387,33.535344,0.946834,-0.105831,-0.075900,0.294183,0.001331,0.019674,0.049037,0.004261,0.005326,-0.003196,-14.234035,-4.672642,35.103939
253348.0,2025-12-15T01:58:32.908387,33.536345,0.946280,-0.105487,-0.075056,0.296298,0.005184,0.023720,0.052563,0.015979,0.010653,-0.006392,-14.175564,-4.561956,35.340125
253376.0,2025-12-15T01:58:32.966419,33.594377,0.946094,-0.106326,-0.077258,0.296027,-0.021693,0.002567,0.051968,-0.010653,0.003196,-0.001065,-14.346785,-4.774638,35.350437
253403.0,2025-12-15T01:58:32.968413,33.596370,0.946285,-0.105508,-0.075170,0.296246,0.013295,0.000870,0.048480,-0.011718,0.003196,0.001065,-14.181835,-4.574284,35.335987
253425.0,2025-12-15T01:58:33.027044,33.655002,0.946315,-0.104563,-0.077289,0.295942,-0.007876,-0.005182,0.049939,-0.007457,0.002131,0.001065,-14.153323,-4.840934,35.333536
253457.0,2025-12-15T01:58:33.028161,33.656119,0.945707,-0.104426,-0.076610,0.298100,0.010392,0.007379,0.049173,-0.004261,0.002131,-0.002131,-14.124061,-4.740419,35.578755
253482.0,2025-12-15T01:58:33.087226,33.715184,0.945871,-0.103936,-0.074322,0.298332,0.036644,0.003450,0.057259,0.000000,0.002131,-0.002131,-13.987647,-4.507158,35.564245
253503.0,2025-12-15T01:58:33.088362,33.716319,0.945699,-0.104959,-0.076163,0.298054,0.002135,-0.001815,0.042296,0.014914,0.008522,-0.007457,-14.166129,-4.674137,35.567498
253527.0,2025-12-15T01:58:33.089251,33.717208,0.945516,-0.105800,-0.078244,0.297798,-0.009294,0.000664,0.043391,0.003196,0.004261,-0.002131,-14.333654,-4.873006,35.577560
253556.0,2025-12-15T01:58:33.146975,33.774932,0.945019,-0.105737,-0.076938,0.299732,-0.019248,0.025451,0.052742,-0.012783,0.005326,0.002131,-14.288224,-4.705307,35.785108
253581.0,2025-12-15T01:58:33.147964,33.775922,0.945333,-0.103472,-0.076198,0.299722,0.007965,-0.010857,0.056066,0.007457,0.001065,-0.001065,-14.011941,-4.705759,35.761511
253605.0,2025-12-15T01:58:33.206662,33.834620,0.945082,-0.105744,-0.075502,0.299897,-0.000599,-0.005652,0.039937,-0.004261,0.000000,0.000000,-14.236930,-4.547525,35.779184
253631.0,2025-12-15T01:58:33.207659,33.835617,0.945130,-0.104705,-0.077534,0.299590,0.006600,0.010947,0.050673,-0.011718,0.004261,0.001065,-14.195958,-4.808305,35.774556
253656.0,2025-12-15T01:58:33.266950,33.894908,0.944654,-0.104434,-0.076240,0.301513,0.000624,0.005511,0.056166,0.006392,0.000000,-0.002131,-14.127783,-4.649769,35.980360
253681.0,2025-12-15T01:58:33.267951,33.895909,0.944358,-0.106759,-0.076419,0.301581,-0.004758,0.011927,0.037259,-0.002131,0.001065,0.000000,-14.390323,-4.585208,36.000903
253707.0,2025-12-15T01:58:33.268951,33.896909,0.944629,-0.104601,-0.076412,0.301491,-0.010627,0.035238,0.059011,-0.011718,0.005326,0.002131,-14.152442,-4.662669,35.981457
253734.0,2025-12-15T01:58:33.326273,33.954231,0.944824,-0.102582,-0.077713,0.301239,-0.005186,-0.021600,0.047198,0.006392,0.000000,-0.001065,-13.977446,-4.878665,35.966201
253760.0,2025-12-15T01:58:33.327294,33.955252,0.944171,-0.102541,-0.077145,0.303438,0.006198,-0.065409,0.034519,-0.005326,0.005326,0.000000,-13.962818,-4.786707,36.219276
253785.0,2025-12-15T01:58:33.386270,34.014228,0.943966,-0.104623,-0.075818,0.303700,0.008531,0.033358,0.057946,-0.008522,0.005326,0.003196,-14.143315,-4.565044,36.235490
253810.0,2025-12-15T01:58:33.387268,34.015226,0.944102,-0.103003,-0.077496,0.303406,-0.008224,-0.016040,0.052971,0.001065,0.003196,-0.001065,-14.026391,-4.808499,36.223588
253835.0,2025-12-15T01:58:33.445833,34.073791,0.943910,-0.105019,-0.076217,0.303639,0.004221,0.015505,0.049120,-0.001065,0.003196,0.000000,-14.201305,-4.594817,36.236752
253863.0,2025-12-15T01:58:33.446836,34.074794,0.943420,-0.104834,-0.074858,0.305556,0.035303,0.018469,0.061416,0.000000,0.003196,0.001065,-14.139335,-4.426522,36.441523
253889.0,2025-12-15T01:58:33.507468,34.135426,0.943333,-0.104756,-0.077170,0.305276,0.006722,0.003926,0.055837,-0.004261,0.003196,0.002131,-14.215853,-4.682541,36.448902
253917.0,2025-12-15T01:58:33.508474,34.136432,0.943625,-0.102795,-0.076096,0.305311,0.009185,-0.007539,0.048914,-0.005326,0.004261,0.000000,-13.960608,-4.637069,36.426149
253943.0,2025-12-15T01:58:33.508474,34.136432,0.943449,-0.103487,-0.078282,0.305068,-0.031949,0.000157,0.049845,-0.003196,0.004261,0.001065,-14.117143,-4.851239,36.438747
253971.0,2025-12-15T01:58:33.566717,34.194675,0.942944,-0.103290,-0.077002,0.307016,0.014706,-0.030585,0.048641,0.004261,0.002131,-0.001065,-14.057060,-4.691662,36.648540
253997.0,2025-12-15T01:58:33.566717,34.194675,0.942695,-0.105605,-0.076150,0.307204,0.001257,0.036745,0.049923,-0.009587,0.005326,0.001065,-14.279903,-4.513172,36.664989
254023.0,2025-12-15T01:58:33.625768,34.253726,0.942955,-0.103359,-0.076692,0.307037,-0.000857,0.022888,0.048827,0.000000,0.003196,0.000000,-14.053164,-4.655457,36.645798
254050.0,2025-12-15T01:58:33.627165,34.255122,0.942409,-0.103225,-0.075517,0.309043,0.044953,-0.028827,0.047428,0.000000,0.003196,0.000000,-14.003616,-4.504278,36.865155
254074.0,2025-12-15T01:58:33.686584,34.314541,0.942276,-0.103553,-0.077789,0.308774,-0.006443,-0.000152,0.047971,-0.003196,0.004261,0.001065,-14.124137,-4.740803,36.874531
254102.0,2025-12-15T01:58:33.687605,34.315563,0.942354,-0.103759,-0.075422,0.309054,0.033504,0.014325,0.052725,0.000000,0.003196,-0.001065,-14.058676,-4.474452,36.866805
254130.0,2025-12-15T01:58:33.747045,34.375003,0.942307,-0.103397,-0.077694,0.308756,0.000216,0.001130,0.055702,-0.003196,0.004261,0.001065,-14.103383,-4.736568,36.870054
254158.0,2025-12-15T01:58:33.747045,34.375003,0.941661,-0.103232,-0.077002,0.310947,0.028211,-0.009718,0.045659,0.001065,0.003196,0.001065,-14.069624,-4.635694,37.120007
254184.0,2025-12-15T01:58:33.748099,34.376057,0.941550,-0.103392,-0.079298,0.310655,-0.031867,-0.007750,0.056312,-0.004261,0.004261,0.000000,-14.173235,-4.881015,37.126721
254207.0,2025-12-15T01:58:33.806481,34.434439,0.941605,-0.103783,-0.076960,0.310944,0.012790,0.006556,0.054433,0.001065,0.002131,-0.001065,-14.128362,-4.611046,37.121023
254232.0,2025-12-15T01:58:33.807476,34.435434,0.941492,-0.103901,-0.079286,0.310661,-0.031991,-0.008385,0.046092,-0.005326,0.002131,0.001065,-14.228468,-4.860946,37.129401
254255.0,2025-12-15T01:58:33.866899,34.494857,0.940966,-0.103740,-0.078015,0.312626,0.003057,0.007892,0.052814,-0.002131,0.004261,0.001065,-14.172061,-4.700972,37.341784
254282.0,2025-12-15T01:58:33.867903,34.495861,0.940987,-0.104335,-0.075718,0.312927,0.036065,0.023393,0.060246,-0.002131,0.002131,0.000000,-14.150797,-4.427692,37.339127
254306.0,2025-12-15T01:58:33.868905,34.496863,0.940992,-0.103602,-0.077900,0.312621,0.003708,0.004865,0.040075,-0.006392,0.004261,0.001065,-14.152492,-4.693767,37.338581
254334.0,2025-12-15T01:58:33.926285,34.554242,0.941239,-0.102190,-0.076035,0.312802,0.029937,-0.010137,0.052249,0.003196,0.002131,0.001065,-13.927478,-4.542832,37.321524
254362.0,2025-12-15T01:58:33.927269,34.555227,0.940670,-0.102069,-0.074902,0.314821,0.075734,-0.001153,0.041723,0.000000,0.003196,0.000000,-13.880240,-4.396040,37.543840
254388.0,2025-12-15T01:58:33.987343,34.615301,0.940469,-0.103142,-0.076901,0.314588,0.023873,-0.003686,0.041876,0.001065,0.003196,-0.002131,-14.073258,-4.574306,37.555195
254414.0,2025-12-15T01:58:34.045246,34.673203,0.940384,-0.103079,-0.079197,0.314293,-0.023310,-0.007643,0.040413,-0.006392,0.005326,0.001065,-14.153309,-4.827539,37.560694
254437.0,2025-12-15T01:58:34.046772,34.674730,0.940553,-0.102590,-0.076862,0.314529,0.015112,0.001410,0.052868,0.004261,0.004261,-0.002131,-14.011090,-4.591492,37.545281
254467.0,2025-12-15T01:58:34.047790,34.675747,0.940066,-0.102256,-0.075463,0.316426,0.035495,0.012446,0.048561,0.017044,0.011718,-0.006392,-13.929668,-4.425796,37.747405
254489.0,2025-12-15T01:58:34.048861,34.676819,0.939944,-0.102584,-0.077690,0.316143,0.049589,0.003202,0.039208,0.012783,0.000000,-0.003196,-14.050114,-4.656753,37.754066
254517.0,2025-12-15T01:58:34.106595,34.734553,0.939619,-0.104888,-0.078592,0.316129,0.003624,-0.001134,0.037496,-0.015979,0.006392,0.003196,-14.336808,-4.667759,37.777707
254549.0,2025-12-15T01:58:34.167446,34.795404,0.939051,-0.104603,-0.077510,0.318173,0.014107,0.041254,0.050982,0.007457,0.002131,-0.001065,-14.273346,-4.531581,38.002908
254569.0,2025-12-15T01:58:34.168344,34.796302,0.938905,-0.105004,-0.079785,0.317910,-0.020203,-0.002046,0.041611,-0.006392,0.004261,0.002131,-14.404499,-4.764342,38.014222
254596.0,2025-12-15T01:58:34.169337,34.797294,0.939195,-0.102990,-0.078825,0.317951,-0.003508,0.005564,0.043737,-0.005326,0.004261,0.002131,-14.147296,-4.736454,37.993687
254622.0,2025-12-15T01:58:34.226976,34.854934,0.939039,-0.104783,-0.077245,0.318212,0.008936,0.020885,0.050391,0.000000,0.003196,0.000000,-14.282966,-4.495773,38.003545
254650.0,2025-12-15T01:58:34.227983,34.855941,0.938443,-0.104632,-0.076196,0.320267,0.040558,0.034676,0.048732,-0.003196,0.005326,0.000000,-14.235013,-4.358124,38.231405
254675.0,2025-12-15T01:58:34.286914,34.914872,0.938443,-0.103945,-0.078431,0.319950,0.015083,0.009216,0.050056,0.004261,0.001065,-0.001065,-14.245875,-4.628270,38.230933
254701.0,2025-12-15T01:58:34.288938,34.916895,0.938602,-0.103392,-0.076172,0.320211,0.034218,0.003556,0.044276,-0.006392,0.005326,0.002131,-14.098463,-4.403255,38.219642
254727.0,2025-12-15T01:58:34.289586,34.917544,0.938628,-0.102465,-0.078278,0.319922,0.003059,0.003809,0.048929,-0.003196,0.004261,0.002131,-14.078226,-4.668230,38.219108
254754.0,2025-12-15T01:58:34.346267,34.974225,0.938022,-0.102311,-0.077259,0.321990,0.049901,-0.004491,0.032951,0.001065,0.003196,0.000000,-14.031246,-4.534238,38.449357
254779.0,2025-12-15T01:58:34.347261,34.975219,0.937810,-0.103389,-0.079282,0.321773,-0.004973,0.001568,0.048389,-0.002131,0.003196,0.000000,-14.227424,-4.713112,38.463886
254804.0,2025-12-15T01:58:34.409721,35.037678,0.937886,-0.103571,-0.076907,0.322069,0.025844,0.011002,0.049403,0.002131,0.003196,0.000000,-14.155317,-4.447510,38.457301
254829.0,2025-12-15T01:58:34.409721,35.037678,0.937819,-0.103372,-0.079189,0.321775,0.007805,0.006824,0.052565,-0.009587,0.006392,0.002131,-14.221950,-4.703800,38.462283
254855.0,2025-12-15T01:58:34.466285,35.094243,0.937166,-0.103218,-0.078394,0.323915,0.007885,0.042119,0.045391,-0.003196,0.002131,0.001065,-14.183985,-4.592496,38.705306
254882.0,2025-12-15T01:58:34.467301,35.095258,0.937083,-0.103133,-0.080695,0.323615,-0.037637,-0.014730,0.028319,0.005326,0.001065,-0.001065,-14.264429,-4.846433,38.710747
254910.0,2025-12-15T01:58:34.586890,35.214847,0.936955,-0.104771,-0.078861,0.323914,0.012705,0.024052,0.054702,-0.008522,0.005326,0.002131,-14.371817,-4.583062,38.719617
254936.0,2025-12-15T01:58:34.587889,35.215847,0.937154,-0.102767,-0.079929,0.323716,0.002739,0.017257,0.043592,-0.004261,0.004261,0.003196,-14.194664,-4.776983,38.707468
254965.0,2025-12-15T01:58:34.587889,35.215847,0.936599,-0.102541,-0.078707,0.325689,0.005458,0.017142,0.057891,0.002131,0.002131,0.000000,-14.131194,-4.625357,38.922376
255045.0,2025-12-15T01:58:34.646606,35.274564,0.935974,-0.102714,-0.078725,0.327420,0.026622,0.023756,0.061179,-0.003196,0.004261,0.001065,-14.159056,-4.594732,39.132373
255073.0,2025-12-15T01:58:34.647498,35.275456,0.935875,-0.102749,-0.081022,0.327132,-0.020737,-0.007069,0.049054,0.002131,0.002131,0.000000,-14.253350,-4.843154,39.139651
255100.0,2025-12-15T01:58:34.705830,35.333788,0.935976,-0.102701,-0.078700,0.327426,0.005753,0.005060,0.040544,-0.013848,0.005326,0.003196,-14.156600,-4.592470,39.132528
255122.0,2025-12-15T01:58:34.766886,35.394844,0.936086,-0.101215,-0.080463,0.327145,-0.006465,-0.009977,0.040749,-0.004261,0.003196,0.001065,-14.064040,-4.842466,39.124800
255148.0,2025-12-15T01:58:34.766886,35.394844,0.935462,-0.101087,-0.079450,0.329210,0.017387,-0.036736,0.054696,-0.001065,0.004261,0.000000,-14.019721,-4.708487,39.355517
255176.0,2025-12-15T01:58:34.767879,35.395837,0.935171,-0.103475,-0.079471,0.329290,-0.005337,0.015703,0.055892,-0.005326,0.004261,0.000000,-14.280696,-4.616811,39.374732
255201.0,2025-12-15T01:58:34.767879,35.395837,0.935233,-0.102275,-0.081453,0.329005,-0.008412,-0.010117,0.041788,-0.001065,0.003196,0.002131,-14.228540,-4.879269,39.372037
255228.0,2025-12-15T01:58:34.826109,35.454067,0.935353,-0.102085,-0.079128,0.329290,0.024664,0.007433,0.049428,-0.007457,0.004261,0.002131,-14.115727,-4.634240,39.363207
255255.0,2025-12-15T01:58:34.827095,35.455053,0.934682,-0.101906,-0.078331,0.331435,0.028742,0.022838,0.049742,0.000000,0.003196,0.001065,-14.074334,-4.524083,39.607468
255282.0,2025-12-15T01:58:34.886324,35.514282,0.935118,-0.099180,-0.077874,0.331138,0.011426,-0.006931,0.064703,0.044741,0.026632,-0.019175,-13.758207,-4.586181,39.553057
255309.0,2025-12-15T01:58:34.888319,35.516276,0.934945,-0.100408,-0.079149,0.330956,0.129301,-0.091460,0.022674,0.050067,-0.006392,-0.012783,-13.942294,-4.677025,39.558571
255336.0,2025-12-15T01:58:34.947532,35.575490,0.934573,-0.102964,-0.080289,0.330947,-0.000850,0.009368,0.050913,-0.045806,0.018109,0.010653,-14.266069,-4.698971,39.588068
255365.0,2025-12-15T01:58:34.948531,35.576488,0.934025,-0.102504,-0.079069,0.332925,-0.001652,0.075302,0.076260,0.019175,-0.001065,-0.002131,-14.176152,-4.557063,39.803241
255391.0,2025-12-15T01:58:35.006438,35.634395,0.933713,-0.104628,-0.080211,0.332866,0.040444,-0.031522,0.022231,-0.011718,0.005326,0.002131,-14.453076,-4.596300,39.825090
255417.0,2025-12-15T01:58:35.006438,35.634395,0.934000,-0.102306,-0.080446,0.332725,-0.006933,0.032633,0.068792,0.002131,0.002131,-0.001065,-14.209682,-4.714632,39.803448
255446.0,2025-12-15T01:58:35.007440,35.635397,0.933313,-0.102195,-0.079645,0.334872,0.049712,-0.020803,0.034004,-0.002131,0.003196,0.002131,-14.175404,-4.601392,40.048350
255474.0,2025-12-15T01:58:35.066757,35.694715,0.933251,-0.101915,-0.081923,0.334582,-0.009252,-0.004911,0.064455,0.002131,0.003196,0.001065,-14.236742,-4.859479,40.053982
255496.0,2025-12-15T01:58:35.067846,35.695804,0.933032,-0.104006,-0.080902,0.334796,0.002083,0.011721,0.046497,0.004261,0.002131,0.000000,-14.422944,-4.664881,40.069221
255522.0,2025-12-15T01:58:35.126098,35.754056,0.933288,-0.101877,-0.081222,0.334661,0.002788,-0.014326,0.036284,-0.012783,0.006392,0.002131,-14.204243,-4.785109,40.050424
255550.0,2025-12-15T01:58:35.126098,35.754056,0.932679,-0.101606,-0.080148,0.336693,0.036430,-0.011486,0.041286,0.007457,0.000000,-0.001065,-14.140899,-4.650958,40.275909
255574.0,2025-12-15T01:58:35.187255,35.815212,0.932434,-0.102917,-0.082068,0.336510,-0.012221,0.004740,0.041036,-0.007457,0.005326,0.002131,-14.361129,-4.805935,40.294272
255600.0,2025-12-15T01:58:35.188253,35.816211,0.932696,-0.101540,-0.080200,0.336654,0.010957,-0.003007,0.046642,0.001065,0.003196,-0.002131,-14.135705,-4.659686,40.271915
255626.0,2025-12-15T01:58:35.189252,35.817210,0.932467,-0.103697,-0.079323,0.336839,0.000702,0.007482,0.045279,0.002131,0.001065,-0.001065,-14.334501,-4.477814,40.286233
255653.0,2025-12-15T01:58:35.246260,35.874218,0.931767,-0.103482,-0.078673,0.338988,0.043442,-0.004763,0.043718,0.000000,-0.008522,0.000000,-14.294313,-4.384665,40.534097
255679.0,2025-12-15T01:58:35.247265,35.875223,0.931872,-0.102332,-0.080566,0.338604,0.078206,0.080531,0.053417,0.010653,0.014914,-0.006392,-14.246066,-4.637695,40.517986
255701.0,2025-12-15T01:58:35.306095,35.934052,0.931637,-0.104425,-0.080112,0.338718,0.000455,0.006855,0.041050,0.017044,-0.001065,-0.004261,-14.454667,-4.504033,40.531234
255726.0,2025-12-15T01:58:35.307095,35.935053,0.931588,-0.104122,-0.082381,0.338403,-0.005408,-0.000352,0.050701,-0.009587,0.006392,0.001065,-14.514083,-4.762148,40.534235
255755.0,2025-12-15T01:58:35.367535,35.995492,0.930817,-0.103907,-0.082198,0.340626,-0.015472,0.022060,0.044888,0.001065,0.002131,0.001065,-14.494244,-4.717042,40.799633
255782.0,2025-12-15T01:58:35.368531,35.996489,0.931106,-0.101939,-0.081175,0.340678,0.009595,-0.007569,0.054342,-0.006392,0.004261,0.002131,-14.238833,-4.686801,40.779331
255808.0,2025-12-15T01:58:35.369533,35.997491,0.930849,-0.103460,-0.082698,0.340553,-0.012924,0.004926,0.050191,0.012783,-0.001065,-0.001065,-14.466250,-4.789292,40.798492
255837.0,2025-12-15T01:58:35.426296,36.054254,0.930164,-0.103442,-0.081779,0.342647,0.023240,-0.013602,0.048090,-0.011718,0.006392,0.002131,-14.436221,-4.660276,41.035422
255861.0,2025-12-15T01:58:35.427804,36.055762,0.930416,-0.101279,-0.082222,0.342501,-0.004702,0.031531,0.052651,-0.008522,0.005326,0.002131,-14.220041,-4.796961,41.017654
255889.0,2025-12-15T01:58:35.487223,36.115181,0.930733,-0.098916,-0.081678,0.342463,0.017308,-0.026148,0.055208,0.010653,0.001065,-0.001065,-13.941372,-4.835286,40.993718
255911.0,2025-12-15T01:58:35.488220,36.116178,0.930453,-0.101196,-0.081771,0.342534,0.034951,-0.079267,0.039114,0.003196,0.002131,-0.001065,-14.192349,-4.751897,41.012953
255942.0,2025-12-15T01:58:35.547277,36.175235,0.929802,-0.101249,-0.080639,0.344550,0.048053,-0.029141,0.060151,-0.012783,0.007457,0.003196,-14.160559,-4.599256,41.237231
255964.0,2025-12-15T01:58:35.547277,36.175235,0.929642,-0.101760,-0.082866,0.344303,-0.000890,0.000899,0.042037,-0.002131,0.004261,0.002131,-14.308049,-4.818432,41.250501
255989.0,2025-12-15T01:58:35.548615,36.176572,0.929932,-0.099772,-0.081769,0.344364,0.027382,-0.023294,0.053516,-0.002131,0.004261,0.002131,-14.047328,-4.781924,41.229811
256018.0,2025-12-15T01:58:35.606711,36.234668,0.929675,-0.101964,-0.081528,0.344473,0.013267,-0.044466,0.040483,0.010653,0.000000,-0.002131,-14.274812,-4.665669,41.246947
256046.0,2025-12-15T01:58:35.607710,36.235668,0.928975,-0.102012,-0.080583,0.346563,0.041389,0.008800,0.046511,-0.017044,0.006392,0.004261,-14.250215,-4.531781,41.483795
256075.0,2025-12-15T01:58:35.667276,36.295234,0.928984,-0.101230,-0.082782,0.346250,-0.008649,-0.009404,0.055279,0.009587,0.001065,-0.001065,-14.257071,-4.801560,41.483627
256100.0,2025-12-15T01:58:35.668277,36.296234,0.928699,-0.103612,-0.082464,0.346385,-0.001366,0.007205,0.046205,-0.005326,0.004261,0.001065,-14.501596,-4.668401,41.503182
256125.0,2025-12-15T01:58:35.726572,36.354530,0.928986,-0.101336,-0.082435,0.346294,0.008215,-0.020409,0.048791,-0.002131,0.003196,0.001065,-14.254089,-4.759706,41.482915
256153.0,2025-12-15T01:58:35.726572,36.354530,0.928324,-0.101249,-0.081400,0.348335,0.029578,-0.012123,0.046254,-0.006392,0.004261,0.001065,-14.210866,-4.622686,41.711788
256174.0,2025-12-15T01:58:35.787523,36.415481,0.928237,-0.101231,-0.083687,0.348031,-0.015209,-0.006035,0.046420,0.002131,0.003196,-0.001065,-14.304505,-4.870243,41.717305
256201.0,2025-12-15T01:58:35.788518,36.416476,0.928011,-0.103365,-0.082722,0.348237,0.001299,0.005719,0.044391,0.003196,0.003196,0.000000,-14.494948,-4.677277,41.732447
256229.0,2025-12-15T01:58:35.846304,36.474262,0.928291,-0.101134,-0.082700,0.348150,0.000856,-0.000074,0.051826,-0.005326,0.005326,0.002131,-14.252724,-4.767872,41.712897
256256.0,2025-12-15T01:58:35.847311,36.475268,0.927586,-0.100934,-0.081874,0.350276,0.029239,-0.000028,0.057238,0.002131,0.002131,0.001065,-14.206541,-4.656473,41.955710
256284.0,2025-12-15T01:58:35.848309,36.476266,0.927327,-0.102420,-0.083589,0.350125,0.000883,0.000426,0.053933,0.000000,0.003196,0.001065,-14.439263,-4.778776,41.975181
256313.0,2025-12-15T01:58:35.905995,36.533953,0.927429,-0.102328,-0.081255,0.350430,0.036272,0.012293,0.038566,-0.003196,0.002131,0.002131,-14.331180,-4.531048,41.968128
256341.0,2025-12-15T01:58:35.906994,36.534952,0.926701,-0.102199,-0.080525,0.352556,0.038182,0.047762,0.053460,-0.006392,0.005326,0.000000,-14.296066,-4.426723,42.213191
256363.0,2025-12-15T01:58:35.966355,36.594312,0.926724,-0.101321,-0.082682,0.352250,0.020269,0.015716,0.045015,0.006392,0.002131,0.000000,-14.292448,-4.695789,42.212860
256392.0,2025-12-15T01:58:35.968352,36.596310,0.926413,-0.103633,-0.083244,0.352263,-0.002953,0.006332,0.057388,-0.006392,0.006392,0.001065,-14.565826,-4.658913,42.233697
256420.0,2025-12-15T01:58:36.026762,36.654720,0.926705,-0.101365,-0.083149,0.352178,-0.002600,0.008492,0.047389,-0.002131,0.004261,0.001065,-14.316892,-4.744498,42.213002
256448.0,2025-12-15T01:58:36.027762,36.655720,0.925936,-0.101197,-0.082700,0.354349,0.025929,0.003589,0.043797,-0.001065,0.004261,-0.001065,-14.290173,-4.670848,42.468832
256472.0,2025-12-15T01:58:36.086447,36.714405,0.925623,-0.103477,-0.083399,0.354342,-0.004481,0.007622,0.050516,-0.007457,0.006392,0.001065,-14.565845,-4.649515,42.489661
256499.0,2025-12-15T01:58:36.087462,36.715420,0.925912,-0.101248,-0.083310,0.354252,-0.002622,0.008439,0.053661,-0.005326,0.005326,0.001065,-14.321547,-4.734590,42.468667
256528.0,2025-12-15T01:58:36.088467,36.716424,0.925616,-0.103237,-0.084332,0.354211,-0.010569,0.009387,0.034875,0.004261,0.000000,0.000000,-14.579710,-4.760016,42.490514
256557.0,2025-12-15T01:58:36.146888,36.774846,0.924865,-0.103206,-0.083567,0.356357,-0.005375,0.030834,0.046583,-0.014914,0.006392,0.004261,-14.553847,-4.647209,42.737843
256584.0,2025-12-15T01:58:36.147882,36.775840,0.925191,-0.100830,-0.083021,0.356318,0.005009,-0.007341,0.062267,0.011718,-0.001065,-0.002131,-14.274256,-4.690098,42.713939
256609.0,2025-12-15T01:58:36.206118,36.834076,0.924870,-0.102985,-0.084136,0.356273,-0.004138,0.006013,0.048788,-0.012783,0.006392,0.003196,-14.554303,-4.717843,42.737548
256634.0,2025-12-15T01:58:36.207326,36.835284,0.925163,-0.100904,-0.083417,0.356278,-0.016787,0.022994,0.056058,-0.007457,0.005326,0.002131,-14.299214,-4.729355,42.716691
256660.0,2025-12-15T01:58:36.267099,36.895056,0.924458,-0.100665,-0.082534,0.358374,0.030088,0.001569,0.041043,0.006392,0.002131,0.000000,-14.245351,-4.614269,42.955378
256680.0,2025-12-15T01:58:36.268094,36.896052,0.924218,-0.101898,-0.084450,0.358198,0.003841,0.000145,0.040562,-0.001065,0.003196,0.002131,-14.460648,-4.766840,42.974598
256708.0,2025-12-15T01:58:36.269096,36.897053,0.924496,-0.100158,-0.083086,0.358290,0.024490,-0.013618,0.047718,-0.008522,0.007457,0.002131,-14.214489,-4.695112,42.953608
256742.0,2025-12-15T01:58:36.326648,36.954606,0.923693,-0.099927,-0.082771,0.360491,0.011882,0.021517,0.060521,0.003196,0.002131,0.001065,-14.186773,-4.638262,43.216049
256766.0,2025-12-15T01:58:36.326648,36.954606,0.923399,-0.102061,-0.083389,0.360504,0.023044,-0.028929,0.041034,0.006392,0.001065,0.000000,-14.443122,-4.612464,43.237069
256794.0,2025-12-15T01:58:36.387159,37.015117,0.923629,-0.099993,-0.084138,0.360322,-0.000493,-0.003671,0.049704,-0.010653,0.005326,0.002131,-14.252950,-4.782046,43.221336
256822.0,2025-12-15T01:58:36.446677,37.074635,0.923380,-0.102147,-0.083715,0.360455,-0.005511,0.032551,0.037515,0.012783,0.000000,-0.002131,-14.466347,-4.643904,43.237510
256851.0,2025-12-15T01:58:36.447674,37.075632,0.922631,-0.102190,-0.082824,0.362560,0.017846,0.050389,0.051430,-0.019175,0.008522,0.005326,-14.441998,-4.515703,43.478413
256879.0,2025-12-15T01:58:36.447674,37.075632,0.922651,-0.101337,-0.085041,0.362234,-0.008819,-0.014114,0.061452,0.027697,-0.004261,-0.004261,-14.446640,-4.790400,43.477593
256899.0,2025-12-15T01:58:36.507324,37.135282,0.922332,-0.103740,-0.085414,0.362278,-0.009530,0.018124,0.034839,-0.009587,0.008522,0.002131,-14.721252,-4.726202,43.499200
256930.0,2025-12-15T01:58:36.507324,37.135282,0.922629,-0.101529,-0.085127,0.362216,-0.040316,0.077338,0.054278,-0.005326,0.004261,0.001065,-14.470952,-4.791491,43.477764
256955.0,2025-12-15T01:58:36.566903,37.194861,0.921972,-0.101276,-0.084006,0.364217,0.019432,-0.027997,0.041327,0.007457,0.002131,-0.001065,-14.404147,-4.653448,43.700475
256984.0,2025-12-15T01:58:36.567902,37.195859,0.922140,-0.099478,-0.085362,0.363972,-0.001873,-0.004091,0.056518,-0.007457,0.005326,0.002131,-14.270289,-4.877048,43.689539
257012.0,2025-12-15T01:58:36.626274,37.254232,0.921944,-0.101442,-0.084194,0.364199,0.002957,0.011111,0.049796,0.008522,0.000000,-0.001065,-14.430196,-4.666375,43.702424
257040.0,2025-12-15T01:58:36.627277,37.255235,0.921125,-0.101352,-0.083745,0.366392,-0.005178,0.042008,0.050635,-0.009587,0.007457,0.003196,-14.411301,-4.589168,43.962422
257060.0,2025-12-15T01:58:36.628421,37.256379,0.920944,-0.102135,-0.085834,0.366147,-0.007479,-0.000825,0.036322,0.006392,0.002131,-0.001065,-14.587128,-4.778525,43.975355
257087.0,2025-12-15T01:58:36.688860,37.316818,0.921213,-0.100501,-0.084399,0.366255,0.020767,-0.009391,0.032408,-0.011718,0.006392,0.002131,-14.348575,-4.696678,43.954941
257116.0,2025-12-15T01:58:36.688860,37.316818,0.921476,-0.098209,-0.085054,0.366064,0.003284,-0.027452,0.039531,0.006392,0.002131,-0.001065,-14.131340,-4.867320,43.935422
257146.0,2025-12-15T01:58:36.747270,37.375228,0.920676,-0.098228,-0.084411,0.368214,0.021840,-0.047313,0.039237,-0.012783,0.006392,0.003196,-14.115538,-4.766304,44.187193
257175.0,2025-12-15T01:58:36.747270,37.375228,0.920636,-0.097854,-0.086638,0.367898,-0.009358,-0.011354,0.084506,0.029827,-0.002131,-0.005326,-14.173701,-5.021125,44.189212
257204.0,2025-12-15T01:58:36.806436,37.434394,0.920394,-0.100149,-0.086136,0.368002,0.045316,-0.190711,0.007371,0.004261,0.010653,-0.003196,-14.397433,-4.867299,44.201256
257232.0,2025-12-15T01:58:36.807424,37.435382,0.920601,-0.098582,-0.085643,0.368022,-0.107795,0.160337,0.084074,-0.053263,0.018109,0.011718,-14.207702,-4.883249,44.188264
257260.0,2025-12-15T01:58:36.867267,37.495224,0.919949,-0.097281,-0.085097,0.370120,-0.003562,0.038379,0.085851,0.087352,-0.018109,-0.017044,-14.054724,-4.850611,44.430716
257284.0,2025-12-15T01:58:36.868271,37.496228,0.919656,-0.099851,-0.085070,0.370169,0.097242,-0.193179,-0.006081,-0.014914,0.022371,0.001065,-14.328554,-4.734945,44.445897
257313.0,2025-12-15T01:58:36.926466,37.554423,0.919902,-0.097936,-0.084716,0.370152,-0.059020,0.098061,0.072929,-0.028762,0.008522,0.006392,-14.107832,-4.781632,44.429903
257340.0,2025-12-15T01:58:36.927471,37.555429,0.919310,-0.097203,-0.083486,0.372090,0.062880,0.022882,0.066402,0.044741,-0.006392,-0.008522,-13.983686,-4.655366,44.642436
257369.0,2025-12-15T01:58:37.047372,37.675330,0.919006,-0.099531,-0.084068,0.372095,0.094192,-0.116407,0.019561,-0.007457,0.008522,0.001065,-14.258657,-4.614320,44.662440
257397.0,2025-12-15T01:58:37.048355,37.676313,0.919238,-0.097510,-0.084490,0.371961,-0.001581,0.004866,0.055703,-0.020240,0.009587,0.004261,-14.061198,-4.749118,44.646505
257424.0,2025-12-15T01:58:37.048355,37.676313,0.918988,-0.099177,-0.085681,0.371866,0.016695,-0.013960,0.049652,0.021305,-0.003196,-0.004261,-14.292697,-4.802280,44.663622
257505.0,2025-12-15T01:58:37.106035,37.733993,0.918197,-0.098706,-0.086270,0.373803,0.009273,-0.020966,0.050113,0.000000,0.004261,0.001065,-14.279003,-4.854900,44.911423
257535.0,2025-12-15T01:58:37.107036,37.734993,0.917469,-0.098482,-0.085357,0.375854,0.047563,-0.026371,0.058265,0.007457,0.000000,-0.001065,-14.223868,-4.737763,45.145743
257557.0,2025-12-15T01:58:37.165776,37.793734,0.917148,-0.100986,-0.085503,0.375940,0.011955,-0.022664,0.052715,-0.014914,0.007457,0.003196,-14.498007,-4.640778,45.168196
257585.0,2025-12-15T01:58:37.166776,37.794734,0.917392,-0.098793,-0.086332,0.375738,0.000981,0.015548,0.054196,0.003196,0.003196,0.000000,-14.300989,-4.827753,45.151212
257607.0,2025-12-15T01:58:37.167766,37.795724,0.917103,-0.100974,-0.086725,0.375773,0.006050,-0.008251,0.041329,0.007457,0.001065,-0.001065,-14.551890,-4.771647,45.171304
257636.0,2025-12-15T01:58:37.226862,37.854820,0.916364,-0.100879,-0.085748,0.377819,0.012154,0.023079,0.048714,-0.009587,0.005326,0.002131,-14.507123,-4.641661,45.404089
257661.0,2025-12-15T01:58:37.227862,37.855820,0.916608,-0.098683,-0.086567,0.377620,0.000950,-0.013276,0.054323,0.002131,0.002131,0.000000,-14.309757,-4.828090,45.387305
257686.0,2025-12-15T01:58:37.286479,37.914437,0.916314,-0.101059,-0.086559,0.377709,-0.007116,0.017853,0.035883,-0.004261,0.003196,0.000000,-14.563027,-4.720151,45.406820
257711.0,2025-12-15T01:58:37.286479,37.914437,0.916619,-0.098980,-0.085598,0.377737,0.024143,-0.022185,0.045132,0.000000,0.002131,0.000000,-14.297470,-4.711893,45.384260
257741.0,2025-12-15T01:58:37.347136,37.975094,0.915755,-0.098842,-0.085314,0.379926,0.026201,-0.005506,0.048247,-0.003196,0.004261,0.002131,-14.280562,-4.654543,45.648331
257761.0,2025-12-15T01:58:37.348123,37.976081,0.915532,-0.099943,-0.087298,0.379725,-0.012109,0.001832,0.060759,0.000000,0.003196,0.001065,-14.488329,-4.815463,45.665819
257790.0,2025-12-15T01:58:37.405768,38.033726,0.915251,-0.102300,-0.086860,0.379876,-0.007945,0.037621,0.035648,-0.004261,0.004261,0.001065,-14.719878,-4.661795,45.684415
257816.0,2025-12-15T01:58:37.406949,38.034907,0.915548,-0.100056,-0.086611,0.379814,0.000750,-0.000285,0.046042,-0.003196,0.003196,0.001065,-14.469056,-4.737316,45.663802
257842.0,2025-12-15T01:58:37.407969,38.035926,0.914750,-0.099908,-0.085870,0.381938,0.015317,0.017641,0.056577,-0.003196,0.005326,0.002131,-14.429542,-4.633521,45.911135
257866.0,2025-12-15T01:58:37.466357,38.094315,0.914536,-0.100945,-0.087885,0.381720,-0.019055,0.001644,0.050367,0.001065,0.002131,0.000000,-14.632458,-4.800266,45.927218
257894.0,2025-12-15T01:58:37.467348,38.095305,0.914729,-0.100154,-0.085735,0.381956,0.015725,0.001724,0.055421,-0.005326,0.004261,0.001065,-14.449611,-4.608101,45.911550
257920.0,2025-12-15T01:58:37.526092,38.154049,0.914908,-0.098271,-0.087094,0.381708,-0.000771,-0.004850,0.048135,0.000000,0.003196,0.001065,-14.311161,-4.838363,45.900473
257949.0,2025-12-15T01:58:37.527092,38.155050,0.914187,-0.098054,-0.086045,0.383723,0.022092,-0.014335,0.051418,0.003196,0.002131,0.000000,-14.249526,-4.707679,46.128410
257970.0,2025-12-15T01:58:37.528096,38.156054,0.913889,-0.100042,-0.087251,0.383647,0.000862,0.001132,0.046876,-0.004261,0.005326,0.001065,-14.516621,-4.744536,46.149564
257996.0,2025-12-15T01:58:37.587827,38.215785,0.914180,-0.097742,-0.087199,0.383558,0.008025,-0.016932,0.052402,0.000000,0.003196,0.001065,-14.269367,-4.844532,46.129208
258022.0,2025-12-15T01:58:37.589096,38.217054,0.913914,-0.100028,-0.086751,0.383705,-0.000576,0.006564,0.047756,0.002131,0.003196,0.000000,-14.492042,-4.692212,46.146891
258047.0,2025-12-15T01:58:37.647282,38.275240,0.913168,-0.099886,-0.085739,0.385741,0.017581,0.017236,0.045481,-0.004261,0.004261,0.002131,-14.439669,-4.561461,46.378508
258074.0,2025-12-15T01:58:37.648283,38.276241,0.913140,-0.099368,-0.087989,0.385435,-0.001495,-0.000328,0.045127,-0.002131,0.003196,0.001065,-14.488597,-4.823851,46.382593
258100.0,2025-12-15T01:58:37.707711,38.335669,0.913357,-0.098306,-0.085927,0.385656,0.043386,-0.003280,0.049652,0.001065,0.002131,0.001065,-14.280299,-4.654056,46.366191
258123.0,2025-12-15T01:58:37.708265,38.336223,0.913096,-0.099873,-0.087591,0.385498,-0.006193,0.003274,0.057831,-0.002131,0.004261,0.000000,-14.523960,-4.758504,46.384512
258151.0,2025-12-15T01:58:37.767353,38.395311,0.912336,-0.099674,-0.086644,0.387557,0.031273,0.016006,0.062516,0.000000,0.004261,0.001065,-14.468598,-4.636695,46.620049
258175.0,2025-12-15T01:58:37.768764,38.396722,0.912368,-0.098752,-0.088767,0.387239,-0.021180,-0.022210,0.044341,-0.001065,0.003196,0.000000,-14.469144,-4.904444,46.618896
258201.0,2025-12-15T01:58:37.769779,38.397737,0.912386,-0.099431,-0.086458,0.387544,0.010501,0.008975,0.051678,-0.001065,0.005326,0.000000,-14.434049,-4.628735,46.614042
258228.0,2025-12-15T01:58:37.826483,38.454441,0.911646,-0.099184,-0.085450,0.389567,0.043314,0.022882,0.048428,0.005326,0.004261,-0.001065,-14.370096,-4.503707,46.844282
258253.0,2025-12-15T01:58:37.826483,38.454441,0.911470,-0.099904,-0.087543,0.389329,0.015235,0.000064,0.047299,0.007457,0.003196,0.000000,-14.544242,-4.691717,46.857964
258278.0,2025-12-15T01:58:37.885581,38.513539,0.911618,-0.098222,-0.089061,0.389067,-0.009412,-0.026513,0.046634,-0.006392,0.005326,0.002131,-14.436436,-4.930647,46.849197
258303.0,2025-12-15T01:58:37.886583,38.514540,0.911838,-0.097173,-0.086961,0.389291,0.016084,-0.000872,0.043181,0.003196,0.003196,0.001065,-14.227012,-4.757136,46.832202
258322.0,2025-12-15T01:58:37.887583,38.515541,0.911532,-0.099336,-0.087764,0.389280,0.005138,-0.003732,0.046217,-0.001065,0.004261,0.001065,-14.494196,-4.741490,46.854189
258356.0,2025-12-15T01:58:37.945711,38.573669,0.910672,-0.099164,-0.087272,0.391442,0.005561,0.010373,0.049665,-0.002131,0.004261,0.002131,-14.463487,-4.664294,47.111968
258381.0,2025-12-15T01:58:37.946709,38.574667,0.910781,-0.097710,-0.089057,0.391152,-0.013719,-0.026100,0.040940,-0.002131,0.004261,0.001065,-14.392966,-4.921128,47.105802
258406.0,2025-12-15T01:58:38.006089,38.634047,0.910509,-0.099978,-0.088574,0.391321,-0.004995,0.026347,0.049459,0.002131,0.001065,0.001065,-14.611028,-4.763796,47.125498
258434.0,2025-12-15T01:58:38.065246,38.693203,0.909689,-0.099760,-0.087904,0.393430,0.005813,0.018753,0.046000,0.001065,0.002131,0.000000,-14.566555,-4.671025,47.373177
258454.0,2025-12-15T01:58:38.066252,38.694210,0.909949,-0.097586,-0.088369,0.393270,0.002117,-0.010566,0.051283,-0.007457,0.005326,0.001065,-14.357982,-4.822354,47.354673
258479.0,2025-12-15T01:58:38.067244,38.695201,0.909817,-0.097912,-0.090613,0.392982,-0.036706,-0.009952,0.047271,0.002131,0.003196,-0.001065,-14.498388,-5.044378,47.364514
258505.0,2025-12-15T01:58:38.068245,38.696203,0.909680,-0.099563,-0.088886,0.393279,-0.005834,-0.013594,0.048365,-0.001065,0.002131,0.001065,-14.591927,-4.784236,47.373080
258533.0,2025-12-15T01:58:38.126123,38.754081,0.908910,-0.099455,-0.087872,0.395310,-0.008871,0.010390,0.046966,-0.008522,0.005326,0.003196,-14.542156,-4.652073,47.605034
258552.0,2025-12-15T01:58:38.126123,38.754081,0.909127,-0.097356,-0.088936,0.395095,0.002718,0.022908,0.055063,0.003196,0.002131,0.001065,-14.370286,-4.863268,47.591803
258585.0,2025-12-15T01:58:38.185696,38.813654,0.908841,-0.099614,-0.089068,0.395160,0.017261,-0.029949,0.034513,0.005326,0.003196,-0.001065,-14.615627,-4.770784,47.610537
258610.0,2025-12-15T01:58:38.186698,38.814656,0.909109,-0.097852,-0.088029,0.395217,0.020622,-0.013684,0.047343,-0.021305,0.009587,0.004261,-14.379798,-4.744382,47.590887
258638.0,2025-12-15T01:58:38.246358,38.874316,0.908411,-0.097517,-0.086846,0.397162,0.031130,0.012816,0.054965,0.011718,0.001065,-0.002131,-14.297310,-4.607142,47.808520
258663.0,2025-12-15T01:58:38.247385,38.875343,0.908151,-0.099010,-0.088634,0.396992,0.007111,-0.000142,0.048116,-0.006392,0.004261,0.001065,-14.540220,-4.725015,47.827553
258683.0,2025-12-15T01:58:38.248363,38.876321,0.908435,-0.096738,-0.088682,0.396892,0.008632,-0.020711,0.057936,-0.003196,0.002131,0.001065,-14.302074,-4.837729,47.808016
258715.0,2025-12-15T01:58:38.305974,38.933932,0.908193,-0.098960,-0.087775,0.397100,-0.000788,0.031981,0.036712,-0.003196,0.003196,0.001065,-14.494030,-4.636807,47.823829
258741.0,2025-12-15T01:58:38.306975,38.934932,0.907346,-0.098737,-0.087223,0.399207,0.016003,0.036086,0.058609,0.002131,0.003196,-0.001065,-14.454232,-4.556999,48.074437
258766.0,2025-12-15T01:58:38.366051,38.994009,0.907106,-0.099989,-0.089170,0.399012,-0.007831,0.002875,0.043761,-0.006392,0.005326,0.002131,-14.679602,-4.702362,48.092937
258786.0,2025-12-15T01:58:38.367058,38.995015,0.907402,-0.097800,-0.088810,0.398960,0.000865,-0.000272,0.052280,-0.006392,0.004261,0.001065,-14.431031,-4.768900,48.071630
258818.0,2025-12-15T01:58:38.426171,39.054129,0.907104,-0.100005,-0.089371,0.398966,-0.021822,0.028049,0.046870,0.002131,0.002131,-0.001065,-14.690886,-4.723126,48.091254
258844.0,2025-12-15T01:58:38.427159,39.055117,0.906303,-0.099811,-0.088517,0.401021,-0.000524,0.055894,0.058807,-0.002131,0.005326,0.000000,-14.639187,-4.611228,48.329465
258864.0,2025-12-15T01:58:38.427159,39.055117,0.906549,-0.097645,-0.089418,0.400798,0.001025,-0.010116,0.040096,0.003196,0.003196,-0.001065,-14.453630,-4.809984,48.312084
258893.0,2025-12-15T01:58:38.485742,39.113700,0.906827,-0.095936,-0.087954,0.400905,0.036766,-0.017481,0.056160,-0.004261,0.004261,0.001065,-14.202890,-4.737818,48.290681
258918.0,2025-12-15T01:58:38.486741,39.114699,0.906540,-0.098093,-0.088468,0.400921,-0.001222,0.002727,0.048880,0.007457,0.002131,-0.001065,-14.455225,-4.688804,48.310138
258945.0,2025-12-15T01:58:38.546507,39.174465,0.905661,-0.098018,-0.087943,0.403033,0.030022,0.016791,0.049128,-0.008522,0.006392,0.001065,-14.432201,-4.604919,48.562946
258968.0,2025-12-15T01:58:38.546507,39.174465,0.905768,-0.096649,-0.089852,0.402703,-0.012862,-0.024304,0.049400,0.011718,0.003196,-0.003196,-14.379711,-4.871944,48.554614
258994.0,2025-12-15T01:58:38.605623,39.233581,0.905688,-0.098206,-0.088045,0.402906,0.009316,0.009610,0.039730,0.022371,0.011718,-0.007457,-14.456409,-4.608533,48.549760
259021.0,2025-12-15T01:58:38.606631,39.234588,0.905401,-0.099959,-0.089550,0.402789,0.003315,-0.000690,0.042022,-0.003196,0.002131,0.001065,-14.713946,-4.682456,48.570958
259045.0,2025-12-15T01:58:38.607622,39.235579,0.904512,-0.099905,-0.088997,0.404915,-0.002185,0.049717,0.058803,-0.013848,0.006392,0.003196,-14.691715,-4.593864,48.824935
259071.0,2025-12-15T01:58:38.666186,39.294144,0.904758,-0.097720,-0.090081,0.404659,0.001849,-0.007240,0.043949,0.012783,0.001065,-0.003196,-14.513793,-4.813696,48.807165
259090.0,2025-12-15T01:58:38.667185,39.295143,0.904468,-0.100104,-0.089685,0.404813,-0.004998,0.020005,0.031232,-0.005326,0.005326,0.002131,-14.745982,-4.656828,48.826714
259120.0,2025-12-15T01:58:38.727407,39.355365,0.904768,-0.097800,-0.089633,0.404718,-0.010007,0.022701,0.058765,0.000000,0.002131,0.000000,-14.500595,-4.762845,48.805831
259147.0,2025-12-15T01:58:38.728435,39.356393,0.903948,-0.097618,-0.088777,0.406778,0.038877,0.015089,0.045572,-0.001065,0.003196,0.001065,-14.449660,-4.650738,49.045534
259170.0,2025-12-15T01:58:38.792040,39.419998,0.903771,-0.098266,-0.090978,0.406528,-0.023456,-0.002329,0.051211,-0.005326,0.005326,0.002131,-14.625110,-4.850171,49.060479
259195.0,2025-12-15T01:58:38.793040,39.420998,0.904010,-0.097047,-0.088984,0.406731,0.024660,-0.002843,0.044933,0.002131,0.004261,0.001065,-14.399653,-4.700129,49.041893
259221.0,2025-12-15T01:58:38.794049,39.422007,0.903758,-0.098416,-0.090817,0.406557,-0.021316,0.005240,0.044740,-0.002131,0.003196,0.001065,-14.633152,-4.825948,49.061366
259245.0,2025-12-15T01:58:38.846096,39.474054,0.902926,-0.098212,-0.090029,0.408625,0.003033,0.015495,0.047303,-0.001065,0.003196,0.000000,-14.583232,-4.721654,49.303347
259269.0,2025-12-15T01:58:38.847095,39.475053,0.903175,-0.096834,-0.088225,0.408796,0.041131,-0.009445,0.054763,-0.003196,0.003196,0.001065,-14.350148,-4.599784,49.284361
259293.0,2025-12-15T01:58:38.906232,39.534189,0.902975,-0.097767,-0.090326,0.408557,-0.007349,0.000810,0.051792,-0.003196,0.003196,0.000000,-14.550995,-4.774653,49.299343
259313.0,2025-12-15T01:58:38.906232,39.534189,0.903272,-0.095494,-0.090088,0.408492,0.018561,-0.031477,0.051728,-0.001065,0.003196,0.001065,-14.300175,-4.860538,49.278463
259345.0,2025-12-15T01:58:38.907217,39.535175,0.902401,-0.095369,-0.089431,0.410585,0.037433,-0.029378,0.053278,-0.003196,0.003196,0.001065,-14.265311,-4.766258,49.527047
259366.0,2025-12-15T01:58:38.965773,39.593731,0.902101,-0.097311,-0.090698,0.410510,-0.000600,0.001139,0.036877,-0.003196,0.002131,0.001065,-14.531660,-4.803755,49.549602
259393.0,2025-12-15T01:58:38.966776,39.594734,0.902397,-0.095333,-0.089593,0.410566,0.029026,-0.021151,0.048325,-0.002131,0.003196,0.001065,-14.269511,-4.784955,49.527756
259418.0,2025-12-15T01:58:39.030623,39.658581,0.902097,-0.097427,-0.090521,0.410529,0.001198,-0.000072,0.054648,0.000000,0.003196,0.000000,-14.535121,-4.779696,49.548822
259442.0,2025-12-15T01:58:39.031611,39.659569,0.901145,-0.097255,-0.090417,0.412680,0.013264,0.004447,0.038767,-0.002131,0.003196,0.002131,-14.522877,-4.743044,49.815594
259465.0,2025-12-15T01:58:39.031611,39.659569,0.901157,-0.096420,-0.092571,0.412371,-0.023535,-0.024072,0.049471,-0.001065,0.003196,0.001065,-14.541726,-5.009439,49.817394
259491.0,2025-12-15T01:58:39.087113,39.715070,0.901174,-0.097043,-0.090286,0.412694,0.008680,0.007349,0.054600,0.000000,0.002131,0.001065,-14.494166,-4.739714,49.814016
259511.0,2025-12-15T01:58:39.088201,39.716159,0.900874,-0.099082,-0.091364,0.412628,-0.030907,0.023892,0.053673,-0.002131,0.004261,0.000000,-14.761442,-4.752232,49.834445
259543.0,2025-12-15T01:58:39.146603,39.774561,0.900020,-0.098891,-0.090594,0.414701,-0.013456,0.031306,0.047516,-0.002131,0.004261,0.001065,-14.713322,-4.649106,50.078079
259565.0,2025-12-15T01:58:39.147587,39.775545,0.900279,-0.096709,-0.091245,0.414511,0.000260,-0.000220,0.055506,-0.003196,0.004261,0.000000,-14.516703,-4.825360,50.060008
259592.0,2025-12-15T01:58:39.206681,39.834638,0.900363,-0.096842,-0.088903,0.414807,0.030524,0.016335,0.059426,-0.001065,0.002131,0.000000,-14.414469,-4.574139,50.050781
259616.0,2025-12-15T01:58:39.207669,39.835627,0.900236,-0.097151,-0.091174,0.414517,0.003475,0.002346,0.052582,-0.003196,0.004261,0.000000,-14.559490,-4.796392,50.060847
259642.0,2025-12-15T01:58:39.207669,39.835627,0.899319,-0.096959,-0.090820,0.416624,0.006317,0.003434,0.044902,-0.001065,0.002131,-0.001065,-14.532413,-4.735847,50.317519
259667.0,2025-12-15T01:58:39.266922,39.894879,0.899242,-0.098212,-0.088754,0.416943,0.018993,0.028975,0.040263,-0.006392,0.004261,0.002131,-14.560621,-4.457821,50.320398
259687.0,2025-12-15T01:58:39.267913,39.895871,0.899352,-0.096761,-0.090521,0.416664,0.013860,0.030369,0.057048,-0.003196,0.005326,0.002131,-14.496735,-4.714236,50.315938
259719.0,2025-12-15T01:58:39.327152,39.955109,0.899107,-0.098182,-0.092226,0.416486,-0.013288,0.003228,0.033896,0.005326,0.001065,-0.002131,-14.730614,-4.821914,50.332814
259745.0,2025-12-15T01:58:39.327152,39.955109,0.898293,-0.098027,-0.091244,0.418490,-0.014764,0.018998,0.041273,-0.003196,0.008522,0.000000,-14.674935,-4.696708,50.564185
259765.0,2025-12-15T01:58:39.328154,39.956111,0.898605,-0.095591,-0.091654,0.418296,0.003043,-0.001037,0.053424,0.015979,0.003196,-0.004261,-14.440327,-4.861681,50.539720
259795.0,2025-12-15T01:58:39.386215,40.014173,0.898342,-0.097865,-0.091420,0.418386,0.002274,0.000366,0.041345,0.007457,0.007457,-0.002131,-14.666379,-4.724411,50.554142
259818.0,2025-12-15T01:58:39.387207,40.015165,0.898590,-0.096386,-0.089738,0.418559,0.037766,-0.010853,0.041771,-0.005326,0.003196,0.003196,-14.427523,-4.622415,50.537182
259844.0,2025-12-15T01:58:39.445967,40.073925,0.897676,-0.096216,-0.089251,0.420659,0.048026,0.030046,0.057560,-0.002131,0.004261,0.000000,-14.395513,-4.547704,50.791074
259867.0,2025-12-15T01:58:39.446965,40.074923,0.897537,-0.096594,-0.091472,0.420392,0.012463,0.002481,0.043835,0.005326,0.002131,0.000000,-14.546617,-4.760125,50.803192
259893.0,2025-12-15T01:58:39.506446,40.134404,0.897225,-0.098941,-0.091978,0.420402,-0.020507,0.027377,0.051520,-0.007457,0.006392,0.000000,-14.817319,-4.695489,50.822479
259913.0,2025-12-15T01:58:39.506446,40.134404,0.897530,-0.096737,-0.091597,0.420347,-0.001442,0.002296,0.051282,-0.005326,0.002131,0.000000,-14.567705,-4.766523,50.800547
259945.0,2025-12-15T01:58:39.507865,40.135823,0.896611,-0.096539,-0.091109,0.422454,0.020329,0.005679,0.036491,0.000000,0.004261,0.000000,-14.532919,-4.692669,51.055306
259966.0,2025-12-15T01:58:39.565997,40.193955,0.896407,-0.097406,-0.093234,0.422226,-0.019459,-0.000171,0.039559,-0.004261,0.004261,0.002131,-14.730962,-4.870125,51.072679
259993.0,2025-12-15T01:58:39.567429,40.195387,0.896691,-0.095672,-0.091704,0.422354,0.012475,-0.005069,0.050517,0.002131,0.002131,0.001065,-14.472568,-4.798156,51.051826
260018.0,2025-12-15T01:58:39.626496,40.254453,0.896438,-0.097042,-0.093528,0.422178,-0.037725,0.007974,0.043636,-0.002131,0.004261,0.001065,-14.707885,-4.918963,51.071461
260043.0,2025-12-15T01:58:39.626496,40.254453,0.895549,-0.096816,-0.092857,0.424259,-0.014475,-0.001568,0.043435,0.001065,0.003196,0.000000,-14.660806,-4.828107,51.319219
260068.0,2025-12-15T01:58:39.685228,40.313186,0.895452,-0.098233,-0.090924,0.424557,0.018580,0.034395,0.050345,-0.001065,0.003196,0.000000,-14.710401,-4.555473,51.322064
260091.0,2025-12-15T01:58:39.686741,40.314699,0.895629,-0.096424,-0.092373,0.424286,-0.001108,-0.005054,0.052528,-0.001065,0.003196,0.000000,-14.595166,-4.797906,51.311445
260113.0,2025-12-15T01:58:39.687755,40.315713,0.895888,-0.095029,-0.090535,0.424449,0.040837,-0.008510,0.047373,0.000000,0.004261,0.000000,-14.356360,-4.677578,51.290260
260143.0,2025-12-15T01:58:39.746368,40.374326,0.894993,-0.094922,-0.089790,0.426514,0.060499,0.000985,0.055607,-0.005326,0.004261,0.002131,-14.317247,-4.574318,51.535595
260166.0,2025-12-15T01:58:39.746368,40.374326,0.894776,-0.095959,-0.091805,0.426309,0.020157,-0.000207,0.044826,0.001065,0.002131,0.001065,-14.528019,-4.730718,51.553495
260192.0,2025-12-15T01:58:39.806466,40.434424,0.894561,-0.096981,-0.093832,0.426087,-0.015323,0.001192,0.041074,-0.002131,0.005326,0.001065,-14.737904,-4.889388,51.570438
260216.0,2025-12-15T01:58:39.806466,40.434424,0.894783,-0.095943,-0.091769,0.426306,0.020040,0.000118,0.048290,-0.001065,0.004261,0.001065,-14.524473,-4.727992,51.552353
260240.0,2025-12-15T01:58:39.807465,40.435423,0.893872,-0.095759,-0.091171,0.428382,0.021202,0.024908,0.039497,-0.002131,0.003196,0.000000,-14.484993,-4.643054,51.801915
260265.0,2025-12-15T01:58:39.866024,40.493982,0.893741,-0.096064,-0.093424,0.428100,-0.003616,-0.000993,0.046605,0.001065,0.003196,0.000000,-14.632108,-4.861222,51.813136
260290.0,2025-12-15T01:58:39.867020,40.494978,0.894037,-0.094244,-0.092092,0.428177,0.034995,-0.018685,0.048434,-0.003196,0.004261,0.000000,-14.374270,-4.816281,51.789559
260314.0,2025-12-15T01:58:39.926150,40.554108,0.893725,-0.096538,-0.092602,0.428206,-0.008997,0.012375,0.041429,-0.003196,0.004261,0.001065,-14.639171,-4.752135,51.811247
260340.0,2025-12-15T01:58:39.986260,40.614218,0.892872,-0.096328,-0.091650,0.430234,0.009220,0.010890,0.050523,0.000000,0.004261,0.002131,-14.578178,-4.633227,52.047477
260365.0,2025-12-15T01:58:39.986260,40.614218,0.892897,-0.095482,-0.093773,0.429912,-0.003314,-0.003521,0.052182,0.000000,0.005326,0.000000,-14.599396,-4.896842,52.047404
260388.0,2025-12-15T01:58:39.987236,40.615194,0.892880,-0.096278,-0.091526,0.430255,0.023625,0.024106,0.042329,-0.002131,0.003196,0.003196,-14.566629,-4.622783,52.047557
260437.0,2025-12-15T01:58:40.046345,40.674303,0.891949,-0.095731,-0.092947,0.432000,-0.000975,0.007098,0.044648,0.002131,0.002131,0.001065,-14.593089,-4.766563,52.295563
260462.0,2025-12-15T01:58:40.046345,40.674303,0.891695,-0.097101,-0.094797,0.431816,-0.041553,0.007925,0.041444,-0.004261,0.004261,0.001065,-14.831071,-4.887593,52.315048
260487.0,2025-12-15T01:58:40.047344,40.675302,0.892004,-0.095081,-0.093779,0.431849,0.000729,0.000341,0.036426,-0.002131,0.003196,0.000000,-14.568409,-4.886510,52.291314
260517.0,2025-12-15T01:58:40.106488,40.734446,0.891107,-0.094853,-0.093040,0.433907,0.017140,-0.017337,0.053456,0.002131,0.002131,0.000000,-14.516805,-4.789887,52.536143
260542.0,2025-12-15T01:58:40.106488,40.734446,0.891405,-0.092734,-0.092387,0.433893,0.023636,-0.025055,0.050046,-0.006392,0.004261,0.001065,-14.263069,-4.832038,52.514083
260563.0,2025-12-15T01:58:40.165570,40.793528,0.891110,-0.094784,-0.093236,0.433874,-0.001792,0.002301,0.055961,0.006392,0.002131,0.000000,-14.519874,-4.813876,52.535705
260591.0,2025-12-15T01:58:40.166570,40.794528,0.890815,-0.096581,-0.094694,0.433768,-0.007854,0.005025,0.041901,-0.004261,0.005326,0.002131,-14.782143,-4.871544,52.558348
260614.0,2025-12-15T01:58:40.226693,40.854651,0.891084,-0.094973,-0.093077,0.433919,0.010153,-0.002734,0.057141,-0.001065,0.003196,0.002131,-14.531344,-4.787334,52.538801
260638.0,2025-12-15T01:58:40.227684,40.855641,0.890164,-0.094819,-0.092383,0.435984,0.024990,0.002362,0.041101,-0.002131,0.003196,0.002131,-14.489528,-4.691635,52.786061
260663.0,2025-12-15T01:58:40.227684,40.855641,0.890135,-0.094307,-0.094635,0.435671,-0.011140,-0.009112,0.050626,0.001065,0.002131,0.000000,-14.553814,-4.950953,52.790859
260688.0,2025-12-15T01:58:40.287310,40.915268,0.889906,-0.096455,-0.093571,0.435900,0.000122,0.016252,0.054273,-0.002131,0.003196,0.001065,-14.721039,-4.729387,52.805029
260708.0,2025-12-15T01:58:40.287310,40.915268,0.890211,-0.094200,-0.093149,0.435861,0.014285,-0.018549,0.045725,0.000000,0.003196,0.001065,-14.465260,-4.802925,52.784072
260740.0,2025-12-15T01:58:40.346956,40.974914,0.889242,-0.094060,-0.092745,0.437950,0.039893,-0.004639,0.055161,-0.003196,0.004261,0.001065,-14.440251,-4.735655,53.040647
260763.0,2025-12-15T01:58:40.406732,41.034690,0.888965,-0.095759,-0.094252,0.437821,-0.022707,0.009595,0.058781,0.000000,0.003196,0.000000,-14.695045,-4.802632,53.060749
260788.0,2025-12-15T01:58:40.407721,41.035679,0.889276,-0.093527,-0.093785,0.437773,0.016852,-0.020997,0.055103,-0.001065,0.004261,0.000000,-14.439437,-4.871121,53.037606
260811.0,2025-12-15T01:58:40.407721,41.035679,0.888966,-0.095755,-0.094388,0.437791,-0.002840,0.004582,0.035110,0.000000,0.004261,0.001065,-14.701709,-4.816999,53.059713
260858.0,2025-12-15T01:58:40.527245,41.155202,0.888354,-0.093291,-0.093373,0.439779,0.015528,-0.023753,0.061184,0.002131,0.001065,0.001065,-14.403752,-4.809451,53.283486
260889.0,2025-12-15T01:58:40.527245,41.155202,0.888043,-0.095238,-0.094627,0.439722,-0.001524,0.002290,0.050725,-0.003196,0.004261,0.003196,-14.671226,-4.836286,53.308374
260916.0,2025-12-15T01:58:40.528767,41.156725,0.887086,-0.095010,-0.094178,0.441793,-0.006777,0.018453,0.056484,0.001065,0.003196,-0.001065,-14.634609,-4.769014,53.561848
260966.0,2025-12-15T01:58:40.528767,41.156725,0.887096,-0.095058,-0.094054,0.441791,-0.003205,0.015734,0.044938,-0.006392,0.004261,0.001065,-14.632832,-4.754043,53.559189
260994.0,2025-12-15T01:58:40.586153,41.214110,0.887240,-0.093399,-0.095688,0.441503,-0.008855,-0.027658,0.048372,0.001065,0.003196,0.000000,-14.547771,-5.009662,53.550964
261019.0,2025-12-15T01:58:40.587153,41.215111,0.886302,-0.093247,-0.095002,0.443564,0.001321,-0.031760,0.053084,-0.003196,0.005326,0.001065,-14.506483,-4.915027,53.798743
261042.0,2025-12-15T01:58:40.647306,41.275264,0.886063,-0.095439,-0.094110,0.443764,-0.000981,0.017893,0.045786,0.001065,0.003196,0.000000,-14.685358,-4.707614,53.812791
261062.0,2025-12-15T01:58:40.648295,41.276253,0.886216,-0.093712,-0.095624,0.443505,-0.004760,-0.016101,0.050659,-0.005326,0.003196,0.002131,-14.587535,-4.954472,53.805671
261094.0,2025-12-15T01:58:40.705861,41.333819,0.886236,-0.094310,-0.093321,0.443827,0.016081,0.014004,0.050603,0.001065,0.003196,0.001065,-14.527041,-4.685949,53.801012
261119.0,2025-12-15T01:58:40.706854,41.334811,0.885273,-0.094103,-0.092763,0.445905,0.045861,0.014081,0.046640,0.001065,0.003196,0.001065,-14.486308,-4.606910,54.053845
261141.0,2025-12-15T01:58:40.707855,41.335813,0.885224,-0.093755,-0.095040,0.445596,-0.000787,-0.000668,0.040837,0.001065,0.002131,0.000000,-14.571725,-4.859360,54.060288
261167.0,2025-12-15T01:58:40.767425,41.395383,0.884920,-0.096054,-0.095344,0.445646,-0.017466,0.026031,0.042942,0.000000,0.003196,0.000000,-14.824878,-4.768515,54.080439
261187.0,2025-12-15T01:58:40.768447,41.396405,0.885193,-0.093819,-0.095492,0.445548,-0.000237,0.001393,0.057714,-0.005326,0.004261,0.003196,-14.602386,-4.902271,54.063803
261221.0,2025-12-15T01:58:40.826666,41.454624,0.884275,-0.093537,-0.094742,0.447585,0.018427,-0.022323,0.049387,0.006392,0.001065,-0.001065,-14.543733,-4.808383,54.307369
261245.0,2025-12-15T01:58:40.827543,41.455501,0.883985,-0.095416,-0.096062,0.447480,-0.012587,0.007673,0.073516,-0.002131,0.005326,0.000000,-14.807811,-4.843858,54.327538
261268.0,2025-12-15T01:58:40.887198,41.515156,0.884330,-0.093999,-0.093713,0.447596,-0.002810,-0.006673,0.035408,0.044741,0.004261,-0.014914,-14.535562,-4.680503,54.288988
261295.0,2025-12-15T01:58:40.887198,41.515156,0.884079,-0.095103,-0.096003,0.447375,0.027816,0.015990,0.031084,-0.041545,0.013848,0.009587,-14.771847,-4.856191,54.311904
261319.0,2025-12-15T01:58:40.888185,41.516143,0.883131,-0.094829,-0.095384,0.449431,-0.097813,0.134843,0.085071,-0.002131,0.004261,0.001065,-14.720966,-4.774539,54.560811
261342.0,2025-12-15T01:58:40.947372,41.575330,0.882883,-0.096792,-0.095403,0.449498,0.061478,-0.104012,0.025028,0.029827,-0.005326,-0.005326,-14.923756,-4.671527,54.575746
261366.0,2025-12-15T01:58:40.948368,41.576325,0.882797,-0.096609,-0.097610,0.449231,-0.015532,0.005949,0.023947,-0.067112,0.023436,0.014914,-15.023793,-4.907073,54.588026
261392.0,2025-12-15T01:58:41.006377,41.634335,0.883190,-0.094023,-0.096632,0.449219,-0.095799,0.084702,0.076812,0.039415,-0.005326,-0.007457,-14.705029,-4.945921,54.557332
261412.0,2025-12-15T01:58:41.006377,41.634335,0.882972,-0.095952,-0.096131,0.449347,0.018363,-0.050291,0.028181,0.030893,-0.006392,-0.006392,-14.876469,-4.791486,54.569336
261445.0,2025-12-15T01:58:41.008365,41.636323,0.881968,-0.096116,-0.095500,0.451413,-0.008589,0.058728,0.044592,-0.033023,0.011718,0.007457,-14.869584,-4.685167,54.820701
261466.0,2025-12-15T01:58:41.066572,41.694530,0.882292,-0.093731,-0.095381,0.451307,-0.026866,0.051693,0.071905,0.007457,0.002131,-0.002131,-14.618014,-4.801572,54.797185
261492.0,2025-12-15T01:58:41.067576,41.695534,0.881987,-0.095822,-0.096225,0.451284,-0.001121,0.001665,0.034546,0.003196,0.002131,0.000000,-14.878396,-4.775538,54.818562
261518.0,2025-12-15T01:58:41.127135,41.755093,0.881045,-0.095703,-0.095466,0.453306,0.003981,0.025761,0.047807,-0.008522,0.003196,0.002131,-14.835109,-4.672169,55.061034
261541.0,2025-12-15T01:58:41.127135,41.755093,0.881319,-0.093484,-0.095843,0.453158,-0.002129,0.006949,0.034506,-0.005326,0.004261,0.001065,-14.627839,-4.830605,55.043196
261564.0,2025-12-15T01:58:41.128140,41.756098,0.881629,-0.091418,-0.094797,0.453196,0.023973,-0.017054,0.052395,0.002131,0.003196,0.000000,-14.359180,-4.835191,55.019714
261592.0,2025-12-15T01:58:41.186142,41.814100,0.881330,-0.093428,-0.095840,0.453149,0.057368,-0.039949,0.037569,0.002131,0.001065,0.000000,-14.621869,-4.833409,55.041731
261618.0,2025-12-15T01:58:41.187140,41.815097,0.880322,-0.093433,-0.095319,0.455213,0.033688,0.000742,0.037192,-0.014914,0.007457,0.004261,-14.604595,-4.747162,55.295466
261643.0,2025-12-15T01:58:41.247479,41.875437,0.880569,-0.091223,-0.096226,0.454992,0.002613,-0.018134,0.054248,0.007457,0.002131,-0.001065,-14.427436,-4.959743,55.279181
261668.0,2025-12-15T01:58:41.248477,41.876435,0.880280,-0.093465,-0.096206,0.455099,0.010928,-0.018973,0.045108,0.007457,0.000000,0.000000,-14.656228,-4.836064,55.299598
261693.0,2025-12-15T01:58:41.306526,41.934484,0.880506,-0.092234,-0.094404,0.455292,0.034356,-0.003600,0.048148,-0.012783,0.006392,0.004261,-14.432159,-4.718463,55.282883
261717.0,2025-12-15T01:58:41.307532,41.935489,0.879525,-0.092044,-0.093790,0.457348,0.053433,0.033405,0.045800,-0.001065,0.002131,0.002131,-14.389457,-4.633879,55.533594
261737.0,2025-12-15T01:58:41.308516,41.936474,0.879241,-0.093952,-0.094975,0.457262,0.016328,-0.009065,0.047752,0.003196,0.002131,-0.001065,-14.649358,-4.651303,55.552863
261763.0,2025-12-15T01:58:41.367934,41.995892,0.879310,-0.092817,-0.096943,0.456948,-0.002909,-0.001294,0.049175,-0.008522,0.006392,0.001065,-14.640585,-4.914066,55.550395
261790.0,2025-12-15T01:58:41.368930,41.996888,0.879042,-0.094449,-0.098357,0.456827,-0.018710,0.006909,0.061151,0.010653,-0.001065,-0.002131,-14.884995,-4.969502,55.570263
261815.0,2025-12-15T01:58:41.426207,42.054165,0.878016,-0.094353,-0.097951,0.458902,-0.019395,-0.022409,0.053822,-0.009587,0.005326,0.002131,-14.863912,-4.899405,55.827832
261839.0,2025-12-15T01:58:41.427833,42.055791,0.878332,-0.092529,-0.096532,0.458969,-0.017682,0.008439,0.057959,0.002131,0.002131,-0.003196,-14.599275,-4.855286,55.800633
261862.0,2025-12-15T01:58:41.428957,42.056915,0.878045,-0.094682,-0.096894,0.459002,0.005353,-0.005788,0.037570,0.010653,0.000000,-0.002131,-14.839287,-4.774604,55.819207
261886.0,2025-12-15T01:58:41.486392,42.114350,0.878323,-0.092581,-0.096574,0.458968,-0.007779,0.011644,0.043301,-0.013848,0.006392,0.004261,-14.606940,-4.856672,55.801511
261912.0,2025-12-15T01:58:41.487528,42.115485,0.878639,-0.090537,-0.095290,0.459039,0.026917,-0.015718,0.047931,0.010653,0.001065,-0.001065,-14.327525,-4.837575,55.777359
261938.0,2025-12-15T01:58:41.546708,42.174666,0.877592,-0.090502,-0.095084,0.461087,0.072334,-0.046893,0.032533,-0.009587,0.006392,0.001065,-14.323394,-4.785833,56.036635
261958.0,2025-12-15T01:58:41.547709,42.175667,0.877301,-0.092237,-0.096610,0.460979,0.002315,0.000248,0.053132,-0.003196,0.003196,0.002131,-14.584638,-4.845737,56.059937
261988.0,2025-12-15T01:58:41.606591,42.234549,0.876986,-0.094476,-0.097218,0.460998,-0.018006,0.019800,0.048432,-0.001065,0.003196,0.001065,-14.846809,-4.784738,56.082133
262017.0,2025-12-15T01:58:41.607589,42.235547,0.875946,-0.094278,-0.096889,0.463080,-0.011069,0.031444,0.059756,-0.003196,0.003196,0.002131,-14.819223,-4.727866,56.342656
262040.0,2025-12-15T01:58:41.608594,42.236552,0.876181,-0.092162,-0.097793,0.462871,0.000896,-0.006262,0.027846,-0.001065,0.004261,0.001065,-14.653354,-4.936406,56.328482
262065.0,2025-12-15T01:58:41.666436,42.294394,0.875966,-0.094217,-0.096525,0.463131,0.002113,0.031194,0.044209,-0.002131,0.004261,0.002131,-14.792927,-4.694065,56.341281
262085.0,2025-12-15T01:58:41.667436,42.295394,0.876263,-0.091920,-0.096621,0.463010,0.005152,-0.009348,0.045996,0.000000,0.004261,0.000000,-14.563857,-4.830690,56.320791
262118.0,2025-12-15T01:58:41.726784,42.354741,0.875309,-0.091763,-0.095783,0.465016,0.027062,0.013408,0.054848,-0.005326,0.004261,0.002131,-14.511456,-4.722926,56.561428
262143.0,2025-12-15T01:58:41.726784,42.354741,0.875138,-0.092393,-0.097974,0.464757,-0.016535,-0.003289,0.050658,0.000000,0.002131,0.000000,-14.697247,-4.910564,56.576301
262167.0,2025-12-15T01:58:41.786599,42.414557,0.874944,-0.094346,-0.096637,0.465009,0.002365,0.017285,0.050042,0.002131,0.002131,0.000000,-14.822029,-4.666787,56.586235
262191.0,2025-12-15T01:58:41.786599,42.414557,0.875103,-0.092617,-0.098060,0.464759,-0.002751,-0.007738,0.040951,-0.009587,0.006392,0.003196,-14.724974,-4.906837,56.579049
262214.0,2025-12-15T01:58:41.788596,42.416554,0.874091,-0.092337,-0.097583,0.466815,-0.027500,0.017319,0.059378,0.003196,0.001065,0.000000,-14.680748,-4.840587,56.833538
262238.0,2025-12-15T01:58:41.846449,42.474407,0.873866,-0.094368,-0.096478,0.467060,0.000967,0.014792,0.045598,0.006392,0.000000,0.001065,-14.825845,-4.615422,56.847639
262264.0,2025-12-15T01:58:41.847444,42.475402,0.874008,-0.092706,-0.097983,0.466813,-0.003872,-0.010809,0.045871,-0.009587,0.006392,0.004261,-14.740788,-4.860064,56.842933
262287.0,2025-12-15T01:58:41.849437,42.477395,0.874311,-0.090869,-0.096504,0.466916,0.017604,-0.007569,0.057130,0.006392,0.001065,-0.001065,-14.471245,-4.812375,56.819180
262316.0,2025-12-15T01:58:41.906824,42.534781,0.873271,-0.090746,-0.096042,0.468977,0.044556,-0.008973,0.047107,-0.006392,0.004261,0.002131,-14.443616,-4.739465,57.075581
262339.0,2025-12-15T01:58:41.906824,42.534781,0.873078,-0.091537,-0.098167,0.468742,-0.008567,-0.000691,0.057602,0.000000,0.003196,0.001065,-14.642985,-4.910542,57.092654
262363.0,2025-12-15T01:58:41.966790,42.594748,0.872812,-0.093840,-0.097470,0.468927,-0.005137,0.025904,0.048796,-0.003196,0.004261,0.001065,-14.837966,-4.711450,57.108568
262388.0,2025-12-15T01:58:41.966790,42.594748,0.873107,-0.091603,-0.097382,0.468839,0.002043,-0.002833,0.037817,-0.005326,0.004261,0.001065,-14.605697,-4.827435,57.088581
262413.0,2025-12-15T01:58:42.025679,42.653636,0.872879,-0.093731,-0.096353,0.469055,-0.001801,0.043055,0.046008,0.001065,0.002131,0.000000,-14.764359,-4.604558,57.101011
262437.0,2025-12-15T01:58:42.026866,42.654824,0.871929,-0.093540,-0.095482,0.471035,0.022428,0.053408,0.051204,-0.003196,0.004261,0.001065,-14.705572,-4.495818,57.338177
262457.0,2025-12-15T01:58:42.027938,42.655896,0.872020,-0.092248,-0.097443,0.470720,0.014594,0.022904,0.038258,0.005326,0.001065,-0.001065,-14.684568,-4.766701,57.335283
262485.0,2025-12-15T01:58:42.086123,42.714080,0.871700,-0.094636,-0.097608,0.470804,-0.016684,0.026691,0.040521,-0.005326,0.004261,0.002131,-14.936262,-4.649480,57.356668
262505.0,2025-12-15T01:58:42.087124,42.715081,0.871993,-0.092512,-0.097270,0.470754,-0.011472,0.016234,0.038303,-0.011718,0.006392,0.002131,-14.701644,-4.734378,57.336739
262536.0,2025-12-15T01:58:42.146990,42.774948,0.871084,-0.092171,-0.096290,0.472699,0.033779,0.042635,0.053157,0.009587,-0.001065,-0.001065,-14.621449,-4.623864,57.567034
262560.0,2025-12-15T01:58:42.146990,42.774948,0.870855,-0.093363,-0.098202,0.472495,0.000187,0.000491,0.045784,0.001065,0.003196,0.000000,-14.850131,-4.750287,57.584741
262584.0,2025-12-15T01:58:42.148192,42.776150,0.871154,-0.091259,-0.097523,0.472495,-0.014653,0.015982,0.054947,-0.006392,0.005326,0.002131,-14.598442,-4.799912,57.564011
262606.0,2025-12-15T01:58:42.205673,42.833631,0.871468,-0.088901,-0.097326,0.472406,0.023110,-0.035126,0.038988,0.005326,0.002131,-0.001065,-14.348154,-4.912752,57.541304
262637.0,2025-12-15T01:58:42.206674,42.834632,0.870416,-0.088777,-0.096985,0.474435,0.059485,-0.047436,0.042527,-0.003196,0.004261,0.000000,-14.327200,-4.852835,57.796976
262657.0,2025-12-15T01:58:42.266926,42.894884,0.870108,-0.090925,-0.097845,0.474417,0.013832,-0.009663,0.050665,-0.001065,0.004261,0.001065,-14.593394,-4.818478,57.819255
262688.0,2025-12-15T01:58:42.267925,42.895883,0.870058,-0.090497,-0.100113,0.474117,-0.029490,-0.023821,0.049999,-0.004261,0.003196,0.002131,-14.678667,-5.071353,57.827833
262714.0,2025-12-15T01:58:42.326909,42.954866,0.869004,-0.090219,-0.099888,0.476146,-0.011646,-0.030207,0.055745,0.006392,0.001065,-0.001065,-14.649138,-5.030814,58.085588
262739.0,2025-12-15T01:58:42.327945,42.955903,0.868793,-0.092290,-0.098587,0.476406,-0.000546,-0.000827,0.055579,-0.005326,0.005326,0.002131,-14.784569,-4.782219,58.097507
262759.0,2025-12-15T01:58:42.329191,42.957149,0.869096,-0.089992,-0.098541,0.476302,0.003243,-0.004129,0.050531,0.000000,0.004261,0.000000,-14.549486,-4.908028,58.076171
262787.0,2025-12-15T01:58:42.386228,43.014186,0.868795,-0.092295,-0.098589,0.476400,-0.002639,0.006366,0.053303,0.003196,0.003196,0.001065,-14.785118,-4.782199,58.096751
262813.0,2025-12-15T01:58:42.387235,43.015193,0.867746,-0.092142,-0.098132,0.478431,0.002906,0.021039,0.042677,-0.006392,0.003196,0.001065,-14.754068,-4.711632,58.350510
262837.0,2025-12-15T01:58:42.447304,43.075261,0.867931,-0.090255,-0.099477,0.478178,-0.001865,-0.016667,0.043538,-0.001065,0.003196,0.001065,-14.640237,-4.954346,58.341096
262856.0,2025-12-15T01:58:42.448295,43.076253,0.867668,-0.092517,-0.098668,0.478390,-0.004628,0.028568,0.047433,-0.003196,0.003196,0.002131,-14.822686,-4.743962,58.357846
262887.0,2025-12-15T01:58:42.449294,43.077251,0.867968,-0.090251,-0.098510,0.478311,0.008036,-0.011551,0.043181,-0.002131,0.004261,0.001065,-14.584680,-4.857058,58.337615
262916.0,2025-12-15T01:58:42.506482,43.134440,0.866902,-0.090080,-0.098068,0.480363,0.018073,-0.012763,0.047239,-0.003196,0.003196,0.002131,-14.552936,-4.789090,58.594799
262940.0,2025-12-15T01:58:42.507488,43.135445,0.866679,-0.091130,-0.100097,0.480148,-0.030125,-0.000535,0.055546,-0.002131,0.003196,0.001065,-14.775304,-4.933055,58.613709
262965.0,2025-12-15T01:58:42.566410,43.194368,0.866765,-0.091263,-0.097741,0.480455,0.008048,0.004623,0.052735,0.003196,0.002131,0.000000,-14.653606,-4.688674,58.603150
262989.0,2025-12-15T01:58:42.567331,43.195289,0.866785,-0.090374,-0.099862,0.480150,-0.014161,-0.016813,0.053409,-0.005326,0.004261,0.002131,-14.685517,-4.952589,58.606568
263015.0,2025-12-15T01:58:42.626559,43.254517,0.865775,-0.090128,-0.099196,0.482153,0.003775,-0.011547,0.049314,0.003196,0.001065,0.000000,-14.633016,-4.867486,58.852471
263042.0,2025-12-15T01:58:42.626559,43.254517,0.865486,-0.091782,-0.100846,0.482016,-0.035064,0.010368,0.049012,-0.006392,0.004261,0.002131,-14.894793,-4.938162,58.875438
263065.0,2025-12-15T01:58:42.627557,43.255515,0.865763,-0.090261,-0.099101,0.482169,-0.007706,0.002267,0.042987,0.002131,0.003196,0.000000,-14.640924,-4.850381,58.852917
263087.0,2025-12-15T01:58:42.687203,43.315161,0.865506,-0.091582,-0.100999,0.481986,-0.034131,0.003835,0.054544,-0.005326,0.004261,0.002131,-14.883507,-4.965070,58.874383
263117.0,2025-12-15T01:58:42.687203,43.315161,0.864445,-0.091351,-0.100544,0.484026,-0.022793,0.004675,0.053621,0.000000,0.003196,0.001065,-14.844949,-4.898826,59.129924
263140.0,2025-12-15T01:58:42.747380,43.375338,0.864712,-0.089881,-0.098806,0.484182,0.008039,-0.000420,0.043537,-0.002131,0.005326,0.001065,-14.596413,-4.809321,59.108194
263159.0,2025-12-15T01:58:42.749378,43.377336,0.864404,-0.091933,-0.099849,0.484133,-0.029172,0.019823,0.049003,-0.001065,0.004261,0.001065,-14.863243,-4.795696,59.130344
263188.0,2025-12-15T01:58:42.806289,43.434247,0.864718,-0.089989,-0.098573,0.484199,0.021324,-0.010786,0.042228,0.003196,0.003196,-0.001065,-14.593781,-4.780093,59.105695
263217.0,2025-12-15T01:58:42.808288,43.436246,0.863698,-0.089832,-0.097848,0.486191,0.029854,0.008230,0.049723,-0.005326,0.004261,0.001065,-14.546098,-4.684626,59.350031
263241.0,2025-12-15T01:58:42.808288,43.436246,0.863481,-0.090831,-0.099852,0.485983,-0.012852,-0.000602,0.049418,0.003196,0.002131,0.001065,-14.762898,-4.827501,59.369030
263267.0,2025-12-15T01:58:42.866529,43.494487,0.863655,-0.090131,-0.097680,0.486246,0.036889,0.007707,0.054532,-0.003196,0.002131,0.002131,-14.566553,-4.650167,59.354508
263290.0,2025-12-15T01:58:42.867531,43.495489,0.863638,-0.089610,-0.099927,0.485916,-0.002179,-0.001186,0.059315,-0.002131,0.003196,-0.001065,-14.644421,-4.905630,59.358270
263315.0,2025-12-15T01:58:42.926650,43.554608,0.862591,-0.089365,-0.099372,0.487930,0.011272,-0.013232,0.039367,0.003196,0.002131,0.000000,-14.598264,-4.831548,59.609071
263340.0,2025-12-15T01:58:42.927650,43.555608,0.862313,-0.090984,-0.101072,0.487773,-0.024007,0.006753,0.047747,-0.007457,0.004261,0.001065,-14.859771,-4.907754,59.630355
263359.0,2025-12-15T01:58:42.928647,43.556605,0.862617,-0.089007,-0.099974,0.487826,-0.003672,0.003565,0.047931,-0.002131,0.004261,0.001065,-14.597263,-4.912805,59.607550
263391.0,2025-12-15T01:58:42.986357,43.614315,0.862343,-0.091314,-0.099514,0.487979,-0.004289,0.013846,0.042549,0.000000,0.002131,0.000000,-14.802102,-4.732930,59.624040
263416.0,2025-12-15T01:58:42.987339,43.615297,0.861268,-0.091118,-0.099052,0.490003,0.000996,0.033410,0.048862,-0.003196,0.004261,0.001065,-14.765937,-4.664725,59.878610
263437.0,2025-12-15T01:58:43.047879,43.675837,0.861452,-0.089237,-0.100414,0.489750,-0.000027,-0.002918,0.040743,0.000000,0.003196,0.001065,-14.656871,-4.910273,59.869808
263464.0,2025-12-15T01:58:43.048880,43.676838,0.861227,-0.091389,-0.099332,0.489968,-0.001672,0.033073,0.042844,-0.002131,0.004261,0.000000,-14.809371,-4.677059,59.880834
263488.0,2025-12-15T01:58:43.048880,43.676838,0.861483,-0.089210,-0.100072,0.489770,0.003393,-0.017335,0.048457,-0.002131,0.003196,0.000000,-14.634098,-4.878100,59.864884
263515.0,2025-12-15T01:58:43.106073,43.734030,0.860422,-0.089028,-0.099495,0.491781,0.018794,-0.005599,0.042677,-0.003196,0.003196,0.001065,-14.592708,-4.798437,60.115708
263537.0,2025-12-15T01:58:43.107057,43.735015,0.860175,-0.090317,-0.101315,0.491607,-0.019718,0.002146,0.045247,0.003196,0.003196,0.001065,-14.828586,-4.904597,60.136320
263560.0,2025-12-15T01:58:43.166917,43.794874,0.860320,-0.089963,-0.099052,0.491878,0.029704,0.011892,0.057385,-0.006392,0.004261,0.001065,-14.660315,-4.699552,60.121395
263586.0,2025-12-15T01:58:43.166917,43.794874,0.860485,-0.088154,-0.100534,0.491617,-0.002157,-0.014489,0.042331,0.001065,0.002131,0.001065,-14.566130,-4.953055,60.114268
263613.0,2025-12-15T01:58:43.226285,43.854243,0.859383,-0.088015,-0.100217,0.493631,0.012819,-0.015513,0.052059,-0.004261,0.006392,0.001065,-14.544677,-4.896493,60.371461
263632.0,2025-12-15T01:58:43.227283,43.855241,0.859116,-0.089682,-0.101587,0.493515,-0.001407,0.000023,0.052891,0.010653,0.000000,-0.002131,-14.791990,-4.935288,60.391082
263664.0,2025-12-15T01:58:43.228278,43.856236,0.858869,-0.091902,-0.100637,0.493731,-0.000436,0.003773,0.039841,-0.003196,0.004261,0.001065,-14.958014,-4.710363,60.404591
263687.0,2025-12-15T01:58:43.286583,43.914541,0.859174,-0.089767,-0.100038,0.493715,-0.036016,0.036446,0.062698,-0.006392,0.003196,0.001065,-14.709198,-4.776113,60.383571
263712.0,2025-12-15T01:58:43.288014,43.915972,0.858191,-0.089344,-0.099209,0.495665,0.023122,0.013462,0.050195,0.018109,0.001065,-0.004261,-14.627973,-4.686882,60.620732
263736.0,2025-12-15T01:58:43.347658,43.975616,0.858181,-0.089110,-0.101316,0.495297,0.009095,0.002272,0.044955,0.018109,0.010653,-0.007457,-14.728715,-4.911868,60.617722
263760.0,2025-12-15T01:58:43.348677,43.976635,0.857896,-0.091453,-0.101111,0.495407,-0.004735,0.010522,0.034812,-0.001065,0.002131,-0.001065,-14.950514,-4.753702,60.634157
263784.0,2025-12-15T01:58:43.349676,43.977634,0.858199,-0.089238,-0.100822,0.495344,-0.016721,0.023048,0.052612,-0.005326,0.004261,0.001065,-14.712143,-4.855521,60.613488
263809.0,2025-12-15T01:58:43.406293,44.034251,0.857133,-0.088845,-0.100390,0.497345,0.021127,0.002018,0.044658,0.014914,0.000000,-0.003196,-14.657972,-4.802550,60.866301
263832.0,2025-12-15T01:58:43.407294,44.035252,0.857004,-0.089099,-0.102695,0.497051,-0.024834,-0.008888,0.029526,-0.015979,0.009587,0.003196,-14.820143,-5.016686,60.879269
263857.0,2025-12-15T01:58:43.467077,44.095035,0.857275,-0.087594,-0.100884,0.497221,-0.005830,0.000664,0.048637,0.006392,0.001065,0.000000,-14.562540,-4.925670,60.857340
263882.0,2025-12-15T01:58:43.468072,44.096030,0.856987,-0.089773,-0.101076,0.497290,0.009371,-0.010819,0.047188,0.011718,0.000000,-0.001065,-14.791314,-4.815947,60.876738
263908.0,2025-12-15T01:58:43.468072,44.096030,0.855888,-0.089726,-0.100585,0.499287,0.003320,0.032457,0.050891,-0.015979,0.007457,0.002131,-14.767881,-4.736927,61.129009
263935.0,2025-12-15T01:58:43.529253,44.157211,0.856054,-0.087989,-0.102235,0.498976,-0.005568,-0.027900,0.041015,0.010653,0.000000,-0.003196,-14.693005,-5.004162,61.119649
263959.0,2025-12-15T01:58:43.529253,44.157211,0.855772,-0.090384,-0.101726,0.499137,-0.003490,0.009926,0.057426,-0.007457,0.005326,0.001065,-14.901180,-4.811631,61.136136
263984.0,2025-12-15T01:58:43.586300,44.214257,0.856088,-0.088108,-0.101335,0.499081,0.005778,-0.005907,0.043407,0.001065,0.003196,0.000000,-14.651140,-4.908032,61.113959
264009.0,2025-12-15T01:58:43.587298,44.215255,0.855046,-0.087915,-0.100554,0.501056,0.036239,-0.015710,0.029570,-0.002131,0.004261,0.001065,-14.595622,-4.810234,61.356848
264033.0,2025-12-15T01:58:43.646264,44.274221,0.854859,-0.088606,-0.102710,0.500814,-0.024537,-0.005352,0.057530,0.001065,0.002131,0.001065,-14.793399,-4.982696,61.374531
264060.0,2025-12-15T01:58:43.650558,44.278515,0.854733,-0.090166,-0.100939,0.501112,0.006581,0.018003,0.043235,0.004261,0.001065,0.000000,-14.842693,-4.714155,61.378830
264085.0,2025-12-15T01:58:43.650949,44.278907,0.854988,-0.087985,-0.101483,0.500955,-0.001064,0.001337,0.056256,-0.007457,0.003196,0.002131,-14.658246,-4.897905,61.364234
264108.0,2025-12-15T01:58:43.706936,44.334894,0.853951,-0.087715,-0.100758,0.502913,0.023369,-0.006857,0.054326,0.005326,0.001065,-0.001065,-14.598327,-4.810382,61.606251
264131.0,2025-12-15T01:58:43.708061,44.336019,0.853653,-0.089624,-0.102147,0.502803,-0.013761,0.007207,0.040054,-0.007457,0.006392,0.001065,-14.871241,-4.834091,61.627553
264156.0,2025-12-15T01:58:43.767839,44.395797,0.853958,-0.087354,-0.101863,0.502742,0.008622,-0.010474,0.050082,-0.001065,0.003196,0.001065,-14.628691,-4.941536,61.607053
264180.0,2025-12-15T01:58:43.767839,44.395797,0.853698,-0.089595,-0.101098,0.502942,-0.004371,0.022091,0.054778,0.000000,0.002131,0.001065,-14.805504,-4.731861,61.622626
264206.0,2025-12-15T01:58:43.768836,44.396794,0.852572,-0.089422,-0.100716,0.504957,0.008933,0.013985,0.046682,-0.004261,0.004261,0.002131,-14.775873,-4.670637,61.880298
264230.0,2025-12-15T01:58:43.827314,44.455272,0.852715,-0.087801,-0.102379,0.504664,-0.000641,-0.003007,0.057177,0.000000,0.003196,0.000000,-14.715152,-4.932414,61.874110
264255.0,2025-12-15T01:58:43.828317,44.456275,0.852426,-0.089709,-0.103605,0.504568,-0.034997,0.017646,0.047530,0.001065,0.004261,-0.001065,-14.978199,-4.939414,61.893986
264277.0,2025-12-15T01:58:43.885726,44.513684,0.852631,-0.088888,-0.101446,0.504805,0.007358,0.001751,0.055433,0.000000,0.003196,0.000000,-14.766684,-4.775336,61.874969
264303.0,2025-12-15T01:58:43.886974,44.514932,0.851504,-0.088690,-0.101094,0.506809,0.016486,0.023326,0.050916,-0.002131,0.004261,0.001065,-14.736375,-4.718856,62.132222
264325.0,2025-12-15T01:58:43.887998,44.515956,0.851574,-0.087547,-0.103104,0.506485,-0.005454,-0.010715,0.054620,0.003196,0.003196,-0.001065,-14.744597,-4.986357,62.130770
264349.0,2025-12-15T01:58:44.005890,44.633848,0.851490,-0.088914,-0.101125,0.506787,0.010656,0.023432,0.045294,-0.001065,0.004261,0.000000,-14.760335,-4.708908,62.130505
264373.0,2025-12-15T01:58:44.005890,44.633848,0.851631,-0.087296,-0.102795,0.506495,-0.002350,-0.009908,0.045775,0.001065,0.003196,0.000000,-14.700916,-4.971270,62.124508
264396.0,2025-12-15T01:58:44.007072,44.635030,0.851329,-0.089453,-0.103407,0.506501,0.001001,-0.000247,0.052911,0.005326,0.001065,-0.001065,-14.951671,-4.901975,62.144950
264426.0,2025-12-15T01:58:44.008073,44.636031,0.850266,-0.089393,-0.102656,0.508447,-0.019951,0.020176,0.048950,-0.014914,0.005326,0.003196,-14.910459,-4.799367,62.386081
264476.0,2025-12-15T01:58:44.067380,44.695338,0.850282,-0.089188,-0.102835,0.508420,0.006361,-0.004081,0.041235,0.001065,0.002131,0.001065,-14.900985,-4.829251,62.385958
264502.0,2025-12-15T01:58:44.068385,44.696343,0.849181,-0.089014,-0.102315,0.510392,-0.015934,0.029136,0.049323,-0.005326,0.003196,0.001065,-14.862612,-4.755487,62.635821
264525.0,2025-12-15T01:58:44.127184,44.755142,0.849465,-0.086700,-0.102589,0.510262,0.010225,-0.021618,0.042992,0.002131,0.003196,0.001065,-14.650696,-4.922758,62.618462
264549.0,2025-12-15T01:58:44.127777,44.755735,0.849156,-0.088712,-0.103753,0.510195,-0.027712,0.015688,0.042976,-0.003196,0.004261,0.001065,-14.920402,-4.915397,62.641156
264574.0,2025-12-15T01:58:44.186528,44.814486,0.849407,-0.087494,-0.101759,0.510389,0.022102,-0.000228,0.045872,0.004261,0.002131,-0.001065,-14.678591,-4.793121,62.619043
264598.0,2025-12-15T01:58:44.187525,44.815482,0.849129,-0.089180,-0.103415,0.510228,-0.019331,0.005827,0.054731,-0.008522,0.004261,0.000000,-14.945931,-4.854254,62.639079
264623.0,2025-12-15T01:58:44.187525,44.815482,0.848090,-0.088945,-0.102577,0.512162,-0.009015,0.042193,0.046503,-0.001065,0.005326,0.000000,-14.881632,-4.754111,62.876822
264646.0,2025-12-15T01:58:44.247331,44.875289,0.848161,-0.087777,-0.104571,0.511844,-0.012265,-0.022813,0.047833,0.001065,0.003196,0.000000,-14.888077,-5.021522,62.876370
264670.0,2025-12-15T01:58:44.247331,44.875289,0.848206,-0.088335,-0.102272,0.512137,0.005043,0.006746,0.043591,-0.005326,0.005326,-0.001065,-14.802549,-4.761952,62.865178
264695.0,2025-12-15T01:58:44.306821,44.934779,0.848443,-0.086220,-0.103212,0.511915,0.003852,-0.030150,0.044978,-0.001065,0.003196,0.000000,-14.651114,-4.983249,62.851072
264720.0,2025-12-15T01:58:44.307816,44.935774,0.847312,-0.086031,-0.102792,0.513902,0.023473,-0.027282,0.052718,-0.001065,0.003196,0.001065,-14.617795,-4.920346,63.105810
264743.0,2025-12-15T01:58:44.307816,44.935774,0.847010,-0.088360,-0.102908,0.513982,-0.005956,0.009381,0.046945,0.000000,0.002131,0.000000,-14.854407,-4.789578,63.125110
264767.0,2025-12-15T01:58:44.365741,44.993698,0.847278,-0.086144,-0.103393,0.513819,0.006326,-0.018416,0.058065,-0.004261,0.004261,0.001065,-14.665698,-4.972626,63.108477
264792.0,2025-12-15T01:58:44.366751,44.994709,0.847031,-0.088322,-0.102492,0.514036,-0.002648,0.019851,0.054195,0.002131,0.002131,0.001065,-14.825279,-4.751036,63.122922
264817.0,2025-12-15T01:58:44.427587,45.055545,0.845889,-0.088112,-0.102056,0.516035,0.023934,0.025409,0.039998,-0.001065,0.004261,0.002131,-14.788307,-4.687362,63.379269
264840.0,2025-12-15T01:58:44.428584,45.056542,0.845998,-0.086665,-0.103864,0.515741,0.000315,0.001340,0.063182,-0.001065,0.003196,0.001065,-14.757138,-4.953320,63.376813
264864.0,2025-12-15T01:58:44.429576,45.057534,0.845697,-0.088973,-0.103772,0.515861,-0.012225,0.022763,0.039280,0.003196,0.002131,0.001065,-14.978639,-4.802694,63.396699
264885.0,2025-12-15T01:58:44.486853,45.114810,0.845998,-0.086893,-0.102983,0.515879,0.001098,0.000146,0.049337,-0.005326,0.004261,0.002131,-14.725421,-4.852698,63.376068
264917.0,2025-12-15T01:58:44.486853,45.114810,0.844840,-0.086632,-0.102735,0.517866,0.029805,0.005439,0.056234,0.004261,0.002131,0.001065,-14.695421,-4.810554,63.635150
264940.0,2025-12-15T01:58:44.546935,45.174893,0.844572,-0.088134,-0.104489,0.517698,-0.009121,0.002497,0.044812,-0.004261,0.004261,0.001065,-14.951367,-4.890036,63.656243
264959.0,2025-12-15T01:58:44.547931,45.175889,0.844863,-0.086313,-0.103214,0.517787,0.007321,-0.001947,0.059983,-0.005326,0.005326,0.002131,-14.693562,-4.877201,63.634610
264989.0,2025-12-15T01:58:44.607845,45.235803,0.844555,-0.088548,-0.103726,0.517810,-0.017594,0.018484,0.052446,0.002131,0.003196,0.000000,-14.944789,-4.789946,63.654926
265019.0,2025-12-15T01:58:44.608843,45.236801,0.843389,-0.088362,-0.103473,0.519789,-0.014626,0.040672,0.053074,-0.005326,0.004261,0.001065,-14.921586,-4.742444,63.913251
265042.0,2025-12-15T01:58:44.608843,45.236801,0.843677,-0.086056,-0.103804,0.519642,0.003962,-0.008042,0.060893,0.001065,0.002131,0.000000,-14.715717,-4.917293,63.895290
265066.0,2025-12-15T01:58:44.665951,45.293908,0.843391,-0.088419,-0.103380,0.519795,-0.009437,0.024330,0.040096,-0.003196,0.004261,0.001065,-14.921316,-4.729948,63.912132
265091.0,2025-12-15T01:58:44.667951,45.295909,0.843666,-0.086158,-0.103688,0.519666,0.005907,-0.012490,0.049046,-0.002131,0.004261,0.002131,-14.718610,-4.899549,63.896174
265116.0,2025-12-15T01:58:44.726852,45.354810,0.842502,-0.085986,-0.103308,0.521655,0.024255,-0.004381,0.047799,-0.004261,0.003196,0.002131,-14.688996,-4.839485,64.153482
265139.0,2025-12-15T01:58:44.727852,45.355809,0.842313,-0.086715,-0.105482,0.521404,-0.032572,-0.007347,0.060233,-0.003196,0.003196,0.001065,-14.895723,-5.006578,64.171157
265163.0,2025-12-15T01:58:44.728853,45.356811,0.842288,-0.087611,-0.103291,0.521733,0.010422,0.014466,0.041509,0.000000,0.002131,0.001065,-14.847267,-4.737067,64.167688
265187.0,2025-12-15T01:58:44.786491,45.414449,0.842464,-0.085757,-0.104655,0.521486,-0.001924,-0.019584,0.048592,-0.004261,0.003196,0.002131,-14.750448,-4.984941,64.160694
265212.0,2025-12-15T01:58:44.786491,45.414449,0.841334,-0.085540,-0.104092,0.523455,0.010796,-0.001103,0.051973,-0.001065,0.003196,0.001065,-14.704974,-4.910512,64.411482
265236.0,2025-12-15T01:58:44.847054,45.475011,0.841017,-0.087701,-0.104958,0.523434,-0.028567,0.021233,0.045329,-0.002131,0.004261,0.001065,-14.970514,-4.860536,64.433771
265260.0,2025-12-15T01:58:44.848053,45.476010,0.841323,-0.085798,-0.103737,0.523500,0.014730,-0.006502,0.050159,-0.002131,0.003196,0.000000,-14.708004,-4.859999,64.410160
265284.0,2025-12-15T01:58:44.848053,45.476010,0.841065,-0.087172,-0.105565,0.523323,-0.038429,0.003526,0.053938,-0.002131,0.003196,0.001065,-14.956654,-4.952845,64.431478
265308.0,2025-12-15T01:58:44.907101,45.535059,0.840002,-0.086962,-0.104743,0.525227,-0.014840,0.016738,0.049539,-0.002131,0.003196,0.000000,-14.894851,-4.854086,64.667780
265332.0,2025-12-15T01:58:44.908090,45.536048,0.840287,-0.084669,-0.105104,0.525074,0.010909,-0.025279,0.047897,0.000000,0.002131,0.000000,-14.693313,-5.032507,64.649673
265356.0,2025-12-15T01:58:44.966560,45.594518,0.840058,-0.086853,-0.103994,0.525303,-0.002413,0.023302,0.050387,-0.006392,0.005326,0.001065,-14.837191,-4.788302,64.660781
265379.0,2025-12-15T01:58:44.967557,45.595515,0.840327,-0.084601,-0.104488,0.525143,0.004682,-0.012320,0.054055,-0.001065,0.003196,0.001065,-14.647980,-4.976820,64.644843
265405.0,2025-12-15T01:58:44.967557,45.595515,0.839195,-0.084395,-0.103888,0.527102,0.034170,-0.013652,0.051426,-0.002131,0.004261,0.000000,-14.601148,-4.898737,64.894180
265427.0,2025-12-15T01:58:45.026933,45.654891,0.838876,-0.086652,-0.104592,0.527104,-0.013210,0.011905,0.049684,-0.004261,0.004261,0.001065,-14.865525,-4.826032,64.916036
265452.0,2025-12-15T01:58:45.026933,45.654891,0.839144,-0.084412,-0.105189,0.526923,0.004075,-0.012799,0.051270,-0.001065,0.002131,0.000000,-14.684335,-5.024394,64.899613
265477.0,2025-12-15T01:58:45.086417,45.714375,0.838902,-0.086612,-0.104303,0.527128,-0.001572,0.010002,0.049113,0.000000,0.002131,0.000000,-14.843435,-4.800669,64.912509
265502.0,2025-12-15T01:58:45.087443,45.715401,0.837725,-0.086452,-0.103979,0.529085,0.002216,0.021106,0.051541,-0.005326,0.004261,0.002131,-14.817995,-4.745505,65.168336
265526.0,2025-12-15T01:58:45.088465,45.716423,0.837868,-0.084748,-0.105564,0.528821,-0.002472,-0.012647,0.048508,-0.001065,0.002131,0.002131,-14.751974,-5.006294,65.164662
265552.0,2025-12-15T01:58:45.146612,45.774570,0.837748,-0.086299,-0.103731,0.529123,0.006978,0.023600,0.044952,-0.004261,0.003196,0.001065,-14.787561,-4.730881,65.167479
265579.0,2025-12-15T01:58:45.146612,45.774570,0.837786,-0.085314,-0.105801,0.528812,-0.015680,-0.024721,0.055695,0.000000,0.004261,0.001065,-14.822127,-4.993778,65.170322
265605.0,2025-12-15T01:58:45.206320,45.834278,0.836613,-0.085109,-0.105459,0.530767,-0.005026,-0.018758,0.048797,-0.001065,0.004261,0.000000,-14.791556,-4.939924,65.425628
265629.0,2025-12-15T01:58:45.207312,45.835269,0.836518,-0.086455,-0.103481,0.531088,0.011959,0.029001,0.043134,-0.006392,0.003196,0.002131,-14.797425,-4.663095,65.427068
265654.0,2025-12-15T01:58:45.266387,45.894345,0.836745,-0.084401,-0.104606,0.530840,0.001166,-0.013237,0.050421,0.001065,0.002131,-0.001065,-14.668656,-4.901953,65.414316
265681.0,2025-12-15T01:58:45.267392,45.895350,0.836432,-0.086735,-0.104840,0.530912,-0.016808,0.021820,0.043489,-0.001065,0.003196,0.001065,-14.910605,-4.777449,65.434896
265705.0,2025-12-15T01:58:45.268391,45.896348,0.835342,-0.086554,-0.104031,0.532812,0.002414,0.032751,0.060499,-0.004261,0.004261,0.001065,-14.851598,-4.678761,65.672629
265731.0,2025-12-15T01:58:45.326319,45.954277,0.835514,-0.084769,-0.105531,0.532535,0.001770,0.014260,0.063700,-0.001065,0.002131,0.000000,-14.773367,-4.936996,65.665214
265750.0,2025-12-15T01:58:45.328303,45.956260,0.835519,-0.085452,-0.103270,0.532862,0.025007,0.029091,0.054749,0.001065,0.002131,0.001065,-14.696274,-4.674704,65.659538
265778.0,2025-12-15T01:58:45.386199,46.014156,0.835480,-0.085041,-0.105513,0.532549,-0.002284,-0.000622,0.055193,-0.003196,0.005326,0.001065,-14.798616,-4.918028,65.667315
265809.0,2025-12-15T01:58:45.386199,46.014156,0.834363,-0.084802,-0.104775,0.534481,0.007350,0.010140,0.058481,0.000000,0.003196,0.001065,-14.738880,-4.829487,65.911046
265828.0,2025-12-15T01:58:45.388200,46.016158,0.834125,-0.086034,-0.106713,0.534271,-0.029569,0.000227,0.049989,-0.003196,0.003196,0.000000,-14.981890,-4.938833,65.930268
265856.0,2025-12-15T01:58:45.447186,46.075144,0.834387,-0.084608,-0.104953,0.534438,0.009357,-0.000329,0.044537,-0.002131,0.003196,0.001065,-14.731346,-4.859190,65.908892
265880.0,2025-12-15T01:58:45.447186,46.075144,0.834142,-0.085850,-0.106871,0.534243,-0.033862,0.000414,0.056287,-0.002131,0.003196,0.001065,-14.974128,-4.965787,65.929742
265905.0,2025-12-15T01:58:45.506354,46.134312,0.833026,-0.085624,-0.106130,0.536164,-0.021135,0.002232,0.043365,-0.001065,0.003196,0.001065,-14.915355,-4.876077,66.172089
265929.0,2025-12-15T01:58:45.507349,46.135307,0.833280,-0.084267,-0.104298,0.536345,0.027383,-0.001469,0.035578,-0.001065,0.003196,0.001065,-14.666801,-4.785525,66.151317
265954.0,2025-12-15T01:58:45.566425,46.194383,0.833068,-0.085225,-0.106363,0.536116,-0.011330,-0.000709,0.044566,-0.002131,0.004261,0.001065,-14.891645,-4.923998,66.170031
265977.0,2025-12-15T01:58:45.567415,46.195373,0.833344,-0.083714,-0.104677,0.536259,0.029016,-0.004380,0.040799,-0.002131,0.003196,0.000000,-14.637368,-4.857527,66.146989
266002.0,2025-12-15T01:58:45.567415,46.195373,0.832148,-0.083516,-0.104327,0.538211,0.028114,-0.004817,0.048305,-0.001065,0.004261,0.001065,-14.606573,-4.803104,66.403306
266027.0,2025-12-15T01:58:45.626329,46.254287,0.831886,-0.084975,-0.106089,0.538044,-0.009198,0.001991,0.051725,-0.002131,0.004261,0.001065,-14.860628,-4.879876,66.424455
266050.0,2025-12-15T01:58:45.628307,46.256265,0.832004,-0.084807,-0.103744,0.538344,0.024442,0.013493,0.049972,0.002131,0.003196,0.001065,-14.694191,-4.664446,66.411141
266075.0,2025-12-15T01:58:45.686263,46.314221,0.831867,-0.085084,-0.106005,0.538071,-0.007475,-0.002626,0.053595,-0.002131,0.004261,0.002131,-14.865853,-4.864616,66.426489
266100.0,2025-12-15T01:58:45.686263,46.314221,0.830703,-0.084854,-0.105509,0.540001,-0.005709,0.022126,0.052935,0.000000,0.004261,0.000000,-14.822364,-4.798503,66.676552
266123.0,2025-12-15T01:58:45.687775,46.315733,0.830935,-0.082797,-0.106586,0.539751,0.003818,-0.038508,0.044770,0.003196,0.005326,-0.001065,-14.692784,-5.034356,66.662549
266147.0,2025-12-15T01:58:45.747106,46.375064,0.830949,-0.083883,-0.104339,0.540001,0.014690,0.015796,0.054074,0.030893,0.011718,-0.008522,-14.652763,-4.749873,66.647593
266171.0,2025-12-15T01:58:45.749098,46.377056,0.830748,-0.084960,-0.106141,0.539791,0.037812,-0.000922,0.041445,0.015979,0.002131,-0.003196,-14.872506,-4.854906,66.662850
266196.0,2025-12-15T01:58:45.806320,46.434278,0.829567,-0.084906,-0.105624,0.541713,-0.001366,0.019752,0.047436,-0.013848,0.005326,0.004261,-14.844438,-4.775704,66.912094
266219.0,2025-12-15T01:58:45.807393,46.435351,0.829832,-0.082624,-0.106387,0.541511,0.008738,-0.031746,0.055683,0.007457,0.000000,-0.001065,-14.673495,-4.995860,66.896969
266244.0,2025-12-15T01:58:45.808420,46.436378,0.829509,-0.084950,-0.106690,0.541585,0.006147,-0.006014,0.033877,-0.001065,0.003196,0.002131,-14.917507,-4.875140,66.919545
266265.0,2025-12-15T01:58:45.868333,46.496290,0.829810,-0.082650,-0.106795,0.541460,0.011085,-0.018001,0.060369,0.000000,0.004261,0.000000,-14.702315,-5.033368,66.899476
266291.0,2025-12-15T01:58:45.869319,46.497277,0.829531,-0.084992,-0.106283,0.541626,0.002618,-0.005725,0.046186,-0.002131,0.004261,0.001065,-14.895273,-4.833615,66.915733
266322.0,2025-12-15T01:58:45.927333,46.555291,0.828406,-0.084872,-0.105472,0.543521,0.004797,0.027037,0.043212,-0.008522,0.006392,0.003196,-14.841275,-4.731563,67.154743
266345.0,2025-12-15T01:58:45.927333,46.555291,0.828521,-0.083441,-0.107315,0.543208,-0.005006,-0.016638,0.058367,0.004261,0.002131,-0.001065,-14.822659,-5.001004,67.151502
266364.0,2025-12-15T01:58:45.928319,46.556277,0.828249,-0.085779,-0.106632,0.543392,-0.008311,0.026483,0.044032,-0.006392,0.004261,0.001065,-15.003686,-4.784677,67.166103
266395.0,2025-12-15T01:58:45.986856,46.614814,0.827131,-0.085498,-0.105864,0.545286,-0.023423,0.044294,0.038765,0.001065,0.001065,0.000000,-14.936804,-4.696938,67.405799
266419.0,2025-12-15T01:58:45.987855,46.615813,0.827221,-0.084216,-0.107789,0.544972,-0.004791,-0.011797,0.050621,0.001065,0.003196,0.000000,-14.938429,-4.964578,67.404939
266443.0,2025-12-15T01:58:46.047452,46.675410,0.827522,-0.082336,-0.106532,0.545049,0.025942,-0.010520,0.050890,-0.002131,0.004261,0.001065,-14.675926,-4.965744,67.381863
266468.0,2025-12-15T01:58:46.048452,46.676409,0.827227,-0.084646,-0.106479,0.545154,0.001785,-0.001225,0.046727,0.003196,0.002131,0.000000,-14.894761,-4.811289,67.400149
266495.0,2025-12-15T01:58:46.107856,46.735814,0.826018,-0.084450,-0.106142,0.547081,0.002470,0.005886,0.045836,-0.002131,0.004261,0.001065,-14.864548,-4.758057,67.654953
266518.0,2025-12-15T01:58:46.107856,46.735814,0.826087,-0.083213,-0.108092,0.546784,-0.001728,-0.002630,0.055387,-0.002131,0.003196,0.002131,-14.872850,-5.024849,67.657102
266543.0,2025-12-15T01:58:46.108860,46.736817,0.825995,-0.084507,-0.106096,0.547115,0.016138,0.037100,0.043899,0.000000,0.002131,0.002131,-14.867179,-4.749563,67.658663
266566.0,2025-12-15T01:58:46.165694,46.793652,0.826004,-0.083710,-0.108252,0.546801,-0.015515,-0.021055,0.041864,0.000000,0.003196,0.001065,-14.931109,-5.007547,67.664385
266590.0,2025-12-15T01:58:46.166706,46.794664,0.825807,-0.085667,-0.106863,0.547069,0.000601,0.017906,0.043682,-0.001065,0.003196,0.001065,-15.028636,-4.747487,67.672824
266617.0,2025-12-15T01:58:46.226506,46.854464,0.824601,-0.085469,-0.106493,0.548988,-0.006195,0.030158,0.054100,-0.004261,0.004261,0.000000,-14.995874,-4.691178,67.926054
266641.0,2025-12-15T01:58:46.226506,46.854464,0.824895,-0.083210,-0.106606,0.548871,0.003014,-0.004107,0.052683,-0.003196,0.005326,0.001065,-14.786500,-4.849242,67.907794
266665.0,2025-12-15T01:58:46.228511,46.856468,0.824857,-0.082772,-0.108836,0.548556,-0.011196,-0.011473,0.045975,0.003196,0.003196,0.000000,-14.890264,-5.090978,67.916050
266688.0,2025-12-15T01:58:46.286091,46.914048,0.824790,-0.083960,-0.106757,0.548885,0.008081,0.017618,0.046901,-0.004261,0.004261,0.002131,-14.868319,-4.814813,67.914944
266715.0,2025-12-15T01:58:46.287091,46.915049,0.823605,-0.083758,-0.106251,0.550791,0.011611,0.021087,0.061066,-0.003196,0.003196,0.000000,-14.826240,-4.746714,68.163715
266735.0,2025-12-15T01:58:46.347540,46.975497,0.823550,-0.083418,-0.108510,0.550484,-0.011607,-0.010261,0.037886,0.000000,0.003196,0.001065,-14.941880,-4.984452,68.173822
266762.0,2025-12-15T01:58:46.348540,46.976498,0.823750,-0.082592,-0.106403,0.550720,0.010244,0.003179,0.050304,-0.004261,0.003196,0.001065,-14.724515,-4.837491,68.154988
266786.0,2025-12-15T01:58:46.348540,46.976498,0.823467,-0.084223,-0.107971,0.550592,-0.017142,0.004075,0.045138,0.001065,0.002131,0.001065,-14.983598,-4.880429,68.177722
266810.0,2025-12-15T01:58:46.465822,47.093780,0.822257,-0.084012,-0.107552,0.552511,-0.003413,0.000351,0.047748,-0.001065,0.004261,0.001065,-14.946633,-4.820584,68.430522
266834.0,2025-12-15T01:58:46.466807,47.094765,0.822499,-0.081873,-0.108392,0.552307,0.004636,-0.021407,0.045541,-0.003196,0.003196,0.001065,-14.797298,-5.040853,68.417598
266859.0,2025-12-15T01:58:46.467808,47.095765,0.822190,-0.084261,-0.108378,0.552411,-0.012389,0.019070,0.038156,-0.003196,0.004261,0.001065,-15.024770,-4.883046,68.436831
266908.0,2025-12-15T01:58:46.468812,47.096770,0.821258,-0.082127,-0.106839,0.554415,0.033784,0.014548,0.055725,-0.001065,0.003196,0.001065,-14.730241,-4.842690,68.671297
266934.0,2025-12-15T01:58:46.526395,47.154353,0.820977,-0.083804,-0.108395,0.554278,-0.020089,0.004962,0.045980,-0.001065,0.002131,0.000000,-14.993071,-4.880519,68.692702
266957.0,2025-12-15T01:58:46.527913,47.155870,0.821216,-0.082510,-0.106553,0.554475,0.012039,0.000399,0.042535,-0.003196,0.002131,0.002131,-14.747968,-4.790121,68.673720
266981.0,2025-12-15T01:58:46.586137,47.214095,0.821266,-0.081468,-0.108586,0.554161,-0.007844,-0.013025,0.055094,-0.003196,0.005326,0.001065,-14.782711,-5.052198,68.675902
267007.0,2025-12-15T01:58:46.587141,47.215099,0.820041,-0.081200,-0.108197,0.556086,0.015932,-0.018443,0.050453,0.003196,0.002131,0.000000,-14.742606,-4.999304,68.931090
267032.0,2025-12-15T01:58:46.646771,47.274729,0.819779,-0.083519,-0.107514,0.556263,-0.007729,0.023306,0.048003,-0.005326,0.003196,0.000000,-14.918389,-4.781619,68.944333
267052.0,2025-12-15T01:58:46.647795,47.275753,0.820080,-0.081229,-0.107600,0.556141,0.007460,-0.011111,0.052914,-0.001065,0.004261,0.000000,-14.705622,-4.941085,68.924682
267082.0,2025-12-15T01:58:46.648815,47.276773,0.819753,-0.083418,-0.108411,0.556142,-0.000681,0.001329,0.045276,-0.002131,0.003196,0.002131,-14.968068,-4.873494,68.948582
267106.0,2025-12-15T01:58:46.710081,47.338038,0.818542,-0.083199,-0.107936,0.558048,-0.013470,0.017900,0.046040,-0.002131,0.003196,0.001065,-14.926306,-4.809434,69.199490
267130.0,2025-12-15T01:58:46.711071,47.339029,0.818830,-0.080918,-0.108281,0.557893,0.016409,-0.033881,0.047696,0.000000,0.004261,0.000000,-14.732112,-4.993312,69.181420
267149.0,2025-12-15T01:58:46.711071,47.339029,0.818499,-0.083328,-0.108507,0.557981,-0.007903,0.010106,0.044476,-0.006392,0.005326,0.003196,-14.976563,-4.855038,69.203990
267177.0,2025-12-15T01:58:46.766432,47.394389,0.818803,-0.081033,-0.108390,0.557895,0.009923,-0.012139,0.042770,0.000000,0.004261,0.001065,-14.750340,-4.995894,69.184473
267202.0,2025-12-15T01:58:46.767450,47.395408,0.817601,-0.080839,-0.107794,0.559798,0.031330,-0.017531,0.055408,-0.002131,0.004261,0.001065,-14.702952,-4.919620,69.432666
267226.0,2025-12-15T01:58:46.826825,47.454783,0.817282,-0.083057,-0.108538,0.559795,-0.016915,0.013349,0.056049,-0.002131,0.004261,0.001065,-14.963370,-4.842806,69.454504
267250.0,2025-12-15T01:58:46.828269,47.456227,0.817111,-0.083657,-0.110737,0.559525,-0.032626,-0.011209,0.036387,-0.001065,0.002131,0.000000,-15.167088,-5.011348,69.471128
267275.0,2025-12-15T01:58:46.887237,47.515195,0.817349,-0.082574,-0.108831,0.559713,-0.004286,0.002216,0.046992,-0.010653,0.006392,0.001065,-14.936866,-4.903062,69.449083
267301.0,2025-12-15T01:58:46.887237,47.515195,0.816209,-0.082266,-0.107992,0.561580,0.010484,0.031487,0.059640,0.005326,0.002131,0.000000,-14.861851,-4.812164,69.686628
267325.0,2025-12-15T01:58:46.888233,47.516191,0.815900,-0.084290,-0.109066,0.561523,-0.022932,0.012055,0.053437,0.000000,0.001065,0.000000,-15.125683,-4.778961,69.708303
267348.0,2025-12-15T01:58:46.946877,47.574835,0.816197,-0.082183,-0.108398,0.561532,-0.001045,0.001924,0.047154,-0.006392,0.005326,0.003196,-14.881179,-4.855999,69.689352
267372.0,2025-12-15T01:58:46.947870,47.575828,0.816491,-0.079864,-0.108651,0.561391,0.010868,-0.019213,0.054025,0.002131,0.003196,0.000000,-14.677926,-5.034451,69.670959
267399.0,2025-12-15T01:58:47.007327,47.635284,0.815276,-0.079666,-0.108089,0.563289,0.034955,-0.016279,0.043826,-0.003196,0.002131,0.001065,-14.632461,-4.962018,69.920036
267423.0,2025-12-15T01:58:47.008319,47.636276,0.814961,-0.082089,-0.108088,0.563398,-0.003353,0.004887,0.052243,-0.006392,0.004261,0.002131,-14.861960,-4.799983,69.940145
267448.0,2025-12-15T01:58:47.008319,47.636276,0.815199,-0.079941,-0.109123,0.563163,0.004692,-0.025754,0.053462,0.006392,0.001065,-0.001065,-14.727815,-5.041279,69.927601
267475.0,2025-12-15T01:58:47.067243,47.695201,0.814906,-0.082265,-0.109173,0.563242,0.012125,-0.014704,0.036113,0.002131,0.003196,-0.001065,-14.951233,-4.891057,69.944692
267499.0,2025-12-15T01:58:47.068264,47.696222,0.813676,-0.082097,-0.108677,0.565138,0.007492,0.024732,0.055213,-0.006392,0.004261,0.002131,-14.912643,-4.822185,70.195267
267522.0,2025-12-15T01:58:47.127243,47.755201,0.813962,-0.080529,-0.107010,0.565269,0.033450,-0.004857,0.058771,0.000000,0.003196,-0.001065,-14.652193,-4.770450,70.170964
267547.0,2025-12-15T01:58:47.128249,47.756207,0.813937,-0.079968,-0.109233,0.564960,-0.000647,0.002168,0.054829,-0.006392,0.005326,0.002131,-14.748557,-5.017564,70.179432
267572.0,2025-12-15T01:58:47.186117,47.814075,0.813666,-0.081797,-0.110290,0.564884,-0.024369,0.011572,0.048905,0.014914,0.001065,-0.003196,-14.992642,-4.994908,70.197948
267597.0,2025-12-15T01:58:47.186117,47.814075,0.812452,-0.081639,-0.109842,0.566738,-0.000485,-0.024089,0.040968,-0.003196,0.008522,-0.002131,-14.958161,-4.930502,70.444225
267617.0,2025-12-15T01:58:47.188159,47.816117,0.812728,-0.079921,-0.108470,0.566851,0.007425,-0.000942,0.049809,-0.007457,0.005326,0.003196,-14.703403,-4.916624,70.423803
267647.0,2025-12-15T01:58:47.246483,47.874440,0.812427,-0.081974,-0.109388,0.566812,-0.007908,0.005086,0.062593,0.004261,0.001065,-0.001065,-14.959124,-4.865227,70.444337
267671.0,2025-12-15T01:58:47.246483,47.874440,0.812190,-0.084156,-0.108302,0.567041,-0.005039,0.031881,0.045665,-0.006392,0.004261,0.001065,-15.091992,-4.616401,70.454488
267694.0,2025-12-15T01:58:47.306457,47.934415,0.810943,-0.083927,-0.107981,0.568918,-0.014344,0.067181,0.056547,-0.002131,0.003196,0.001065,-15.058767,-4.567816,70.707264
267719.0,2025-12-15T01:58:47.306457,47.934415,0.811170,-0.081879,-0.109171,0.568666,-0.000423,0.022516,0.048327,0.004261,0.001065,-0.001065,-14.946118,-4.817936,70.696721
267743.0,2025-12-15T01:58:47.307457,47.935415,0.810877,-0.084251,-0.108908,0.568788,-0.019031,0.034854,0.045964,-0.002131,0.004261,0.000000,-15.151968,-4.633402,70.711940
267761.0,2025-12-15T01:58:47.365964,47.993922,0.811173,-0.082018,-0.108822,0.568708,-0.012473,0.017398,0.038918,-0.005326,0.005326,0.002131,-14.935551,-4.775948,70.694511
267794.0,2025-12-15T01:58:47.366960,47.994918,0.809947,-0.081753,-0.108337,0.570583,0.002584,0.038127,0.042399,0.001065,0.003196,-0.001065,-14.888065,-4.715123,70.943406
267815.0,2025-12-15T01:58:47.426358,48.054316,0.809860,-0.081617,-0.110616,0.570289,-0.012232,-0.009170,0.047139,-0.001065,0.003196,0.002131,-15.030015,-4.937963,70.956919
267844.0,2025-12-15T01:58:47.427338,48.055296,0.810154,-0.079939,-0.109100,0.570401,-0.002604,0.001689,0.046142,-0.002131,0.004261,0.000000,-14.768963,-4.909454,70.932758
267869.0,2025-12-15T01:58:47.486934,48.114892,0.809852,-0.081879,-0.110267,0.570330,-0.020956,0.009523,0.045097,0.002131,0.002131,0.000000,-15.030928,-4.887754,70.954635
267897.0,2025-12-15T01:58:47.487930,48.115887,0.808624,-0.081691,-0.109750,0.572197,-0.011810,0.020621,0.053371,-0.004261,0.004261,0.001065,-14.988568,-4.818880,71.202095
267921.0,2025-12-15T01:58:47.488988,48.116946,0.808938,-0.079397,-0.109537,0.572117,0.013234,-0.014918,0.050798,0.000000,0.003196,0.000000,-14.758323,-4.954735,71.181342
267938.0,2025-12-15T01:58:47.546617,48.174574,0.808616,-0.081761,-0.109676,0.572211,-0.009162,0.011957,0.050341,-0.002131,0.003196,0.002131,-14.990072,-4.807202,71.202513
267969.0,2025-12-15T01:58:47.547737,48.175694,0.808905,-0.079475,-0.109732,0.572115,0.005080,-0.007042,0.053362,-0.002131,0.003196,0.002131,-14.779047,-4.967316,71.185961
267996.0,2025-12-15T01:58:47.607767,48.235725,0.807663,-0.079270,-0.109271,0.573983,0.023349,-0.023791,0.043311,-0.001065,0.003196,0.000000,-14.739148,-4.905273,71.435464
268020.0,2025-12-15T01:58:47.607767,48.235725,0.807353,-0.081393,-0.110284,0.573929,-0.013192,0.007932,0.039554,-0.004261,0.004261,0.000000,-15.007453,-4.855794,71.456314
268044.0,2025-12-15T01:58:47.608769,48.236727,0.807668,-0.079105,-0.110018,0.573856,0.011383,-0.012038,0.046499,0.000000,0.003196,0.000000,-14.774535,-4.986827,71.435222
268067.0,2025-12-15T01:58:47.665357,48.293315,0.807361,-0.081479,-0.109962,0.573967,-0.014302,0.021432,0.050446,-0.002131,0.003196,0.001065,-14.993569,-4.819998,71.453984
268093.0,2025-12-15T01:58:47.666747,48.294705,0.806083,-0.081256,-0.109611,0.575859,-0.003720,0.022619,0.044892,-0.002131,0.003196,0.002131,-14.959238,-4.768377,71.709748
268118.0,2025-12-15T01:58:47.727835,48.355793,0.806322,-0.079147,-0.110505,0.575647,0.004384,-0.019952,0.044386,-0.003196,0.004261,0.001065,-14.822851,-4.995824,71.697679
268148.0,2025-12-15T01:58:47.728835,48.356792,0.806004,-0.081467,-0.110787,0.575714,-0.021470,0.023772,0.045894,0.000000,0.003196,0.001065,-15.059678,-4.863760,71.718316
268168.0,2025-12-15T01:58:47.728835,48.356792,0.806324,-0.079293,-0.110134,0.575695,0.017265,-0.013043,0.051758,-0.002131,0.003196,0.000000,-14.811051,-4.951423,71.695670
268198.0,2025-12-15T01:58:47.787234,48.415192,0.805053,-0.079124,-0.109847,0.577550,0.010041,0.002780,0.056581,-0.005326,0.003196,0.001065,-14.786376,-4.903074,71.948358
268222.0,2025-12-15T01:58:47.788230,48.416188,0.804748,-0.081350,-0.110399,0.577560,-0.030824,0.026308,0.047340,0.002131,0.002131,-0.001065,-15.032458,-4.802283,71.967277
268245.0,2025-12-15T01:58:47.845727,48.473685,0.805024,-0.079117,-0.111061,0.577359,0.008011,-0.022175,0.041586,0.001065,0.003196,-0.001065,-14.868911,-5.017252,71.950867
268270.0,2025-12-15T01:58:47.846727,48.474685,0.804868,-0.080864,-0.109412,0.577649,0.002894,0.023722,0.043329,-0.003196,0.003196,0.001065,-14.919078,-4.743868,71.955048
268297.0,2025-12-15T01:58:47.907090,48.535048,0.803637,-0.080670,-0.108760,0.579509,0.006038,0.047689,0.038083,-0.004261,0.005326,0.002131,-14.866307,-4.663831,72.200184
268321.0,2025-12-15T01:58:47.908091,48.536048,0.803799,-0.078929,-0.110325,0.579229,0.000302,-0.004277,0.047931,0.003196,0.002131,0.000000,-14.811412,-4.929039,72.195211
268346.0,2025-12-15T01:58:47.909086,48.537044,0.803500,-0.080946,-0.111288,0.579180,0.003468,-0.001114,0.057329,0.005326,0.002131,-0.001065,-15.066178,-4.880296,72.215468
268374.0,2025-12-15T01:58:47.966156,48.594114,0.803770,-0.079335,-0.109885,0.579297,0.007287,-0.000198,0.045486,-0.012783,0.006392,0.003196,-14.819025,-4.860333,72.194955
268399.0,2025-12-15T01:58:47.967216,48.595173,0.802571,-0.078989,-0.109106,0.581150,-0.004685,0.027235,0.057432,0.007457,0.001065,0.000000,-14.743247,-4.779537,72.436090
268422.0,2025-12-15T01:58:48.026576,48.654533,0.802343,-0.080149,-0.111063,0.580937,0.001450,0.000921,0.053095,-0.001065,0.003196,0.000000,-14.986586,-4.881729,72.455356
268447.0,2025-12-15T01:58:48.027578,48.655535,0.802571,-0.078044,-0.111974,0.580733,0.007731,-0.035277,0.043314,-0.004261,0.003196,0.002131,-14.853310,-5.111173,72.444930
268472.0,2025-12-15T01:58:48.086310,48.714268,0.802609,-0.078462,-0.109669,0.581064,0.006333,0.006956,0.052617,0.000000,0.002131,0.002131,-14.733038,-4.867904,72.436527
268497.0,2025-12-15T01:58:48.087642,48.715600,0.801357,-0.078242,-0.109144,0.582918,0.040027,-0.002118,0.057597,0.001065,0.003196,0.001065,-14.686632,-4.801781,72.684521
268517.0,2025-12-15T01:58:48.087642,48.715600,0.801100,-0.079653,-0.110970,0.582735,0.000379,0.001513,0.051988,-0.004261,0.005326,0.001065,-14.944526,-4.873888,72.705344
268546.0,2025-12-15T01:58:48.146682,48.774640,0.801410,-0.077621,-0.110006,0.582766,0.022494,-0.011745,0.048410,-0.003196,0.005326,0.001065,-14.688568,-4.924933,72.682639
268570.0,2025-12-15T01:58:48.147679,48.775637,0.801100,-0.079872,-0.110542,0.582787,0.001059,0.000124,0.048463,0.001065,0.003196,0.000000,-14.935184,-4.819304,72.702615
268594.0,2025-12-15T01:58:48.206846,48.834804,0.799815,-0.079666,-0.110162,0.584649,0.003962,0.021260,0.038210,-0.003196,0.004261,0.001065,-14.900193,-4.764761,72.955560
268618.0,2025-12-15T01:58:48.207834,48.835792,0.800022,-0.077682,-0.111339,0.584409,0.001022,-0.013514,0.039954,-0.003196,0.003196,0.001065,-14.797639,-5.011260,72.946747
268638.0,2025-12-15T01:58:48.207834,48.835792,0.799738,-0.080011,-0.110961,0.584555,-0.010425,0.020892,0.061313,0.000000,0.002131,0.000000,-14.987843,-4.814977,72.962297
268667.0,2025-12-15T01:58:48.265841,48.893799,0.800015,-0.077783,-0.111502,0.584374,0.006955,-0.016404,0.048876,-0.002131,0.004261,0.000000,-14.818220,-5.019648,72.946017
268693.0,2025-12-15T01:58:48.266943,48.894901,0.798727,-0.077566,-0.111104,0.586238,0.019661,-0.020419,0.049873,0.000000,0.004261,0.001065,-14.781371,-4.964546,73.199104
268714.0,2025-12-15T01:58:48.326834,48.954792,0.798412,-0.079930,-0.111238,0.586323,-0.013136,0.016256,0.041642,-0.002131,0.003196,0.001065,-15.010161,-4.812628,73.218646
268740.0,2025-12-15T01:58:48.329393,48.957351,0.798720,-0.077627,-0.111177,0.586225,0.010478,-0.013256,0.051619,-0.001065,0.002131,0.000000,-14.792102,-4.967183,73.199184
268764.0,2025-12-15T01:58:48.329393,48.957351,0.798412,-0.079939,-0.111658,0.586242,-0.025958,0.023399,0.053677,-0.003196,0.003196,-0.001065,-15.040152,-4.851356,73.217536
268793.0,2025-12-15T01:58:48.387130,49.015088,0.797128,-0.079689,-0.111228,0.588103,-0.009424,0.023790,0.049368,-0.001065,0.002131,0.001065,-14.997498,-4.795210,73.469650
268813.0,2025-12-15T01:58:48.388127,49.016085,0.797395,-0.077436,-0.111535,0.587983,0.007231,-0.013330,0.051723,-0.004261,0.003196,0.003196,-14.810389,-4.980260,73.456300
268845.0,2025-12-15T01:58:48.447172,49.075130,0.797194,-0.079421,-0.110185,0.588245,-0.001160,0.030479,0.047340,-0.001065,0.003196,0.001065,-14.899860,-4.717312,73.464021
268869.0,2025-12-15T01:58:48.447172,49.075130,0.797191,-0.078736,-0.112359,0.587931,-0.007247,-0.009517,0.058131,0.000000,0.004261,0.001065,-14.988491,-4.965766,73.471402
268895.0,2025-12-15T01:58:48.509783,49.137740,0.795884,-0.078522,-0.112067,0.589783,-0.000542,-0.010197,0.051757,-0.002131,0.003196,0.001065,-14.959171,-4.919854,73.726235
268915.0,2025-12-15T01:58:48.509783,49.137740,0.796086,-0.077649,-0.109957,0.590023,0.031639,0.008108,0.037230,-0.001065,0.002131,0.001065,-14.730421,-4.786345,73.707412
268947.0,2025-12-15T01:58:48.510785,49.138742,0.795962,-0.077779,-0.112231,0.589745,-0.005255,-0.002657,0.045126,-0.001065,0.003196,0.002131,-14.902041,-4.986600,73.723611
268974.0,2025-12-15T01:58:48.565570,49.193527,0.795717,-0.080001,-0.111334,0.589948,-0.007841,0.030867,0.057572,0.000000,0.004261,0.000000,-15.044548,-4.748760,73.734208
268999.0,2025-12-15T01:58:48.567199,49.195157,0.794448,-0.079774,-0.110820,0.591783,-0.004423,0.051151,0.045611,-0.001065,0.003196,0.002131,-14.997629,-4.684183,73.981642
269023.0,2025-12-15T01:58:48.627351,49.255309,0.794698,-0.077577,-0.111507,0.591610,0.002145,-0.005952,0.046949,-0.002131,0.003196,0.002131,-14.843195,-4.901275,73.970172
269043.0,2025-12-15T01:58:48.629850,49.257808,0.794511,-0.078315,-0.113663,0.591354,-0.024290,-0.007539,0.051731,-0.001065,0.002131,0.000000,-15.063096,-5.047885,73.988380
269074.0,2025-12-15T01:58:48.687069,49.315027,0.794704,-0.077569,-0.111518,0.591601,-0.002279,0.000454,0.042061,-0.003196,0.003196,0.001065,-14.843177,-4.902972,73.969210
269100.0,2025-12-15T01:58:48.688231,49.316189,0.793476,-0.077328,-0.110755,0.593422,0.032207,0.007994,0.032563,0.000000,0.002131,0.001065,-14.777477,-4.817783,74.209022
269123.0,2025-12-15T01:58:48.688231,49.316189,0.793348,-0.077491,-0.113042,0.593141,-0.016475,-0.009783,0.044697,-0.003196,0.003196,0.002131,-14.953952,-5.016246,74.225481
269141.0,2025-12-15T01:58:48.747122,49.375080,0.793316,-0.078449,-0.110874,0.593467,0.010842,0.019730,0.049480,-0.001065,0.003196,0.001065,-14.889259,-4.749719,74.220106
269173.0,2025-12-15T01:58:48.747122,49.375080,0.793493,-0.076643,-0.112287,0.593200,-0.000384,-0.019812,0.041704,-0.001065,0.005326,0.001065,-14.822416,-5.006513,74.213849
269197.0,2025-12-15T01:58:48.806868,49.434825,0.792205,-0.076426,-0.111811,0.595037,0.013514,-0.009958,0.052772,-0.001065,0.003196,0.001065,-14.779684,-4.945184,74.463313
269221.0,2025-12-15T01:58:48.807873,49.435830,0.791879,-0.078707,-0.112247,0.595092,-0.005792,0.006228,0.048097,0.001065,0.003196,0.002131,-15.020483,-4.824066,74.485633
269246.0,2025-12-15T01:58:48.808869,49.436827,0.792176,-0.076468,-0.112230,0.594991,0.009016,-0.011907,0.059768,-0.006392,0.004261,0.001065,-14.813232,-4.980499,74.467081
269274.0,2025-12-15T01:58:48.865534,49.493492,0.792360,-0.075754,-0.110066,0.595241,0.026337,0.009196,0.037767,-0.002131,0.002131,0.001065,-14.594483,-4.832338,74.448769
269299.0,2025-12-15T01:58:48.866819,49.494776,0.791044,-0.075465,-0.109793,0.597076,0.038937,0.005842,0.057663,0.005326,0.001065,0.000000,-14.559245,-4.794731,74.703398
269323.0,2025-12-15T01:58:48.927332,49.555290,0.790801,-0.076835,-0.111563,0.596896,0.049951,0.001592,0.038348,0.002131,0.005326,0.000000,-14.810596,-4.860146,74.722982
269343.0,2025-12-15T01:58:48.927853,49.555811,0.790552,-0.078423,-0.113142,0.596722,-0.017508,0.003332,0.047977,0.002131,0.007457,-0.002131,-15.068362,-4.893028,74.739752
269375.0,2025-12-15T01:58:48.986176,49.614134,0.790469,-0.079732,-0.111149,0.597032,0.011798,0.033053,0.049043,0.000000,0.003196,0.000000,-15.047146,-4.618148,74.736855
269400.0,2025-12-15T01:58:48.987176,49.615134,0.789173,-0.079693,-0.110530,0.598863,-0.022057,0.055120,0.049185,-0.020240,0.008522,0.005326,-15.009390,-4.531275,74.983246
269424.0,2025-12-15T01:58:48.988193,49.616150,0.789485,-0.077256,-0.110862,0.598711,-0.019975,0.045135,0.056050,0.013848,0.000000,-0.002131,-14.809506,-4.734614,74.965803
269447.0,2025-12-15T01:58:49.046628,49.674586,0.789316,-0.077937,-0.112886,0.598467,0.035276,0.008114,0.045272,0.014914,0.000000,-0.002131,-15.015856,-4.871415,74.981946
269471.0,2025-12-15T01:58:49.047629,49.675587,0.789098,-0.078943,-0.114981,0.598224,-0.009623,-0.000384,0.049203,-0.007457,0.005326,0.001065,-15.257298,-4.991752,75.001369
269497.0,2025-12-15T01:58:49.107198,49.735156,0.787797,-0.078816,-0.114593,0.600027,-0.082842,0.012427,0.059832,-0.011718,0.005326,0.002131,-15.228738,-4.931729,75.249247
269521.0,2025-12-15T01:58:49.108190,49.736148,0.788108,-0.077094,-0.112880,0.600167,-0.017970,0.002117,0.051135,0.012783,0.001065,-0.002131,-14.948630,-4.898096,75.223584
269546.0,2025-12-15T01:58:49.109194,49.737152,0.787859,-0.078518,-0.114638,0.599976,-0.008479,0.000938,0.042836,0.000000,0.004261,-0.001065,-15.204446,-4.957675,75.242674
269574.0,2025-12-15T01:58:49.165741,49.793699,0.788072,-0.077479,-0.112672,0.600204,-0.005531,0.000038,0.046153,-0.005326,0.001065,0.002131,-14.968971,-4.851902,75.224310
269599.0,2025-12-15T01:58:49.166741,49.794698,0.786757,-0.077241,-0.112259,0.602034,-0.006796,0.019596,0.049642,-0.002131,0.002131,0.001065,-14.928265,-4.797731,75.475989
269623.0,2025-12-15T01:58:49.226235,49.854192,0.786723,-0.076826,-0.114485,0.601712,-0.009246,-0.011207,0.050018,0.005326,0.002131,-0.001065,-15.049579,-5.030266,75.484841
269643.0,2025-12-15T01:58:49.227748,49.855706,0.786409,-0.079228,-0.114453,0.601818,-0.018688,0.025200,0.044158,-0.004261,0.004261,0.001065,-15.266970,-4.856021,75.502961
269675.0,2025-12-15T01:58:49.286634,49.914592,0.786689,-0.077634,-0.112892,0.601955,-0.040627,0.007553,0.056541,-0.004261,0.003196,0.001065,-15.009366,-4.827572,75.480970
269701.0,2025-12-15T01:58:49.287633,49.915591,0.785409,-0.077393,-0.112308,0.603764,-0.019340,0.042965,0.053398,-0.003196,0.003196,0.000000,-14.955847,-4.758798,75.725777
269725.0,2025-12-15T01:58:49.287633,49.915591,0.785590,-0.075523,-0.113745,0.603495,0.000605,-0.019474,0.058783,0.004261,0.001065,0.000000,-14.888324,-5.023150,75.720123
269748.0,2025-12-15T01:58:49.346279,49.974236,0.785262,-0.077932,-0.113951,0.603578,0.005187,-0.005527,0.056475,-0.006392,0.004261,0.002131,-15.123011,-4.869500,75.740900
269772.0,2025-12-15T01:58:49.347279,49.975236,0.785571,-0.075760,-0.113454,0.603545,-0.006084,0.005136,0.055515,-0.006392,0.003196,0.001065,-14.889084,-4.979667,75.720358
269797.0,2025-12-15T01:58:49.406469,50.034427,0.784243,-0.075480,-0.113227,0.605347,-0.002809,0.002839,0.042036,0.003196,0.001065,0.000000,-14.858130,-4.945724,75.973413
269821.0,2025-12-15T01:58:49.408467,50.036425,0.784311,-0.075693,-0.110920,0.605659,0.018574,0.018299,0.061877,-0.005326,0.004261,0.002131,-14.711678,-4.720933,75.961744
269845.0,2025-12-15T01:58:49.408467,50.036425,0.784293,-0.075184,-0.113133,0.605336,0.002147,0.001921,0.054491,0.003196,0.003196,-0.001065,-14.824394,-4.958605,75.969114
269869.0,2025-12-15T01:58:49.466366,50.094324,0.783979,-0.077191,-0.114175,0.605295,0.006010,-0.001955,0.046734,0.003196,0.002131,0.001065,-15.082307,-4.909073,75.992329
269895.0,2025-12-15T01:58:49.467351,50.095309,0.782652,-0.077022,-0.113740,0.607114,-0.017612,0.020837,0.046623,-0.008522,0.004261,0.002131,-15.046187,-4.848184,76.243123
269916.0,2025-12-15T01:58:49.526932,50.154890,0.782971,-0.074729,-0.113302,0.607070,0.012480,-0.010606,0.054000,0.002131,0.001065,0.000000,-14.806001,-4.973379,76.222436
269943.0,2025-12-15T01:58:49.528447,50.156405,0.782678,-0.077119,-0.112950,0.607216,-0.008145,0.014404,0.054517,-0.004261,0.004261,0.001065,-14.997954,-4.769786,76.238144
269968.0,2025-12-15T01:58:49.529466,50.157424,0.782980,-0.075017,-0.112174,0.607233,0.002043,-0.000479,0.046988,-0.004261,0.004261,0.002131,-14.750880,-4.850363,76.218248
269997.0,2025-12-15T01:58:49.586153,50.214110,0.781682,-0.074791,-0.111629,0.609031,0.037358,0.023224,0.051515,0.001065,0.004261,0.001065,-14.701365,-4.784960,76.463996
270021.0,2025-12-15T01:58:49.646032,50.273990,0.781478,-0.075678,-0.113716,0.608797,0.005304,0.002601,0.052165,-0.001065,0.004261,0.001065,-14.932784,-4.909834,76.483373
270045.0,2025-12-15T01:58:49.647032,50.274990,0.781249,-0.077758,-0.112507,0.609054,-0.004241,0.030535,0.058332,-0.002131,0.003196,0.002131,-15.034303,-4.650339,76.493257
270073.0,2025-12-15T01:58:49.648037,50.275995,0.781512,-0.075555,-0.113122,0.608879,-0.010066,0.023097,0.050123,-0.004261,0.003196,0.001065,-14.878718,-4.864815,76.480145
270097.0,2025-12-15T01:58:49.706336,50.334293,0.780213,-0.075250,-0.112597,0.610677,0.037512,0.000828,0.053318,0.007457,0.001065,0.000000,-14.823559,-4.806617,76.726559
270121.0,2025-12-15T01:58:49.707334,50.335292,0.779971,-0.076437,-0.114633,0.610460,0.002059,0.002541,0.044235,-0.009587,0.005326,0.002131,-15.078881,-4.904602,76.748020
270146.0,2025-12-15T01:58:49.708333,50.336290,0.780290,-0.074342,-0.113904,0.610448,-0.002164,0.001905,0.044357,-0.006392,0.004261,0.000000,-14.835959,-4.990651,76.724819
270175.0,2025-12-15T01:58:49.765884,50.393842,0.779984,-0.076676,-0.114031,0.610527,-0.019231,0.022411,0.046514,0.001065,0.003196,0.000000,-15.056667,-4.833387,76.742729
270201.0,2025-12-15T01:58:49.766872,50.394830,0.778656,-0.076479,-0.113583,0.612327,-0.024481,0.033395,0.053784,-0.006392,0.004261,0.001065,-15.016717,-4.773902,76.991843
270225.0,2025-12-15T01:58:49.826973,50.454931,0.778969,-0.074140,-0.113665,0.612202,0.006349,-0.007804,0.057191,0.002131,0.002131,-0.001065,-14.810935,-4.951091,76.972483
270250.0,2025-12-15T01:58:49.828493,50.456451,0.778649,-0.076260,-0.114607,0.612173,-0.015887,0.008888,0.036141,-0.001065,0.003196,0.001065,-15.071352,-4.882207,76.994973
270270.0,2025-12-15T01:58:49.828493,50.456451,0.778951,-0.073984,-0.114550,0.612079,0.014306,-0.017162,0.044179,-0.003196,0.003196,0.001065,-14.861268,-5.042159,76.976708
270305.0,2025-12-15T01:58:49.947671,50.575629,0.777600,-0.073785,-0.114224,0.613878,-0.000304,-0.013234,0.050505,-0.003196,0.004261,0.001065,-14.830608,-4.993974,77.229137
270325.0,2025-12-15T01:58:49.948668,50.576626,0.777294,-0.075979,-0.114842,0.613884,-0.021583,0.015880,0.052364,0.003196,0.001065,-0.001065,-15.073707,-4.890269,77.248687
270356.0,2025-12-15T01:58:49.949669,50.577627,0.777596,-0.073953,-0.113987,0.613907,0.011438,-0.005673,0.043425,-0.007457,0.005326,0.002131,-14.828377,-4.960572,77.227677
270404.0,2025-12-15T01:58:50.006986,50.634943,0.776017,-0.075951,-0.113103,0.615822,0.000217,0.003091,0.040053,0.012783,-0.002131,-0.003196,-14.954346,-4.703277,77.486430
270430.0,2025-12-15T01:58:50.008008,50.635966,0.775725,-0.077618,-0.114827,0.615664,0.002359,0.002469,0.045223,-0.011718,0.008522,0.003196,-15.230707,-4.736571,77.509079
270450.0,2025-12-15T01:58:50.009006,50.636963,0.775968,-0.075579,-0.115391,0.615505,-0.032341,0.058634,0.060513,-0.021305,0.007457,0.004261,-15.088272,-4.935919,77.497582
270484.0,2025-12-15T01:58:50.066362,50.694319,0.774657,-0.075085,-0.115019,0.617284,-0.044299,-0.013035,0.055777,0.020240,-0.004261,-0.003196,-15.027318,-4.904933,77.746404
270504.0,2025-12-15T01:58:50.067348,50.695306,0.774317,-0.077567,-0.115245,0.617362,-0.012235,0.012801,0.033150,-0.011718,0.007457,0.003196,-15.267189,-4.743629,77.766775
270535.0,2025-12-15T01:58:50.126429,50.754387,0.774597,-0.075362,-0.115298,0.617273,-0.028866,0.034994,0.049855,-0.010653,0.003196,0.003196,-15.072691,-4.909435,77.752255
270560.0,2025-12-15T01:58:50.127431,50.755389,0.774905,-0.073446,-0.113853,0.617386,-0.013982,0.003711,0.054356,0.009587,0.000000,0.000000,-14.794408,-4.919846,77.729533
270586.0,2025-12-15T01:58:50.187140,50.815098,0.773599,-0.073090,-0.113191,0.619185,0.053690,-0.022680,0.042048,0.010653,-0.001065,0.000000,-14.724337,-4.853973,77.974823
270606.0,2025-12-15T01:58:50.188142,50.816100,0.773300,-0.074850,-0.114876,0.619038,0.013066,0.000430,0.043506,-0.013848,0.005326,0.002131,-15.006361,-4.875894,77.998100
270635.0,2025-12-15T01:58:50.245724,50.873682,0.773619,-0.072746,-0.114059,0.619042,-0.035367,0.021540,0.051576,-0.003196,0.003196,0.000000,-14.757121,-4.957183,77.975240
270655.0,2025-12-15T01:58:50.246724,50.874682,0.773341,-0.074803,-0.114354,0.619089,-0.010502,0.011245,0.049520,0.021305,-0.003196,-0.003196,-14.963578,-4.832939,77.992271
270689.0,2025-12-15T01:58:50.306485,50.934443,0.771928,-0.074767,-0.114307,0.620863,0.043976,-0.004013,0.052820,-0.015979,0.007457,0.004261,-14.967512,-4.797471,78.250076
270714.0,2025-12-15T01:58:50.307487,50.935445,0.772252,-0.072723,-0.113187,0.620908,-0.008583,0.004298,0.051873,0.003196,0.002131,-0.001065,-14.701717,-4.847775,78.225957
270739.0,2025-12-15T01:58:50.308488,50.936446,0.772001,-0.073940,-0.115174,0.620711,-0.010765,-0.001899,0.035382,-0.003196,-0.004261,0.000000,-14.957379,-4.935754,78.248852
270759.0,2025-12-15T01:58:50.366332,50.994290,0.772320,-0.071664,-0.115103,0.620594,0.018760,-0.021602,0.061927,-0.002131,0.005326,-0.001065,-14.747956,-5.097118,78.227014
270792.0,2025-12-15T01:58:50.367340,50.995298,0.770991,-0.071424,-0.114750,0.622338,0.044904,-0.065863,0.040386,0.002131,0.000000,-0.002131,-14.711261,-5.051029,78.472821
270814.0,2025-12-15T01:58:50.427763,51.055721,0.770707,-0.072997,-0.116612,0.622161,-0.031636,0.001411,0.049772,-0.014914,0.005326,0.002131,-14.989706,-5.101262,78.496635
270841.0,2025-12-15T01:58:50.429287,51.057245,0.770894,-0.072554,-0.114235,0.622421,0.004070,-0.000199,0.063339,0.013848,0.001065,-0.004261,-14.774065,-4.922542,78.473501
270866.0,2025-12-15T01:58:50.429287,51.057245,0.770626,-0.074403,-0.115417,0.622318,0.016488,-0.002976,0.043062,0.008522,0.007457,-0.002131,-15.026796,-4.892186,78.490752
270895.0,2025-12-15T01:58:50.487268,51.115226,0.769254,-0.074300,-0.115186,0.624067,-0.003694,0.003460,0.038672,-0.012783,0.005326,0.001065,-15.011012,-4.846039,78.741152
270921.0,2025-12-15T01:58:50.488264,51.116222,0.769552,-0.071985,-0.115380,0.623935,-0.002923,0.004997,0.061551,0.000000,0.002131,0.000000,-14.818525,-5.034466,78.723837
270939.0,2025-12-15T01:58:50.546736,51.174694,0.769269,-0.074205,-0.115447,0.624012,0.007428,-0.005444,0.039976,0.011718,0.001065,-0.002131,-15.021829,-4.876572,78.739625
270971.0,2025-12-15T01:58:50.547738,51.175696,0.769487,-0.073108,-0.113592,0.624213,0.031674,0.005285,0.044922,-0.012783,0.005326,0.003196,-14.786356,-4.792342,78.720612
270996.0,2025-12-15T01:58:50.606909,51.234866,0.768156,-0.072745,-0.113103,0.625981,0.017981,0.024107,0.044562,0.010653,0.000000,-0.001065,-14.727961,-4.743006,78.967523
271020.0,2025-12-15T01:58:50.607913,51.235871,0.767920,-0.073909,-0.115032,0.625783,0.021936,0.004102,0.037734,0.001065,0.003196,0.001065,-14.975121,-4.828229,78.988560
271045.0,2025-12-15T01:58:50.608903,51.236861,0.768213,-0.071676,-0.114902,0.625706,0.004242,-0.004649,0.065005,-0.006392,0.004261,0.002131,-14.766317,-4.981937,78.971273
271069.0,2025-12-15T01:58:50.666951,51.294909,0.767910,-0.073944,-0.114993,0.625798,-0.012086,0.014462,0.049615,0.006392,0.000000,0.000000,-14.975329,-4.822018,78.989895
271094.0,2025-12-15T01:58:50.666951,51.294909,0.766532,-0.073742,-0.114687,0.627565,0.015175,0.026753,0.038167,-0.003196,0.004261,0.002131,-14.945145,-4.776335,79.241728
271115.0,2025-12-15T01:58:50.726253,51.354211,0.766578,-0.072762,-0.116734,0.627246,0.009633,0.024517,0.055873,-0.003196,0.006392,0.001065,-15.010414,-5.030873,79.246099
271143.0,2025-12-15T01:58:50.727689,51.355647,0.766700,-0.071301,-0.118594,0.626916,0.004174,0.021815,0.054027,-0.002131,-0.001065,-0.002131,-15.019015,-5.304642,79.244205
271168.0,2025-12-15T01:58:50.727689,51.355647,0.766666,-0.072251,-0.116627,0.627217,-0.088017,-0.218307,0.048653,0.005326,-0.013848,-0.004261,-14.956804,-5.059710,79.238548
271198.0,2025-12-15T01:58:50.787167,51.415125,0.765247,-0.072366,-0.116341,0.628987,-0.083683,-0.090715,0.041134,-0.015979,0.027697,0.008522,-14.956696,-4.992467,79.492070
271223.0,2025-12-15T01:58:50.787167,51.415125,0.765366,-0.071353,-0.118253,0.628602,0.147450,0.162267,0.064993,0.054328,-0.004261,-0.015979,-15.009101,-5.238854,79.483709
271246.0,2025-12-15T01:58:50.845926,51.473884,0.765045,-0.073780,-0.118603,0.628646,0.060674,-0.061669,0.007080,-0.012783,0.000000,-0.001065,-15.250812,-5.089429,79.502471
271273.0,2025-12-15T01:58:50.847293,51.475251,0.763701,-0.073821,-0.117867,0.630412,-0.273025,0.005304,0.093171,-0.024501,0.021305,0.008522,-15.209992,-4.988440,79.743763
271294.0,2025-12-15T01:58:50.906917,51.534875,0.764060,-0.071087,-0.118901,0.630096,0.017260,0.083467,0.072483,0.082025,-0.017044,-0.018109,-15.044655,-5.285067,79.721017
271321.0,2025-12-15T01:58:50.908224,51.536182,0.763683,-0.073902,-0.119137,0.630186,0.094764,-0.115915,0.016439,-0.041545,0.012783,0.006392,-15.312031,-5.095772,79.743876
271346.0,2025-12-15T01:58:50.909252,51.537210,0.763763,-0.073757,-0.117221,0.630464,-0.154580,-0.040601,0.072166,-0.054328,0.020240,0.013848,-15.155755,-4.936751,79.734505
271374.0,2025-12-15T01:58:50.966337,51.594295,0.764006,-0.071658,-0.118721,0.630131,0.019976,0.052295,0.065185,0.049002,-0.010653,-0.011718,-15.081672,-5.226860,79.722110
271400.0,2025-12-15T01:58:50.967335,51.595293,0.762579,-0.071796,-0.118414,0.631899,-0.104116,-0.295714,0.014550,-0.034088,0.002131,0.006392,-15.082224,-5.155799,79.975550
271423.0,2025-12-15T01:58:51.025982,51.653940,0.762658,-0.071986,-0.116063,0.632218,-0.114623,-0.066114,0.058346,-0.023436,0.026632,0.009587,-14.922343,-4.934113,79.961787
271449.0,2025-12-15T01:58:51.026983,51.654941,0.762751,-0.070747,-0.118102,0.631868,0.114204,0.180080,0.059065,0.035154,-0.012783,-0.009587,-14.965692,-5.207315,79.961627
271469.0,2025-12-15T01:58:51.027982,51.655940,0.762498,-0.072934,-0.117412,0.632054,0.047907,-0.128605,0.012291,-0.001065,-0.006392,-0.002131,-15.107462,-4.982754,79.973533
271499.0,2025-12-15T01:58:51.086344,51.714302,0.761103,-0.073014,-0.116920,0.633814,-0.127570,-0.143218,0.037427,-0.020240,0.018109,0.006392,-15.088145,-4.900348,80.221507
271524.0,2025-12-15T01:58:51.087860,51.715818,0.761340,-0.071033,-0.118412,0.633478,0.029383,0.070225,0.072807,0.055394,-0.004261,-0.011718,-15.025089,-5.181314,80.208562
271547.0,2025-12-15T01:58:51.146668,51.774626,0.760982,-0.073581,-0.118906,0.633525,0.029418,-0.027868,0.026406,-0.023436,0.005326,0.003196,-15.287629,-5.033553,80.231369
271577.0,2025-12-15T01:58:51.147675,51.775633,0.759587,-0.073614,-0.118437,0.635280,-0.139883,-0.055191,0.038484,-0.026632,0.008522,0.007457,-15.265903,-4.956302,80.479470
271599.0,2025-12-15T01:58:51.207020,51.834978,0.759934,-0.071083,-0.118368,0.635167,-0.031797,0.045182,0.070669,0.020240,-0.001065,-0.003196,-15.037266,-5.140836,80.457930
271626.0,2025-12-15T01:58:51.207020,51.834978,0.759690,-0.072835,-0.119222,0.635101,0.041463,-0.017776,0.038214,0.028762,-0.004261,-0.007457,-15.256133,-5.084713,80.472663
271651.0,2025-12-15T01:58:51.266336,51.894294,0.759744,-0.073109,-0.117106,0.635398,-0.045047,-0.021253,0.042829,-0.038350,0.012783,0.007457,-15.120567,-4.878050,80.461471
271677.0,2025-12-15T01:58:51.266336,51.894294,0.758405,-0.072734,-0.116569,0.637137,-0.088944,0.025924,0.063614,0.008522,0.002131,-0.002131,-15.057292,-4.826019,80.705468
271702.0,2025-12-15T01:58:51.267319,51.895277,0.758165,-0.073922,-0.118447,0.636939,-0.000653,-0.000149,0.046400,0.004261,0.001065,0.000000,-15.304085,-4.901149,80.726507
271720.0,2025-12-15T01:58:51.326308,51.954266,0.758433,-0.072375,-0.116925,0.637079,0.033744,-0.002825,0.046443,-0.009587,0.006392,0.003196,-15.052657,-4.884188,80.705845
271753.0,2025-12-15T01:58:51.326308,51.954266,0.758695,-0.070209,-0.117327,0.636935,-0.019160,0.030609,0.049907,-0.010653,0.006392,0.003196,-14.892385,-5.082713,80.692609
271777.0,2025-12-15T01:58:51.387678,52.015635,0.757370,-0.069744,-0.116721,0.638673,0.036155,-0.020972,0.053689,0.020240,-0.002131,-0.004261,-14.816417,-5.032134,80.935045
271801.0,2025-12-15T01:58:51.388665,52.016623,0.757043,-0.072063,-0.117444,0.638671,0.032621,-0.019940,0.034529,-0.008522,0.005326,0.001065,-15.075028,-4.920418,80.956013
271826.0,2025-12-15T01:58:51.388665,52.016623,0.757350,-0.070319,-0.115966,0.638771,-0.014994,0.003444,0.057372,0.000000,0.003196,-0.001065,-14.809573,-4.923094,80.930709
271854.0,2025-12-15T01:58:51.445760,52.073718,0.757062,-0.072273,-0.116922,0.638720,-0.000638,0.000803,0.049091,0.010653,0.000000,-0.002131,-15.053703,-4.859397,80.949976
271880.0,2025-12-15T01:58:51.446755,52.074713,0.755642,-0.072135,-0.116643,0.640465,-0.004331,0.019581,0.047105,-0.009587,0.006392,0.003196,-15.031015,-4.811656,81.202858
271897.0,2025-12-15T01:58:51.506116,52.134074,0.755919,-0.069826,-0.117086,0.640313,0.012164,-0.020663,0.052779,0.003196,0.002131,0.001065,-14.862214,-5.025244,81.189392
271929.0,2025-12-15T01:58:51.507115,52.135073,0.755586,-0.072186,-0.117534,0.640363,-0.015182,0.012535,0.055666,-0.005326,0.004261,0.002131,-15.103340,-4.885459,81.210907
271955.0,2025-12-15T01:58:51.567316,52.195274,0.755756,-0.070403,-0.119008,0.640089,0.000132,-0.025034,0.043987,-0.002131,0.003196,0.001065,-15.059149,-5.149435,81.207049
271981.0,2025-12-15T01:58:51.568320,52.196277,0.754334,-0.070237,-0.118936,0.641795,-0.021310,-0.019136,0.053597,-0.007457,0.004261,0.001065,-15.050320,-5.122145,81.460012
272006.0,2025-12-15T01:58:51.568320,52.196277,0.754208,-0.071844,-0.117190,0.642086,0.002358,0.011095,0.060357,0.005326,0.002131,-0.001065,-15.057768,-4.847941,81.459171
272028.0,2025-12-15T01:58:51.627224,52.255182,0.754479,-0.069669,-0.117719,0.641912,0.008528,-0.017980,0.058201,-0.008522,0.005326,0.001065,-14.907588,-5.059455,81.444728
272053.0,2025-12-15T01:58:51.627224,52.255182,0.754277,-0.071757,-0.116445,0.642151,-0.006158,0.038150,0.061532,-0.004261,0.006392,0.000000,-14.993204,-4.790096,81.449337
272077.0,2025-12-15T01:58:51.687336,52.315294,0.752893,-0.071482,-0.116129,0.643861,-0.000850,0.005950,0.054341,0.001065,0.000000,-0.001065,-14.955266,-4.750555,81.696830
272102.0,2025-12-15T01:58:51.688333,52.316291,0.752807,-0.071335,-0.118434,0.643558,-0.011871,-0.010111,0.057431,-0.005326,0.003196,0.002131,-15.118603,-4.962226,81.711732
272127.0,2025-12-15T01:58:51.689323,52.317281,0.753131,-0.069074,-0.118027,0.643500,0.011689,-0.008842,0.050577,0.000000,0.004261,0.000000,-14.889791,-5.099270,81.690162
272156.0,2025-12-15T01:58:51.746136,52.374094,0.752822,-0.071446,-0.117943,0.643618,-0.010501,0.013624,0.051889,-0.001065,0.003196,0.001065,-15.090749,-4.911221,81.707847
272182.0,2025-12-15T01:58:51.747143,52.375101,0.751436,-0.071213,-0.117554,0.645333,-0.000105,-0.000058,0.052858,-0.001065,0.002131,0.001065,-15.051154,-4.861979,81.954610
272205.0,2025-12-15T01:58:51.807100,52.435058,0.751522,-0.069941,-0.119467,0.645020,-0.007888,-0.026417,0.051210,-0.004261,0.004261,0.001065,-15.086777,-5.125496,81.957123
272231.0,2025-12-15T01:58:51.808095,52.436053,0.751687,-0.069516,-0.117230,0.645284,0.008148,0.005592,0.050204,-0.003196,0.003196,0.000000,-14.878136,-4.963742,81.937241
272251.0,2025-12-15T01:58:51.866681,52.494639,0.751384,-0.071868,-0.117055,0.645411,-0.006629,0.009913,0.051006,0.001065,0.003196,0.001065,-15.069988,-4.768939,81.953926
272284.0,2025-12-15T01:58:51.867332,52.495290,0.749996,-0.071657,-0.116677,0.647115,0.005854,0.052625,0.057721,-0.004261,0.004261,0.000000,-15.032762,-4.719242,82.199904
272309.0,2025-12-15T01:58:51.926837,52.554795,0.750153,-0.069931,-0.118268,0.646833,0.000917,-0.005873,0.058814,0.005326,0.001065,0.000000,-15.004638,-4.989366,82.197748
272329.0,2025-12-15T01:58:51.927836,52.555794,0.750070,-0.071207,-0.116265,0.647153,0.012480,0.042112,0.044601,-0.008522,0.004261,0.002131,-14.961962,-4.717991,82.194430
272362.0,2025-12-15T01:58:51.928837,52.556795,0.750149,-0.069986,-0.118243,0.646837,0.002337,0.001362,0.055879,0.007457,0.000000,-0.001065,-15.007587,-4.983012,82.197714
272385.0,2025-12-15T01:58:51.986557,52.614515,0.748735,-0.069817,-0.118115,0.648514,0.034457,-0.009926,0.045704,-0.005326,0.003196,0.001065,-14.993651,-4.951867,82.446675
272411.0,2025-12-15T01:58:51.987528,52.615485,0.748947,-0.068767,-0.116182,0.648731,0.030318,0.007200,0.056652,-0.008522,0.004261,0.003196,-14.753682,-4.864832,82.427842
272433.0,2025-12-15T01:58:52.046358,52.674316,0.748729,-0.069887,-0.118123,0.648512,0.012677,0.003048,0.050503,0.002131,0.003196,-0.001065,-15.000378,-4.947229,82.446681
272459.0,2025-12-15T01:58:52.047375,52.675333,0.748406,-0.072034,-0.119081,0.648475,-0.034419,0.016238,0.050039,-0.003196,0.004261,0.001065,-15.260722,-4.865459,82.468475
272485.0,2025-12-15T01:58:52.048361,52.676318,0.747025,-0.071774,-0.118667,0.650170,-0.050177,0.021698,0.050606,0.000000,0.003196,0.000000,-15.216585,-4.816491,82.712804
272509.0,2025-12-15T01:58:52.107343,52.735301,0.747329,-0.069727,-0.117791,0.650201,-0.008112,0.004750,0.062666,-0.005326,0.004261,0.002131,-14.971469,-4.898141,82.692706
272534.0,2025-12-15T01:58:52.108350,52.736308,0.747461,-0.068194,-0.119538,0.649894,-0.000359,-0.010050,0.047024,0.005326,0.002131,-0.001065,-14.973303,-5.167203,82.691335
272556.0,2025-12-15T01:58:52.167725,52.795683,0.747178,-0.070548,-0.119107,0.650047,-0.004687,0.008017,0.043895,-0.002131,0.003196,0.000000,-15.144137,-4.949013,82.705017
272584.0,2025-12-15T01:58:52.167725,52.795683,0.745759,-0.070346,-0.118881,0.651738,-0.014269,-0.010845,0.042288,-0.003196,0.004261,0.001065,-15.119756,-4.911601,82.954330
272610.0,2025-12-15T01:58:52.168727,52.796685,0.746062,-0.068146,-0.118547,0.651686,0.002929,-0.002139,0.054601,-0.006392,0.005326,0.002131,-14.903488,-5.052453,82.935706
272639.0,2025-12-15T01:58:52.226830,52.854788,0.745835,-0.070315,-0.117731,0.651863,-0.004601,0.015260,0.045652,0.007457,0.001065,-0.003196,-15.027960,-4.815294,82.942743
272663.0,2025-12-15T01:58:52.227829,52.855786,0.745502,-0.072478,-0.118822,0.651809,-0.031883,0.013155,0.044434,-0.009587,0.005326,0.002131,-15.299617,-4.742643,82.965198
272686.0,2025-12-15T01:58:52.287510,52.915468,0.744075,-0.072303,-0.118508,0.653514,-0.059454,0.057680,0.053036,-0.008522,0.006392,0.003196,-15.270426,-4.695168,83.214882
272711.0,2025-12-15T01:58:52.287510,52.915468,0.744357,-0.069992,-0.119062,0.653343,-0.005393,0.013529,0.049661,0.005326,0.001065,0.000000,-15.113741,-4.921486,83.201962
272736.0,2025-12-15T01:58:52.346804,52.974761,0.744429,-0.070292,-0.116787,0.653640,0.021822,0.025645,0.043892,-0.007457,0.004261,0.000000,-14.963172,-4.702861,83.186944
272761.0,2025-12-15T01:58:52.346804,52.974761,0.744502,-0.069075,-0.118733,0.653337,-0.004664,-0.016805,0.047754,0.003196,0.003196,0.001065,-15.008907,-4.964274,83.191431
272787.0,2025-12-15T01:58:52.406621,53.034579,0.743080,-0.068901,-0.118309,0.655048,0.023287,0.039334,0.047290,-0.005326,0.006392,0.003196,-14.971640,-4.908145,83.439719
272813.0,2025-12-15T01:58:52.406621,53.034579,0.743370,-0.067074,-0.116830,0.655174,0.020076,-0.003308,0.040484,0.005326,0.000000,0.001065,-14.699287,-4.922350,83.418408
272833.0,2025-12-15T01:58:52.407598,53.035556,0.743050,-0.069334,-0.117377,0.655203,0.020882,-0.013104,0.045472,0.001065,0.003196,0.001065,-14.936660,-4.794282,83.438940
272865.0,2025-12-15T01:58:52.466238,53.094196,0.743146,-0.067972,-0.119238,0.654902,-0.000943,-0.003930,0.052577,0.000000,0.003196,0.001065,-14.963949,-5.059578,83.441555
272891.0,2025-12-15T01:58:52.467535,53.095493,0.741703,-0.067802,-0.119044,0.656588,0.023660,-0.028571,0.044070,-0.006392,0.003196,0.001065,-14.945121,-5.022882,83.692625
272914.0,2025-12-15T01:58:52.526940,53.154898,0.741702,-0.068632,-0.116849,0.656897,0.002263,0.007023,0.053060,-0.005326,0.004261,0.000000,-14.845461,-4.770593,83.681967
272940.0,2025-12-15T01:58:52.527939,53.155897,0.741611,-0.068694,-0.119117,0.656586,0.008586,0.007906,0.059814,0.000000,0.003196,-0.001065,-15.027447,-4.960537,83.694904
272965.0,2025-12-15T01:58:52.528940,53.156898,0.741912,-0.066437,-0.119231,0.656458,0.011058,-0.014342,0.054700,-0.006392,0.003196,0.000000,-14.841923,-5.145812,83.676687
272995.0,2025-12-15T01:58:52.586531,53.214489,0.740503,-0.066169,-0.118812,0.658149,0.031121,-0.058285,0.047264,0.003196,0.000000,0.000000,-14.797267,-5.098158,83.922996
273015.0,2025-12-15T01:58:52.588166,53.216124,0.740210,-0.067952,-0.120321,0.658024,0.005769,0.000890,0.042551,-0.004261,0.006392,0.001065,-15.068259,-5.088653,83.945705
273044.0,2025-12-15T01:58:52.646250,53.274208,0.740280,-0.068197,-0.118031,0.658334,0.016510,0.019023,0.039752,-0.004261,0.003196,0.001065,-14.910354,-4.873694,83.931743
273064.0,2025-12-15T01:58:52.647248,53.275206,0.740129,-0.069965,-0.116395,0.658609,0.000248,0.029666,0.044082,-0.004261,0.004261,0.000000,-14.934323,-4.596378,83.931739
273096.0,2025-12-15T01:58:52.707335,53.335293,0.738709,-0.069682,-0.116017,0.660298,0.029260,0.057358,0.040929,0.003196,0.003196,0.000000,-14.890461,-4.553174,84.179490
273121.0,2025-12-15T01:58:52.708343,53.336301,0.738657,-0.069379,-0.118292,0.659984,0.030605,0.040186,0.054415,-0.004261,0.004261,0.001065,-15.042514,-4.771110,84.191304
273146.0,2025-12-15T01:58:52.709337,53.337294,0.738830,-0.067578,-0.119702,0.659723,-0.000520,-0.010174,0.053481,-0.007457,0.004261,0.002131,-14.998590,-5.032059,84.187999
273174.0,2025-12-15T01:58:52.767392,53.395350,0.737420,-0.067347,-0.119366,0.661383,-0.006934,-0.019780,0.048842,0.000000,0.004261,-0.001065,-14.963179,-4.988839,84.432690
273199.0,2025-12-15T01:58:52.768391,53.396349,0.737093,-0.069591,-0.120033,0.661395,-0.017715,0.011274,0.051006,-0.001065,0.003196,0.001065,-15.207501,-4.870070,84.453849
273223.0,2025-12-15T01:58:52.826877,53.454835,0.737417,-0.067469,-0.119153,0.661413,0.012809,-0.005789,0.045717,0.000000,0.002131,0.000000,-14.956828,-4.961233,84.431606
273243.0,2025-12-15T01:58:52.827813,53.455771,0.737360,-0.068565,-0.117060,0.661737,0.010206,0.029126,0.047355,-0.006392,0.004261,0.002131,-14.886414,-4.696989,84.426227
273276.0,2025-12-15T01:58:52.887345,53.515302,0.735936,-0.068268,-0.116746,0.663406,0.028868,0.070254,0.057404,0.004261,0.002131,0.000000,-14.846399,-4.660802,84.673456
273301.0,2025-12-15T01:58:52.887345,53.515302,0.735857,-0.068136,-0.118992,0.663108,0.031361,0.029561,0.052780,0.005326,0.001065,0.000000,-15.011800,-4.862245,84.687408
273321.0,2025-12-15T01:58:52.888339,53.516297,0.735857,-0.067441,-0.121195,0.662781,-0.014626,-0.022055,0.034583,-0.012783,0.006392,0.002131,-15.125806,-5.104206,84.696372
273352.0,2025-12-15T01:58:52.946852,53.574810,0.736128,-0.066016,-0.119503,0.662930,-0.016408,0.001398,0.052049,-0.006392,0.005326,0.001065,-14.870893,-5.072228,84.672498
273378.0,2025-12-15T01:58:52.947850,53.575807,0.734704,-0.065696,-0.119043,0.664623,0.046180,-0.026835,0.044304,0.007457,0.000000,0.000000,-14.818373,-5.025365,84.919731
273403.0,2025-12-15T01:58:53.007367,53.635324,0.734353,-0.067978,-0.120015,0.664606,0.006400,-0.001874,0.046099,-0.012783,0.007457,0.004261,-15.089492,-4.928367,84.944735
273423.0,2025-12-15T01:58:53.008371,53.636329,0.734675,-0.066148,-0.118521,0.664703,0.000176,0.000445,0.060797,0.006392,0.002131,-0.002131,-14.815569,-4.945673,84.918361
273455.0,2025-12-15T01:58:53.066084,53.694042,0.734375,-0.067975,-0.119963,0.664591,0.011610,-0.000703,0.048596,-0.003196,0.004261,0.001065,-15.084981,-4.924651,84.941084
273481.0,2025-12-15T01:58:53.067084,53.695042,0.732938,-0.067743,-0.119645,0.666256,-0.011970,0.015054,0.043341,-0.002131,0.003196,0.001065,-15.050732,-4.882717,85.188385
273501.0,2025-12-15T01:58:53.068214,53.696172,0.732948,-0.066916,-0.121783,0.665942,-0.014182,-0.027367,0.044495,-0.004261,0.004261,0.002131,-15.149535,-5.128968,85.197802
273533.0,2025-12-15T01:58:53.125540,53.753498,0.733162,-0.066120,-0.119602,0.666181,0.007402,0.003031,0.054465,0.003196,0.002131,-0.001065,-14.909236,-5.007159,85.174801
273558.0,2025-12-15T01:58:53.126541,53.754499,0.732841,-0.068474,-0.119866,0.666248,-0.002217,0.002804,0.043409,-0.001065,0.004261,0.001065,-15.130247,-4.844077,85.193555
273584.0,2025-12-15T01:58:53.186965,53.814923,0.731375,-0.068300,-0.119662,0.667912,-0.021827,0.021205,0.033908,-0.008522,0.004261,0.002131,-15.109825,-4.806960,85.444303
273609.0,2025-12-15T01:58:53.187976,53.815934,0.731658,-0.065968,-0.120140,0.667750,0.009969,-0.015737,0.053673,0.004261,0.000000,0.000000,-14.949822,-5.031437,85.431070
273629.0,2025-12-15T01:58:53.188969,53.816927,0.731321,-0.068296,-0.120719,0.667781,-0.022936,0.015443,0.034685,-0.005326,0.004261,0.002131,-15.193363,-4.896467,85.452812
273657.0,2025-12-15T01:58:53.246520,53.874477,0.731617,-0.066490,-0.119319,0.667891,-0.007581,0.001959,0.058623,0.000000,0.002131,0.001065,-14.929164,-4.920663,85.430844
273683.0,2025-12-15T01:58:53.247446,53.875403,0.730211,-0.066288,-0.118761,0.669547,0.031166,0.004315,0.053627,-0.002131,0.004261,0.001065,-14.878053,-4.857426,85.671421
273708.0,2025-12-15T01:58:53.307267,53.935225,0.730234,-0.065460,-0.120883,0.669223,0.002903,0.006788,0.049331,0.000000,0.004261,0.000000,-14.976468,-5.102126,85.678483
273733.0,2025-12-15T01:58:53.308275,53.936232,0.729950,-0.067820,-0.120446,0.669378,0.024134,-0.040510,0.034009,-0.004261,0.002131,0.000000,-15.141589,-4.878598,85.691592
273755.0,2025-12-15T01:58:53.366340,53.994298,0.730180,-0.066339,-0.119419,0.669459,-0.042680,0.013706,0.046144,-0.039415,0.013848,0.008522,-14.934618,-4.908944,85.675627
273782.0,2025-12-15T01:58:53.426063,54.054020,0.728881,-0.065392,-0.118790,0.671078,-0.052187,0.034859,0.078013,0.061785,-0.010653,-0.014914,-14.814771,-4.899084,85.908608
273807.0,2025-12-15T01:58:53.427584,54.055542,0.728651,-0.067328,-0.119896,0.670939,0.107625,-0.016180,0.025849,0.008522,0.021305,-0.004261,-15.065964,-4.840317,85.917916
273827.0,2025-12-15T01:58:53.427584,54.055542,0.728942,-0.065354,-0.118847,0.671005,-0.057203,0.016965,0.061962,-0.006392,-0.004261,0.001065,-14.815647,-4.908161,85.898816
273859.0,2025-12-15T01:58:53.428587,54.056545,0.728694,-0.067409,-0.118944,0.671054,0.004316,0.001456,0.037657,0.028762,0.001065,-0.005326,-14.996963,-4.753957,85.910088
273885.0,2025-12-15T01:58:53.486430,54.114388,0.727227,-0.067258,-0.118560,0.672726,0.055465,0.065158,0.050937,-0.008522,0.006392,0.003196,-14.963889,-4.700529,86.158754
273911.0,2025-12-15T01:58:53.487438,54.115396,0.727353,-0.065720,-0.120266,0.672439,-0.002713,-0.018381,0.044955,-0.007457,0.004261,0.002131,-14.970186,-4.966153,86.159757
273931.0,2025-12-15T01:58:53.545751,54.173709,0.727611,-0.064277,-0.118574,0.672600,0.006723,0.001287,0.060360,-0.005326,0.004261,0.002131,-14.713509,-4.938470,86.138281
273963.0,2025-12-15T01:58:53.546749,54.174707,0.727380,-0.065691,-0.120130,0.672437,0.067269,0.001321,0.031094,0.014914,0.003196,-0.003196,-14.956690,-4.957369,86.155706
273990.0,2025-12-15T01:58:53.607342,54.235299,0.725895,-0.065673,-0.120170,0.674034,0.034515,0.018228,0.029682,-0.018109,0.009587,0.003196,-14.968954,-4.929475,86.404842
274015.0,2025-12-15T01:58:53.608342,54.236300,0.726034,-0.065460,-0.117778,0.674328,0.009251,0.004984,0.051873,0.012783,0.000000,-0.002131,-14.759797,-4.745973,86.385922
274035.0,2025-12-15T01:58:53.609342,54.237300,0.725812,-0.066616,-0.119732,0.674110,0.041943,0.011619,0.044106,-0.001065,0.005326,0.000000,-15.013243,-4.818110,86.405071
274066.0,2025-12-15T01:58:53.667210,54.295167,0.724357,-0.066339,-0.119524,0.675736,0.019346,0.053391,0.052658,0.000000,0.000000,0.000000,-14.983628,-4.789791,86.652403
274091.0,2025-12-15T01:58:53.668208,54.296165,0.724471,-0.064914,-0.121298,0.675437,-0.005781,-0.036945,0.048136,-0.010653,0.006392,0.002131,-15.006041,-5.052235,86.653677
274113.0,2025-12-15T01:58:53.727376,54.355334,0.724532,-0.065298,-0.118968,0.675748,0.010133,0.012211,0.057971,0.005326,0.002131,-0.001065,-14.851464,-4.826671,86.638856
274139.0,2025-12-15T01:58:53.727376,54.355334,0.724330,-0.066141,-0.121114,0.675502,0.038195,0.017459,0.046611,-0.004261,0.003196,0.001065,-15.094316,-4.939040,86.659324
274159.0,2025-12-15T01:58:53.728393,54.356350,0.724555,-0.064965,-0.119340,0.675690,0.022554,0.004576,0.050556,-0.013848,0.004261,0.003196,-14.853410,-4.884341,86.639757
274189.0,2025-12-15T01:58:53.787784,54.415741,0.723165,-0.064678,-0.118692,0.677319,0.036123,0.011377,0.061911,0.005326,0.002131,-0.001065,-14.787380,-4.821579,86.876094
274214.0,2025-12-15T01:58:53.788683,54.416641,0.722980,-0.065302,-0.120887,0.677069,0.030625,0.017749,0.046118,-0.002131,0.003196,0.002131,-15.016058,-4.954859,86.897022
274235.0,2025-12-15T01:58:53.846887,54.474845,0.722656,-0.067292,-0.122102,0.677001,-0.022248,0.006118,0.050877,-0.003196,0.000000,0.001065,-15.280634,-4.896836,86.920771
274263.0,2025-12-15T01:58:53.846887,54.474845,0.721181,-0.067113,-0.121903,0.678626,-0.045834,-0.005911,0.037015,-0.008522,0.003196,0.002131,-15.260076,-4.860982,87.169051
274288.0,2025-12-15T01:58:53.906041,54.533999,0.721501,-0.064802,-0.121412,0.678598,-0.001950,0.002831,0.054836,0.005326,0.002131,0.001065,-15.027248,-5.005292,87.150276
274313.0,2025-12-15T01:58:53.907043,54.535001,0.721275,-0.065919,-0.123319,0.678388,0.009005,0.001857,0.046704,0.005326,0.001065,-0.001065,-15.274266,-5.074834,87.170858
274333.0,2025-12-15T01:58:53.909048,54.537005,0.721246,-0.066787,-0.121187,0.678717,0.006787,0.019453,0.045217,-0.013848,0.004261,0.003196,-15.175214,-4.827281,87.163298
274367.0,2025-12-15T01:58:53.966335,54.594293,0.719784,-0.066489,-0.120911,0.680346,-0.041491,0.006388,0.049989,0.004261,0.003196,0.000000,-15.138371,-4.794888,87.410569
274392.0,2025-12-15T01:58:53.967340,54.595298,0.719832,-0.065483,-0.122974,0.680023,-0.001888,-0.001655,0.036756,-0.004261,0.004261,0.001065,-15.220913,-5.047502,87.417052
274414.0,2025-12-15T01:58:54.026190,54.654148,0.720001,-0.064965,-0.120736,0.680295,0.005633,0.003362,0.067702,0.001065,0.001065,0.000000,-14.997003,-4.902987,87.397387
274441.0,2025-12-15T01:58:54.026190,54.654148,0.719702,-0.067198,-0.121227,0.680307,-0.005620,0.004660,0.055767,0.004261,0.002131,-0.002131,-15.222958,-4.764767,87.413375
274467.0,2025-12-15T01:58:54.028192,54.656150,0.718248,-0.067072,-0.120847,0.681922,0.009861,0.031380,0.055968,-0.009587,0.007457,0.002131,-15.191703,-4.710473,87.656211
274495.0,2025-12-15T01:58:54.086632,54.714590,0.718521,-0.064800,-0.121393,0.681757,-0.022683,0.041281,0.044499,0.001065,0.002131,0.001065,-15.046612,-4.938791,87.644762
274515.0,2025-12-15T01:58:54.087622,54.715580,0.718413,-0.066290,-0.119565,0.682051,0.004136,0.031469,0.045913,0.001065,0.001065,-0.001065,-15.022874,-4.667221,87.641120
274545.0,2025-12-15T01:58:54.146610,54.774568,0.718399,-0.065701,-0.121776,0.681731,-0.005039,-0.006407,0.056272,-0.003196,0.004261,0.001065,-15.152549,-4.898248,87.651472
274571.0,2025-12-15T01:58:54.146610,54.774568,0.716947,-0.065500,-0.121365,0.683350,-0.025990,0.056290,0.052637,-0.006392,0.005326,0.001065,-15.112978,-4.847621,87.894590
274593.0,2025-12-15T01:58:54.206641,54.834599,0.717288,-0.063359,-0.120285,0.683385,0.031991,-0.011193,0.043597,0.008522,0.001065,-0.002131,-14.847312,-4.931250,87.869749
274619.0,2025-12-15T01:58:54.207641,54.835598,0.716965,-0.065610,-0.120816,0.683418,0.014697,-0.008413,0.042818,0.002131,0.002131,0.001065,-15.077523,-4.793465,87.890178
274643.0,2025-12-15T01:58:54.208644,54.836602,0.717029,-0.064438,-0.122754,0.683117,-0.004930,-0.006877,0.054045,-0.013848,0.008522,0.004261,-15.137231,-5.048554,87.896286
274666.0,2025-12-15T01:58:54.266711,54.894669,0.715581,-0.064088,-0.122533,0.684706,-0.022235,0.021181,0.059454,0.006392,-0.001065,-0.002131,-15.100931,-5.025702,88.140357
274691.0,2025-12-15T01:58:54.267412,54.895370,0.715379,-0.066048,-0.121271,0.684955,0.000719,0.000976,0.043130,0.004261,-0.001065,-0.001065,-15.161021,-4.762728,88.144980
274711.0,2025-12-15T01:58:54.325633,54.953591,0.715650,-0.063853,-0.121550,0.684831,0.022177,-0.030210,0.038343,-0.010653,0.005326,0.003196,-15.001625,-4.963270,88.132566
274743.0,2025-12-15T01:58:54.327012,54.954970,0.715805,-0.062153,-0.123139,0.684542,0.000532,-0.011947,0.037404,0.002131,0.002131,0.000000,-14.989573,-5.232339,88.130983
274769.0,2025-12-15T01:58:54.386813,55.014771,0.714345,-0.061941,-0.122889,0.686129,0.026514,-0.053820,0.041640,-0.001065,0.003196,-0.001065,-14.962766,-5.196513,88.374497
274793.0,2025-12-15T01:58:54.387890,55.015848,0.714154,-0.063928,-0.121533,0.686387,0.005423,-0.030180,0.040113,0.000000,0.004261,0.000000,-15.016804,-4.923595,88.377771
274813.0,2025-12-15T01:58:54.387890,55.015848,0.714299,-0.062330,-0.123165,0.686092,-0.001601,-0.013065,0.054740,-0.007457,0.005326,0.001065,-15.017310,-5.188085,88.376463
274841.0,2025-12-15T01:58:54.446631,55.074589,0.714004,-0.064504,-0.123485,0.686141,0.003732,-0.000721,0.055793,0.012783,0.000000,-0.002131,-15.223457,-5.038202,88.393628
274867.0,2025-12-15T01:58:54.446631,55.074589,0.712529,-0.064378,-0.123115,0.687750,0.029939,0.015271,0.039651,-0.009587,0.007457,0.002131,-15.193466,-4.984907,88.637716
274887.0,2025-12-15T01:58:54.447633,55.075590,0.712819,-0.062388,-0.122400,0.687761,-0.001183,0.000022,0.060951,-0.015979,0.004261,0.003196,-14.970679,-5.087851,88.618945
274920.0,2025-12-15T01:58:54.507893,55.135851,0.712640,-0.064259,-0.121091,0.688006,0.013312,-0.033213,0.040700,0.020240,-0.001065,-0.003196,-15.018350,-4.828162,88.621698
274944.0,2025-12-15T01:58:54.507893,55.135851,0.712646,-0.063440,-0.123246,0.687692,0.001139,0.022205,0.057938,-0.022371,0.009587,0.005326,-15.126656,-5.072007,88.632088
274970.0,2025-12-15T01:58:54.566361,55.194319,0.711204,-0.063112,-0.122889,0.689278,-0.045705,0.028756,0.063002,0.005326,0.001065,-0.001065,-15.080977,-5.036743,88.873277
274990.0,2025-12-15T01:58:54.567338,55.195296,0.710966,-0.065294,-0.121895,0.689497,0.001307,-0.003532,0.037798,-0.001065,0.003196,0.000000,-15.179639,-4.777538,88.880455
275023.0,2025-12-15T01:58:54.626907,55.254865,0.711238,-0.063050,-0.122326,0.689348,-0.001778,0.002685,0.047403,-0.003196,0.004261,0.002131,-15.029864,-4.995568,88.868610
275047.0,2025-12-15T01:58:54.628119,55.256077,0.711403,-0.061272,-0.123808,0.689074,0.001506,-0.019605,0.051808,0.000000,0.003196,0.001065,-15.004518,-5.262121,88.866623
275073.0,2025-12-15T01:58:54.686359,55.314317,0.709936,-0.060995,-0.123761,0.690618,0.014633,-0.061628,0.048229,0.005326,0.001065,0.000000,-14.988979,-5.248507,89.110515
275093.0,2025-12-15T01:58:54.687359,55.315317,0.709672,-0.063292,-0.122907,0.690836,0.008422,-0.020026,0.039387,-0.004261,0.006392,0.002131,-15.107890,-4.990936,89.121135
275126.0,2025-12-15T01:58:54.688364,55.316321,0.709996,-0.061110,-0.122163,0.690831,0.005474,-0.002357,0.060594,0.000000,0.002131,0.000000,-14.867390,-5.108152,89.099220
275147.0,2025-12-15T01:58:54.745946,55.373904,0.709700,-0.063483,-0.121826,0.690980,0.017203,-0.023330,0.046563,-0.002131,0.003196,0.001065,-15.035057,-4.886939,89.113843
275179.0,2025-12-15T01:58:54.747034,55.374991,0.708224,-0.063287,-0.121391,0.692588,0.016429,0.007733,0.042453,-0.002131,0.006392,0.002131,-14.993619,-4.834643,89.357563
275204.0,2025-12-15T01:58:54.805753,55.433711,0.708201,-0.062781,-0.123643,0.692259,0.006684,0.016278,0.051844,-0.008522,0.005326,0.001065,-15.136917,-5.060388,89.368467
275223.0,2025-12-15T01:58:54.807765,55.435723,0.708453,-0.061413,-0.121925,0.692429,0.009229,0.001740,0.054059,-0.007457,0.003196,0.002131,-14.883571,-5.031775,89.346948
275257.0,2025-12-15T01:58:54.866762,55.494720,0.707025,-0.061100,-0.121376,0.694011,0.053105,-0.040136,0.038746,0.009587,0.001065,-0.002131,-14.823255,-4.980897,89.583944
275282.0,2025-12-15T01:58:54.867755,55.495713,0.706810,-0.061865,-0.123619,0.693766,0.017651,0.012719,0.053310,-0.011718,0.005326,0.004261,-15.070585,-5.100989,89.608034
275305.0,2025-12-15T01:58:54.868757,55.496715,0.707099,-0.060170,-0.122066,0.693895,0.024527,-0.001405,0.039284,0.001065,-0.001065,0.000000,-14.803880,-5.113163,89.584788
275327.0,2025-12-15T01:58:54.926669,55.554627,0.706831,-0.062474,-0.121470,0.694069,0.011302,-0.017871,0.049671,0.001065,0.003196,0.000000,-14.943495,-4.875727,89.595965
275353.0,2025-12-15T01:58:54.927686,55.555644,0.706580,-0.063823,-0.123281,0.693883,0.007270,0.001791,0.054129,0.001065,0.003196,0.000000,-15.203010,-4.913075,89.617123
275380.0,2025-12-15T01:58:54.986495,55.614453,0.705100,-0.063628,-0.123073,0.695441,0.005046,0.042999,0.047982,-0.005326,0.004261,0.001065,-15.180320,-4.879429,89.860323
275405.0,2025-12-15T01:58:54.987494,55.615452,0.705372,-0.061988,-0.121539,0.695583,0.000442,0.000552,0.047403,-0.003196,0.002131,0.002131,-14.919848,-4.888986,89.839812
275429.0,2025-12-15T01:58:55.046964,55.674922,0.705081,-0.063761,-0.122949,0.695471,-0.005683,0.001156,0.046216,0.002131,0.002131,0.000000,-15.181062,-4.858203,89.861520
275456.0,2025-12-15T01:58:55.046964,55.674922,0.703578,-0.063557,-0.122752,0.697044,0.004325,0.036928,0.044223,-0.004261,0.004261,0.002131,-15.158357,-4.825854,90.107949
275481.0,2025-12-15T01:58:55.047980,55.675937,0.703874,-0.061651,-0.121652,0.697110,0.010038,-0.002291,0.058134,-0.007457,0.004261,0.002131,-14.912051,-4.893280,90.087504
275506.0,2025-12-15T01:58:55.107368,55.735325,0.703756,-0.063188,-0.119826,0.697407,0.003233,0.034218,0.043000,0.002131,0.003196,0.000000,-14.886596,-4.618534,90.084525
275531.0,2025-12-15T01:58:55.108377,55.736334,0.703672,-0.063152,-0.122094,0.697101,0.026970,0.028911,0.037827,0.000000,0.003196,0.000000,-15.070946,-4.805935,90.098558
275549.0,2025-12-15T01:58:55.109368,55.737326,0.703752,-0.061955,-0.124070,0.696780,-0.001221,0.006251,0.047667,-0.009587,0.004261,0.001065,-15.136536,-5.065329,90.102995
275583.0,2025-12-15T01:58:55.166603,55.794560,0.702239,-0.061718,-0.123926,0.698350,-0.031733,-0.034750,0.055571,-0.003196,0.001065,0.001065,-15.116256,-5.039931,90.350939
275603.0,2025-12-15T01:58:55.167727,55.795684,0.702056,-0.063575,-0.122418,0.698633,-0.001625,0.018057,0.036894,0.001065,0.003196,0.001065,-15.142515,-4.764327,90.353567
275633.0,2025-12-15T01:58:55.226915,55.854872,0.702191,-0.062015,-0.124123,0.698338,-0.000737,0.011783,0.051210,-0.004261,0.003196,0.001065,-15.156681,-5.031343,90.354573
275658.0,2025-12-15T01:58:55.227919,55.855876,0.702327,-0.061718,-0.121874,0.698623,0.003606,0.003740,0.055727,-0.003196,0.002131,0.001065,-14.946244,-4.873442,90.336663
275684.0,2025-12-15T01:58:55.286849,55.914807,0.700857,-0.061463,-0.121415,0.700200,0.018281,-0.008462,0.044444,0.002131,0.002131,0.001065,-14.897717,-4.825153,90.577449
275709.0,2025-12-15T01:58:55.287852,55.915810,0.700731,-0.061689,-0.123667,0.699912,0.009206,0.009102,0.056744,-0.001065,0.004261,0.001065,-15.102942,-4.988816,90.594797
275729.0,2025-12-15T01:58:55.288848,55.916806,0.700836,-0.060175,-0.125407,0.699629,-0.002680,-0.033948,0.052109,-0.004261,0.003196,0.003196,-15.124582,-5.254487,90.599287
275758.0,2025-12-15T01:58:55.346945,55.974903,0.699334,-0.059944,-0.125173,0.701192,-0.018372,-0.056681,0.043922,-0.001065,0.003196,0.000000,-15.097510,-5.221808,90.844409
275783.0,2025-12-15T01:58:55.347965,55.975923,0.699196,-0.061588,-0.123426,0.701497,0.000153,-0.002366,0.054278,0.001065,0.004261,0.001065,-15.085430,-4.944424,90.843364
275808.0,2025-12-15T01:58:55.406501,56.034459,0.699190,-0.060861,-0.125598,0.701180,-0.009279,-0.018369,0.047009,0.000000,0.002131,0.001065,-15.207278,-5.180008,90.854756
275833.0,2025-12-15T01:58:55.407504,56.035462,0.699219,-0.061400,-0.123362,0.701502,-0.007771,-0.009957,0.050657,-0.004261,0.002131,0.001065,-15.064861,-4.954750,90.842304
275855.0,2025-12-15T01:58:55.465607,56.093565,0.699366,-0.061112,-0.121065,0.701781,0.028292,0.022239,0.047142,0.000000,0.004261,0.000000,-14.850468,-4.793371,90.822581
275881.0,2025-12-15T01:58:55.466595,56.094553,0.697869,-0.060848,-0.120720,0.703351,0.060621,0.056252,0.043852,0.002131,0.003196,0.000000,-14.810600,-4.755156,91.066752
275906.0,2025-12-15T01:58:55.467599,56.095557,0.697655,-0.061806,-0.122810,0.703118,0.023357,0.010456,0.055365,-0.003196,0.003196,0.001065,-15.062123,-4.844061,91.087735
275934.0,2025-12-15T01:58:55.526006,56.153964,0.697943,-0.059995,-0.121541,0.703210,0.034972,-0.005856,0.053448,-0.006392,0.004261,0.002131,-14.810058,-4.892078,91.066904
275960.0,2025-12-15T01:58:55.527013,56.154971,0.696432,-0.059765,-0.121254,0.704775,0.037030,0.047607,0.051855,-0.001065,0.004261,0.001065,-14.777958,-4.855795,91.312356
275979.0,2025-12-15T01:58:55.587231,56.215189,0.696208,-0.060902,-0.123125,0.704574,0.050221,0.012129,0.034638,0.007457,0.001065,-0.001065,-15.025814,-4.911733,91.332544
276012.0,2025-12-15T01:58:55.587231,56.215189,0.696459,-0.059848,-0.121123,0.704764,0.039324,0.012586,0.060003,-0.004261,0.010653,0.000000,-14.773500,-4.839032,91.306853
276033.0,2025-12-15T01:58:55.646579,56.274537,0.696254,-0.060890,-0.122979,0.704556,0.027611,0.006882,0.053469,0.012783,0.001065,-0.002131,-15.012418,-4.901799,91.325439
276062.0,2025-12-15T01:58:55.646579,56.274537,0.694755,-0.060722,-0.122541,0.706125,0.053748,0.033709,0.054022,-0.006392,0.006392,0.001065,-14.972591,-4.848315,91.567486
276087.0,2025-12-15T01:58:55.647576,56.275534,0.694896,-0.059130,-0.124245,0.705823,-0.000350,-0.030496,0.048230,0.005326,0.001065,-0.001065,-14.986925,-5.117783,91.567561
276115.0,2025-12-15T01:58:55.706888,56.334846,0.694579,-0.061604,-0.124083,0.705952,-0.001605,0.000170,0.046202,-0.010653,0.005326,0.002131,-15.172531,-4.898536,91.583383
276135.0,2025-12-15T01:58:55.707888,56.335846,0.694860,-0.059377,-0.124527,0.705788,-0.002421,0.003290,0.055485,-0.004261,0.005326,0.001065,-15.030468,-5.120028,91.569983
276169.0,2025-12-15T01:58:55.767354,56.395312,0.693354,-0.059120,-0.124185,0.707349,0.033004,-0.039375,0.040958,0.002131,0.002131,0.000000,-14.991985,-5.081412,91.813995
276191.0,2025-12-15T01:58:55.768353,56.396310,0.693125,-0.061273,-0.123056,0.707588,-0.008930,0.027166,0.058137,-0.003196,0.005326,0.001065,-15.070118,-4.811292,91.819879
276215.0,2025-12-15T01:58:55.886572,56.514530,0.693123,-0.060664,-0.125204,0.707266,0.014595,0.022908,0.047425,0.007457,0.003196,-0.001065,-15.201269,-5.034307,91.829449
276241.0,2025-12-15T01:58:55.888569,56.516527,0.692808,-0.062659,-0.126377,0.707191,-0.012325,0.003358,0.046817,-0.001065,0.002131,0.000000,-15.459962,-4.961494,91.851104
276264.0,2025-12-15T01:58:55.889565,56.517523,0.691274,-0.062522,-0.126119,0.708750,-0.086384,-0.055422,0.042899,-0.011718,0.006392,0.003196,-15.437860,-4.918551,92.097398
276337.0,2025-12-15T01:58:55.946323,56.574281,0.691243,-0.062789,-0.126192,0.708743,0.012288,-0.041654,0.027435,-0.007457,0.004261,0.002131,-15.465388,-4.902209,92.098438
276363.0,2025-12-15T01:58:55.947838,56.575795,0.689682,-0.062815,-0.125962,0.710300,-0.088055,-0.003099,0.046169,-0.027697,0.010653,0.007457,-15.458481,-4.847938,92.345881
276388.0,2025-12-15T01:58:55.947838,56.575795,0.690056,-0.060303,-0.125452,0.710245,-0.038448,0.030987,0.059279,0.022371,-0.002131,-0.004261,-15.214598,-5.018517,92.322689
276417.0,2025-12-15T01:58:56.007477,56.635435,0.689717,-0.062761,-0.125651,0.710326,0.000185,-0.001350,0.037586,-0.010653,0.004261,0.002131,-15.427912,-4.828064,92.340995
276440.0,2025-12-15T01:58:56.008474,56.636431,0.689968,-0.061458,-0.123884,0.710507,-0.026823,-0.002021,0.054032,-0.007457,0.005326,0.002131,-15.174895,-4.796599,92.319781
276465.0,2025-12-15T01:58:56.066010,56.693968,0.688480,-0.061168,-0.123591,0.712024,-0.025385,0.066795,0.057545,0.003196,0.004261,-0.001065,-15.136973,-4.765230,92.559733
276490.0,2025-12-15T01:58:56.067012,56.694969,0.688588,-0.059845,-0.125477,0.711703,0.004610,0.012968,0.049418,0.008522,0.001065,-0.002131,-15.190548,-5.026674,92.562099
276510.0,2025-12-15T01:58:56.068010,56.695968,0.688303,-0.062186,-0.124774,0.711902,-0.004368,0.004768,0.044666,-0.009587,0.003196,0.002131,-15.317933,-4.773890,92.573494
276537.0,2025-12-15T01:58:56.126481,56.754438,0.688616,-0.060231,-0.123619,0.711968,-0.026953,0.008372,0.055637,-0.001065,0.005326,0.001065,-15.064611,-4.846523,92.551618
276567.0,2025-12-15T01:58:56.185979,56.813937,0.687107,-0.059868,-0.123462,0.713482,0.013922,0.057108,0.043434,0.009587,0.000000,-0.001065,-15.032582,-4.831991,92.795579
276587.0,2025-12-15T01:58:56.186982,56.814939,0.686890,-0.060759,-0.125639,0.713236,0.000307,0.001895,0.062708,-0.008522,0.003196,0.002131,-15.287668,-4.929503,92.817982
276617.0,2025-12-15T01:58:56.186982,56.814939,0.687079,-0.059992,-0.123563,0.713481,-0.009686,-0.002443,0.042139,-0.007457,0.004261,0.002131,-15.051152,-4.829380,92.798242
276637.0,2025-12-15T01:58:56.247113,56.875070,0.687206,-0.058468,-0.125305,0.713181,0.001583,0.014016,0.050739,0.003196,0.002131,0.000000,-15.077065,-5.096028,92.800102
276669.0,2025-12-15T01:58:56.247113,56.875070,0.685682,-0.058199,-0.125098,0.714705,0.025796,0.000010,0.044051,0.001065,0.001065,0.000000,-15.048961,-5.069519,93.044666
276694.0,2025-12-15T01:58:56.306594,56.934552,0.685467,-0.060232,-0.123784,0.714972,-0.001654,0.002589,0.045226,-0.005326,0.004261,0.002131,-15.099115,-4.793897,93.049621
276719.0,2025-12-15T01:58:56.307593,56.935551,0.685649,-0.058387,-0.125181,0.714707,0.000661,-0.005071,0.050195,-0.001065,0.003196,0.001065,-15.070877,-5.060133,93.047338
276739.0,2025-12-15T01:58:56.308590,56.936548,0.685954,-0.056197,-0.124689,0.714676,0.019080,-0.011424,0.052884,-0.005326,0.004261,0.002131,-14.855306,-5.206014,93.028719
276768.0,2025-12-15T01:58:56.366373,56.994330,0.684498,-0.055716,-0.124127,0.716206,0.137071,-0.103431,0.041180,0.027697,-0.005326,-0.005326,-14.780341,-5.170588,93.264669
276793.0,2025-12-15T01:58:56.368354,56.996312,0.684085,-0.058323,-0.125468,0.716159,-0.000085,0.000755,0.046941,-0.049002,0.018109,0.010653,-15.100914,-5.055712,93.294930
276816.0,2025-12-15T01:58:56.431901,57.059859,0.684433,-0.056035,-0.124506,0.716178,-0.059767,0.025768,0.080975,0.014914,-0.001065,-0.002131,-14.837837,-5.173376,93.270863
276841.0,2025-12-15T01:58:56.431901,57.059859,0.684096,-0.058230,-0.125470,0.716156,0.082278,-0.029359,0.030576,-0.006392,0.003196,0.002131,-15.093694,-5.063757,93.294579
276865.0,2025-12-15T01:58:56.431901,57.059859,0.682552,-0.058143,-0.125287,0.717666,-0.001484,-0.042064,0.060656,-0.013848,0.006392,0.003196,-15.081876,-5.024102,93.538576
276889.0,2025-12-15T01:58:56.486938,57.114895,0.682303,-0.059352,-0.127361,0.717439,-0.013408,-0.001497,0.046692,-0.013848,0.009587,0.003196,-15.353984,-5.085056,93.561690
276914.0,2025-12-15T01:58:56.488254,57.116212,0.682595,-0.057502,-0.126226,0.717513,-0.067249,0.016164,0.072603,-0.009587,0.005326,0.003196,-15.111145,-5.152394,93.541132
276939.0,2025-12-15T01:58:56.548131,57.176088,0.682317,-0.059683,-0.125941,0.717649,0.047606,-0.047803,0.041740,0.017044,-0.002131,-0.002131,-15.259300,-4.944994,93.554221
276965.0,2025-12-15T01:58:56.548131,57.176088,0.680743,-0.059828,-0.125642,0.719182,0.000001,0.006487,0.045867,-0.036219,0.013848,0.008522,-15.255670,-4.876297,93.799085
276990.0,2025-12-15T01:58:56.607477,57.235435,0.681109,-0.057288,-0.125256,0.719110,-0.019933,0.019102,0.071248,0.022371,-0.003196,-0.004261,-15.022379,-5.061951,93.777022
277013.0,2025-12-15T01:58:56.609469,57.237427,0.680766,-0.059550,-0.126019,0.719118,0.007338,-0.003494,0.046815,-0.005326,0.002131,0.002131,-15.265840,-4.929557,93.799622
277037.0,2025-12-15T01:58:56.609469,57.237427,0.681052,-0.057948,-0.124290,0.719279,0.016086,0.001218,0.054265,0.006392,0.001065,0.000000,-14.992072,-4.929772,93.776465
277064.0,2025-12-15T01:58:56.667347,57.295305,0.679539,-0.057791,-0.123903,0.720788,0.063820,0.033977,0.035454,-0.006392,0.005326,0.002131,-14.957034,-4.880789,94.015664
277089.0,2025-12-15T01:58:56.668347,57.296305,0.679775,-0.055678,-0.125030,0.720537,0.007757,-0.020192,0.053214,0.007457,-0.001065,-0.002131,-14.886876,-5.149107,94.007969
277109.0,2025-12-15T01:58:56.669345,57.297303,0.679469,-0.057894,-0.125403,0.720586,0.044232,-0.026617,0.043171,0.008522,0.000000,-0.001065,-15.093125,-4.989861,94.025844
277138.0,2025-12-15T01:58:56.726046,57.354004,0.679740,-0.056306,-0.124003,0.720698,0.014834,0.000422,0.059704,-0.013848,0.007457,0.003196,-14.848604,-5.015258,94.004421
277164.0,2025-12-15T01:58:56.727057,57.355015,0.678261,-0.055913,-0.123595,0.722192,0.040360,0.029755,0.053983,0.015979,0.000000,-0.002131,-14.793165,-4.985259,94.241028
277189.0,2025-12-15T01:58:56.786463,57.414420,0.677929,-0.057816,-0.125195,0.722077,0.034365,-0.000142,0.037122,-0.015979,0.005326,0.004261,-15.079579,-4.947989,94.267684
277214.0,2025-12-15T01:58:56.787463,57.415421,0.678145,-0.056713,-0.123303,0.722287,0.000313,0.001641,0.053461,-0.008522,0.004261,0.003196,-14.831296,-4.893778,94.248078
277237.0,2025-12-15T01:58:56.847354,57.475312,0.677971,-0.057304,-0.125393,0.722044,0.026251,0.014281,0.052516,0.009587,0.001065,0.000000,-15.056420,-5.006816,94.268242
277263.0,2025-12-15T01:58:56.848354,57.476312,0.676473,-0.057025,-0.124916,0.723553,0.080275,0.000335,0.034623,0.005326,0.002131,-0.001065,-15.004059,-4.961307,94.505770
277287.0,2025-12-15T01:58:56.908409,57.536366,0.676739,-0.054975,-0.124830,0.723477,0.020543,-0.018473,0.056525,-0.023436,0.009587,0.005326,-14.836204,-5.129583,94.491870
277308.0,2025-12-15T01:58:56.909404,57.537362,0.677003,-0.053726,-0.122791,0.723673,0.028381,0.007569,0.061822,0.009587,0.000000,-0.002131,-14.563535,-5.077325,94.465991
277332.0,2025-12-15T01:58:56.910402,57.538359,0.676728,-0.055252,-0.124475,0.723528,0.114246,0.012192,0.043088,0.001065,0.003196,0.001065,-14.827439,-5.078385,94.489770
277364.0,2025-12-15T01:58:56.966677,57.594635,0.675192,-0.055120,-0.124093,0.725037,0.068512,-0.023395,0.042494,-0.012783,0.002131,0.001065,-14.794946,-5.028121,94.730636
277390.0,2025-12-15T01:58:56.966677,57.594635,0.674916,-0.057453,-0.123213,0.725263,-0.007456,0.012249,0.051351,-0.010653,0.007457,0.004261,-14.901824,-4.759862,94.741497
277412.0,2025-12-15T01:58:57.027600,57.655558,0.675066,-0.055739,-0.124795,0.724987,0.002006,0.021280,0.072599,0.010653,0.001065,0.000000,-14.903698,-5.029503,94.742489
277436.0,2025-12-15T01:58:57.028582,57.656540,0.674749,-0.057695,-0.126039,0.724913,0.072733,-0.012274,0.028826,-0.001065,0.002131,0.001065,-15.163414,-4.958875,94.765625
277462.0,2025-12-15T01:58:57.028582,57.656540,0.673146,-0.057792,-0.125895,0.726419,-0.027221,-0.022131,0.051927,-0.033023,0.011718,0.007457,-15.169149,-4.906451,95.013398
277487.0,2025-12-15T01:58:57.086744,57.714702,0.673493,-0.055255,-0.126131,0.726254,0.013143,-0.010045,0.052914,0.024501,-0.002131,-0.005326,-14.991520,-5.142775,94.994466
277512.0,2025-12-15T01:58:57.088763,57.716721,0.673168,-0.057093,-0.127669,0.726144,0.040220,-0.000393,0.032375,-0.008522,0.004261,0.003196,-15.267303,-5.104397,95.020739
277537.0,2025-12-15T01:58:57.147226,57.775184,0.673318,-0.056731,-0.125369,0.726434,-0.018788,-0.015499,0.064639,0.004261,0.001065,0.000000,-15.041092,-4.956744,95.001053
277563.0,2025-12-15T01:58:57.147226,57.775184,0.671804,-0.056526,-0.124856,0.727939,0.029093,-0.003688,0.044184,-0.003196,0.005326,0.000000,-14.991188,-4.902648,95.238519
277588.0,2025-12-15T01:58:57.206465,57.834423,0.671829,-0.055642,-0.127040,0.727606,0.002665,0.012826,0.047190,-0.007457,0.000000,0.000000,-15.110785,-5.147905,95.248126
277608.0,2025-12-15T01:58:57.207465,57.835423,0.671585,-0.057837,-0.126350,0.727781,-0.012875,0.022255,0.055565,0.001065,-0.004261,-0.003196,-15.221851,-4.906153,95.255318
277641.0,2025-12-15T01:58:57.207465,57.835423,0.671589,-0.058827,-0.124361,0.728040,-0.013453,-0.029050,0.049504,-0.014914,-0.002131,-0.005326,-15.127044,-4.668069,95.239431
277664.0,2025-12-15T01:58:57.267683,57.895641,0.670466,-0.058359,-0.123612,0.729239,-0.041827,0.071457,0.057814,0.044741,0.028762,-0.038350,-15.033624,-4.625390,95.419409
277690.0,2025-12-15T01:58:57.267683,57.895641,0.671364,-0.056665,-0.125339,0.728251,0.070364,0.156838,0.040676,0.061785,-0.010653,-0.095874,-15.046283,-4.919903,95.305171
277714.0,2025-12-15T01:58:57.326881,57.954839,0.671934,-0.058950,-0.125368,0.727539,0.051690,-0.136385,0.020758,-0.060720,-0.029827,-0.105461,-15.220889,-4.743861,95.184883
277737.0,2025-12-15T01:58:57.327924,57.955882,0.671889,-0.059610,-0.123365,0.727868,-0.026740,-0.015093,0.050605,-0.047937,0.014914,0.012783,-15.099967,-4.531062,95.181152
277763.0,2025-12-15T01:58:57.327924,57.955882,0.670503,-0.059129,-0.122944,0.729256,-0.047914,0.055916,0.072832,0.028762,0.007457,-0.012783,-15.035153,-4.509704,95.402434
277788.0,2025-12-15T01:58:57.386380,58.014338,0.670764,-0.058264,-0.124710,0.728785,0.056153,0.054571,0.033583,0.064981,-0.003196,-0.031958,-15.118907,-4.725344,95.375326
277808.0,2025-12-15T01:58:57.387372,58.015330,0.670671,-0.058066,-0.127207,0.728456,0.039947,0.076023,0.033272,-0.028762,0.001065,0.004261,-15.319156,-4.935309,95.394158
277836.0,2025-12-15T01:58:57.447368,58.075326,0.670789,-0.057994,-0.124867,0.728758,-0.008086,-0.009525,0.063514,0.005326,0.001065,-0.001065,-15.111494,-4.760492,95.375458
277862.0,2025-12-15T01:58:57.447368,58.075326,0.669355,-0.057653,-0.124414,0.730179,0.047394,0.041956,0.049335,0.012783,0.002131,-0.005326,-15.055352,-4.724324,95.601643
277887.0,2025-12-15T01:58:57.507049,58.135007,0.669077,-0.059327,-0.126025,0.730023,0.012422,0.001483,0.041939,-0.003196,0.004261,0.000000,-15.324319,-4.704712,95.621870
277911.0,2025-12-15T01:58:57.508068,58.136025,0.669395,-0.057136,-0.125616,0.729977,0.022982,-0.014293,0.061709,-0.006392,0.005326,0.001065,-15.119024,-4.862096,95.603522
277934.0,2025-12-15T01:58:57.508068,58.136025,0.669199,-0.057995,-0.127701,0.729727,-0.019006,-0.008384,0.050451,0.000000,0.004261,0.000000,-15.365935,-4.949293,95.623135
277958.0,2025-12-15T01:58:57.567387,58.195345,0.667676,-0.057704,-0.127444,0.731189,-0.000337,-0.025079,0.053968,0.004261,0.002131,-0.002131,-15.331383,-4.921942,95.862155
277981.0,2025-12-15T01:58:57.568370,58.196328,0.667417,-0.059979,-0.126621,0.731385,-0.008561,0.016612,0.038951,-0.001065,0.005326,0.000000,-15.435930,-4.662341,95.868847
278007.0,2025-12-15T01:58:57.568370,58.196328,0.667719,-0.057791,-0.126514,0.731304,-0.005234,0.002913,0.049970,-0.011718,0.005326,0.002131,-15.257411,-4.843046,95.853622
278038.0,2025-12-15T01:58:57.626399,58.254357,0.668033,-0.055806,-0.125217,0.731394,0.033290,-0.005284,0.047722,0.006392,0.000000,0.000000,-14.991545,-4.914310,95.831753
278064.0,2025-12-15T01:58:57.627432,58.255390,0.666550,-0.055472,-0.124932,0.732820,0.086020,-0.037783,0.049136,0.009587,-0.001065,-0.007457,-14.951141,-4.890094,96.064691
278089.0,2025-12-15T01:58:57.687366,58.315323,0.666263,-0.057446,-0.126237,0.732706,0.017749,-0.003856,0.048013,-0.006392,-0.001065,-0.003196,-15.216433,-4.820336,96.082572
278109.0,2025-12-15T01:58:57.688367,58.316325,0.666325,-0.058581,-0.123995,0.732942,0.011797,0.041217,0.056204,0.008522,0.014914,-0.010653,-15.108781,-4.552302,96.055451
278139.0,2025-12-15T01:58:57.746391,58.374349,0.666339,-0.058034,-0.126203,0.732596,0.024401,0.028274,0.050859,0.015979,-0.008522,-0.007457,-15.257899,-4.770007,96.062535
278164.0,2025-12-15T01:58:57.747390,58.375347,0.664846,-0.057797,-0.125758,0.734046,0.042519,-0.007423,0.047476,0.001065,0.004261,-0.003196,-15.210622,-4.724668,96.295161
278189.0,2025-12-15T01:58:57.807777,58.435735,0.664720,-0.058054,-0.128088,0.733737,-0.004913,-0.002905,0.054498,-0.007457,0.001065,0.000000,-15.432993,-4.881361,96.312551
278209.0,2025-12-15T01:58:57.808765,58.436723,0.664768,-0.058574,-0.125868,0.734036,0.011448,0.021381,0.057431,-0.004261,0.001065,-0.002131,-15.279800,-4.666419,96.296138
278241.0,2025-12-15T01:58:57.809768,58.437726,0.664831,-0.057628,-0.127981,0.733689,-0.009538,-0.028506,0.047487,-0.003196,0.002131,-0.002131,-15.390527,-4.911037,96.301467
278265.0,2025-12-15T01:58:57.867376,58.495334,0.663359,-0.057354,-0.127434,0.735137,0.001931,-0.009514,0.054190,0.004261,0.004261,-0.003196,-15.331670,-4.861232,96.531025
278289.0,2025-12-15T01:58:57.868383,58.496341,0.663022,-0.059722,-0.127805,0.735187,-0.019523,0.012506,0.056116,-0.005326,0.002131,0.001065,-15.545903,-4.684134,96.548865
278313.0,2025-12-15T01:58:57.926188,58.554146,0.663334,-0.057585,-0.127315,0.735162,0.001153,-0.000880,0.053661,-0.009587,0.005326,0.002131,-15.339028,-4.832096,96.531481
278333.0,2025-12-15T01:58:57.927194,58.555152,0.663636,-0.055857,-0.125839,0.735277,0.032094,-0.000699,0.059971,-0.001065,0.003196,0.000000,-15.077761,-4.869243,96.508105
278365.0,2025-12-15T01:58:57.928186,58.556144,0.662108,-0.055599,-0.125377,0.736751,0.072472,0.001819,0.051475,0.004261,0.004261,-0.001065,-15.027768,-4.824401,96.745461
278390.0,2025-12-15T01:58:57.985560,58.613518,0.661817,-0.057279,-0.126985,0.736609,-0.008499,0.000333,0.046331,-0.003196,0.003196,0.001065,-15.296776,-4.801154,96.767933
278410.0,2025-12-15T01:58:57.987070,58.615027,0.661593,-0.059393,-0.125955,0.736819,-0.012010,0.030416,0.035992,0.004261,0.001065,-0.002131,-15.368825,-4.539030,96.771114
278438.0,2025-12-15T01:58:58.047227,58.675185,0.661663,-0.058360,-0.127982,0.736489,-0.001226,-0.001369,0.054579,-0.002131,0.005326,0.000000,-15.466395,-4.784004,96.776893
278463.0,2025-12-15T01:58:58.048228,58.676186,0.660125,-0.058143,-0.127787,0.737920,-0.012143,0.007377,0.051162,-0.003196,0.004261,0.000000,-15.442614,-4.755376,97.015057
278486.0,2025-12-15T01:58:58.049222,58.677180,0.660428,-0.056414,-0.126296,0.738040,0.031954,-0.000375,0.044969,0.000000,0.003196,0.000000,-15.180034,-4.792426,96.992052
278513.0,2025-12-15T01:58:58.106366,58.734324,0.660147,-0.058059,-0.127882,0.737890,-0.006421,0.000378,0.054657,0.000000,0.003196,0.000000,-15.444414,-4.770176,97.012941
278532.0,2025-12-15T01:58:58.107365,58.735323,0.660486,-0.055954,-0.126911,0.737916,0.019347,-0.005476,0.050699,0.002131,0.003196,-0.001065,-15.198472,-4.879956,96.989949
278566.0,2025-12-15T01:58:58.167250,58.795208,0.658984,-0.055662,-0.126516,0.739348,0.030685,-0.007104,0.061900,0.006392,0.002131,-0.002131,-15.151536,-4.843664,97.223011
278591.0,2025-12-15T01:58:58.168283,58.796240,0.658699,-0.057593,-0.127644,0.739260,0.005343,0.000097,0.050389,0.006392,0.003196,-0.002131,-15.397454,-4.761386,97.240412
278614.0,2025-12-15T01:58:58.226131,58.854089,0.658473,-0.058660,-0.129671,0.739025,-0.037768,-0.013974,0.055427,-0.003196,0.005326,0.001065,-15.656368,-4.822338,97.261150
278638.0,2025-12-15T01:58:58.227121,58.855079,0.658742,-0.057406,-0.127769,0.739215,-0.016987,-0.003565,0.049272,0.000000,0.003196,-0.001065,-15.393985,-4.787642,97.236592
278664.0,2025-12-15T01:58:58.228120,58.856078,0.657250,-0.057055,-0.127304,0.740649,0.006001,0.001657,0.040217,0.009587,0.001065,-0.004261,-15.336223,-4.750948,97.468510
278688.0,2025-12-15T01:58:58.286561,58.914519,0.657043,-0.058048,-0.129366,0.740398,-0.021543,-0.008321,0.043665,-0.003196,0.005326,0.000000,-15.592603,-4.820885,97.487619
278712.0,2025-12-15T01:58:58.287568,58.915526,0.657306,-0.056669,-0.127664,0.740566,0.007590,0.001935,0.056605,-0.007457,0.003196,0.001065,-15.338332,-4.812423,97.465647
278731.0,2025-12-15T01:58:58.347098,58.975056,0.656983,-0.058909,-0.128211,0.740584,-0.021746,0.011923,0.051946,0.003196,0.002131,0.000000,-15.556674,-4.658182,97.483274
278764.0,2025-12-15T01:58:58.348570,58.976527,0.655421,-0.058676,-0.127926,0.742035,-0.007779,0.013999,0.047631,-0.002131,0.004261,0.001065,-15.523701,-4.623769,97.723844
278784.0,2025-12-15T01:58:58.348570,58.976527,0.655735,-0.056374,-0.127849,0.741949,0.009113,-0.007187,0.052448,-0.001065,0.003196,0.001065,-15.342189,-4.819476,97.709030
278814.0,2025-12-15T01:58:58.406244,59.034202,0.655425,-0.058738,-0.127563,0.742088,-0.023872,0.027005,0.035651,0.000000,0.003196,0.001065,-15.496573,-4.590758,97.721936
278833.0,2025-12-15T01:58:58.407244,59.035202,0.655645,-0.056834,-0.128833,0.741823,0.002625,-0.010813,0.042853,-0.002131,0.005326,0.000000,-15.463541,-4.853989,97.717048
278866.0,2025-12-15T01:58:58.466553,59.094511,0.654105,-0.056581,-0.128494,0.743259,0.000658,0.009360,0.047394,0.000000,0.003196,0.000000,-15.424503,-4.817890,97.954093
278889.0,2025-12-15T01:58:58.467651,59.095609,0.653799,-0.058911,-0.127956,0.743440,-0.020325,0.028269,0.049201,-0.002131,0.002131,0.002131,-15.553601,-4.572539,97.966440
278915.0,2025-12-15T01:58:58.526117,59.154074,0.654094,-0.056592,-0.128099,0.743336,0.011457,-0.011080,0.055660,0.000000,0.002131,0.002131,-15.390719,-4.786552,97.955154
278940.0,2025-12-15T01:58:58.527102,59.155060,0.653791,-0.058356,-0.129580,0.743210,-0.026520,0.000927,0.054055,-0.001065,0.003196,0.001065,-15.654774,-4.743514,97.977222
278965.0,2025-12-15T01:58:58.528102,59.156060,0.652222,-0.058093,-0.129296,0.744657,-0.042542,0.007263,0.044709,-0.002131,0.003196,0.000000,-15.619723,-4.711578,98.218400
278988.0,2025-12-15T01:58:58.586305,59.214262,0.652552,-0.056059,-0.128276,0.744700,0.016046,-0.003669,0.063670,-0.001065,0.004261,0.000000,-15.376071,-4.813862,98.196502
279015.0,2025-12-15T01:58:58.587291,59.215249,0.652281,-0.058314,-0.127547,0.744889,-0.009738,0.017046,0.050879,0.002131,0.002131,0.000000,-15.482038,-4.560926,98.204630
279037.0,2025-12-15T01:58:58.647810,59.275768,0.652521,-0.056211,-0.128547,0.744669,-0.000467,0.000813,0.054208,-0.001065,0.002131,0.001065,-15.411419,-4.820931,98.199359
279068.0,2025-12-15T01:58:58.648696,59.276654,0.650959,-0.055981,-0.128342,0.746088,0.005544,-0.007827,0.051855,-0.002131,0.003196,0.000000,-15.385978,-4.793072,98.438682
279093.0,2025-12-15T01:58:58.708030,59.335988,0.650668,-0.058278,-0.127743,0.746269,-0.021562,0.031788,0.044247,0.001065,0.002131,0.001065,-15.506109,-4.545763,98.449207
279113.0,2025-12-15T01:58:58.708030,59.335988,0.650891,-0.056234,-0.128878,0.746035,0.002290,-0.004153,0.052378,0.003196,0.002131,0.001065,-15.452424,-4.810818,98.445790
279145.0,2025-12-15T01:58:58.709476,59.337433,0.649334,-0.055998,-0.128605,0.747456,0.011894,0.007653,0.054360,-0.001065,0.003196,0.001065,-15.420449,-4.778439,98.684019
279167.0,2025-12-15T01:58:58.766376,59.394334,0.648988,-0.058283,-0.129218,0.747476,-0.036761,0.017979,0.050110,-0.002131,0.003196,0.002131,-15.646496,-4.622559,98.703930
279190.0,2025-12-15T01:58:58.767380,59.395337,0.649325,-0.056047,-0.128772,0.747432,0.002719,-0.000697,0.061898,-0.001065,0.005326,0.000000,-15.438884,-4.786753,98.684839
279214.0,2025-12-15T01:58:58.826448,59.454406,0.649261,-0.055822,-0.131015,0.747114,-0.020801,-0.029454,0.058471,0.002131,0.002131,0.000000,-15.620570,-4.974658,98.699759
279239.0,2025-12-15T01:58:58.826448,59.454406,0.649253,-0.056586,-0.128816,0.747446,0.000721,0.003877,0.052201,-0.002131,0.003196,0.001065,-15.483286,-4.742505,98.688115
279264.0,2025-12-15T01:58:58.827448,59.455406,0.647704,-0.056328,-0.128572,0.748850,-0.006438,0.007732,0.036462,0.001065,0.003196,0.000000,-15.452062,-4.714517,98.924827
279284.0,2025-12-15T01:58:58.886363,59.514321,0.647833,-0.054871,-0.130353,0.748539,-0.000647,-0.021362,0.039141,0.000000,0.003196,0.000000,-15.500794,-4.976531,98.927789
279311.0,2025-12-15T01:58:58.887883,59.515841,0.647685,-0.056579,-0.128709,0.748824,-0.000195,0.004696,0.050241,0.001065,0.002131,-0.001065,-15.482861,-4.703042,98.924212
279337.0,2025-12-15T01:58:58.946857,59.574815,0.647681,-0.055945,-0.130902,0.748495,-0.015484,-0.033063,0.044107,-0.003196,0.004261,0.001065,-15.629853,-4.923002,98.936050
279362.0,2025-12-15T01:58:58.947851,59.575809,0.646121,-0.055670,-0.130647,0.749906,-0.037510,-0.013997,0.048762,0.001065,0.002131,0.001065,-15.596830,-4.895162,99.174237
279384.0,2025-12-15T01:58:58.947851,59.575809,0.646050,-0.056911,-0.128642,0.750221,0.004525,0.027516,0.057227,0.002131,0.002131,-0.001065,-15.511388,-4.636048,99.165210
279408.0,2025-12-15T01:58:59.006937,59.634895,0.646298,-0.054757,-0.129474,0.750025,0.011205,-0.021155,0.038565,-0.002131,0.003196,0.002131,-15.424183,-4.888637,99.159368
279434.0,2025-12-15T01:58:59.007937,59.635895,0.645991,-0.057113,-0.129110,0.750176,-0.016459,0.019577,0.047453,0.000000,0.003196,0.001065,-15.568154,-4.652814,99.171577
279457.0,2025-12-15T01:58:59.067513,59.695471,0.644438,-0.056894,-0.128743,0.751591,-0.011713,0.036945,0.049678,-0.003196,0.005326,0.001065,-15.528619,-4.612232,99.407538
279481.0,2025-12-15T01:58:59.068505,59.696463,0.644771,-0.054681,-0.127988,0.751598,0.015492,-0.005630,0.043599,0.003196,0.002131,0.000000,-15.296307,-4.752415,99.388151
279505.0,2025-12-15T01:58:59.069504,59.697461,0.644467,-0.056527,-0.129423,0.751477,-0.025279,0.001720,0.051947,-0.003196,0.005326,0.001065,-15.561730,-4.695487,99.409130
279527.0,2025-12-15T01:58:59.126108,59.754066,0.644794,-0.054496,-0.128437,0.751516,0.014999,-0.003712,0.060615,-0.003196,0.003196,0.000000,-15.322335,-4.802503,99.387791
279555.0,2025-12-15T01:58:59.127086,59.755044,0.643241,-0.054227,-0.127917,0.752952,0.021489,0.001615,0.050884,-0.001065,0.002131,-0.001065,-15.265960,-4.755453,99.623648
279580.0,2025-12-15T01:58:59.188001,59.815958,0.642939,-0.056282,-0.128924,0.752888,-0.002128,0.001648,0.037340,0.003196,0.004261,-0.001065,-15.508555,-4.647962,99.640973
279604.0,2025-12-15T01:58:59.188998,59.816956,0.643088,-0.054687,-0.130508,0.752605,-0.006045,0.030400,0.048644,-0.008522,0.008522,0.003196,-15.531041,-4.907104,99.642986
279629.0,2025-12-15T01:58:59.246355,59.874312,0.643126,-0.055178,-0.128190,0.752936,-0.001090,-0.011805,0.065650,0.015979,-0.004261,-0.003196,-15.360896,-4.691650,99.627991
279659.0,2025-12-15T01:58:59.248363,59.876320,0.641602,-0.054801,-0.127757,0.754335,0.080122,-0.036670,0.011674,0.019175,0.002131,-0.004261,-15.303786,-4.661107,99.860678
279683.0,2025-12-15T01:58:59.248363,59.876320,0.641721,-0.053210,-0.129309,0.754084,-0.017178,0.037994,0.059608,-0.030893,0.009587,0.008522,-15.324383,-4.916890,99.866707
279706.0,2025-12-15T01:58:59.365988,59.993946,0.641438,-0.055226,-0.129751,0.754103,0.005168,-0.000026,0.064694,0.023436,-0.004261,-0.004261,-15.513524,-4.770366,99.881364
279731.0,2025-12-15T01:58:59.368081,59.996039,0.641090,-0.057676,-0.129830,0.754202,0.011523,-0.009872,0.026333,-0.007457,0.005326,0.003196,-15.702534,-4.557952,99.898137
279755.0,2025-12-15T01:58:59.369102,59.997060,0.639483,-0.057591,-0.129620,0.755608,-0.057502,0.036927,0.048967,-0.019175,0.008522,0.004261,-15.686961,-4.516530,100.138956
279779.0,2025-12-15T01:58:59.370100,59.998058,0.639792,-0.055246,-0.130055,0.755447,-0.032596,0.043607,0.043544,0.005326,0.000000,-0.001065,-15.552162,-4.757902,100.127237
279826.0,2025-12-15T01:58:59.426189,60.054147,0.639632,-0.056467,-0.129691,0.755555,-0.004376,0.000566,0.041109,-0.008522,0.006392,0.003196,-15.610010,-4.622029,100.133195
279853.0,2025-12-15T01:58:59.426189,60.054147,0.638041,-0.056311,-0.129496,0.756943,-0.044490,0.058658,0.059214,-0.012783,0.006392,0.002131,-15.590588,-4.588483,100.372210
279876.0,2025-12-15T01:58:59.486273,60.114231,0.638329,-0.054011,-0.130261,0.756737,0.003686,-0.002603,0.042754,0.009587,-0.002131,-0.002131,-15.489224,-4.850361,100.362903
279900.0,2025-12-15T01:58:59.486273,60.114231,0.638041,-0.056315,-0.129603,0.756925,-0.000795,0.000331,0.047436,-0.003196,0.002131,0.001065,-15.600465,-4.596113,100.372312
279924.0,2025-12-15T01:58:59.488270,60.116228,0.638365,-0.054088,-0.129319,0.756863,0.013917,-0.008686,0.048461,-0.004261,0.006392,0.001065,-15.410390,-4.774280,100.355374
279949.0,2025-12-15T01:58:59.546802,60.174760,0.636796,-0.053884,-0.129182,0.758222,-0.006129,0.043323,0.046524,-0.005326,0.004261,0.001065,-15.392732,-4.750290,100.591575
279973.0,2025-12-15T01:58:59.546802,60.174760,0.637130,-0.051526,-0.128889,0.758154,0.028515,-0.018272,0.054138,0.004261,0.000000,-0.001065,-15.192694,-4.939793,100.573761
279997.0,2025-12-15T01:58:59.607982,60.235940,0.636788,-0.053803,-0.129622,0.758159,0.043195,-0.016818,0.033420,-0.004261,0.004261,0.002131,-15.426358,-4.789795,100.594368
280020.0,2025-12-15T01:58:59.607982,60.235940,0.636898,-0.052390,-0.131420,0.757856,-0.002570,-0.017283,0.053019,-0.012783,0.006392,0.003196,-15.483744,-5.048178,100.599688
280045.0,2025-12-15T01:58:59.608985,60.236943,0.635372,-0.052042,-0.130864,0.759256,-0.010515,-0.022497,0.052761,0.006392,-0.001065,-0.002131,-15.418365,-5.006409,100.830606
280068.0,2025-12-15T01:58:59.666315,60.294273,0.635099,-0.054299,-0.130061,0.759464,0.008774,-0.016368,0.044285,-0.003196,0.002131,0.001065,-15.511987,-4.745281,100.838806
280093.0,2025-12-15T01:58:59.667671,60.295629,0.635159,-0.054602,-0.127778,0.759779,0.015647,0.025709,0.051366,-0.004261,0.005326,0.001065,-15.329024,-4.551111,100.822953
280116.0,2025-12-15T01:58:59.726099,60.354057,0.635249,-0.053315,-0.129683,0.759473,0.000249,0.025193,0.044727,-0.005326,0.004261,0.002131,-15.405650,-4.805826,100.829883
280142.0,2025-12-15T01:58:59.727397,60.355355,0.633687,-0.053063,-0.129521,0.760821,0.018155,-0.004172,0.057641,0.001065,0.002131,0.000000,-15.382384,-4.784582,101.064751
280166.0,2025-12-15T01:58:59.728415,60.356373,0.633352,-0.055384,-0.130076,0.760840,-0.012986,0.006721,0.045511,-0.003196,0.004261,0.001065,-15.602500,-4.616725,101.082294
280191.0,2025-12-15T01:58:59.787689,60.415647,0.633614,-0.053220,-0.130691,0.760672,-0.001811,0.001326,0.044923,-0.006392,0.006392,0.003196,-15.499335,-4.855894,101.074926
280216.0,2025-12-15T01:58:59.788689,60.416647,0.633893,-0.051784,-0.128905,0.760843,0.039129,0.007857,0.064712,0.001065,0.000000,-0.001065,-15.233105,-4.854485,101.051115
280246.0,2025-12-15T01:58:59.847233,60.475191,0.632309,-0.051598,-0.128518,0.762238,0.063207,-0.019973,0.050786,-0.004261,0.004261,0.001065,-15.194542,-4.810863,101.287703
280270.0,2025-12-15T01:58:59.848227,60.476185,0.632015,-0.053106,-0.130264,0.762081,0.008351,0.002786,0.061394,-0.002131,0.004261,0.003196,-15.462402,-4.802170,101.312574
280290.0,2025-12-15T01:58:59.848227,60.476185,0.632083,-0.051929,-0.132220,0.761769,-0.003504,-0.019860,0.060691,-0.002131,0.004261,0.002131,-15.553024,-5.050444,101.321364
280317.0,2025-12-15T01:58:59.906874,60.534832,0.631964,-0.053445,-0.130395,0.762078,-0.000162,-0.015843,0.044399,0.000000,0.003196,0.000000,-15.499048,-4.781204,101.315569
280343.0,2025-12-15T01:58:59.907764,60.535722,0.630388,-0.053212,-0.130069,0.763454,0.008015,-0.006862,0.045458,-0.001065,0.004261,0.000000,-15.462389,-4.745964,101.551308
280367.0,2025-12-15T01:58:59.966887,60.594845,0.630524,-0.051631,-0.131731,0.763165,0.001045,-0.021614,0.048337,-0.003196,0.004261,0.002131,-15.497401,-5.009029,101.555159
280390.0,2025-12-15T01:58:59.968209,60.596166,0.630292,-0.053671,-0.130526,0.763422,-0.005467,0.015186,0.059706,0.000000,0.001065,0.001065,-15.537214,-4.737534,101.559547
280416.0,2025-12-15T01:59:00.026768,60.654726,0.630274,-0.054527,-0.128343,0.763747,0.007490,0.023390,0.048107,0.000000,0.003196,0.000000,-15.402434,-4.501965,101.547528
280441.0,2025-12-15T01:59:00.027770,60.655727,0.628701,-0.054313,-0.128242,0.765074,0.009745,0.057676,0.053486,-0.003196,0.004261,0.001065,-15.386772,-4.481933,101.782315
280465.0,2025-12-15T01:59:00.027770,60.655727,0.628872,-0.052591,-0.129819,0.764789,-0.003826,0.026788,0.056858,0.000000,0.001065,0.000000,-15.404218,-4.751603,101.783333
280488.0,2025-12-15T01:59:00.086954,60.714912,0.628603,-0.054061,-0.131542,0.764612,-0.030237,-0.005245,0.066813,0.001065,0.002131,0.000000,-15.667196,-4.744005,101.804455
280512.0,2025-12-15T01:59:00.088360,60.716318,0.628861,-0.052775,-0.129691,0.764806,0.014170,0.004896,0.050647,-0.002131,0.005326,0.001065,-15.406009,-4.725928,101.782085
280537.0,2025-12-15T01:59:00.147134,60.775091,0.627277,-0.052545,-0.129645,0.766130,0.007426,0.040295,0.053078,-0.001065,0.004261,0.001065,-15.394717,-4.711273,102.018620
280561.0,2025-12-15T01:59:00.148132,60.776089,0.627222,-0.052307,-0.131913,0.765804,-0.012197,-0.017764,0.056649,-0.002131,0.003196,0.000000,-15.583086,-4.896954,102.033005
280584.0,2025-12-15T01:59:00.149132,60.777090,0.627222,-0.052993,-0.129681,0.766138,0.001735,0.005305,0.051703,0.000000,0.003196,0.001065,-15.430424,-4.673505,102.020497
280609.0,2025-12-15T01:59:00.206247,60.834205,0.627139,-0.052847,-0.131945,0.765829,-0.011391,-0.014713,0.047404,-0.002131,0.004261,0.002131,-15.625305,-4.850258,102.037684
280635.0,2025-12-15T01:59:00.207249,60.835207,0.625557,-0.052617,-0.131724,0.767176,-0.025620,0.005622,0.059927,-0.003196,0.004261,0.000000,-15.598395,-4.822467,102.273119
280657.0,2025-12-15T01:59:00.267635,60.895593,0.625719,-0.052160,-0.129474,0.767458,0.011747,0.009885,0.051968,0.001065,0.002131,0.000000,-15.360877,-4.701673,102.252741
280682.0,2025-12-15T01:59:00.268646,60.896604,0.625532,-0.052964,-0.131618,0.767190,-0.016275,-0.008716,0.057962,-0.003196,0.004261,0.000000,-15.613745,-4.783738,102.271773
280707.0,2025-12-15T01:59:00.269639,60.897597,0.625844,-0.050672,-0.131858,0.767050,0.016527,-0.016650,0.044089,-0.002131,0.003196,0.000000,-15.469571,-5.008842,102.258044
280729.0,2025-12-15T01:59:00.326830,60.954788,0.625670,-0.052415,-0.130269,0.767346,-0.001161,0.006130,0.049243,-0.001065,0.001065,0.001065,-15.451361,-4.736309,102.257369
280758.0,2025-12-15T01:59:00.326830,60.954788,0.624105,-0.052169,-0.129882,0.768701,0.009935,-0.002551,0.055714,0.000000,0.003196,0.000000,-15.408053,-4.698662,102.490003
280780.0,2025-12-15T01:59:00.386330,61.014287,0.624085,-0.051641,-0.132101,0.768375,-0.010401,-0.020237,0.055076,-0.003196,0.004261,0.001065,-15.571847,-4.906285,102.503226
280806.0,2025-12-15T01:59:00.387330,61.015288,0.624219,-0.051376,-0.129842,0.768669,0.020856,0.020761,0.057335,-0.002131,0.003196,0.001065,-15.347166,-4.767818,102.484255
280831.0,2025-12-15T01:59:00.447582,61.075539,0.623894,-0.053630,-0.130485,0.768670,-0.032979,0.014244,0.046042,0.000000,0.003196,0.000000,-15.568302,-4.609846,102.501191
280856.0,2025-12-15T01:59:00.448469,61.076427,0.622308,-0.053366,-0.130015,0.770052,-0.012097,0.023493,0.050839,-0.001065,0.004261,0.000000,-15.515993,-4.567270,102.736616
280879.0,2025-12-15T01:59:00.448469,61.076427,0.622500,-0.051512,-0.131415,0.769786,-0.001616,0.003214,0.049229,-0.003196,0.002131,0.001065,-15.510103,-4.836080,102.736401
280903.0,2025-12-15T01:59:00.506199,61.134157,0.622619,-0.051341,-0.129132,0.770088,0.025794,0.027620,0.055644,-0.001065,0.003196,0.001065,-15.289725,-4.687824,102.718223
280928.0,2025-12-15T01:59:00.507179,61.135137,0.622389,-0.052520,-0.131082,0.769864,-0.010314,-0.002936,0.047734,-0.001065,0.004261,0.000000,-15.552168,-4.720841,102.738116
280954.0,2025-12-15T01:59:00.566380,61.194338,0.620825,-0.052297,-0.130856,0.771179,-0.016864,0.021148,0.065284,-0.002131,0.004261,0.001065,-15.524975,-4.692967,102.969617
280979.0,2025-12-15T01:59:00.567387,61.195345,0.621106,-0.050054,-0.131503,0.770992,0.007187,-0.010700,0.056813,-0.002131,0.001065,0.000000,-15.422936,-4.943469,102.960426
280999.0,2025-12-15T01:59:00.568476,61.196434,0.620866,-0.052146,-0.130369,0.771239,0.000906,-0.001274,0.043702,0.001065,0.002131,0.001065,-15.469770,-4.671857,102.965105
281027.0,2025-12-15T01:59:00.627400,61.255358,0.621140,-0.049953,-0.131006,0.771056,0.008888,-0.013554,0.062664,-0.005326,0.004261,0.001065,-15.370405,-4.917039,102.956067
281051.0,2025-12-15T01:59:00.627400,61.255358,0.619551,-0.049651,-0.130796,0.772389,0.022506,-0.025138,0.060094,0.005326,0.000000,0.000000,-15.339534,-4.897312,103.192105
281070.0,2025-12-15T01:59:00.687016,61.314974,0.619226,-0.051865,-0.131441,0.772394,0.018844,-0.006515,0.038916,0.003196,0.002131,0.000000,-15.557050,-4.741656,103.209987
281096.0,2025-12-15T01:59:00.688005,61.315963,0.619536,-0.049843,-0.130671,0.772409,0.011622,-0.003947,0.067689,-0.011718,0.005326,0.002131,-15.341842,-4.871000,103.191491
281120.0,2025-12-15T01:59:00.689003,61.316961,0.619257,-0.051562,-0.132030,0.772289,-0.018722,0.000307,0.057890,0.008522,0.000000,-0.002131,-15.589195,-4.811563,103.210549
281142.0,2025-12-15T01:59:00.746876,61.374834,0.617657,-0.051329,-0.131806,0.773623,0.024594,-0.004170,0.041526,-0.001065,0.003196,0.001065,-15.561880,-4.784230,103.446732
281172.0,2025-12-15T01:59:00.747886,61.375844,0.617852,-0.050647,-0.129646,0.773877,0.010307,0.007826,0.050287,-0.002131,0.004261,0.000000,-15.315283,-4.692843,103.424562
281193.0,2025-12-15T01:59:00.806676,61.434634,0.617656,-0.051477,-0.131739,0.773625,-0.007934,-0.004187,0.045740,0.001065,0.002131,0.000000,-15.566203,-4.766251,103.444605
281219.0,2025-12-15T01:59:00.808043,61.436001,0.617925,-0.050060,-0.129987,0.773800,0.031359,0.007196,0.056020,-0.002131,0.004261,0.001065,-15.304498,-4.770895,103.422453
281244.0,2025-12-15T01:59:00.809089,61.437047,0.616336,-0.049771,-0.129611,0.775148,0.038986,0.018064,0.048129,0.003196,0.001065,0.000000,-15.259219,-4.738543,103.657234
281268.0,2025-12-15T01:59:00.866463,61.494421,0.616081,-0.051009,-0.131572,0.774940,-0.005444,-0.000763,0.044982,-0.004261,0.004261,0.002131,-15.527227,-4.764463,103.680227
281293.0,2025-12-15T01:59:00.866463,61.494421,0.616405,-0.048686,-0.131547,0.774835,0.031904,-0.024676,0.052009,0.002131,0.004261,0.000000,-15.359421,-4.975224,103.664657
281317.0,2025-12-15T01:59:00.926302,61.554260,0.616087,-0.051075,-0.131712,0.774907,0.000838,-0.000214,0.047541,-0.002131,0.004261,0.000000,-15.544703,-4.768757,103.678609
281341.0,2025-12-15T01:59:00.926302,61.554260,0.614469,-0.050865,-0.131749,0.776198,-0.012696,-0.041302,0.047803,-0.005326,0.001065,0.003196,-15.542881,-4.758037,103.916646
281365.0,2025-12-15T01:59:00.928319,61.556277,0.614735,-0.049664,-0.129987,0.776362,-0.030651,-0.001615,0.053555,-0.012783,0.019175,0.003196,-15.295522,-4.743803,103.891907
281392.0,2025-12-15T01:59:00.988344,61.616302,0.614993,-0.048282,-0.131467,0.775996,0.045404,0.031395,0.081184,0.106526,-0.024501,-0.030893,-15.332460,-4.977812,103.875340
281412.0,2025-12-15T01:59:00.988344,61.616302,0.614458,-0.051796,-0.132315,0.776049,0.243645,-0.150846,0.001724,-0.096939,0.049002,0.024501,-15.660230,-4.715675,103.906064
281444.0,2025-12-15T01:59:01.047190,61.675148,0.612216,-0.053355,-0.133891,0.777443,-0.392423,0.100964,0.103064,-0.235423,0.018109,0.061785,-15.927233,-4.644860,104.211183
281467.0,2025-12-15T01:59:01.048188,61.676146,0.613463,-0.050046,-0.128526,0.777586,0.062005,-0.001508,0.083035,0.350472,-0.002131,-0.093743,-15.195832,-4.580613,104.069239
281490.0,2025-12-15T01:59:01.106924,61.734881,0.613671,-0.050568,-0.129427,0.777238,0.500936,0.215711,-0.066338,0.101200,0.025566,-0.036219,-15.313905,-4.602592,104.033111
281514.0,2025-12-15T01:59:01.106924,61.734881,0.613057,-0.051900,-0.129553,0.777614,-0.141759,-0.056733,0.061347,-0.258859,0.012783,0.072438,-15.422425,-4.481125,104.103814
281539.0,2025-12-15T01:59:01.167096,61.795054,0.611504,-0.051600,-0.129066,0.778937,-0.395046,0.115623,0.166016,0.001065,0.015979,0.001065,-15.365254,-4.442752,104.332305
281558.0,2025-12-15T01:59:01.168090,61.796048,0.612319,-0.048290,-0.129012,0.778517,0.077858,0.050023,0.090849,0.268447,-0.036219,-0.072438,-15.124099,-4.749763,104.259429
281585.0,2025-12-15T01:59:01.169091,61.797049,0.611745,-0.051137,-0.131557,0.778361,0.391399,0.068173,-0.087139,-0.124636,0.036219,0.029827,-15.560336,-4.666338,104.307440
281608.0,2025-12-15T01:59:01.170089,61.798046,0.611097,-0.051693,-0.133246,0.778546,-0.273527,0.023861,0.064874,-0.317449,0.014914,0.086286,-15.758113,-4.724334,104.396022
281637.0,2025-12-15T01:59:01.226361,61.854319,0.610308,-0.049214,-0.130518,0.779786,-0.212052,-0.001145,0.149325,0.267381,-0.005326,-0.069242,-15.338866,-4.735663,104.540261
281659.0,2025-12-15T01:59:01.227373,61.855331,0.610843,-0.048570,-0.130093,0.779479,0.446977,0.110052,-0.020294,0.252468,-0.008522,-0.071373,-15.251666,-4.773288,104.470984
281680.0,2025-12-15T01:59:01.287254,61.915211,0.610162,-0.051626,-0.132500,0.779410,0.139351,-0.017293,-0.004475,-0.134223,0.011718,0.033023,-15.690263,-4.658573,104.530924
281711.0,2025-12-15T01:59:01.287254,61.915211,0.609883,-0.051158,-0.132966,0.779580,-0.411888,0.047563,0.133659,-0.185356,0.010653,0.054328,-15.702198,-4.727864,104.578580
281735.0,2025-12-15T01:59:01.346395,61.974353,0.609104,-0.048701,-0.130285,0.780799,0.023579,0.006565,0.080194,0.269512,-0.009587,-0.072438,-15.288685,-4.741591,104.720956
281758.0,2025-12-15T01:59:01.347762,61.975720,0.609063,-0.049729,-0.131220,0.780609,0.420406,0.057519,-0.056187,0.075634,0.001065,-0.021305,-15.446581,-4.715334,104.714197
281783.0,2025-12-15T01:59:01.348779,61.976737,0.608731,-0.050051,-0.131300,0.780834,-0.122251,-0.018378,0.068556,-0.213053,0.021305,0.055394,-15.478320,-4.685658,104.757806
281807.0,2025-12-15T01:59:01.406318,62.034276,0.609114,-0.047759,-0.129862,0.780920,-0.273375,0.033978,0.141493,0.033023,-0.007457,-0.006392,-15.184080,-4.796064,104.731500
281826.0,2025-12-15T01:59:01.407318,62.035276,0.609456,-0.047318,-0.130008,0.780655,0.141397,0.037795,0.063042,0.203465,-0.013848,-0.053263,-15.164880,-4.852427,104.688173
281856.0,2025-12-15T01:59:01.465654,62.093611,0.607515,-0.048275,-0.130815,0.781973,0.311516,0.024737,-0.036685,-0.125701,0.017044,0.031958,-15.317302,-4.786553,104.956724
281879.0,2025-12-15T01:59:01.467098,62.095056,0.607296,-0.047845,-0.131240,0.782099,-0.178449,0.018580,0.083594,-0.183225,0.021305,0.050067,-15.328061,-4.850938,104.994791
281903.0,2025-12-15T01:59:01.467098,62.095056,0.608148,-0.044649,-0.127711,0.782210,0.059873,0.008094,0.098360,0.206661,-0.017044,-0.053263,-14.775607,-4.903868,104.907931
281927.0,2025-12-15T01:59:01.526081,62.154039,0.608183,-0.045537,-0.128388,0.782021,0.476122,0.060770,-0.041253,0.100135,0.003196,-0.027697,-14.899444,-4.872917,104.892664
281952.0,2025-12-15T01:59:01.527080,62.155038,0.605964,-0.047096,-0.129917,0.783397,-0.027035,0.011123,0.054800,-0.211988,0.022371,0.057524,-15.161844,-4.798974,105.194552
281977.0,2025-12-15T01:59:01.588856,62.216814,0.606289,-0.045022,-0.128528,0.783497,-0.209194,0.012258,0.137815,0.014914,-0.006392,-0.002131,-14.888052,-4.893327,105.172604
281999.0,2025-12-15T01:59:01.589856,62.217814,0.606593,-0.045012,-0.128406,0.783282,0.171835,0.022709,0.064152,0.199204,-0.011718,-0.053263,-14.874265,-4.891375,105.128756
282023.0,2025-12-15T01:59:01.589856,62.217814,0.606011,-0.047716,-0.130840,0.783170,0.320518,0.027138,-0.025459,-0.110787,0.018109,0.027697,-15.289725,-4.809425,105.181051
282047.0,2025-12-15T01:59:01.647840,62.275798,0.603981,-0.048822,-0.132055,0.784465,-0.172028,0.024882,0.080959,-0.162985,0.019175,0.043676,-15.490604,-4.756390,105.459928
282071.0,2025-12-15T01:59:01.647840,62.275798,0.604761,-0.045535,-0.129384,0.784507,0.042716,0.004533,0.085775,0.162985,-0.013848,-0.042611,-15.011873,-4.878712,105.387340
282096.0,2025-12-15T01:59:01.706546,62.334504,0.604356,-0.047630,-0.131457,0.784350,0.333254,0.051411,-0.015339,-0.054328,0.010653,0.011718,-15.350714,-4.828701,105.421343
282119.0,2025-12-15T01:59:01.707539,62.335496,0.604245,-0.047545,-0.130630,0.784578,-0.017669,0.002162,0.061601,-0.131028,0.015979,0.033023,-15.268994,-4.775997,105.437001
282144.0,2025-12-15T01:59:01.708534,62.336492,0.602701,-0.047018,-0.130217,0.785865,-0.152138,0.011508,0.117212,0.020240,-0.005326,-0.003196,-15.203479,-4.764729,105.665127
282168.0,2025-12-15T01:59:01.827575,62.455533,0.602759,-0.047177,-0.131334,0.785625,0.081951,0.029830,0.053202,0.105461,-0.009587,-0.025566,-15.317596,-4.829992,105.656527
282191.0,2025-12-15T01:59:01.828466,62.456424,0.602318,-0.049325,-0.133442,0.785476,0.125144,0.020506,0.023807,-0.059655,0.011718,0.014914,-15.663502,-4.776120,105.693973
282216.0,2025-12-15T01:59:01.828466,62.456424,0.602468,-0.048119,-0.132434,0.785607,-0.072527,-0.002092,0.078293,-0.058590,0.012783,0.014914,-15.486134,-4.816699,105.687318
282288.0,2025-12-15T01:59:01.886847,62.514805,0.600308,-0.051580,-0.134313,0.786721,-0.033907,0.009081,0.056747,-0.044741,0.011718,0.010653,-15.910915,-4.594320,105.951436
282311.0,2025-12-15T01:59:01.886847,62.514805,0.600685,-0.049335,-0.133202,0.786766,-0.060890,0.014846,0.061586,0.017044,-0.002131,-0.004261,-15.651404,-4.726213,105.927435
282337.0,2025-12-15T01:59:01.946375,62.574333,0.599133,-0.048927,-0.132982,0.788011,0.042186,0.029691,0.048694,0.017044,-0.001065,-0.004261,-15.611968,-4.717190,106.154841
282360.0,2025-12-15T01:59:01.947378,62.575336,0.599016,-0.048970,-0.135380,0.787689,-0.011833,-0.010529,0.042285,-0.018109,0.006392,0.004261,-15.838758,-4.878467,106.175017
282384.0,2025-12-15T01:59:01.948382,62.576340,0.599240,-0.047950,-0.133348,0.787928,-0.011640,-0.004927,0.057504,0.000000,0.002131,0.001065,-15.578570,-4.833051,106.153598
282408.0,2025-12-15T01:59:02.006885,62.634843,0.598942,-0.049679,-0.134984,0.787769,-0.018678,-0.001429,0.048767,-0.007457,0.005326,0.001065,-15.850879,-4.785444,106.175025
282433.0,2025-12-15T01:59:02.006885,62.634843,0.597375,-0.049461,-0.134523,0.789050,-0.052221,0.022106,0.056184,-0.006392,0.004261,0.001065,-15.802150,-4.741841,106.401092
282457.0,2025-12-15T01:59:02.067761,62.695719,0.597719,-0.047592,-0.132869,0.789185,0.029367,0.002157,0.047853,0.017044,-0.003196,-0.004261,-15.518490,-4.802338,106.375032
282480.0,2025-12-15T01:59:02.068664,62.696622,0.597368,-0.049449,-0.134693,0.789027,-0.012334,0.000290,0.041063,-0.025566,0.011718,0.007457,-15.817167,-4.754651,106.402496
282504.0,2025-12-15T01:59:02.069658,62.697616,0.597686,-0.047428,-0.133853,0.789053,-0.064841,0.017666,0.057354,-0.008522,0.006392,0.002131,-15.599120,-4.885026,106.383629
282530.0,2025-12-15T01:59:02.126557,62.754514,0.596108,-0.046996,-0.133492,0.790333,0.068227,-0.018386,0.037515,0.017044,-0.005326,-0.003196,-15.545471,-4.868390,106.614150
282552.0,2025-12-15T01:59:02.127881,62.755839,0.595707,-0.049580,-0.134204,0.790357,0.005947,-0.004626,0.033658,-0.027697,0.011718,0.007457,-15.790177,-4.675964,106.636800
282576.0,2025-12-15T01:59:02.186659,62.814617,0.596084,-0.047027,-0.134156,0.790237,-0.038535,0.040098,0.063393,0.025566,-0.002131,-0.005326,-15.609700,-4.911196,106.618367
282600.0,2025-12-15T01:59:02.187664,62.815622,0.595844,-0.048655,-0.135146,0.790151,0.067711,-0.003389,0.033777,0.033023,-0.005326,-0.007457,-15.814253,-4.827835,106.631793
282624.0,2025-12-15T01:59:02.246575,62.874533,0.595396,-0.051499,-0.135616,0.790228,-0.014258,0.001564,0.032614,-0.050067,0.013848,0.011718,-16.054259,-4.594247,106.655941
282654.0,2025-12-15T01:59:02.247579,62.875536,0.593905,-0.050900,-0.135163,0.791465,-0.164431,0.025961,0.081212,0.029827,-0.004261,-0.006392,-15.979608,-4.587183,106.876081
282673.0,2025-12-15T01:59:02.247579,62.875536,0.593729,-0.051718,-0.137198,0.791194,0.038756,0.024141,0.014118,0.005326,0.003196,-0.002131,-16.226391,-4.650538,106.892568
282704.0,2025-12-15T01:59:02.306096,62.934054,0.593857,-0.050725,-0.136090,0.791354,-0.067198,-0.007843,0.037513,-0.064981,0.013848,0.015979,-16.054643,-4.666391,106.887034
282729.0,2025-12-15T01:59:02.307098,62.935056,0.592347,-0.050071,-0.135383,0.792647,-0.171988,0.008198,0.069974,0.034088,-0.004261,-0.007457,-15.952714,-4.646594,107.109754
282753.0,2025-12-15T01:59:02.366172,62.994129,0.592205,-0.050901,-0.136892,0.792441,0.000087,-0.002612,0.040217,0.046872,-0.005326,-0.009587,-16.150995,-4.672792,107.120503
282777.0,2025-12-15T01:59:02.367152,62.995110,0.592405,-0.049456,-0.136160,0.792509,-0.026993,0.001775,0.037068,-0.055394,0.014914,0.012783,-15.983488,-4.757347,107.111628
282801.0,2025-12-15T01:59:02.368212,62.996170,0.592711,-0.047692,-0.134889,0.792606,-0.129278,0.002503,0.082756,-0.009587,0.003196,0.001065,-15.743352,-4.835664,107.090666
282827.0,2025-12-15T01:59:02.426330,63.054288,0.591206,-0.047232,-0.134426,0.793836,0.072026,0.012646,0.042873,0.026632,-0.001065,-0.006392,-15.677684,-4.816088,107.309953
282851.0,2025-12-15T01:59:02.427330,63.055288,0.590892,-0.048897,-0.136523,0.793610,0.010296,0.005127,0.036605,-0.034088,0.007457,0.004261,-15.988591,-4.803031,107.334964
282872.0,2025-12-15T01:59:02.488219,63.116177,0.591379,-0.047567,-0.135491,0.793506,-0.011267,-0.011221,0.038891,-0.056459,-0.024501,-0.029827,-15.799110,-4.862384,107.282716
282898.0,2025-12-15T01:59:02.489219,63.117177,0.591397,-0.048502,-0.133828,0.793717,-0.043320,-0.080928,0.053652,-0.056459,-0.003196,-0.004261,-15.706333,-4.663080,107.264079
282922.0,2025-12-15T01:59:02.489219,63.117177,0.591733,-0.046318,-0.132953,0.793744,-0.058524,0.020946,0.061362,0.007457,0.006392,0.001065,-15.474838,-4.807949,107.244838
282951.0,2025-12-15T01:59:02.545644,63.173602,0.590235,-0.045693,-0.132372,0.794992,0.013674,0.010976,0.054021,0.034088,-0.009587,-0.009587,-15.387023,-4.796083,107.464844
282970.0,2025-12-15T01:59:02.547643,63.175601,0.589940,-0.047898,-0.133257,0.794934,0.056133,-0.008647,0.040351,0.001065,0.012783,-0.001065,-15.620327,-4.650348,107.478170
282999.0,2025-12-15T01:59:02.608417,63.236374,0.590150,-0.045943,-0.133832,0.794796,-0.027289,0.017516,0.063733,-0.037284,0.010653,0.009587,-15.541292,-4.872095,107.476149
283030.0,2025-12-15T01:59:02.608417,63.236374,0.588608,-0.045378,-0.133360,0.796051,-0.009913,0.018371,0.051956,0.028762,-0.006392,-0.006392,-15.468107,-4.861518,107.701489
283049.0,2025-12-15T01:59:02.609415,63.237373,0.588261,-0.047822,-0.133877,0.796077,0.046379,-0.022343,0.027756,-0.011718,0.007457,0.002131,-15.682832,-4.667263,107.718044
283077.0,2025-12-15T01:59:02.666283,63.294241,0.588555,-0.045857,-0.133188,0.796091,0.006607,-0.002535,0.049908,-0.018109,0.008522,0.004261,-15.484428,-4.804921,107.702102
283100.0,2025-12-15T01:59:02.668282,63.296240,0.588852,-0.043556,-0.133477,0.795952,-0.004021,0.004415,0.064598,0.000000,0.003196,0.001065,-15.355274,-5.040480,107.691261
283127.0,2025-12-15T01:59:02.727130,63.355088,0.587271,-0.043209,-0.133058,0.797209,0.072906,-0.050655,0.053016,0.010653,-0.002131,-0.003196,-15.302189,-5.013378,107.918834
283152.0,2025-12-15T01:59:02.728131,63.356088,0.586921,-0.045717,-0.133399,0.797269,0.029190,-0.017787,0.042441,-0.013848,0.008522,0.003196,-15.504367,-4.800748,107.935607
283177.0,2025-12-15T01:59:02.787413,63.415371,0.587174,-0.043570,-0.134087,0.797088,0.006704,-0.011280,0.050398,-0.009587,0.005326,0.003196,-15.423789,-5.048870,107.929857
283200.0,2025-12-15T01:59:02.788419,63.416376,0.586992,-0.045362,-0.132604,0.797370,-0.001290,0.012718,0.056391,0.010653,-0.002131,-0.001065,-15.405333,-4.780257,107.928907
283225.0,2025-12-15T01:59:02.846403,63.474361,0.585375,-0.045195,-0.132496,0.798585,0.042934,-0.018271,0.045891,-0.006392,0.004261,0.001065,-15.393417,-4.757297,108.159280
283247.0,2025-12-15T01:59:02.847399,63.475357,0.585106,-0.046662,-0.134293,0.798398,-0.021550,-0.004930,0.047826,-0.003196,0.005326,0.001065,-15.662213,-4.740435,108.180657
283273.0,2025-12-15T01:59:02.848396,63.476354,0.585398,-0.044430,-0.134591,0.798261,0.003140,-0.004107,0.058858,-0.007457,0.005326,0.002131,-15.539591,-4.970669,108.170281
283297.0,2025-12-15T01:59:02.906239,63.534196,0.585361,-0.045447,-0.132484,0.798583,0.001466,0.004958,0.065246,0.003196,0.001065,-0.001065,-15.409227,-4.733146,108.157845
283320.0,2025-12-15T01:59:02.907240,63.535198,0.585020,-0.047867,-0.132735,0.798650,-0.006887,0.003971,0.047877,-0.005326,0.005326,0.002131,-15.596529,-4.522320,108.173222
283346.0,2025-12-15T01:59:02.908134,63.536092,0.583431,-0.047678,-0.132371,0.799883,-0.034392,0.083857,0.049416,-0.007457,0.006392,0.002131,-15.558206,-4.484259,108.399178
283368.0,2025-12-15T01:59:02.966405,63.594363,0.583650,-0.045734,-0.133697,0.799617,-0.008346,0.027120,0.058831,0.003196,0.000000,-0.001065,-15.552507,-4.756691,108.397667
283395.0,2025-12-15T01:59:02.967815,63.595773,0.583408,-0.047934,-0.132672,0.799834,-0.011041,0.019160,0.045396,-0.004261,0.005326,0.000000,-15.603780,-4.480809,108.399368
283418.0,2025-12-15T01:59:03.025728,63.653685,0.583640,-0.045924,-0.133790,0.799597,-0.008801,0.017793,0.056782,-0.002131,0.004261,0.001065,-15.574052,-4.745437,108.396594
283451.0,2025-12-15T01:59:03.026729,63.654686,0.582039,-0.045695,-0.133555,0.800816,-0.008652,0.025514,0.051413,-0.003196,0.003196,0.001065,-15.545712,-4.719694,108.624712
283471.0,2025-12-15T01:59:03.086264,63.714222,0.581714,-0.048027,-0.133772,0.800879,-0.027729,0.016702,0.040938,0.002131,0.002131,0.000000,-15.722972,-4.514173,108.638438
283496.0,2025-12-15T01:59:03.087267,63.715225,0.582011,-0.045785,-0.134023,0.800753,-0.002863,0.001680,0.066517,-0.006392,0.005326,0.002131,-15.596111,-4.742677,108.628337
283528.0,2025-12-15T01:59:03.146485,63.774443,0.580384,-0.045530,-0.133671,0.802006,-0.027044,0.030807,0.053275,-0.002131,0.003196,0.002131,-15.555089,-4.711003,108.859913
283552.0,2025-12-15T01:59:03.147466,63.775424,0.580646,-0.043373,-0.134550,0.801789,0.023365,-0.037528,0.049464,-0.001065,0.002131,0.000000,-15.493929,-4.973781,108.853867
283572.0,2025-12-15T01:59:03.148468,63.776426,0.580373,-0.045598,-0.133636,0.802016,-0.000435,-0.000386,0.053038,-0.003196,0.003196,0.002131,-15.556383,-4.702218,108.860374
283600.0,2025-12-15T01:59:03.207376,63.835333,0.580560,-0.043753,-0.135001,0.801755,0.007374,-0.024377,0.052396,-0.003196,0.004261,0.002131,-15.562264,-4.967745,108.861745
283620.0,2025-12-15T01:59:03.208493,63.836451,0.580338,-0.045758,-0.133722,0.802018,-0.008127,0.020217,0.054194,-0.001065,0.002131,0.001065,-15.575305,-4.692621,108.863341
283653.0,2025-12-15T01:59:03.267400,63.895358,0.578771,-0.045535,-0.133595,0.803183,0.004180,0.000666,0.043991,-0.001065,0.003196,0.000000,-15.557388,-4.674591,109.086129
283676.0,2025-12-15T01:59:03.268395,63.896353,0.578820,-0.044552,-0.135651,0.802858,-0.004547,-0.018498,0.040664,-0.006392,0.006392,0.002131,-15.687031,-4.904685,109.096695
283700.0,2025-12-15T01:59:03.269393,63.897351,0.579068,-0.043331,-0.133730,0.803068,0.020113,0.008484,0.044513,0.000000,0.003196,0.001065,-15.422821,-4.892220,109.074372
283726.0,2025-12-15T01:59:03.326373,63.954331,0.577459,-0.043089,-0.133465,0.804283,0.032433,-0.007783,0.043935,0.001065,0.003196,0.000000,-15.391193,-4.866200,109.302802
283749.0,2025-12-15T01:59:03.327380,63.955338,0.577121,-0.045399,-0.134024,0.804305,0.003761,-0.001212,0.058151,-0.002131,0.003196,0.001065,-15.598382,-4.684431,109.320061
283774.0,2025-12-15T01:59:03.386526,64.014484,0.577283,-0.043669,-0.135547,0.804030,0.003118,-0.015324,0.057058,-0.002131,0.003196,0.002131,-15.628039,-4.949443,109.323929
283797.0,2025-12-15T01:59:03.387511,64.015469,0.577197,-0.044924,-0.133566,0.804354,0.000104,0.011825,0.053600,-0.002131,0.003196,0.001065,-15.523160,-4.698838,109.315084
283822.0,2025-12-15T01:59:03.388511,64.016469,0.576910,-0.046630,-0.135104,0.804206,-0.036091,-0.003866,0.051438,0.000000,0.004261,0.000000,-15.783164,-4.639481,109.334697
283848.0,2025-12-15T01:59:03.446684,64.074641,0.575337,-0.046398,-0.134695,0.805414,-0.022102,0.019227,0.049813,-0.002131,0.004261,0.000000,-15.737726,-4.603036,109.557276
283872.0,2025-12-15T01:59:03.506185,64.134143,0.575615,-0.044175,-0.135342,0.805232,0.003031,-0.003828,0.060064,-0.001065,0.003196,0.001065,-15.651610,-4.856924,109.550279
283892.0,2025-12-15T01:59:03.507189,64.135146,0.575548,-0.045352,-0.133307,0.805554,0.002166,0.023866,0.050506,0.000000,0.003196,0.000000,-15.535931,-4.610538,109.539553
283923.0,2025-12-15T01:59:03.508426,64.136384,0.575461,-0.045291,-0.135572,0.805241,-0.014419,-0.020750,0.051321,-0.001065,0.003196,0.001065,-15.747695,-4.766344,109.556987
283948.0,2025-12-15T01:59:03.571162,64.199120,0.573831,-0.045066,-0.135526,0.806424,-0.024495,0.005516,0.044077,-0.003196,0.003196,0.003196,-15.737851,-4.752563,109.787814
283973.0,2025-12-15T01:59:03.573701,64.201658,0.574095,-0.043785,-0.133689,0.806613,0.013188,0.005215,0.040432,-0.003196,0.003196,0.000000,-15.477670,-4.753261,109.764721
283993.0,2025-12-15T01:59:03.573701,64.201658,0.573775,-0.045732,-0.134964,0.806521,-0.036528,0.001545,0.044866,-0.001065,0.003196,0.001065,-15.728308,-4.652420,109.785387
284026.0,2025-12-15T01:59:03.627252,64.255210,0.572190,-0.045476,-0.134592,0.807723,-0.025523,0.027535,0.048212,0.000000,0.003196,0.001065,-15.684933,-4.620788,110.009386
284050.0,2025-12-15T01:59:03.628253,64.256211,0.572522,-0.043215,-0.134313,0.807658,0.005201,-0.003043,0.054514,-0.004261,0.003196,0.000000,-15.508787,-4.817875,109.993255
284073.0,2025-12-15T01:59:03.686897,64.314855,0.572200,-0.045592,-0.134178,0.807778,-0.027397,0.021875,0.053446,-0.001065,0.002131,0.001065,-15.652969,-4.582687,110.005562
284098.0,2025-12-15T01:59:03.686897,64.314855,0.572444,-0.043524,-0.135186,0.807551,0.004704,-0.009122,0.048740,-0.002131,0.004261,0.001065,-15.612610,-4.845934,110.001851
284117.0,2025-12-15T01:59:03.687896,64.315854,0.572168,-0.045767,-0.134363,0.807760,-0.024320,0.035282,0.054071,-0.002131,0.002131,0.001065,-15.682233,-4.578135,110.007941
284149.0,2025-12-15T01:59:03.746923,64.374881,0.570617,-0.045544,-0.134044,0.808922,-0.026464,0.026783,0.043723,-0.002131,0.003196,0.001065,-15.645633,-4.547931,110.226511
284172.0,2025-12-15T01:59:03.747932,64.375890,0.570952,-0.043257,-0.133764,0.808857,-0.001563,0.001606,0.047061,0.000000,0.004261,0.000000,-15.468115,-4.747743,110.210573
284197.0,2025-12-15T01:59:03.806913,64.434871,0.570813,-0.043720,-0.135971,0.808562,-0.014133,-0.012715,0.048387,0.000000,0.003196,-0.001065,-15.709719,-4.848829,110.228216
284223.0,2025-12-15T01:59:03.807920,64.435877,0.569200,-0.043489,-0.135728,0.809752,-0.012160,-0.011217,0.048597,-0.003196,0.003196,0.000000,-15.680713,-4.823219,110.455346
284247.0,2025-12-15T01:59:03.807920,64.435877,0.569235,-0.043835,-0.133458,0.810086,0.008911,0.018755,0.045586,-0.001065,0.002131,0.002131,-15.486179,-4.641350,110.441167
284275.0,2025-12-15T01:59:03.867409,64.495367,0.569297,-0.042746,-0.135462,0.809768,-0.001160,-0.007457,0.057779,0.000000,0.003196,0.001065,-15.606511,-4.876409,110.451391
284299.0,2025-12-15T01:59:03.868409,64.496367,0.569005,-0.045115,-0.135135,0.809899,-0.018911,0.017656,0.052964,-0.001065,0.003196,-0.001065,-15.730797,-4.629262,110.459002
284326.0,2025-12-15T01:59:03.926954,64.554911,0.567386,-0.044871,-0.134880,0.811090,-0.047768,0.017759,0.053085,-0.002131,0.004261,0.001065,-15.699467,-4.604051,110.686735
284349.0,2025-12-15T01:59:03.927979,64.555937,0.567708,-0.042564,-0.134714,0.811017,-0.001431,0.001440,0.057316,0.000000,0.003196,0.001065,-15.532312,-4.813707,110.673250
284375.0,2025-12-15T01:59:03.986261,64.614219,0.567417,-0.044168,-0.136415,0.810851,-0.024602,-0.004791,0.044356,-0.004261,0.003196,0.001065,-15.800666,-4.771395,110.695406
284399.0,2025-12-15T01:59:03.988254,64.616211,0.567645,-0.043089,-0.134399,0.811085,0.002561,0.001845,0.057499,0.001065,0.002131,0.001065,-15.536602,-4.742847,110.674227
284424.0,2025-12-15T01:59:03.988254,64.616211,0.566023,-0.042841,-0.133960,0.812304,0.010681,0.011643,0.043269,-0.001065,0.003196,0.001065,-15.487659,-4.706416,110.901820
284446.0,2025-12-15T01:59:04.047401,64.675359,0.566100,-0.041658,-0.135918,0.811987,-0.001824,-0.023943,0.050290,-0.001065,0.003196,0.001065,-15.598463,-4.947098,110.911257
284472.0,2025-12-15T01:59:04.048395,64.676353,0.565977,-0.043166,-0.134111,0.812294,-0.001710,0.018863,0.054307,0.000000,0.002131,0.000000,-15.523340,-4.685136,110.904173
284494.0,2025-12-15T01:59:04.106116,64.734074,0.566006,-0.042366,-0.136259,0.811958,-0.010019,-0.038482,0.055134,-0.003196,0.003196,0.000000,-15.677388,-4.901844,110.915523
284520.0,2025-12-15T01:59:04.106116,64.734074,0.564410,-0.042132,-0.135939,0.813134,0.001461,-0.022191,0.054799,-0.001065,0.003196,0.000000,-15.640890,-4.872186,111.139258
284544.0,2025-12-15T01:59:04.107376,64.735333,0.564537,-0.041968,-0.133691,0.813427,0.019372,0.024334,0.053223,-0.003196,0.002131,0.000000,-15.413983,-4.742133,111.119093
284567.0,2025-12-15T01:59:04.167363,64.795321,0.564338,-0.042818,-0.135816,0.813169,-0.010787,-0.006627,0.051544,-0.002131,0.002131,0.000000,-15.673692,-4.798716,111.139683
284592.0,2025-12-15T01:59:04.168360,64.796318,0.564436,-0.042749,-0.133536,0.813482,0.012895,0.018475,0.049958,-0.002131,0.004261,0.002131,-15.449912,-4.657169,111.122228
284612.0,2025-12-15T01:59:04.225466,64.853424,0.564548,-0.041356,-0.135369,0.813173,-0.000145,-0.012691,0.051636,-0.003196,0.003196,0.001065,-15.535505,-4.909682,111.129257
284644.0,2025-12-15T01:59:04.226873,64.854831,0.562932,-0.041102,-0.135012,0.814365,0.019731,-0.011571,0.043976,0.000000,0.002131,0.000000,-15.494207,-4.879541,111.355702
284668.0,2025-12-15T01:59:04.286829,64.914786,0.562599,-0.043487,-0.135185,0.814443,-0.016151,0.009581,0.057103,-0.002131,0.003196,0.001065,-15.665734,-4.661825,111.369962
284688.0,2025-12-15T01:59:04.287827,64.915785,0.562907,-0.041196,-0.135521,0.814293,0.015518,-0.014394,0.050479,-0.001065,0.003196,0.000000,-15.549280,-4.903631,111.358961
284721.0,2025-12-15T01:59:04.287827,64.915785,0.561271,-0.040958,-0.135135,0.815497,0.021459,-0.000358,0.048076,-0.001065,0.003196,0.002131,-15.506450,-4.869835,111.587520
284746.0,2025-12-15T01:59:04.346503,64.974461,0.560960,-0.043358,-0.135010,0.815608,-0.017839,0.013517,0.053736,-0.003196,0.003196,0.000000,-15.649702,-4.631300,111.597868
284769.0,2025-12-15T01:59:04.347508,64.975466,0.561277,-0.041064,-0.135215,0.815475,0.019866,-0.016325,0.055420,-0.001065,0.004261,0.000000,-15.520943,-4.865259,111.585527
284794.0,2025-12-15T01:59:04.406385,65.034343,0.560946,-0.043463,-0.135349,0.815556,-0.033768,0.020610,0.052131,-0.002131,0.004261,0.001065,-15.689092,-4.643439,111.599049
284818.0,2025-12-15T01:59:04.406385,65.034343,0.561262,-0.041236,-0.134729,0.815557,0.012849,-0.004077,0.044911,0.000000,0.002131,0.002131,-15.485220,-4.817192,111.584255
284843.0,2025-12-15T01:59:04.408650,65.036608,0.559619,-0.041022,-0.134461,0.816739,0.033368,-0.006670,0.050975,-0.002131,0.004261,0.001065,-15.455120,-4.788971,111.813329
284860.0,2025-12-15T01:59:04.466181,65.094139,0.559277,-0.043172,-0.135423,0.816704,-0.026988,0.005262,0.049625,-0.001065,0.004261,0.002131,-15.686813,-4.643756,111.833516
284891.0,2025-12-15T01:59:04.467197,65.095155,0.559564,-0.040855,-0.135748,0.816573,0.014355,-0.013003,0.049875,0.000000,0.001065,0.002131,-15.568790,-4.887366,111.826115
284918.0,2025-12-15T01:59:04.526381,65.154339,0.557940,-0.040641,-0.135506,0.817734,0.012085,-0.010120,0.061884,-0.002131,0.004261,0.001065,-15.541111,-4.861152,112.052264
284942.0,2025-12-15T01:59:04.527384,65.155342,0.557687,-0.042806,-0.134479,0.817966,-0.010948,0.018569,0.047364,-0.001065,0.003196,0.001065,-15.581129,-4.586670,112.055673
284966.0,2025-12-15T01:59:04.527384,65.155342,0.557909,-0.040814,-0.135653,0.817722,0.004464,-0.009864,0.040108,-0.001065,0.003196,0.001065,-15.566476,-4.853897,112.054563
284989.0,2025-12-15T01:59:04.585891,65.213849,0.557672,-0.042908,-0.134492,0.817969,-0.015743,0.031037,0.064963,-0.002131,0.003196,0.001065,-15.588975,-4.577655,112.056409
285013.0,2025-12-15T01:59:04.586886,65.214844,0.557920,-0.040795,-0.135437,0.817752,0.005221,-0.008660,0.040516,-0.001065,0.003196,0.001065,-15.544400,-4.841867,112.052850
285037.0,2025-12-15T01:59:04.646308,65.274266,0.556310,-0.040574,-0.135387,0.818867,0.012721,-0.009624,0.053850,-0.001065,0.003196,0.001065,-15.534669,-4.829118,112.277355
285061.0,2025-12-15T01:59:04.647295,65.275253,0.555974,-0.042575,-0.136610,0.818791,-0.035309,0.001849,0.046449,-0.002131,0.003196,0.002131,-15.781634,-4.714023,112.299290
285084.0,2025-12-15T01:59:04.648288,65.276246,0.556238,-0.041189,-0.134820,0.818979,-0.003501,-0.000276,0.059762,-0.001065,0.003196,0.001065,-15.519321,-4.733333,112.277784
285109.0,2025-12-15T01:59:04.706834,65.334792,0.556082,-0.041635,-0.137053,0.818691,-0.015808,-0.014869,0.046239,-0.002131,0.003196,0.001065,-15.764247,-4.833090,112.298208
285135.0,2025-12-15T01:59:04.767756,65.395714,0.554484,-0.041409,-0.136722,0.819841,-0.021952,-0.014220,0.043967,-0.002131,0.003196,0.002131,-15.726942,-4.802610,112.520249
285156.0,2025-12-15T01:59:04.768450,65.396408,0.554705,-0.040511,-0.134642,0.820081,0.018777,0.012421,0.058742,-0.001065,0.003196,0.000000,-15.467803,-4.756991,112.497360
285183.0,2025-12-15T01:59:04.768450,65.396408,0.554499,-0.041330,-0.136791,0.819823,-0.020950,-0.014302,0.053175,-0.003196,0.002131,0.001065,-15.728645,-4.814743,112.519385
285231.0,2025-12-15T01:59:04.826394,65.454352,0.553125,-0.039790,-0.134732,0.821168,0.021232,0.002144,0.050457,-0.002131,0.004261,0.001065,-15.439851,-4.801150,112.724087
285255.0,2025-12-15T01:59:04.828387,65.456345,0.552922,-0.040657,-0.136828,0.820916,-0.017259,-0.010603,0.055038,-0.001065,0.005326,0.001065,-15.698698,-4.850600,112.745222
285283.0,2025-12-15T01:59:04.886464,65.514421,0.552950,-0.041184,-0.134581,0.821242,0.010372,0.027644,0.059180,0.000000,0.002131,0.000000,-15.514079,-4.656924,112.729134
285307.0,2025-12-15T01:59:04.887807,65.515765,0.553082,-0.039679,-0.136325,0.820939,0.001616,-0.018181,0.053462,-0.003196,0.003196,0.001065,-15.587399,-4.913419,112.735119
285334.0,2025-12-15T01:59:04.946629,65.574587,0.551449,-0.039446,-0.136096,0.822086,0.003059,-0.017873,0.047184,-0.002131,0.003196,0.000000,-15.559943,-4.890108,112.961723
285358.0,2025-12-15T01:59:04.947631,65.575589,0.551132,-0.041828,-0.135860,0.822220,-0.017152,0.014242,0.047494,-0.001065,0.003196,0.001065,-15.688481,-4.644299,112.972520
285382.0,2025-12-15T01:59:04.948632,65.576589,0.551455,-0.039539,-0.135596,0.822160,0.001445,-0.000412,0.046215,-0.001065,0.003196,0.001065,-15.517286,-4.849368,112.958452
285401.0,2025-12-15T01:59:05.006635,65.634593,0.551137,-0.041509,-0.136805,0.822077,-0.029640,0.001281,0.045741,0.000000,0.001065,0.000000,-15.760043,-4.735062,112.978338
285434.0,2025-12-15T01:59:05.007635,65.635593,0.549507,-0.041294,-0.136633,0.823206,-0.033041,0.004931,0.046843,-0.004261,0.004261,0.002131,-15.738912,-4.713608,113.204090
285455.0,2025-12-15T01:59:05.067360,65.695318,0.549787,-0.039749,-0.134990,0.823366,0.019789,0.004967,0.057002,-0.002131,0.003196,0.001065,-15.481052,-4.759606,113.182761
285481.0,2025-12-15T01:59:05.069362,65.697320,0.549613,-0.040308,-0.137204,0.823089,-0.021347,-0.018933,0.050327,-0.002131,0.002131,0.001065,-15.732104,-4.845216,113.204165
285506.0,2025-12-15T01:59:05.069362,65.697320,0.549709,-0.040290,-0.134926,0.823402,0.011483,0.017484,0.054270,-0.001065,0.002131,0.001065,-15.509150,-4.703023,113.186097
285535.0,2025-12-15T01:59:05.128279,65.756237,0.548063,-0.040054,-0.134620,0.824561,0.007127,0.022392,0.052121,-0.003196,0.003196,0.001065,-15.473721,-4.675208,113.413720
285559.0,2025-12-15T01:59:05.129267,65.757225,0.547970,-0.039998,-0.136882,0.824252,-0.013209,-0.020567,0.050791,0.000000,0.002131,0.001065,-15.690672,-4.823000,113.432312
285583.0,2025-12-15T01:59:05.187280,65.815238,0.548078,-0.039940,-0.134603,0.824559,0.017835,0.026000,0.057382,-0.002131,0.004261,0.001065,-15.464912,-4.685168,113.413184
285603.0,2025-12-15T01:59:05.188352,65.816310,0.548063,-0.039358,-0.136809,0.824234,-0.002740,-0.005633,0.048281,-0.002131,0.003196,0.001065,-15.643070,-4.880546,113.428031
285636.0,2025-12-15T01:59:05.307181,65.935138,0.546466,-0.039120,-0.136649,0.825331,0.007865,-0.008201,0.033901,0.000000,0.003196,-0.001065,-15.621807,-4.863079,113.649058
285660.0,2025-12-15T01:59:05.308283,65.936241,0.546334,-0.040703,-0.134898,0.825630,-0.004940,0.031291,0.053700,-0.002131,0.003196,0.000000,-15.550583,-4.599337,113.641775
285684.0,2025-12-15T01:59:05.309179,65.937137,0.546563,-0.038672,-0.136005,0.825395,0.006586,-0.012717,0.055875,-0.001065,0.003196,0.001065,-15.530625,-4.866284,113.640246
285756.0,2025-12-15T01:59:05.367039,65.994997,0.544939,-0.038417,-0.135960,0.826487,0.003878,-0.001809,0.056688,-0.001065,0.002131,0.000000,-15.519665,-4.857445,113.865142
285783.0,2025-12-15T01:59:05.369061,65.997018,0.544611,-0.040723,-0.136311,0.826535,-0.028637,0.013495,0.048021,0.003196,0.002131,0.000000,-15.698812,-4.654990,113.879575
285811.0,2025-12-15T01:59:05.426396,66.054354,0.544940,-0.038510,-0.135797,0.826509,0.024422,-0.008951,0.057853,-0.003196,0.004261,0.001065,-15.509571,-4.838387,113.863401
285837.0,2025-12-15T01:59:05.427391,66.055348,0.543332,-0.038282,-0.135575,0.827614,0.010965,-0.001645,0.059650,-0.002131,0.002131,0.001065,-15.482773,-4.816158,114.084952
285861.0,2025-12-15T01:59:05.428909,66.056867,0.543006,-0.040283,-0.136780,0.827534,-0.027457,0.001307,0.057891,-0.001065,0.003196,0.001065,-15.726036,-4.696325,114.105229
285884.0,2025-12-15T01:59:05.485736,66.113693,0.543344,-0.038026,-0.136366,0.827488,0.017995,-0.007518,0.047878,-0.002131,0.003196,0.000000,-15.544149,-4.890714,114.088620
285909.0,2025-12-15T01:59:05.486921,66.114878,0.543259,-0.039337,-0.134430,0.827799,-0.000750,0.029888,0.044607,-0.003196,0.003196,0.000000,-15.436767,-4.642305,114.078165
285933.0,2025-12-15T01:59:05.547556,66.175514,0.541645,-0.039103,-0.134192,0.828905,0.003412,0.032662,0.053086,-0.002131,0.003196,0.000000,-15.407827,-4.619866,114.300357
285953.0,2025-12-15T01:59:05.548553,66.176511,0.541613,-0.038613,-0.136392,0.828590,0.001849,0.005038,0.052795,0.002131,0.002131,0.001065,-15.592631,-4.804431,114.316393
285985.0,2025-12-15T01:59:05.548553,66.176511,0.541320,-0.040371,-0.137954,0.828440,-0.034939,-0.005052,0.047992,-0.004261,0.004261,0.000000,-15.855397,-4.730201,114.336195
286008.0,2025-12-15T01:59:05.606405,66.234363,0.541571,-0.039058,-0.136158,0.828635,-0.004942,-0.000670,0.057088,-0.004261,0.004261,0.002131,-15.597525,-4.746527,114.315613
286034.0,2025-12-15T01:59:05.607408,66.235366,0.539963,-0.038805,-0.135716,0.829768,-0.005285,0.021788,0.052197,0.000000,0.003196,0.001065,-15.547600,-4.713029,114.536511
286055.0,2025-12-15T01:59:05.667948,66.295905,0.540111,-0.037172,-0.137331,0.829481,0.002507,-0.015957,0.053138,-0.005326,0.004261,0.002131,-15.604398,-4.972729,114.541952
286082.0,2025-12-15T01:59:05.669943,66.297901,0.540030,-0.038405,-0.135338,0.829805,0.000546,-0.003180,0.062180,0.003196,0.001065,0.000000,-15.485605,-4.728602,114.531894
286107.0,2025-12-15T01:59:05.671298,66.299256,0.539753,-0.039948,-0.136979,0.829643,-0.005524,-0.000802,0.049251,0.003196,0.002131,0.000000,-15.742610,-4.679659,114.552550
286135.0,2025-12-15T01:59:05.727416,66.355374,0.538152,-0.039792,-0.136921,0.830700,-0.063152,0.020065,0.061083,-0.010653,0.006392,0.002131,-15.735996,-4.660899,114.771733
286160.0,2025-12-15T01:59:05.727991,66.355948,0.538503,-0.037788,-0.135567,0.830788,-0.009142,0.000483,0.053603,0.009587,-0.001065,-0.003196,-15.478663,-4.773585,114.747841
286184.0,2025-12-15T01:59:05.786647,66.414605,0.538175,-0.039790,-0.136880,0.830691,-0.009227,0.000719,0.056645,-0.005326,0.006392,0.002131,-15.731772,-4.658993,114.768525
286204.0,2025-12-15T01:59:05.787648,66.415606,0.538482,-0.037651,-0.136318,0.830684,-0.001304,0.000068,0.060460,-0.008522,0.005326,0.003196,-15.543910,-4.833351,114.754248
286236.0,2025-12-15T01:59:05.847297,66.475255,0.536875,-0.037369,-0.136004,0.831789,0.008698,0.006287,0.046674,0.002131,0.001065,-0.001065,-15.504891,-4.810922,114.975211
286261.0,2025-12-15T01:59:05.848296,66.476254,0.536588,-0.039664,-0.135325,0.831978,-0.012678,0.014213,0.042082,-0.003196,0.002131,0.001065,-15.580077,-4.544178,114.981584
286285.0,2025-12-15T01:59:05.849293,66.477251,0.536740,-0.038033,-0.136964,0.831688,0.000464,-0.003810,0.040601,-0.001065,0.002131,0.001065,-15.640298,-4.804966,114.986998
286308.0,2025-12-15T01:59:05.907109,66.535066,0.537004,-0.036588,-0.135300,0.831855,0.031973,0.009491,0.047166,-0.006392,0.004261,0.002131,-15.387377,-4.843906,114.966221
286333.0,2025-12-15T01:59:05.908109,66.536067,0.535429,-0.036343,-0.135188,0.832898,0.039387,0.005752,0.065707,0.001065,0.001065,-0.001065,-15.370270,-4.831611,115.182450
286356.0,2025-12-15T01:59:05.966363,66.594321,0.535132,-0.038173,-0.136643,0.832770,0.007164,0.001614,0.045281,-0.002131,0.004261,0.000000,-15.626258,-4.741808,115.202036
286380.0,2025-12-15T01:59:05.967365,66.595322,0.535337,-0.036279,-0.137966,0.832505,0.008826,-0.023036,0.057782,-0.005326,0.003196,0.001065,-15.639706,-5.008936,115.202804
286405.0,2025-12-15T01:59:05.968363,66.596321,0.535353,-0.036847,-0.135738,0.832835,0.005334,0.017097,0.045760,-0.001065,0.002131,0.001065,-15.455366,-4.816269,115.187502
286430.0,2025-12-15T01:59:06.025978,66.653935,0.533732,-0.036596,-0.135573,0.833913,0.028013,-0.009376,0.050402,0.001065,0.001065,0.001065,-15.432929,-4.800270,115.409632
286454.0,2025-12-15T01:59:06.026978,66.654936,0.533397,-0.038800,-0.136505,0.833875,-0.014559,0.002673,0.043447,-0.004261,0.004261,0.001065,-15.660321,-4.641135,115.427714
286476.0,2025-12-15T01:59:06.085745,66.713703,0.533696,-0.036529,-0.136985,0.833708,-0.013135,0.013435,0.061333,0.000000,0.003196,0.000000,-15.567847,-4.893738,115.418866
286503.0,2025-12-15T01:59:06.086770,66.714728,0.533363,-0.038661,-0.137728,0.833703,-0.019847,0.005139,0.051924,0.006392,-0.001065,0.000000,-15.772328,-4.729669,115.437142
286528.0,2025-12-15T01:59:06.087743,66.715701,0.531714,-0.038500,-0.137471,0.834805,-0.002677,-0.007525,0.039021,-0.009587,0.005326,0.003196,-15.746157,-4.698389,115.661337
286551.0,2025-12-15T01:59:06.148309,66.776267,0.532011,-0.036718,-0.135972,0.834942,-0.031765,-0.003344,0.059874,0.003196,0.001065,0.001065,-15.489120,-4.781841,115.641448
286575.0,2025-12-15T01:59:06.149197,66.777155,0.531878,-0.037033,-0.138103,0.834663,-0.008237,-0.010568,0.040991,0.010653,0.000000,-0.001065,-15.718759,-4.881117,115.660619
286603.0,2025-12-15T01:59:06.206418,66.834376,0.532022,-0.036618,-0.135966,0.834940,0.005616,0.008543,0.062550,-0.010653,0.006392,0.003196,-15.482425,-4.791309,115.641289
286629.0,2025-12-15T01:59:06.207409,66.835366,0.530503,-0.036183,-0.135498,0.836001,0.084792,0.009391,0.037640,0.025566,-0.002131,-0.007457,-15.418484,-4.776330,115.850802
286654.0,2025-12-15T01:59:06.267408,66.895366,0.530145,-0.038324,-0.137099,0.835872,0.040258,0.005399,0.023601,-0.027697,0.014914,0.006392,-15.707396,-4.663067,115.874421
286678.0,2025-12-15T01:59:06.268402,66.896360,0.530467,-0.036350,-0.135726,0.835980,-0.121243,-0.001034,0.086734,0.009587,0.001065,0.000000,-15.451150,-4.773750,115.854019
286698.0,2025-12-15T01:59:06.268402,66.896360,0.530355,-0.037565,-0.136446,0.835880,0.046837,0.007185,0.050391,0.075634,-0.010653,-0.018109,-15.596080,-4.699510,115.854703
286728.0,2025-12-15T01:59:06.326939,66.954897,0.528744,-0.037539,-0.136342,0.836918,0.049925,0.059570,0.034504,-0.011718,0.015979,0.002131,-15.592993,-4.665916,116.071883
286752.0,2025-12-15T01:59:06.327987,66.955945,0.528972,-0.035896,-0.135218,0.837028,-0.096387,-0.008184,0.076068,-0.026632,0.003196,0.007457,-15.381991,-4.758741,116.060201
286774.0,2025-12-15T01:59:06.385606,67.013564,0.529363,-0.033240,-0.135016,0.836924,0.030289,-0.012936,0.048247,0.038350,-0.005326,-0.007457,-15.199959,-5.008659,116.041183
286800.0,2025-12-15T01:59:06.447653,67.075611,0.529032,-0.035375,-0.136325,0.836833,0.125509,-0.000190,0.034025,-0.013848,0.008522,0.002131,-15.459514,-4.878030,116.061653
286825.0,2025-12-15T01:59:06.448676,67.076634,0.527328,-0.035398,-0.136179,0.837930,0.016022,0.004534,0.055864,-0.031958,0.009587,0.006392,-15.455957,-4.835802,116.290365
286853.0,2025-12-15T01:59:06.450673,67.078630,0.527664,-0.033627,-0.134432,0.838074,0.009795,0.002314,0.061776,0.015979,-0.002131,-0.004261,-15.175345,-4.905148,116.263571
286904.0,2025-12-15T01:59:06.506145,67.134103,0.527008,-0.037158,-0.137818,0.837788,-0.004247,-0.000095,0.051261,-0.025566,0.008522,0.007457,-15.725199,-4.761133,116.314179
286930.0,2025-12-15T01:59:06.507142,67.135100,0.525436,-0.036827,-0.137351,0.838866,-0.056303,-0.004123,0.056103,0.008522,0.001065,0.000000,-15.667797,-4.735325,116.528723
286950.0,2025-12-15T01:59:06.508145,67.136103,0.525478,-0.037073,-0.135064,0.839200,0.016912,0.034983,0.047071,0.001065,0.001065,0.002131,-15.456178,-4.572660,116.514078
286979.0,2025-12-15T01:59:06.567567,67.195525,0.525480,-0.036554,-0.137160,0.838881,0.019110,0.036257,0.052661,0.018109,-0.003196,-0.004261,-15.632368,-4.750695,116.525939
287004.0,2025-12-15T01:59:06.568563,67.196520,0.525129,-0.038752,-0.138211,0.838830,0.045171,-0.006206,0.028117,-0.009587,0.003196,0.002131,-15.869683,-4.596867,116.545813
287028.0,2025-12-15T01:59:06.626594,67.254552,0.523404,-0.038766,-0.138171,0.839913,-0.252320,-0.005659,0.092810,-0.041545,0.010653,0.011718,-15.875599,-4.560904,116.776860
287056.0,2025-12-15T01:59:06.627592,67.255549,0.523457,-0.039104,-0.139056,0.839718,0.060725,0.025264,0.020789,0.112918,-0.011718,-0.026632,-15.983114,-4.583243,116.767234
287079.0,2025-12-15T01:59:06.687256,67.315214,0.523139,-0.040422,-0.141590,0.839431,0.075306,0.068468,-0.003768,-0.053263,0.019175,0.012783,-16.314481,-4.604579,116.797479
287104.0,2025-12-15T01:59:06.688260,67.316218,0.523303,-0.039300,-0.140070,0.839637,-0.303427,-0.116098,0.091366,-0.031958,0.003196,0.009587,-16.096100,-4.623157,116.787721
287130.0,2025-12-15T01:59:06.747413,67.375371,0.521894,-0.038307,-0.138910,0.840752,-0.137814,-0.005020,0.067813,0.084156,-0.009587,-0.018109,-15.929537,-4.621867,116.987440
287155.0,2025-12-15T01:59:06.748409,67.376366,0.521590,-0.039868,-0.140833,0.840548,0.060759,0.025485,0.008767,-0.015979,0.008522,0.004261,-16.214583,-4.582424,117.010950
287175.0,2025-12-15T01:59:06.750645,67.378603,0.521715,-0.038800,-0.140031,0.840654,-0.112788,-0.015851,0.038065,-0.077764,0.019175,0.018109,-16.070892,-4.639041,117.007292
287206.0,2025-12-15T01:59:06.806173,67.434130,0.522159,-0.036711,-0.137919,0.840821,-0.157828,-0.035066,0.091062,0.056459,-0.008522,-0.013848,-15.735024,-4.720619,116.971217
287231.0,2025-12-15T01:59:06.807063,67.435021,0.520773,-0.035975,-0.137110,0.841845,0.136413,0.050161,0.029295,0.064981,-0.009587,-0.013848,-15.618624,-4.717110,117.164703
287254.0,2025-12-15T01:59:06.867466,67.495424,0.520608,-0.035804,-0.139928,0.841490,-0.019317,-0.007150,0.056602,-0.078830,0.015979,0.018109,-15.889134,-4.901205,117.196399
287279.0,2025-12-15T01:59:06.868463,67.496421,0.520825,-0.034691,-0.138048,0.841713,-0.148664,-0.074431,0.084434,-0.007457,0.002131,0.003196,-15.635319,-4.898872,117.177232
287303.0,2025-12-15T01:59:06.869480,67.497438,0.520579,-0.036486,-0.138826,0.841661,0.015688,0.001979,0.036963,0.033023,-0.003196,-0.007457,-15.820226,-4.768032,117.188075
287327.0,2025-12-15T01:59:06.928489,67.556447,0.518938,-0.036373,-0.138728,0.842695,0.056081,0.016227,0.031551,-0.011718,0.006392,0.003196,-15.812726,-4.742651,117.408817
287352.0,2025-12-15T01:59:06.928489,67.556447,0.519194,-0.034820,-0.137499,0.842804,-0.008822,-0.001298,0.053559,-0.025566,0.007457,0.005326,-15.597540,-4.823386,117.392196
287372.0,2025-12-15T01:59:06.986762,67.614719,0.519447,-0.033581,-0.135586,0.843009,-0.017253,-0.007825,0.058020,0.000000,0.001065,0.000000,-15.332922,-4.832369,117.369556
287403.0,2025-12-15T01:59:06.987763,67.615721,0.519154,-0.035111,-0.137398,0.842834,0.093578,0.035409,0.026255,-0.006392,0.006392,0.003196,-15.604926,-4.788405,117.393515
287429.0,2025-12-15T01:59:07.047190,67.675148,0.517517,-0.035161,-0.137379,0.843840,-0.015857,0.023305,0.043178,-0.033023,0.010653,0.006392,-15.614906,-4.752431,117.611418
287455.0,2025-12-15T01:59:07.047190,67.675148,0.517777,-0.033976,-0.135179,0.844085,0.018331,0.009811,0.057196,0.019175,-0.003196,-0.003196,-15.324906,-4.739589,117.586567
287475.0,2025-12-15T01:59:07.048184,67.676142,0.517548,-0.035060,-0.137204,0.843854,0.033321,0.021801,0.044561,-0.002131,0.004261,0.001065,-15.591340,-4.752290,117.608242
287506.0,2025-12-15T01:59:07.106873,67.734831,0.515947,-0.034774,-0.136689,0.844929,0.020061,0.037231,0.062782,0.002131,0.001065,0.000000,-15.531997,-4.719904,117.824268
287531.0,2025-12-15T01:59:07.107863,67.735821,0.515725,-0.035604,-0.138953,0.844661,-0.018073,-0.012648,0.056137,-0.013848,0.006392,0.004261,-15.807432,-4.771169,117.848750
287556.0,2025-12-15T01:59:07.168416,67.796374,0.516034,-0.033890,-0.137236,0.844823,-0.030115,-0.006221,0.066562,0.011718,0.000000,-0.001065,-15.534110,-4.840024,117.825786
287576.0,2025-12-15T01:59:07.169406,67.797364,0.515771,-0.035343,-0.139035,0.844630,0.015643,0.006913,0.059924,-0.002131,0.004261,0.000000,-15.800011,-4.802217,117.846330
287607.0,2025-12-15T01:59:07.227412,67.855369,0.515982,-0.034207,-0.137445,0.844808,0.003192,0.003059,0.035827,-0.026632,0.009587,0.006392,-15.573779,-4.820957,117.829126
287637.0,2025-12-15T01:59:07.228400,67.856357,0.514421,-0.033835,-0.137078,0.845834,-0.015917,0.000074,0.061105,0.015979,0.000000,-0.002131,-15.523967,-4.806698,118.041101
287657.0,2025-12-15T01:59:07.229109,67.857067,0.514128,-0.035436,-0.138755,0.845674,0.034976,0.010166,0.049467,-0.002131,0.002131,0.001065,-15.786462,-4.746103,118.063332
287687.0,2025-12-15T01:59:07.286371,67.914329,0.514361,-0.034047,-0.137214,0.845841,0.017281,0.005586,0.045220,-0.017044,0.005326,0.005326,-15.550326,-4.793085,118.046777
287712.0,2025-12-15T01:59:07.287389,67.915347,0.512784,-0.033747,-0.136888,0.846862,-0.027854,0.000175,0.058741,0.005326,0.001065,-0.001065,-15.508964,-4.774211,118.259834
287737.0,2025-12-15T01:59:07.347415,67.975373,0.512615,-0.034511,-0.138807,0.846621,-0.003115,-0.004015,0.037453,0.018109,-0.003196,-0.004261,-15.745859,-4.811243,118.277259
287757.0,2025-12-15T01:59:07.348411,67.976368,0.512409,-0.035050,-0.141241,0.846321,-0.030159,-0.030528,0.052088,-0.024501,0.009587,0.007457,-16.021568,-4.900099,118.304008
287789.0,2025-12-15T01:59:07.407408,68.035366,0.512632,-0.033970,-0.139328,0.846547,-0.068357,-0.034115,0.055940,-0.006392,0.005326,0.003196,-15.766316,-4.895262,118.283651
287815.0,2025-12-15T01:59:07.408394,68.036352,0.511059,-0.033596,-0.138851,0.847591,0.013271,-0.008726,0.036341,0.014914,-0.001065,-0.002131,-15.705650,-4.874277,118.496550
287840.0,2025-12-15T01:59:07.408394,68.036352,0.510877,-0.034011,-0.141236,0.847290,-0.028082,-0.031658,0.040797,-0.017044,0.006392,0.005326,-15.969303,-4.972286,118.521824
287859.0,2025-12-15T01:59:07.466317,68.094275,0.511067,-0.033278,-0.139128,0.847553,-0.042406,-0.033975,0.071823,-0.003196,0.001065,0.001065,-15.714826,-4.921936,118.500494
287892.0,2025-12-15T01:59:07.467335,68.095293,0.511017,-0.034278,-0.137003,0.847890,0.001703,0.016846,0.050930,0.002131,0.003196,0.001065,-15.560853,-4.697403,118.488054
287918.0,2025-12-15T01:59:07.526148,68.154106,0.509407,-0.034036,-0.136726,0.848912,0.018099,0.041880,0.057546,0.000000,0.003196,0.000000,-15.527683,-4.675471,118.704403
287943.0,2025-12-15T01:59:07.527149,68.155107,0.509242,-0.034570,-0.138992,0.848622,-0.009103,-0.008061,0.046486,-0.006392,0.003196,0.001065,-15.786207,-4.754625,118.725176
287963.0,2025-12-15T01:59:07.528149,68.156107,0.509422,-0.033824,-0.136982,0.848870,-0.001275,0.001253,0.053844,-0.011718,0.005326,0.003196,-15.540943,-4.711526,118.705817
287995.0,2025-12-15T01:59:07.586217,68.214175,0.509461,-0.032935,-0.139014,0.848552,-0.001203,-0.021224,0.049445,0.013848,-0.002131,-0.002131,-15.692541,-4.919162,118.718088
288021.0,2025-12-15T01:59:07.587219,68.215177,0.507823,-0.032839,-0.138799,0.849572,0.033772,-0.002495,0.051725,-0.014914,0.006392,0.004261,-15.674633,-4.885946,118.936034
288039.0,2025-12-15T01:59:07.647404,68.275362,0.507999,-0.032200,-0.136711,0.849830,-0.000316,0.001660,0.059131,-0.008522,0.004261,0.002131,-15.427679,-4.828209,118.915346
288070.0,2025-12-15T01:59:07.648405,68.276363,0.507720,-0.033794,-0.138222,0.849690,-0.000163,0.000454,0.047153,0.008522,0.000000,-0.001065,-15.672467,-4.756834,118.935391
288096.0,2025-12-15T01:59:07.708164,68.336122,0.507588,-0.033961,-0.140544,0.849381,-0.015841,-0.020934,0.051620,-0.008522,0.005326,0.003196,-15.915548,-4.875150,118.957062
288122.0,2025-12-15T01:59:07.708164,68.336122,0.506024,-0.033704,-0.140243,0.850374,-0.039718,-0.025299,0.058630,0.001065,0.002131,0.000000,-15.879075,-4.853655,119.166891
288147.0,2025-12-15T01:59:07.766041,68.393999,0.506188,-0.033147,-0.138068,0.850654,0.005556,0.006963,0.059156,-0.003196,0.004261,0.002131,-15.628075,-4.783037,119.146638
288171.0,2025-12-15T01:59:07.767040,68.394998,0.506049,-0.033524,-0.140278,0.850360,-0.022559,-0.026320,0.041946,0.001065,0.003196,0.000000,-15.872182,-4.873777,119.166138
288194.0,2025-12-15T01:59:07.768039,68.395997,0.506081,-0.034056,-0.138059,0.850683,0.006792,0.023395,0.039093,-0.003196,0.003196,0.000000,-15.680041,-4.691845,119.148550
288218.0,2025-12-15T01:59:07.825960,68.453918,0.504452,-0.033820,-0.137784,0.851704,-0.025361,0.010501,0.061607,-0.002131,0.003196,0.002131,-15.647488,-4.669152,119.366633
288243.0,2025-12-15T01:59:07.826964,68.454922,0.504690,-0.031770,-0.138934,0.851455,0.010761,-0.017152,0.044444,0.005326,0.000000,-0.001065,-15.644143,-4.941380,119.365563
288268.0,2025-12-15T01:59:07.886658,68.514616,0.504355,-0.034220,-0.138675,0.851601,-0.015114,0.010020,0.045502,-0.009587,0.005326,0.003196,-15.760373,-4.680502,119.376405
288297.0,2025-12-15T01:59:07.886658,68.514616,0.504660,-0.032640,-0.137009,0.851752,-0.013347,-0.002823,0.061569,0.001065,0.003196,-0.001065,-15.500990,-4.742889,119.352643
288323.0,2025-12-15T01:59:07.887662,68.515620,0.503095,-0.032336,-0.136652,0.852746,0.040677,0.022733,0.052902,0.009587,0.001065,-0.002131,-15.456129,-4.723638,119.562692
288341.0,2025-12-15T01:59:07.946640,68.574597,0.502918,-0.032863,-0.138985,0.852454,-0.003830,-0.000870,0.040453,-0.012783,0.005326,0.003196,-15.721551,-4.805176,119.585566
288373.0,2025-12-15T01:59:07.947655,68.575613,0.503156,-0.031766,-0.137047,0.852669,-0.000965,0.000629,0.045142,-0.004261,0.004261,0.001065,-15.462870,-4.803531,119.563234
288395.0,2025-12-15T01:59:08.008279,68.636236,0.502900,-0.033289,-0.138644,0.852503,0.010013,0.003801,0.042915,0.007457,0.002131,-0.002131,-15.711830,-4.743222,119.581232
288423.0,2025-12-15T01:59:08.008279,68.636236,0.501261,-0.033129,-0.138438,0.853507,0.006161,0.003316,0.050613,-0.008522,0.005326,0.003196,-15.690752,-4.717101,119.799268
288448.0,2025-12-15T01:59:08.009278,68.637236,0.501587,-0.030967,-0.137594,0.853534,0.004860,-0.000254,0.063135,0.001065,0.002131,0.001065,-15.480868,-4.885722,119.782436
288476.0,2025-12-15T01:59:08.067377,68.695335,0.501733,-0.029732,-0.139406,0.853198,0.002262,-0.036177,0.036158,-0.002131,0.012783,-0.002131,-15.592145,-5.114995,119.784462
288502.0,2025-12-15T01:59:08.067377,68.695335,0.500227,-0.029785,-0.139059,0.854136,-0.137260,0.117363,0.074809,-0.004261,0.035154,0.001065,-15.568875,-5.062434,119.981484
288525.0,2025-12-15T01:59:08.127071,68.755029,0.500185,-0.031189,-0.138760,0.854160,0.369847,-0.034504,-0.015234,0.118244,0.000000,-0.024501,-15.618602,-4.906535,119.967986
288551.0,2025-12-15T01:59:08.128072,68.756030,0.499479,-0.033495,-0.142874,0.853806,0.078385,0.126093,0.002604,-0.215183,0.044741,0.052198,-16.167945,-4.906400,120.041786
288576.0,2025-12-15T01:59:08.185963,68.813921,0.499615,-0.032212,-0.140696,0.854138,-0.323165,-0.159471,0.117234,0.022371,0.006392,0.013848,-15.874947,-4.908236,120.035006
288601.0,2025-12-15T01:59:08.186978,68.814936,0.500086,-0.029124,-0.139939,0.854098,-0.015016,0.030027,0.054469,0.092678,-0.015979,-0.013848,-15.620798,-5.175871,120.011325
288627.0,2025-12-15T01:59:08.246891,68.874848,0.498599,-0.028511,-0.139222,0.855104,0.258654,-0.076919,0.008657,0.049002,-0.014914,-0.010653,-15.522566,-5.167821,120.213117
288651.0,2025-12-15T01:59:08.246891,68.874848,0.498128,-0.031477,-0.138972,0.855315,-0.039888,0.019396,0.031952,-0.103331,0.025566,0.024501,-15.667683,-4.853324,120.235868
288676.0,2025-12-15T01:59:08.248883,68.876841,0.498643,-0.029103,-0.136373,0.855518,-0.121623,-0.043253,0.111301,0.100135,-0.023436,-0.023436,-15.268526,-4.945426,120.191260
288698.0,2025-12-15T01:59:08.305645,68.933603,0.498547,-0.030108,-0.137272,0.855395,0.250957,0.067772,-0.000431,0.078830,-0.011718,-0.018109,-15.416485,-4.896975,120.193672
288725.0,2025-12-15T01:59:08.306964,68.934922,0.496752,-0.030667,-0.137989,0.856304,-0.057792,-0.018631,0.073621,-0.095874,0.022371,0.020240,-15.530311,-4.851432,120.424881
288749.0,2025-12-15T01:59:08.367272,68.995230,0.497137,-0.028578,-0.136378,0.856411,-0.100140,-0.006799,0.081619,0.028762,-0.002131,-0.006392,-15.247880,-4.970796,120.396418
288778.0,2025-12-15T01:59:08.367272,68.995230,0.496870,-0.030309,-0.137653,0.856302,0.108802,0.013157,0.028563,0.012783,-0.003196,-0.004261,-15.475536,-4.869303,120.413004
288805.0,2025-12-15T01:59:08.368715,68.996673,0.495243,-0.030412,-0.137832,0.857211,0.050937,0.021545,0.041342,-0.034088,0.011718,0.008522,-15.508390,-4.840455,120.626220
288827.0,2025-12-15T01:59:08.426321,69.054279,0.495522,-0.028456,-0.137080,0.857238,-0.049356,0.004723,0.061501,-0.019175,0.006392,0.005326,-15.320940,-4.994797,120.612604
288853.0,2025-12-15T01:59:08.427318,69.055275,0.495281,-0.030033,-0.138246,0.857137,0.056144,0.009204,0.044080,0.028762,-0.005326,-0.006392,-15.528662,-4.902299,120.627472
288878.0,2025-12-15T01:59:08.486337,69.114295,0.494922,-0.032041,-0.139837,0.857013,0.015809,0.002393,0.042673,-0.020240,0.007457,0.005326,-15.804203,-4.789680,120.652654
288903.0,2025-12-15T01:59:08.487458,69.115415,0.495232,-0.030395,-0.138178,0.857163,0.003510,0.001606,0.057121,0.004261,0.002131,-0.001065,-15.542461,-4.861814,120.628951
288929.0,2025-12-15T01:59:08.547095,69.175052,0.493670,-0.030228,-0.138043,0.858091,0.004135,0.029337,0.046027,-0.007457,0.004261,0.001065,-15.527865,-4.842607,120.836040
288949.0,2025-12-15T01:59:08.548095,69.176053,0.493901,-0.028009,-0.139107,0.857861,0.008364,0.005340,0.063804,0.040480,-0.010653,-0.004261,-15.510016,-5.126469,120.837426
288981.0,2025-12-15T01:59:08.549096,69.177054,0.506106,-0.041233,-0.176692,0.843170,-4.008572,-2.148983,-1.686853,-3.593137,-0.423975,-1.404018,-19.983420,-6.275920,119.158846
289007.0,2025-12-15T01:59:08.606921,69.234879,0.529547,-0.051982,-0.196720,0.823516,-3.431902,-3.289583,0.181542,-2.242382,0.315318,-2.531068,-22.454254,-7.049569,115.916459
289033.0,2025-12-15T01:59:08.607942,69.235900,0.550913,-0.042264,-0.175400,0.814828,-2.122073,-1.583769,0.644735,1.675661,0.626375,-1.923867,-19.573179,-7.145143,113.108023
289053.0,2025-12-15T01:59:08.666345,69.294303,0.570359,-0.018076,-0.140497,0.809089,2.257735,0.360059,0.284736,3.681554,0.221575,-1.872735,-14.484900,-7.528370,110.594966
289085.0,2025-12-15T01:59:08.667346,69.295303,0.569055,-0.031528,-0.153856,0.807162,1.284423,-0.690112,-0.277034,-1.429585,0.139550,0.083091,-16.647025,-7.135095,110.677055
289111.0,2025-12-15T01:59:08.727175,69.355133,0.571740,-0.037283,-0.149415,0.805853,-1.265892,-1.570205,0.307439,-0.083091,0.634898,-0.319579,-16.570820,-6.359341,110.216791
289137.0,2025-12-15T01:59:08.787004,69.414962,0.584578,-0.041854,-0.149415,0.796362,-0.470411,-4.071488,0.345879,-0.378169,0.327036,-1.309210,-16.774127,-6.201629,108.353329
289157.0,2025-12-15T01:59:08.789027,69.416985,0.601751,-0.041312,-0.155943,0.782222,-1.076953,-2.044173,1.129238,-0.662594,-0.225836,-1.897236,-17.213492,-7.068002,105.930069
289185.0,2025-12-15T01:59:08.789027,69.416985,0.999737,-0.003630,0.003122,-0.022415,-0.370812,-0.810473,2.010924,-0.268447,0.246076,-1.883387,-0.423890,0.348339,-2.570147
289231.0,2025-12-15T01:59:08.790022,69.417980,0.999506,-0.008161,0.010889,-0.028330,-0.646957,0.601608,0.375148,-0.765925,0.731837,-2.380866,-0.970390,1.220771,-3.257411
289259.0,2025-12-15T01:59:08.847085,69.475043,0.999150,-0.004805,0.010167,-0.039660,-1.980410,-0.298583,-2.268064,-0.394148,0.815992,-3.334277,-0.596509,1.142312,-4.552132
289284.0,2025-12-15T01:59:08.848082,69.476040,0.995833,-0.017397,0.013436,-0.088504,-1.254697,-1.585845,-1.916770,-0.992826,0.237554,-4.124703,-2.122612,1.356939,-10.182721
289307.0,2025-12-15T01:59:08.907260,69.535218,0.998237,-0.024306,-0.007007,-0.053689,2.581130,-1.396387,0.913039,-1.910019,-0.667921,-4.393150,-2.738708,-0.951061,-6.134530
289333.0,2025-12-15T01:59:08.908258,69.536216,0.992594,-0.041855,-0.015132,-0.113029,1.235743,-1.238262,0.018212,-1.366734,-0.482565,-5.012069,-4.573178,-2.263891,-12.902463
289358.0,2025-12-15T01:59:08.969104,69.597062,0.983239,-0.062401,-0.020161,-0.170123,0.150142,-0.994853,-0.030914,-1.600027,-0.330232,-4.850149,-6.665048,-3.490233,-19.429264
289383.0,2025-12-15T01:59:08.969918,69.597876,0.971735,-0.080776,-0.026525,-0.220234,-1.177383,0.032963,-1.218619,-1.444498,-0.695618,-4.337757,-8.386957,-4.998469,-25.172893
289409.0,2025-12-15T01:59:09.025678,69.653636,0.959858,-0.086370,-0.035702,-0.264460,-1.162730,1.436711,-1.324431,-0.484695,-0.733967,-3.761448,-8.504732,-6.558637,-30.319688
289434.0,2025-12-15T01:59:09.027189,69.655147,0.950097,-0.089733,-0.041289,-0.295904,-0.099410,0.812229,-1.085131,-0.478304,-0.431432,-2.779275,-8.473682,-7.559849,-34.037085
289454.0,2025-12-15T01:59:09.028205,69.656163,0.999730,-0.002940,-0.003851,-0.022732,-1.259507,-0.991740,-1.856899,-0.219444,-0.352602,-1.910019,-0.326744,-0.448878,-2.603891
289487.0,2025-12-15T01:59:09.086816,69.714773,0.999267,-0.004300,-0.009403,-0.036849,-1.570377,-0.746618,-1.995102,-0.087352,-0.499609,-1.187770,-0.452780,-1.094991,-4.219397
289513.0,2025-12-15T01:59:09.087329,69.715287,0.999949,0.000853,-0.006038,-0.008005,-2.024456,-1.395210,-0.521797,0.089482,-0.682835,-0.578439,0.103339,-0.691080,-0.917937
289538.0,2025-12-15T01:59:09.147125,69.775083,0.999466,0.030356,-0.007326,-0.009633,-2.932355,-8.343457,4.646882,2.551308,-0.615723,-0.809601,3.487325,-0.805580,-1.128935
289563.0,2025-12-15T01:59:09.148125,69.776083,0.999831,0.015933,0.009100,-0.001471,-1.459644,-0.757802,0.626071,1.389105,0.570982,-0.123571,1.824578,1.045315,-0.151927
289583.0,2025-12-15T01:59:09.149124,69.777082,0.999411,0.025049,0.023425,0.001308,-0.635493,-1.307092,-0.365418,0.918258,1.083374,0.227967,2.876608,2.679998,0.217257
289616.0,2025-12-15T01:59:09.206222,69.834180,0.999163,0.026998,0.030300,0.005203,0.200007,-2.611924,-0.402684,0.230097,0.446346,0.439954,3.116381,3.455267,0.690683
289642.0,2025-12-15T01:59:09.207124,69.835082,0.998953,0.029861,0.032629,0.011688,-0.277889,-1.847371,-0.999661,0.420779,0.170442,0.560329,3.471272,3.697608,1.452781
289667.0,2025-12-15T01:59:09.266306,69.894264,0.998450,0.017579,0.050493,0.015451,0.163082,-1.108337,-0.159001,-0.825580,1.490305,0.252468,2.111800,5.755623,1.879333
289687.0,2025-12-15T01:59:09.267304,69.895262,0.999914,-0.002260,0.012896,0.001065,1.124866,-0.512647,1.616635,-0.167247,1.116397,0.089482,-0.257415,1.478108,0.118750
289718.0,2025-12-15T01:59:09.327290,69.955248,0.999993,-0.002856,0.001825,0.001655,0.004823,-0.789715,-0.044376,-0.238619,-0.010653,0.253533,-0.326966,0.209727,0.189107
289743.0,2025-12-15T01:59:09.328290,69.956248,0.999952,-0.008739,0.001875,0.004129,0.111455,-0.696251,-0.008220,-0.296144,0.029827,0.207727,-1.000507,0.219010,0.471200
289768.0,2025-12-15T01:59:09.386834,70.014791,0.999911,-0.012401,0.001670,0.004539,0.123303,-0.621874,-0.004650,-0.110787,0.018109,0.035154,-1.420188,0.197806,0.517767
289788.0,2025-12-15T01:59:09.387830,70.015787,0.999802,-0.019268,0.000852,0.004820,0.141607,-0.608142,-0.066530,-0.381365,-0.026632,0.023436,-2.207599,0.108220,0.550319
289821.0,2025-12-15T01:59:09.387830,70.015787,0.999721,-0.023175,0.002356,0.003962,0.045092,0.128867,0.096781,-0.372843,-0.026632,0.046872,-2.654885,0.280453,0.447631
289846.0,2025-12-15T01:59:09.446861,70.074818,0.999673,-0.025064,0.002360,0.004370,0.074312,-0.228444,-0.009990,0.034088,0.052198,0.037284,-2.871267,0.282908,0.493844
289866.0,2025-12-15T01:59:09.448866,70.076824,0.999525,-0.029953,0.005152,0.005013,-0.045218,-0.317759,-0.131474,-0.216249,0.186421,0.057524,-3.430042,0.607312,0.556587
289898.0,2025-12-15T01:59:09.507396,70.135353,0.999385,-0.032418,0.012351,0.005129,0.298096,0.361223,0.082912,-0.267381,0.449542,0.135289,-3.708997,1.433660,0.541690
289922.0,2025-12-15T01:59:09.507396,70.135353,0.999272,-0.034128,0.015693,0.006678,0.547300,0.199180,0.005537,-0.206661,0.466586,0.148072,-3.900870,1.823397,0.703657
289947.0,2025-12-15T01:59:09.566644,70.194602,0.999146,-0.036089,0.018494,0.007941,0.773396,0.365196,-0.022393,-0.245011,0.415453,0.121440,-4.121532,2.150829,0.833321
289970.0,2025-12-15T01:59:09.566644,70.194602,0.999122,-0.036326,0.019187,0.008205,0.959127,0.528509,-0.003310,-0.113983,0.233293,0.033023,-4.147754,2.231444,0.860203
289996.0,2025-12-15T01:59:09.567939,70.195897,0.999103,-0.035210,0.022803,0.005849,1.003109,0.529617,0.014146,0.010653,0.156594,-0.092678,-4.023402,2.635260,0.578241
290021.0,2025-12-15T01:59:09.627531,70.255488,0.999159,-0.033700,0.023050,0.003894,1.000875,0.320069,-0.024045,0.066046,0.214118,-0.150202,-3.855280,2.655062,0.357166
290046.0,2025-12-15T01:59:09.627531,70.255488,0.999361,-0.029093,0.020759,0.001030,1.295803,0.713855,0.094133,0.289752,-0.014914,-0.231162,-3.333984,2.381390,0.048772
290071.0,2025-12-15T01:59:09.686741,70.314698,0.999608,-0.023190,0.015562,-0.002134,0.987202,-0.075812,-0.068389,0.493217,-0.230097,-0.256729,-2.662339,1.777206,-0.285943
290096.0,2025-12-15T01:59:09.687733,70.315691,0.999658,-0.023967,0.010096,-0.002667,0.578784,-0.172615,-0.015395,-0.011718,-0.265251,-0.045806,-2.750170,1.149304,-0.333284
290122.0,2025-12-15T01:59:09.688734,70.316691,0.999667,-0.023720,0.009537,-0.003545,0.560463,-0.012723,0.011042,-0.030893,-0.204531,0.034088,-2.722608,1.082982,-0.432088
290142.0,2025-12-15T01:59:09.746200,70.374158,0.999736,-0.021960,0.006183,-0.002696,0.413176,0.061922,0.039500,0.107592,-0.087352,0.074569,-2.518708,0.701535,-0.324428
290175.0,2025-12-15T01:59:09.747202,70.375160,0.999767,-0.021372,0.001676,-0.002594,0.541401,-0.112146,0.016738,0.080960,-0.181095,0.009587,-2.449767,0.185655,-0.301325
290198.0,2025-12-15T01:59:09.806339,70.434297,0.999795,-0.019643,0.000608,-0.004941,0.317449,-0.159450,0.022988,0.104396,-0.242880,-0.083091,-2.251403,0.058589,-0.567472
290224.0,2025-12-15T01:59:09.807336,70.435293,0.999735,-0.022119,-0.003054,-0.005553,0.152412,-0.316223,-0.037637,-0.037284,-0.201335,-0.053263,-2.532935,-0.363970,-0.628480
290249.0,2025-12-15T01:59:09.867210,70.495167,0.999603,-0.027238,-0.005259,-0.005033,-0.025272,-0.098967,-0.008521,-0.230097,-0.169377,0.040480,-3.118658,-0.618083,-0.560083
290269.0,2025-12-15T01:59:09.868207,70.496164,0.999559,-0.028534,-0.007437,-0.003442,0.065563,0.090892,0.027250,-0.211988,-0.017044,0.139550,-3.267541,-0.863142,-0.369926
290299.0,2025-12-15T01:59:09.868207,70.496164,0.999501,-0.030833,-0.006130,-0.003194,0.146886,0.183730,0.026644,-0.241815,-0.057524,0.125701,-3.531674,-0.713394,-0.344243
290328.0,2025-12-15T01:59:09.927414,70.555372,0.999507,-0.030307,-0.008074,-0.001727,0.121496,0.295671,0.015332,-0.132093,-0.075634,0.125701,-3.472183,-0.930822,-0.169824
290351.0,2025-12-15T01:59:09.928411,70.556368,0.999510,-0.030164,-0.008356,-0.000785,-0.093887,0.284983,0.030468,-0.177899,-0.085221,0.077764,-3.456623,-0.959768,-0.061091
290376.0,2025-12-15T01:59:09.986420,70.614377,0.999561,-0.028422,-0.008326,-0.000998,-0.054260,0.461866,0.076414,-0.052198,-0.019175,-0.017044,-3.256767,-0.957017,-0.087259
290403.0,2025-12-15T01:59:09.987419,70.615376,0.999639,-0.025845,-0.006683,-0.003168,0.014194,0.175971,0.020665,0.161920,-0.021305,-0.079895,-2.959655,-0.774936,-0.343082
290428.0,2025-12-15T01:59:09.988409,70.616367,0.999719,-0.022176,-0.007059,-0.004468,-0.027411,0.073670,0.014174,0.109722,-0.055394,-0.110787,-2.537997,-0.820074,-0.493963
290455.0,2025-12-15T01:59:10.046745,70.674703,0.999807,-0.017198,-0.007261,-0.006102,-0.020759,0.089292,0.045406,0.218379,-0.030893,-0.138484,-1.965937,-0.843974,-0.684873
290480.0,2025-12-15T01:59:10.047612,70.675570,0.999815,-0.015254,-0.009107,-0.007408,-0.011396,-0.064643,0.045118,0.304666,-0.010653,-0.110787,-1.740434,-1.056415,-0.833010
290506.0,2025-12-15T01:59:10.106549,70.734507,0.999839,-0.013744,-0.007210,-0.009035,-0.143765,-0.340399,-0.016659,0.107592,-0.001065,-0.021305,-1.567645,-0.840345,-1.024012
290532.0,2025-12-15T01:59:10.107551,70.735509,0.999816,-0.015619,-0.006565,-0.009045,-0.067785,-0.244316,0.007633,0.035154,0.001065,-0.003196,-1.783100,-0.768374,-1.024681
290552.0,2025-12-15T01:59:10.227045,70.855002,0.999775,-0.018019,-0.006699,-0.008943,0.012252,-0.222542,0.010673,-0.002131,0.001065,0.007457,-2.058155,-0.785961,-1.010868
290584.0,2025-12-15T01:59:10.227045,70.855002,0.999730,-0.020771,-0.005955,-0.008587,-0.052185,-0.140783,0.012036,-0.041545,-0.002131,0.027697,-2.374520,-0.702618,-0.969679
290611.0,2025-12-15T01:59:10.228047,70.856004,0.999748,-0.019978,-0.003759,-0.009508,-0.064693,-0.072412,0.027330,0.026632,0.015979,0.023436,-2.285274,-0.452461,-1.080715
290636.0,2025-12-15T01:59:10.229038,70.856996,0.999713,-0.022192,-0.002526,-0.008650,-0.014463,-0.107325,0.003714,0.007457,0.053263,0.071373,-2.540647,-0.311371,-0.984552
290685.0,2025-12-15T01:59:10.286974,70.914932,0.999774,-0.020084,-0.002916,-0.006276,0.101430,-0.222064,0.033167,0.225836,0.082025,0.056459,-2.299536,-0.348546,-0.712294
290711.0,2025-12-15T01:59:10.287974,70.915932,0.999793,-0.018739,-0.000535,-0.007923,0.144725,-0.146037,0.037653,0.078830,0.055394,-0.004261,-2.146924,-0.078250,-0.906626
290731.0,2025-12-15T01:59:10.348120,70.976078,0.999776,-0.019598,-0.001536,-0.007854,0.178396,-0.255455,0.012114,0.088417,0.035154,0.008522,-2.244441,-0.193566,-0.896410
290760.0,2025-12-15T01:59:10.350133,70.978091,0.999730,-0.021886,-0.001393,-0.007727,0.087643,-0.250074,0.006235,-0.001065,0.068177,0.012783,-2.506834,-0.178986,-0.881780
290785.0,2025-12-15T01:59:10.350133,70.978091,0.999669,-0.024693,-0.001058,-0.007208,0.108943,-0.148553,0.002751,-0.058590,0.117179,0.047937,-2.828981,-0.141614,-0.822794
290811.0,2025-12-15T01:59:10.407416,71.035374,0.999738,-0.021770,0.003132,-0.006420,0.396061,0.094247,0.134657,0.191748,0.188552,0.177899,-2.497191,0.342779,-0.743304
290836.0,2025-12-15T01:59:10.408417,71.036375,0.999905,-0.012363,0.004713,-0.003797,0.513620,-0.162660,0.318814,0.775512,0.332363,0.234358,-1.418813,0.534626,-0.441727
290858.0,2025-12-15T01:59:10.466107,71.094065,0.999884,0.012587,0.008473,0.001217,2.325127,-2.470124,0.094565,2.225337,0.468716,0.439954,1.443786,0.969126,0.151640
290885.0,2025-12-15T01:59:10.468160,71.096118,0.999230,0.033349,-0.000872,0.020655,1.328419,-4.975276,1.277701,2.842125,-0.062851,1.736381,3.819406,-0.178771,2.362447
290911.0,2025-12-15T01:59:10.526954,71.154912,0.998909,0.013871,0.011642,0.043045,1.055732,-6.365736,1.057890,1.166465,0.978978,3.619768,1.645855,1.264275,4.953142
290936.0,2025-12-15T01:59:10.527977,71.155935,0.998842,0.012571,0.004390,0.046235,2.078471,-6.235770,0.208452,1.096157,0.378169,3.888215,1.462310,0.435867,5.306025
290960.0,2025-12-15T01:59:10.529974,71.157932,0.993661,0.011526,-0.000591,0.111826,2.640210,-7.703459,-1.223119,-0.086286,-0.338754,5.540440,1.304967,-0.215029,12.839551
290980.0,2025-12-15T01:59:10.586941,71.214898,0.997022,0.002468,-0.005563,0.076875,1.707084,-6.925735,-1.688054,0.406931,-0.448476,6.476807,0.233012,-0.657337,8.816779
291013.0,2025-12-15T01:59:10.587937,71.215895,0.987413,0.018448,-0.007434,0.156906,2.140097,-4.108715,-2.364119,1.563808,-0.287621,6.748450,1.954546,-1.172938,18.038262
291035.0,2025-12-15T01:59:10.646577,71.274535,0.997233,0.014240,-0.002782,0.072908,1.270319,-2.500515,-3.377226,1.199488,-0.234358,6.141249,1.604293,-0.436916,8.356805
291062.0,2025-12-15T01:59:10.647573,71.275531,0.989433,0.021524,-0.007899,0.143167,0.852580,-0.529350,-2.700200,0.606135,-0.392017,5.952697,2.312031,-1.248832,16.441399
291087.0,2025-12-15T01:59:10.706398,71.334356,0.979840,0.019154,-0.028551,0.196804,-0.577281,1.052838,-2.928957,-0.393083,-1.600027,4.620052,1.509997,-3.640159,22.665846
291116.0,2025-12-15T01:59:10.706398,71.334356,0.998665,-0.010998,-0.026374,0.043028,-0.191263,3.144153,-1.713924,-1.084439,-2.326538,3.565440,-1.390610,-2.965248,4.970176
291136.0,2025-12-15T01:59:10.707400,71.335358,0.995752,-0.022185,-0.049702,0.074262,-3.249054,3.456010,-2.480567,-1.124919,-2.061286,2.641856,-2.969347,-5.490901,8.672711
291168.0,2025-12-15T01:59:10.766071,71.394029,0.991121,-0.046898,-0.065869,0.105551,-3.290546,1.724394,-2.341456,-2.164617,-1.437042,2.723881,-6.180137,-6.930640,12.532385
291188.0,2025-12-15T01:59:10.767071,71.395029,0.986244,-0.059749,-0.075602,0.134302,-1.752822,-0.422915,0.007098,-0.988565,-1.032241,2.445847,-8.013154,-7.647284,16.045603
291218.0,2025-12-15T01:59:10.827428,71.455385,0.999569,0.008269,-0.027713,0.005104,-0.521279,-0.408006,-2.365571,0.700944,-2.368083,0.423975,0.932412,-3.180725,0.559291
291243.0,2025-12-15T01:59:10.828193,71.456151,0.999949,-0.000907,0.009904,0.001737,-1.011814,-1.192456,-0.936408,0.066046,0.691357,0.145941,-0.101921,1.135139,0.198081
291268.0,2025-12-15T01:59:10.886465,71.514423,0.999912,0.006399,0.011189,0.003241,-2.688266,1.634593,0.418567,0.501740,-0.059655,0.129962,0.737542,1.279778,0.379607
291288.0,2025-12-15T01:59:10.887474,71.515432,0.999888,0.007941,0.012660,0.000163,0.095215,-1.065929,-0.158724,0.332363,0.134223,-0.253533,0.910437,1.450533,0.030194
291321.0,2025-12-15T01:59:10.888475,71.516433,0.999853,0.006005,0.016046,-0.000006,0.662929,-0.366016,0.014829,-0.135289,0.086286,-0.022371,0.688334,1.838733,0.010344
291345.0,2025-12-15T01:59:10.946308,71.574266,0.999893,0.002378,0.014290,-0.002181,0.485006,-0.245684,-0.019313,-0.198139,0.022371,-0.185356,0.268963,1.638138,-0.246070
291365.0,2025-12-15T01:59:10.947311,71.575269,0.999923,0.002153,0.011891,-0.002829,0.454851,0.124207,0.112381,-0.064981,-0.007457,-0.056459,0.242876,1.363303,-0.321260
291399.0,2025-12-15T01:59:11.007054,71.635012,0.999900,0.001772,0.013808,-0.002544,0.438609,-0.310426,-0.036984,-0.001065,-0.035154,0.001065,0.199038,1.582847,-0.288806
291424.0,2025-12-15T01:59:11.008052,71.636010,0.999928,-0.000108,0.011745,-0.002545,0.458926,-0.112186,0.009908,-0.101200,0.018109,-0.001065,-0.015853,1.345831,-0.291850
291449.0,2025-12-15T01:59:11.065812,71.693770,0.999951,-0.001484,0.009484,-0.002438,0.374192,-0.052410,0.020013,-0.078830,0.006392,0.008522,-0.172779,1.086341,-0.281034
291469.0,2025-12-15T01:59:11.066811,71.694769,0.999967,-0.002350,0.007360,-0.002375,0.354001,-0.026991,0.016442,-0.051133,0.020240,0.005326,-0.271335,0.842717,-0.274189
291502.0,2025-12-15T01:59:11.067811,71.695768,0.999943,-0.003222,0.009882,-0.002233,0.458340,-0.058089,0.006600,-0.060720,0.012783,-0.004261,-0.371757,1.131558,-0.259521
291527.0,2025-12-15T01:59:11.127439,71.755397,0.999963,-0.003179,0.007671,-0.002327,0.358817,0.022735,-0.003103,-0.008522,0.013848,-0.007457,-0.366405,0.878130,-0.269491
291547.0,2025-12-15T01:59:11.128432,71.756390,0.999972,-0.003734,0.006093,-0.002322,0.295237,-0.006966,-0.013328,-0.036219,0.067112,0.001065,-0.429477,0.697221,-0.268733
291578.0,2025-12-15T01:59:11.249864,71.877821,0.999976,-0.004278,0.004957,-0.002269,0.343876,0.009610,0.006922,-0.045806,0.104396,0.005326,-0.491481,0.566870,-0.262458
291604.0,2025-12-15T01:59:11.250862,71.878820,0.999948,-0.004934,0.008656,-0.002079,0.448951,0.041476,0.003339,-0.049002,0.111853,-0.004261,-0.567545,0.990758,-0.243210
291629.0,2025-12-15T01:59:11.251863,71.879820,0.999954,-0.005226,0.007688,-0.002164,0.435072,0.090382,0.013217,-0.061785,0.115049,-0.006392,-0.600860,0.879650,-0.252569
291708.0,2025-12-15T01:59:11.307242,71.935200,0.999947,-0.005093,0.008668,-0.002011,0.584699,0.086025,0.002938,-0.019175,0.074569,0.003196,-0.585699,0.992147,-0.235538
291733.0,2025-12-15T01:59:11.307242,71.935200,0.999964,-0.004908,0.006698,-0.001995,0.547323,0.088537,0.011107,-0.015979,0.031958,0.002131,-0.564010,0.766453,-0.232367
291753.0,2025-12-15T01:59:11.366847,71.994804,0.999977,-0.004705,0.004415,-0.001966,0.532320,0.072539,0.009795,-0.009587,0.006392,0.003196,-0.540140,0.504904,-0.227654
291784.0,2025-12-15T01:59:11.366847,71.994804,0.999987,-0.004309,0.001842,-0.001999,0.420696,0.073448,0.009020,-0.001065,-0.019175,-0.002131,-0.494253,0.210033,-0.230014
291810.0,2025-12-15T01:59:11.426697,72.054655,0.999980,-0.004293,0.004093,-0.002005,0.454041,0.070595,-0.002442,-0.002131,-0.010653,-0.008522,-0.492920,0.468028,-0.231784
291835.0,2025-12-15T01:59:11.486173,72.114131,0.999988,-0.003963,0.001926,-0.002369,0.444004,0.079481,0.017193,-0.007457,0.014914,-0.029827,-0.454667,0.219582,-0.272335
291855.0,2025-12-15T01:59:11.487689,72.115646,0.999990,-0.003672,-0.000239,-0.002543,0.404981,0.060486,0.011983,-0.005326,0.015979,-0.013848,-0.420736,-0.028468,-0.291315
291885.0,2025-12-15T01:59:11.488703,72.116661,0.999989,-0.003273,-0.002177,-0.002693,0.303439,0.052967,0.012047,-0.002131,0.034088,-0.011718,-0.374416,-0.250444,-0.307756
291931.0,2025-12-15T01:59:11.488703,72.116661,0.999990,-0.003221,-0.001124,-0.002912,0.401919,0.040413,-0.001533,-0.011718,0.037284,-0.011718,-0.368673,-0.129929,-0.333312
291958.0,2025-12-15T01:59:11.547424,72.175381,0.999986,-0.002978,-0.003184,-0.002934,0.343509,0.067197,0.033290,-0.017044,0.023436,-0.001065,-0.340175,-0.365853,-0.335147
291983.0,2025-12-15T01:59:11.547424,72.175381,0.999979,-0.002613,-0.005032,-0.003020,0.350333,0.062146,0.025382,-0.005326,0.041545,-0.006392,-0.297678,-0.577495,-0.344598
292009.0,2025-12-15T01:59:11.606818,72.234776,0.999990,-0.002793,-0.002074,-0.002844,0.416727,0.033261,0.018537,-0.006392,0.050067,-0.008522,-0.319432,-0.238548,-0.325187
292034.0,2025-12-15T01:59:11.607807,72.235765,0.999985,-0.002673,-0.003844,-0.002954,0.332997,0.052726,0.014678,-0.020240,0.049002,-0.008522,-0.305039,-0.441357,-0.337385
292056.0,2025-12-15T01:59:11.666312,72.294269,0.999977,-0.002321,-0.005548,-0.003205,0.405993,0.076308,0.041975,-0.008522,0.053263,-0.020240,-0.263982,-0.636579,-0.365857
292082.0,2025-12-15T01:59:11.667326,72.295284,0.999965,-0.002225,-0.007215,-0.003518,0.414512,0.023361,-0.024152,-0.004261,0.059655,-0.025566,-0.252110,-0.827628,-0.401322
292109.0,2025-12-15T01:59:11.668311,72.296269,0.999981,-0.002182,-0.004723,-0.003440,0.364480,0.017372,0.032633,0.014914,0.011718,-0.021305,-0.248224,-0.542034,-0.392996
292138.0,2025-12-15T01:59:11.726731,72.354689,0.999969,-0.001865,-0.006858,-0.003461,0.356615,0.079237,0.019949,-0.015979,0.015979,-0.001065,-0.211059,-0.786621,-0.395181
292163.0,2025-12-15T01:59:11.727750,72.355708,0.999950,-0.001733,-0.009183,-0.003467,0.369662,0.023615,-0.002366,-0.002131,0.004261,0.000000,-0.195006,-1.052952,-0.395500
292187.0,2025-12-15T01:59:11.788295,72.416252,0.999924,-0.001466,-0.011777,-0.003460,0.227253,0.024038,0.020021,0.001065,-0.019175,0.001065,-0.163322,-1.350202,-0.394596
292213.0,2025-12-15T01:59:11.789321,72.417279,0.999948,-0.001533,-0.009613,-0.003123,0.259274,0.049461,0.013872,0.001065,-0.015979,0.000000,-0.172269,-1.102108,-0.356205
292233.0,2025-12-15T01:59:11.849533,72.477490,0.999922,-0.001006,-0.012053,-0.003165,0.305655,0.031463,0.024546,0.020240,-0.006392,-0.003196,-0.110922,-1.381533,-0.361336
292262.0,2025-12-15T01:59:11.850869,72.478827,0.999885,-0.000741,-0.014772,-0.003236,0.206141,-0.021278,-0.008751,0.034088,-0.028762,-0.006392,-0.079484,-1.693094,-0.369699
292282.0,2025-12-15T01:59:11.851897,72.479855,0.999844,-0.000569,-0.017329,-0.003325,0.047468,-0.002252,0.015937,0.011718,-0.014914,-0.007457,-0.058579,-1.986109,-0.380037
292315.0,2025-12-15T01:59:11.907037,72.534995,0.999886,-0.001442,-0.014685,-0.003358,0.140252,-0.112350,0.067431,-0.055394,0.024501,-0.026632,-0.159657,-1.683398,-0.382516
292341.0,2025-12-15T01:59:11.908285,72.536242,0.999876,-0.004645,-0.013546,-0.006602,-0.354687,-0.623756,0.080607,-0.096939,0.001065,-0.273773,-0.522170,-1.555784,-0.749483
292363.0,2025-12-15T01:59:11.975072,72.603030,0.999855,-0.002172,-0.010904,-0.012910,-0.984852,-1.158598,0.379239,0.348341,0.092678,-0.536893,-0.232745,-1.252690,-1.476957
292387.0,2025-12-15T01:59:11.975072,72.603030,0.999614,0.021234,0.004690,-0.017304,-0.465498,-0.205555,5.280973,1.784318,0.394148,-1.454086,2.423806,0.579389,-1.971187
292414.0,2025-12-15T01:59:12.028148,72.656106,0.999045,0.028735,0.021015,-0.025329,1.600682,-1.046113,10.309744,0.610397,1.367800,-0.700944,3.233365,2.490007,-2.834310
292439.0,2025-12-15T01:59:12.029156,72.657114,0.997492,0.035901,0.054480,-0.027433,1.203236,-0.932140,9.440642,0.537959,2.822950,-0.248207,3.959780,6.353147,-2.930896
292459.0,2025-12-15T01:59:12.030689,72.658647,0.994169,0.044502,0.094328,-0.027381,2.296247,-1.614756,7.287298,0.639159,3.376888,-0.084156,4.868227,10.952415,-2.688254
292491.0,2025-12-15T01:59:12.086521,72.714478,0.988696,0.048061,0.139839,-0.024805,5.344489,-2.412563,6.324396,0.192813,3.865844,0.060720,5.263612,16.194560,-2.124910
292516.0,2025-12-15T01:59:12.086521,72.714478,0.978625,0.052833,0.197558,-0.021742,6.920039,-3.441943,3.235804,0.281230,4.942827,0.056459,5.907422,22.890329,-1.348494
292538.0,2025-12-15T01:59:12.148568,72.776526,0.962928,0.059659,0.262530,-0.016950,7.566358,-3.640214,-0.034399,0.433563,5.648031,0.190682,7.066621,30.505328,-0.087660
292565.0,2025-12-15T01:59:12.149586,72.777544,0.997617,0.002979,0.068927,-0.000430,2.715077,-1.875104,-0.463316,0.409062,5.926065,-0.036219,0.340407,7.904869,-0.025890
292591.0,2025-12-15T01:59:12.207741,72.835699,0.990277,0.002091,0.139095,0.000347,4.596210,-1.916690,-2.195924,-0.015979,6.097573,-0.053263,0.252640,15.990806,0.075609
292616.0,2025-12-15T01:59:12.208762,72.836720,0.995249,-0.010627,0.096706,0.003887,1.860344,-0.986081,-5.433939,-0.896953,8.162056,0.328101,-1.191314,11.103097,0.331792
292636.0,2025-12-15T01:59:12.208762,72.836720,0.980437,-0.015682,0.196128,0.005516,3.032650,-1.000658,-9.521843,-0.418649,8.475244,0.189617,-1.774745,22.628554,0.289538
292667.0,2025-12-15T01:59:12.266013,72.893971,0.965444,-0.014095,0.260140,-0.006854,2.082767,-1.220856,-11.511306,0.345146,5.546832,-0.903344,-2.039799,30.139570,-1.362795
292694.0,2025-12-15T01:59:12.267015,72.894972,0.946545,-0.009753,0.321698,-0.021646,-0.898408,-1.013851,-13.200829,0.618919,5.437109,-1.045024,-2.339432,37.486994,-3.414055
292715.0,2025-12-15T01:59:12.326322,72.954280,0.924196,0.001728,0.380068,-0.037511,-1.134755,-1.392641,-15.372907,1.219728,5.290103,-0.945955,-2.039148,44.639556,-5.485619
292742.0,2025-12-15T01:59:12.326322,72.954280,0.905680,0.009236,0.421534,-0.044361,-3.237674,-0.065486,-15.995543,0.674312,3.837082,-0.356864,-1.836996,49.850930,-6.462057
292767.0,2025-12-15T01:59:12.328327,72.956285,0.999446,0.003091,0.032329,-0.007301,3.605343,-0.462087,-17.094236,0.264186,2.756904,-0.613592,0.327654,3.707757,-0.826433
292793.0,2025-12-15T01:59:12.386639,73.014597,0.999465,0.007552,0.027746,-0.015598,4.641469,-0.927265,-17.014658,0.633832,2.531068,-1.329450,0.816600,3.192928,-1.765467
292813.0,2025-12-15T01:59:12.387659,73.015617,0.998210,0.016024,0.054498,-0.018728,3.192032,0.650649,-19.765589,0.651942,2.455435,-0.266316,1.726637,6.280767,-2.054915
292845.0,2025-12-15T01:59:12.447234,73.075191,0.999962,-0.001395,0.004971,-0.006987,3.901330,0.439931,-22.452131,-0.117179,0.417584,-0.586961,-0.163831,0.568511,-0.801523
292870.0,2025-12-15T01:59:12.448228,73.076186,0.999916,-0.004088,-0.000965,-0.012228,4.265368,-0.655450,-24.065651,-0.220510,-0.499609,-0.442085,-0.467011,-0.116348,-1.400834
292896.0,2025-12-15T01:59:12.506332,73.134290,0.999411,-0.003200,-0.028564,-0.018726,5.215628,-1.117303,-23.644808,0.102265,-2.315885,-0.556068,-0.305645,-3.279880,-2.138126
292916.0,2025-12-15T01:59:12.507305,73.135263,0.997322,-0.000186,-0.068683,-0.025141,6.044384,-1.334852,-22.617601,0.300405,-3.369431,-0.560329,0.178306,-7.874762,-2.900393
292947.0,2025-12-15T01:59:12.508306,73.136263,0.989379,-0.004533,-0.136249,-0.050440,7.605910,-3.703400,-19.104807,-0.368581,-5.730057,-2.117746,0.284095,-15.667897,-5.876096
292976.0,2025-12-15T01:59:12.566507,73.194465,0.995768,-0.003647,-0.091824,-0.000492,5.530261,-3.043072,-15.900183,-0.193878,-7.581486,-0.041545,-0.417991,-10.537225,-0.018130
293002.0,2025-12-15T01:59:12.567406,73.195364,0.995459,0.004153,-0.094618,-0.009519,3.922202,-3.544282,-13.190007,0.350472,-7.984156,-0.803209,0.587501,-10.853446,-1.151505
293023.0,2025-12-15T01:59:12.627542,73.255500,0.980650,0.001436,-0.195659,-0.006407,0.631632,-2.424669,-9.303217,-0.117179,-8.612662,0.306796,0.330262,-22.564734,-0.814557
293049.0,2025-12-15T01:59:12.628528,73.256486,0.954396,-0.011635,-0.298311,-0.002063,-2.235988,-3.420228,-7.619977,-0.952346,-8.945025,0.574178,-1.462391,-34.712693,0.209366
293075.0,2025-12-15T01:59:12.686563,73.314521,0.993165,-0.033988,-0.110348,0.017079,-4.321247,-1.848483,-4.128088,-2.851713,-9.365805,1.444498,-4.188477,-12.593151,2.432731
293101.0,2025-12-15T01:59:12.686563,73.314521,0.992128,-0.053492,-0.110103,0.026409,-6.121464,-1.013863,-1.124380,-4.463458,-9.494701,2.159291,-6.583773,-12.453461,3.768648
293126.0,2025-12-15T01:59:12.687564,73.315521,0.994367,-0.048234,-0.081954,0.046809,-7.818317,3.305312,5.649020,-4.074636,-6.923153,3.954261,-6.022762,-9.118073,5.871052
293148.0,2025-12-15T01:59:12.747267,73.375225,0.985517,-0.058869,-0.140204,0.075053,-8.782133,1.727477,7.619300,-0.960868,-5.009939,2.235990,-8.178850,-15.516173,9.826130
293172.0,2025-12-15T01:59:12.748267,73.376225,0.980965,-0.052082,-0.171034,0.075777,-9.843342,2.742353,6.436097,0.353668,-2.653574,-0.143811,-7.792639,-19.127063,10.149256
293199.0,2025-12-15T01:59:12.807433,73.435391,0.979374,-0.042299,-0.182076,0.076718,-10.430469,3.937010,4.716044,0.742489,-0.999218,-0.101200,-6.792775,-20.496563,10.187615
293226.0,2025-12-15T01:59:12.807433,73.435391,0.976434,-0.043100,-0.198599,0.072651,-10.380414,3.149855,-0.706222,-0.245011,-1.384844,-0.362190,-7.023496,-22.431265,9.904756
293248.0,2025-12-15T01:59:12.808612,73.436569,0.973403,-0.046390,-0.215648,0.061887,-7.283824,0.484307,1.680743,-0.564590,-1.390170,-0.871386,-7.385364,-24.461580,8.878714
293277.0,2025-12-15T01:59:12.866764,73.494722,0.978891,0.033922,-0.192123,0.060913,-4.019859,-5.361186,6.126705,6.716492,1.614941,-1.476456,2.665220,-22.350223,6.594871
293303.0,2025-12-15T01:59:12.867762,73.495720,0.999665,-0.023766,0.007405,-0.007126,-2.201164,-2.061924,-0.587961,-1.938781,0.431432,-0.584830,-2.729833,0.828923,-0.836645
293328.0,2025-12-15T01:59:12.926450,73.554408,0.999622,-0.021141,0.011108,-0.013582,0.081461,0.209346,0.272696,0.022371,0.328101,-0.535828,-2.440285,1.239646,-1.583312
293348.0,2025-12-15T01:59:12.927950,73.555908,0.999594,-0.020882,0.011904,-0.015292,0.906709,-1.142175,-0.077408,0.175769,0.198139,-0.133158,-2.414187,1.327064,-1.780857
293377.0,2025-12-15T01:59:12.986435,73.614393,0.999562,-0.023949,0.009838,-0.014362,0.451327,-0.215372,-0.036128,-0.162985,-0.002131,0.080960,-2.760929,1.087514,-1.672574
293403.0,2025-12-15T01:59:12.987911,73.615869,0.999389,-0.029307,0.013197,-0.013716,0.538765,-0.395013,-0.122518,-0.455933,0.076699,0.086286,-3.380142,1.465380,-1.615858
293428.0,2025-12-15T01:59:13.049743,73.677701,0.999262,-0.033038,0.014966,-0.012663,0.411239,0.288916,0.108248,-0.420779,0.312122,0.095874,-3.809269,1.666061,-1.507466
293447.0,2025-12-15T01:59:13.050744,73.678702,0.999232,-0.031853,0.019369,-0.012067,0.872812,0.297158,-0.094487,0.013848,0.551807,0.073503,-3.679239,2.174291,-1.453633
293480.0,2025-12-15T01:59:13.050744,73.678702,0.999223,-0.030519,0.022065,-0.011665,1.281015,0.308742,0.017667,0.051133,0.417584,0.053263,-3.529594,2.486506,-1.414261
293506.0,2025-12-15T01:59:13.106651,73.734609,0.999148,-0.029103,0.026613,-0.012121,1.500524,0.056048,-0.072954,0.083091,0.188552,-0.001065,-3.375687,3.008040,-1.478774
293532.0,2025-12-15T01:59:13.108170,73.736128,0.999241,-0.028662,0.023280,-0.012385,1.251436,0.040157,-0.041936,0.028762,-0.079895,-0.018109,-3.320313,2.625866,-1.496334
293557.0,2025-12-15T01:59:13.166628,73.794585,0.999314,-0.028380,0.020082,-0.012787,1.105350,0.034130,-0.018625,0.015979,-0.068177,-0.029827,-3.283700,2.258611,-1.530975
293577.0,2025-12-15T01:59:13.167636,73.795594,0.999347,-0.028406,0.017947,-0.013315,0.971708,0.022050,-0.018317,-0.008522,0.021305,-0.038350,-3.284202,2.012328,-1.584394
293611.0,2025-12-15T01:59:13.226634,73.854592,0.999258,-0.028466,0.021890,-0.013915,1.145373,0.022696,-0.035469,-0.039415,0.136354,-0.018109,-3.299270,2.461965,-1.666582
293636.0,2025-12-15T01:59:13.227741,73.855699,0.999269,-0.028853,0.020820,-0.013992,1.221467,0.076634,-0.041030,-0.047937,0.108657,0.001065,-3.341957,2.338459,-1.672635
293661.0,2025-12-15T01:59:13.228758,73.856715,0.999305,-0.028984,0.018725,-0.014081,1.168234,0.105466,-0.032235,-0.030893,0.022371,-0.002131,-3.353349,2.097954,-1.676033
293679.0,2025-12-15T01:59:13.290942,73.918900,0.999340,-0.028780,0.016858,-0.014397,1.082230,0.129618,-0.021777,-0.009587,0.041545,-0.020240,-3.327266,1.883321,-1.705510
293713.0,2025-12-15T01:59:13.290942,73.918900,0.999275,-0.028392,0.020260,-0.015273,1.198333,0.078789,-0.038592,0.001065,0.093743,-0.028762,-3.290922,2.270830,-1.816549
293738.0,2025-12-15T01:59:13.346837,73.974794,0.999313,-0.027749,0.018969,-0.015617,1.191346,0.077744,-0.029563,0.035154,0.091613,-0.020240,-3.215437,2.122997,-1.850272
293763.0,2025-12-15T01:59:13.348847,73.976805,0.999367,-0.026672,0.017411,-0.015857,1.209407,0.086491,-0.024225,0.069242,0.069242,-0.011718,-3.089407,1.945756,-1.870544
293789.0,2025-12-15T01:59:13.407447,74.035405,0.999334,-0.026081,0.019617,-0.016351,1.309138,-0.001876,-0.073521,0.023436,-0.009587,-0.009587,-3.027080,2.198081,-1.932861
293814.0,2025-12-15T01:59:13.407447,74.035405,0.999395,-0.025414,0.016944,-0.016646,1.158972,-0.004382,-0.024148,0.052198,-0.023436,-0.019175,-2.945680,1.892373,-1.957105
293834.0,2025-12-15T01:59:13.408916,74.036874,0.999430,-0.025513,0.014388,-0.016766,1.090364,-0.043696,-0.030069,-0.003196,-0.014914,-0.005326,-2.951997,1.598974,-1.963361
293866.0,2025-12-15T01:59:13.466482,74.094440,0.999447,-0.025892,0.012384,-0.016780,1.069202,-0.001444,-0.027972,-0.034088,0.030893,0.004261,-2.991423,1.368715,-1.959451
293892.0,2025-12-15T01:59:13.467518,74.095475,0.999403,-0.025773,0.015335,-0.017179,1.131804,0.012590,-0.003128,-0.019175,0.053263,0.006392,-2.984509,1.705679,-2.013963
293917.0,2025-12-15T01:59:13.527958,74.155916,0.999419,-0.026056,0.013302,-0.017495,1.125162,0.051393,-0.009638,-0.035154,0.028762,-0.021305,-3.013066,1.471394,-2.044384
293940.0,2025-12-15T01:59:13.528980,74.156938,0.999444,-0.025930,0.011365,-0.017595,1.090358,-0.007489,-0.037258,0.007457,0.037284,-0.002131,-2.994644,1.249414,-2.049782
293964.0,2025-12-15T01:59:13.529980,74.157938,0.999451,-0.026558,0.009087,-0.017601,1.087835,0.000687,-0.031749,-0.054328,0.007457,0.004261,-3.061911,0.987185,-2.044207
293990.0,2025-12-15T01:59:13.586440,74.214398,0.999421,-0.026662,0.011576,-0.017705,1.071332,0.083539,-0.026861,-0.024501,0.009587,0.003196,-3.079162,1.271761,-2.063938
294015.0,2025-12-15T01:59:13.587421,74.215379,0.999443,-0.026387,0.009789,-0.017937,1.069271,0.033903,-0.026174,0.011718,0.050067,-0.012783,-3.044163,1.066969,-2.084657
294035.0,2025-12-15T01:59:13.646513,74.274471,0.999463,-0.026073,0.007935,-0.018180,1.056058,0.010296,-0.024107,0.019175,0.044741,-0.013848,-3.004416,0.854495,-2.106582
294063.0,2025-12-15T01:59:13.647514,74.275472,0.999473,-0.026231,0.005697,-0.018257,1.016258,-0.007726,-0.021991,-0.014914,0.011718,-0.001065,-3.017740,0.597663,-2.108736
294089.0,2025-12-15T01:59:13.706507,74.334465,0.999454,-0.026099,0.008138,-0.018579,1.061379,0.022596,-0.033594,-0.013848,0.008522,0.003196,-3.008104,0.876486,-2.152971
294115.0,2025-12-15T01:59:13.708519,74.336477,0.999463,-0.026250,0.005710,-0.018752,1.012634,0.018979,-0.007783,-0.019175,-0.004261,-0.009587,-3.020236,0.597558,-2.165482
294135.0,2025-12-15T01:59:13.708519,74.336477,0.999473,-0.026140,0.003597,-0.018922,0.949970,0.029026,-0.002812,-0.001065,0.022371,-0.008522,-3.003082,0.355248,-2.178542
294167.0,2025-12-15T01:59:13.766524,74.394482,0.999491,-0.025300,0.001822,-0.019342,0.894455,0.108016,0.022224,0.039415,0.050067,-0.028762,-2.903034,0.152610,-2.221194
294192.0,2025-12-15T01:59:13.767542,74.395499,0.999499,-0.023244,0.005404,-0.020790,0.988218,0.047406,0.028519,0.139550,0.110787,-0.087352,-2.676253,0.563573,-2.396336
294212.0,2025-12-15T01:59:13.828495,74.456453,0.999503,-0.019983,0.006347,-0.023538,1.039425,0.005710,0.050559,0.250337,0.288687,-0.218379,-2.306613,0.673098,-2.711675
294242.0,2025-12-15T01:59:13.829494,74.457451,0.999472,-0.021990,0.004012,-0.023603,1.128383,-0.464129,-0.111944,-0.093743,-0.012783,-0.002131,-2.530281,0.400078,-2.714469
294267.0,2025-12-15T01:59:13.830496,74.458454,0.999478,-0.021355,0.002292,-0.024120,0.894391,0.238064,0.104162,-0.004261,0.047937,-0.038350,-2.452905,0.203431,-2.769174
294295.0,2025-12-15T01:59:13.887457,74.515415,0.999463,-0.013653,0.006178,-0.029144,1.270944,0.163062,0.087532,0.607201,0.155529,-0.385626,-1.584579,0.661929,-3.349681
294318.0,2025-12-15T01:59:13.887457,74.515415,0.999393,-0.007837,0.004339,-0.033676,1.146539,-1.141716,-0.185450,0.615723,0.024501,-0.373908,-0.914359,0.466713,-3.863546
294338.0,2025-12-15T01:59:13.947408,74.575366,0.999274,0.001928,0.002671,-0.037943,0.994808,-0.544639,0.191629,0.875647,0.084156,-0.352602,0.209197,0.314267,-4.348390
294369.0,2025-12-15T01:59:13.947408,74.575366,0.998933,0.013232,0.000727,-0.044235,1.193500,-1.576358,-0.199203,1.091896,0.019175,-0.526241,1.511180,0.150343,-5.069062
294395.0,2025-12-15T01:59:14.006543,74.634501,0.998767,0.014515,0.001851,-0.047444,0.687947,-2.430707,-0.571501,0.221575,-0.063916,-0.243946,1.651466,0.290750,-5.435129
294419.0,2025-12-15T01:59:14.008552,74.636509,0.998861,0.004627,0.001669,-0.047456,0.629481,-1.824075,-0.392141,-0.644485,0.022371,-0.003196,0.520585,0.216160,-5.439148
294439.0,2025-12-15T01:59:14.008552,74.636509,0.998759,-0.001714,0.000323,-0.049765,1.373735,-0.486992,0.022145,-0.464455,0.051133,-0.196009,-0.198043,0.027241,-5.705033
294468.0,2025-12-15T01:59:14.066984,74.694942,0.998497,-0.016858,-0.000988,-0.052135,0.771115,-2.679077,-0.272761,-1.078048,-0.102265,-0.200270,-1.923301,-0.213806,-5.974243
294492.0,2025-12-15T01:59:14.066984,74.694942,0.998102,-0.021312,-0.001636,-0.057762,1.141933,-0.496501,0.016742,-0.347276,-0.260990,-0.437824,-2.427440,-0.328170,-6.617260
294514.0,2025-12-15T01:59:14.127474,74.755431,0.997639,-0.033686,-0.007494,-0.059380,0.546267,-0.609477,-0.076623,-0.866060,-0.410127,-0.141680,-3.803453,-1.086028,-6.776435
294539.0,2025-12-15T01:59:14.129471,74.757429,0.997215,-0.033006,-0.005008,-0.066697,0.028307,0.381670,0.579928,-0.157659,0.197074,-0.607201,-3.736399,-0.824599,-7.625944
294565.0,2025-12-15T01:59:14.129471,74.757429,0.996212,-0.041441,0.001529,-0.076433,-0.321510,0.196353,0.510930,-0.733967,0.328101,-0.812797,-4.749629,-0.188365,-8.766883
294589.0,2025-12-15T01:59:14.186954,74.814912,0.995149,-0.056212,0.004617,-0.080601,-0.014735,0.980149,0.756106,-1.293231,-0.015979,-0.313188,-6.466524,0.007331,-9.261421
294612.0,2025-12-15T01:59:14.187948,74.815905,0.999963,-0.006716,0.000236,-0.005390,0.098920,1.072594,1.996030,-0.604005,0.023436,-0.452737,-0.769740,0.022913,-0.617766
294637.0,2025-12-15T01:59:14.247084,74.875042,0.999949,0.000837,0.001357,-0.009955,-0.006950,1.439775,2.586756,0.070307,0.113983,-0.836232,0.094355,0.156433,-1.140610
294657.0,2025-12-15T01:59:14.248082,74.876040,0.999876,0.000139,0.003564,-0.015343,-0.814998,-0.121877,1.589156,0.018109,0.259925,-1.288970,0.009687,0.408594,-1.758221
294689.0,2025-12-15T01:59:14.308339,74.936297,0.999840,0.002363,0.009089,-0.015203,-0.703491,-1.412835,1.262612,0.243946,0.568851,-1.277252,0.254950,1.045569,-1.739948
294715.0,2025-12-15T01:59:14.309803,74.937761,0.999742,-0.005401,0.012874,-0.017927,-2.311394,1.574296,1.973864,-0.471912,1.046090,-1.506284,-0.645368,1.463989,-2.062876
294740.0,2025-12-15T01:59:14.309803,74.937761,0.998992,-0.011747,0.033992,-0.026845,-1.215801,1.827673,0.413913,-1.107875,2.698315,-2.257295,-1.452758,3.858054,-3.127560
294760.0,2025-12-15T01:59:14.367848,74.995806,0.996289,-0.020205,0.057663,-0.060620,2.196929,4.248317,0.276116,-0.861799,2.064482,-2.854908,-2.725631,6.456516,-7.117619
294793.0,2025-12-15T01:59:14.368849,74.996806,0.993137,-0.014991,0.061019,-0.098642,1.695297,2.281163,-1.081357,0.472977,0.235423,-3.202185,-2.413390,6.790756,-11.487606
294814.0,2025-12-15T01:59:14.426981,75.054939,0.988665,-0.015920,0.064358,-0.134706,1.486531,1.441625,-1.698998,-0.096939,0.439954,-3.063700,-2.819574,7.063470,-15.691635
294842.0,2025-12-15T01:59:14.428991,75.056948,0.998716,-0.003854,0.007845,-0.049889,-0.359413,1.145303,-2.364895,-0.358994,0.640224,-4.196076,-0.485957,0.875837,-5.723185
294867.0,2025-12-15T01:59:14.431002,75.058960,0.994372,-0.016343,0.016362,-0.103393,1.324500,-0.157892,-2.172364,-1.048220,0.723314,-4.518852,-2.057406,1.671045,-11.902378
294894.0,2025-12-15T01:59:14.487450,75.115408,0.986277,-0.025532,0.024491,-0.161263,3.311486,1.406767,-2.877328,-0.809601,0.691357,-4.903412,-3.342811,2.296793,-18.639202
294917.0,2025-12-15T01:59:14.487450,75.115408,0.997766,0.003901,0.016740,-0.064558,2.807594,-0.073541,-0.960863,0.301470,1.607484,-5.434979,0.322375,1.943208,-7.398532
294941.0,2025-12-15T01:59:14.547160,75.175118,0.997342,-0.007890,-0.003429,-0.072347,1.471994,-2.336483,-2.424250,-0.633832,-0.263120,-6.093312,-0.873319,-0.457304,-8.294386
294961.0,2025-12-15T01:59:14.547160,75.175118,0.998125,-0.014322,-0.008099,-0.058948,-0.090544,-6.723849,-4.066271,-1.006675,-0.658333,-4.960937,-1.583857,-1.023174,-6.745642
294991.0,2025-12-15T01:59:14.606856,75.234814,0.999040,-0.003281,-0.013911,-0.041417,0.984709,-10.346040,-2.869709,-0.275903,-1.169660,-3.482349,-0.309762,-1.608355,-4.743502
295016.0,2025-12-15T01:59:14.607845,75.235803,0.999270,-0.003252,-0.016732,-0.034203,1.071812,-8.356640,-2.115038,-0.234358,-1.397627,-2.875149,-0.306955,-1.929087,-3.915537
295039.0,2025-12-15T01:59:14.607845,75.235803,0.999509,-0.010571,-0.014957,-0.025427,1.492736,-7.846776,0.366145,-0.888430,-1.257012,-2.136920,-1.167835,-1.744185,-2.896750
295064.0,2025-12-15T01:59:14.728426,75.356384,0.998438,-0.019240,-0.027809,-0.044483,0.838980,-9.158588,1.446542,-0.725445,-1.082309,-1.603223,-2.063336,-3.281580,-5.042886
295090.0,2025-12-15T01:59:14.729443,75.357401,0.998014,-0.024224,-0.032462,-0.048248,0.329792,-8.005191,2.876566,-0.410127,-0.403735,-0.313188,-2.597618,-3.849256,-5.448157
295110.0,2025-12-15T01:59:14.729443,75.357401,0.998143,-0.027456,-0.030915,-0.044724,0.117576,-7.923504,2.746644,-0.267381,0.109722,0.307861,-2.989494,-3.679285,-5.035084
295139.0,2025-12-15T01:59:14.730838,75.358795,0.999069,-0.028203,-0.021812,-0.024271,0.688436,-7.960286,1.595226,-0.041545,0.715858,1.741707,-3.172952,-2.576453,-2.711962
295189.0,2025-12-15T01:59:14.787189,75.415146,0.998532,-0.001712,0.008094,0.053523,2.679350,-6.930602,-1.615467,0.053263,0.655138,4.523113,-0.146240,0.936692,6.135192
295212.0,2025-12-15T01:59:14.787189,75.415146,0.993095,-0.005743,0.013458,0.116399,2.444082,-5.671834,-2.699685,-0.160855,0.495348,5.310343,-0.474283,1.608390,13.363440
295238.0,2025-12-15T01:59:14.846376,75.474334,0.997033,0.002117,0.002466,0.076901,0.669668,-5.012248,-3.885817,0.218379,0.206661,6.478938,0.263651,0.263042,8.821613
295263.0,2025-12-15T01:59:14.847377,75.475335,0.995948,0.012693,-0.001756,0.089019,-0.423847,-3.579757,-3.517361,1.070591,-0.148072,7.507983,1.430935,-0.329849,10.211016
295289.0,2025-12-15T01:59:14.907065,75.535023,0.995495,0.018722,-0.008518,0.092554,-2.566497,-0.689020,-2.715065,1.580852,-0.758468,7.805192,2.046185,-1.170315,10.602405
295314.0,2025-12-15T01:59:14.908069,75.536027,0.983103,0.030361,-0.017210,0.179694,-3.707808,-0.632540,-2.650357,0.982174,-0.730771,7.419566,3.070517,-2.564825,20.647887
295333.0,2025-12-15T01:59:14.909114,75.537072,0.997665,0.013815,-0.007056,0.066512,-5.062936,3.915306,-0.872947,1.015197,-0.728641,5.600095,1.525954,-0.911976,7.616134
295364.0,2025-12-15T01:59:14.965490,75.593448,0.999134,0.004555,-0.015357,0.038405,-2.290094,3.085398,1.551184,0.347276,-1.309210,3.228816,0.454159,-1.778626,4.395487
295390.0,2025-12-15T01:59:14.967220,75.595178,0.997218,0.002586,-0.026644,0.069563,-2.176522,2.559968,1.383623,-0.177899,-0.967260,2.621616,0.083249,-3.066733,7.978355
295415.0,2025-12-15T01:59:15.026105,75.654063,0.999924,-0.003083,-0.007192,0.009561,-2.603817,2.831287,0.508221,-0.411192,-0.733967,0.803209,-0.361212,-0.820748,1.098280
295439.0,2025-12-15T01:59:15.028287,75.656245,0.999714,-0.010539,-0.015743,0.014600,-2.603632,1.506703,-0.126021,-0.732902,-0.885235,0.426106,-1.234425,-1.786119,1.692668
295464.0,2025-12-15T01:59:15.028287,75.656245,0.999791,-0.010724,-0.014025,0.010346,-1.193819,1.489762,1.475789,-0.934237,-1.200553,0.869256,-1.245802,-1.594268,1.203118
295489.0,2025-12-15T01:59:15.086435,75.714393,0.999124,0.007336,-0.040622,0.006817,-0.675539,4.705978,8.269406,0.616788,-3.415237,0.573112,0.810918,-4.661734,0.748811
295512.0,2025-12-15T01:59:15.087439,75.715397,0.998650,0.019865,-0.047996,0.000428,-2.831969,-1.623083,2.661714,1.025850,-0.631702,-0.574178,2.281991,-5.501961,-0.060531
295532.0,2025-12-15T01:59:15.146657,75.774615,0.999957,0.007953,0.004740,-0.000862,-1.706027,0.120437,-0.695287,0.639159,0.200270,-0.072438,0.910957,0.543916,-0.094495
295564.0,2025-12-15T01:59:15.147634,75.775592,0.999876,0.014245,0.006393,-0.001869,0.531793,-0.605983,0.249099,0.666856,0.283360,-0.084156,1.631140,0.735600,-0.203733
295590.0,2025-12-15T01:59:15.207447,75.835405,0.999669,0.022614,0.012018,-0.002547,0.426161,-0.448244,0.133444,0.716923,0.273773,-0.050067,2.588676,1.383413,-0.260733
295615.0,2025-12-15T01:59:15.208444,75.836402,0.999648,0.023979,0.010984,-0.003007,0.262470,-1.073268,-0.110819,0.307861,-0.034088,-0.033023,2.744815,1.266630,-0.314359
295635.0,2025-12-15T01:59:15.209443,75.837401,0.999477,0.028748,0.013919,-0.005043,0.021794,-0.456658,0.018295,0.600809,0.225836,-0.167247,3.287649,1.610965,-0.531959
295668.0,2025-12-15T01:59:15.266466,75.894424,0.998694,0.042429,0.027546,-0.007218,0.308438,-1.051048,0.172342,1.346494,1.157942,-0.194943,4.846126,3.189173,-0.693198
295693.0,2025-12-15T01:59:15.267446,75.895404,0.997747,0.050713,0.043409,-0.006747,1.539315,-2.492885,-0.492182,0.825580,1.195227,0.010653,5.796614,5.008666,-0.521154
295714.0,2025-12-15T01:59:15.327088,75.955045,0.996950,0.056524,0.053529,-0.005574,2.147419,-2.367513,-0.564849,0.628506,0.990696,0.075634,6.474310,6.163195,-0.291754
295742.0,2025-12-15T01:59:15.328090,75.956048,0.997435,0.051622,0.049197,-0.006182,2.768832,-2.954336,-0.879155,-0.265251,-0.233293,-0.052198,5.904711,5.668911,-0.417663
295765.0,2025-12-15T01:59:15.330087,75.958045,0.998200,0.043508,0.040831,-0.006011,1.929471,-1.994257,-0.397571,-0.539024,-0.567786,0.017044,4.971481,4.705696,-0.485680
295790.0,2025-12-15T01:59:15.387500,76.015458,0.998381,0.040194,0.039675,-0.006731,1.228124,-1.428836,0.015871,-0.174703,-0.273773,-0.051133,4.587342,4.574934,-0.589201
295815.0,2025-12-15T01:59:15.388497,76.016455,0.998436,0.038755,0.039724,-0.006784,1.422063,-1.889511,-0.254329,0.037284,0.123571,-0.006392,4.421707,4.579971,-0.601701
295837.0,2025-12-15T01:59:15.446321,76.074279,0.998470,0.036874,0.040605,-0.006975,1.598643,-1.783411,-0.231043,-0.009587,0.204531,-0.023436,4.204301,4.680539,-0.628541
295862.0,2025-12-15T01:59:15.447747,76.075705,0.998530,0.034270,0.040818,-0.009880,1.573665,-1.829713,-0.276394,-0.058590,0.137419,-0.250337,3.891238,4.714604,-0.973493
295889.0,2025-12-15T01:59:15.448927,76.076885,0.998553,0.030680,0.042609,-0.011638,1.852039,-1.879611,-0.349277,-0.148072,0.009587,-0.145941,3.468686,4.922531,-1.186331
295914.0,2025-12-15T01:59:15.506458,76.134416,0.998679,0.027302,0.041648,-0.012696,1.716608,-1.552062,-0.245108,-0.147006,0.061785,-0.095874,3.076144,4.811547,-1.327442
295939.0,2025-12-15T01:59:15.507443,76.135401,0.998755,0.024154,0.041452,-0.013663,1.762140,-1.430791,-0.180648,-0.136354,0.133158,-0.089482,2.709940,4.787473,-1.454254
295959.0,2025-12-15T01:59:15.566405,76.194363,0.998815,0.021536,0.041025,-0.014873,1.696116,-1.399325,-0.231746,-0.090547,0.113983,-0.106526,2.403946,4.737691,-1.606706
295990.0,2025-12-15T01:59:15.567396,76.195354,0.998725,0.019321,0.043631,-0.016461,1.853839,-1.416474,-0.244176,-0.076699,0.044741,-0.134223,2.137691,5.036253,-1.794508
296014.0,2025-12-15T01:59:15.626666,76.254624,0.998831,0.017453,0.041786,-0.016912,1.860445,-1.263068,-0.189307,-0.045806,0.009587,-0.038350,1.923807,4.822292,-1.859003
296037.0,2025-12-15T01:59:15.628217,76.256175,0.998923,0.015787,0.039838,-0.017797,1.803308,-1.275558,-0.207965,-0.024501,-0.001065,-0.073503,1.731721,4.597278,-1.971895
296062.0,2025-12-15T01:59:15.629239,76.257196,0.999051,0.013447,0.037447,-0.017705,1.697429,-1.255427,-0.210234,-0.079895,-0.040480,0.007457,1.467782,4.318424,-1.975199
296086.0,2025-12-15T01:59:15.686446,76.314404,0.999009,0.011720,0.039052,-0.017827,1.696491,-1.149280,-0.180851,-0.044741,-0.038350,0.003196,1.265879,4.499132,-1.994928
296106.0,2025-12-15T01:59:15.687443,76.315400,0.999098,0.010185,0.037188,-0.017819,1.670068,-1.111220,-0.152400,-0.021305,0.010653,0.002131,1.093288,4.282384,-2.002643
296135.0,2025-12-15T01:59:15.746545,76.374503,0.999172,0.008908,0.035444,-0.017870,1.646332,-1.094773,-0.139867,0.000000,0.021305,-0.002131,0.949776,4.079928,-2.015452
296159.0,2025-12-15T01:59:15.747547,76.375505,0.999246,0.007521,0.033647,-0.017868,1.640415,-1.083346,-0.165596,-0.009587,0.017044,0.002131,0.794189,3.871121,-2.022024
296189.0,2025-12-15T01:59:15.807217,76.435175,0.999189,0.005628,0.035668,-0.017802,1.672849,-1.141286,-0.193132,-0.062851,-0.005326,0.018109,0.573155,4.098902,-2.020893
296212.0,2025-12-15T01:59:15.808215,76.436173,0.999287,0.003331,0.033298,-0.017475,1.629846,-0.906143,-0.138008,-0.098004,-0.025566,0.026632,0.315480,3.822484,-1.993240
296236.0,2025-12-15T01:59:15.808215,76.436173,0.999367,0.001885,0.031011,-0.017345,1.548361,-0.868530,-0.087295,-0.026632,-0.017044,0.012783,0.154568,3.557406,-1.983899
296259.0,2025-12-15T01:59:15.866194,76.494152,0.999421,0.001216,0.029166,-0.017494,1.522693,-0.886663,-0.112361,0.040480,0.020240,-0.008522,0.080887,3.344533,-2.003292
296286.0,2025-12-15T01:59:15.867190,76.495148,0.999342,0.001080,0.031555,-0.017836,1.586159,-0.885114,-0.125486,0.071373,0.020240,-0.020240,0.059273,3.618207,-2.043067
296310.0,2025-12-15T01:59:15.926386,76.554344,0.999397,0.000830,0.029546,-0.018206,1.558120,-0.959991,-0.139969,0.079895,0.005326,-0.025566,0.033482,3.387396,-2.086327
296336.0,2025-12-15T01:59:15.927387,76.555345,0.999451,0.000308,0.027457,-0.018567,1.498003,-0.951680,-0.109842,0.059655,-0.003196,-0.025566,-0.023234,3.146834,-2.129192
296360.0,2025-12-15T01:59:15.927899,76.555856,0.999496,-0.000310,0.025467,-0.018951,1.465711,-0.990473,-0.119884,0.056459,0.002131,-0.027697,-0.090966,2.917386,-2.174735
296386.0,2025-12-15T01:59:15.986719,76.614677,0.999427,-0.000973,0.027680,-0.019478,1.514023,-1.005180,-0.147164,0.029827,0.006392,-0.027697,-0.173533,3.169479,-2.237781
296410.0,2025-12-15T01:59:15.987718,76.615675,0.999471,-0.002335,0.025874,-0.019588,1.463351,-0.939196,-0.109590,-0.009587,0.018109,-0.006392,-0.325946,2.959477,-2.253988
296429.0,2025-12-15T01:59:15.988720,76.616678,0.999509,-0.003729,0.024090,-0.019685,1.410686,-0.874822,-0.091615,-0.014914,0.021305,-0.005326,-0.482030,2.751755,-2.268136
296456.0,2025-12-15T01:59:16.047234,76.675192,0.999532,-0.005115,0.022603,-0.019974,1.418610,-0.869917,-0.102137,-0.014914,0.046872,-0.021305,-0.638214,2.578120,-2.303990
296481.0,2025-12-15T01:59:16.047234,76.675192,0.999462,-0.006076,0.025106,-0.020191,1.494232,-0.864633,-0.109068,-0.012783,0.022371,-0.011718,-0.754885,2.862493,-2.333453
296502.0,2025-12-15T01:59:16.107197,76.735155,0.999503,-0.007298,0.023068,-0.020232,1.449250,-0.846154,-0.119803,-0.005326,0.003196,0.000000,-0.890273,2.626086,-2.339630
296529.0,2025-12-15T01:59:16.108201,76.736158,0.999537,-0.008789,0.020921,-0.020277,1.398348,-0.767434,-0.079236,-0.031958,-0.004261,-0.001065,-1.056313,2.376492,-2.346240
296552.0,2025-12-15T01:59:16.165801,76.793759,0.999564,-0.010050,0.018875,-0.020368,1.353438,-0.755250,-0.076031,-0.011718,0.004261,-0.004261,-1.196092,2.138992,-2.356998
296578.0,2025-12-15T01:59:16.166972,76.794930,0.999493,-0.011638,0.021255,-0.020645,1.383054,-0.784681,-0.109504,-0.068177,0.011718,0.002131,-1.384621,2.407529,-2.395714
296601.0,2025-12-15T01:59:16.167991,76.795949,0.999500,-0.013968,0.019473,-0.020618,1.359957,-0.670363,-0.092641,-0.108657,0.027697,0.004261,-1.647216,2.197888,-2.395144
296627.0,2025-12-15T01:59:16.226366,76.854324,0.999484,-0.016798,0.017830,-0.020767,1.352943,-0.640010,-0.090729,-0.152333,0.039415,-0.010653,-1.967881,2.002529,-2.414987
296650.0,2025-12-15T01:59:16.228903,76.856860,0.999470,-0.019191,0.016232,-0.020673,1.294379,-0.429751,-0.032438,-0.138484,0.052198,0.010653,-2.238069,1.813943,-2.405310
296676.0,2025-12-15T01:59:16.287364,76.915322,0.999420,-0.018678,0.019328,-0.020930,1.384268,-0.291102,0.010975,0.061785,0.062851,-0.012783,-2.187549,2.169234,-2.440901
296699.0,2025-12-15T01:59:16.288381,76.916339,0.999462,-0.015813,0.018172,-0.022258,1.429947,-0.567359,-0.044499,0.302535,0.101200,-0.099070,-1.858939,2.041345,-2.584680
296725.0,2025-12-15T01:59:16.289367,76.917325,0.999485,-0.014501,0.016564,-0.023354,1.380751,-0.829980,-0.143201,0.205596,0.046872,-0.083091,-1.706262,1.858636,-2.704773
296750.0,2025-12-15T01:59:16.347318,76.975276,0.999492,-0.012117,0.015221,-0.025247,1.318305,-0.708193,-0.049255,0.284426,0.077764,-0.149137,-1.432615,1.708557,-2.915260
296776.0,2025-12-15T01:59:16.348314,76.976272,0.999399,-0.009163,0.018683,-0.027739,1.353606,-0.877308,-0.099519,0.309992,0.111853,-0.184291,-1.109621,2.110972,-3.200176
296796.0,2025-12-15T01:59:16.406570,77.034528,0.999341,-0.007855,0.018037,-0.030502,1.370029,-0.865963,-0.064589,0.208792,0.127832,-0.223706,-0.963239,2.038523,-3.513672
296825.0,2025-12-15T01:59:16.408567,77.036525,0.999218,-0.004797,0.016924,-0.035415,1.364369,-1.435284,-0.265771,0.397344,0.069242,-0.401605,-0.618285,1.918709,-4.070086
296844.0,2025-12-15T01:59:16.408567,77.036525,0.999141,-0.006152,0.014571,-0.038296,1.537377,-1.807869,-0.265998,0.038350,-0.058590,-0.238619,-0.768602,1.641488,-4.400976
296877.0,2025-12-15T01:59:16.466465,77.094422,0.998843,-0.007183,0.015800,-0.044844,1.332349,-1.075947,-0.039877,0.011718,-0.071373,-0.530502,-0.903855,1.771843,-5.155219
296901.0,2025-12-15T01:59:16.467621,77.095579,0.998682,-0.006435,0.014510,-0.048802,1.219316,-1.439947,-0.122530,0.209857,0.042611,-0.325971,-0.817950,1.624717,-5.606869
296924.0,2025-12-15T01:59:16.525697,77.153655,0.998650,-0.007511,0.012949,-0.049733,1.280491,-1.302037,-0.089700,0.044741,0.019175,-0.074569,-0.933647,1.439135,-5.713742
296948.0,2025-12-15T01:59:16.527214,77.155172,0.998606,-0.006627,0.010934,-0.051219,1.150394,-1.378398,-0.115007,0.220510,-0.018109,-0.119310,-0.822694,1.212390,-5.881018
296974.0,2025-12-15T01:59:16.586470,77.214427,0.998535,-0.007136,0.012906,-0.052066,1.299211,-1.163197,-0.009188,0.068177,0.010653,-0.021305,-0.893811,1.434326,-5.980886
296997.0,2025-12-15T01:59:16.587470,77.215428,0.998478,-0.004413,0.011233,-0.053816,1.215517,-1.274527,-0.026081,0.361125,0.029827,-0.139550,-0.574324,1.258103,-6.176640
297023.0,2025-12-15T01:59:16.587470,77.215428,0.998367,-0.000312,0.009963,-0.056242,1.110773,-1.600481,-0.123993,0.497478,0.050067,-0.196009,-0.099966,1.137827,-6.449626
297045.0,2025-12-15T01:59:16.646656,77.274614,0.998299,0.002377,0.008600,-0.057614,1.063335,-1.961584,-0.248038,0.394148,0.017044,-0.109722,0.215157,0.999535,-6.604121
297071.0,2025-12-15T01:59:16.647657,77.275615,0.998214,0.003603,0.009871,-0.058812,1.050234,-2.094604,-0.290719,0.241815,-0.021305,-0.063916,0.345701,1.153486,-6.740108
297096.0,2025-12-15T01:59:16.707257,77.335215,0.998227,0.001585,0.008347,-0.058906,0.996551,-1.999738,-0.242480,0.005326,-0.027697,-0.006392,0.124987,0.965592,-6.753280
297120.0,2025-12-15T01:59:16.708252,77.336210,0.998231,0.000139,0.006788,-0.059066,1.057145,-1.818363,-0.136327,0.045806,-0.017044,-0.011718,-0.030098,0.777395,-6.772727
297140.0,2025-12-15T01:59:16.709252,77.337210,0.998171,0.001797,0.005523,-0.060181,0.867467,-1.928290,-0.166614,0.315318,0.008522,-0.090547,0.167427,0.644121,-6.899634
297169.0,2025-12-15T01:59:16.767466,77.395424,0.998129,0.001986,0.004471,-0.060952,0.873332,-2.252333,-0.317862,0.197074,0.008522,-0.062851,0.195951,0.525225,-6.988067
297194.0,2025-12-15T01:59:16.768113,77.396071,0.998098,0.000035,0.006192,-0.061333,0.948153,-2.066173,-0.222257,-0.023436,0.006392,0.005326,-0.039570,0.708469,-7.033063
297215.0,2025-12-15T01:59:16.829111,77.457069,0.998097,-0.001772,0.005143,-0.061424,0.932422,-1.946101,-0.155635,0.022371,0.010653,-0.006392,-0.238856,0.575735,-7.044403
297242.0,2025-12-15T01:59:16.829648,77.457605,0.998086,-0.003251,0.004093,-0.061617,0.900591,-2.003739,-0.227518,0.052198,0.008522,-0.014914,-0.400753,0.445151,-7.066952
297268.0,2025-12-15T01:59:16.830749,77.458706,0.998041,-0.004424,0.005949,-0.062125,0.948556,-1.988161,-0.198216,0.033023,0.012783,-0.005326,-0.548403,0.648928,-7.126881
297295.0,2025-12-15T01:59:16.886509,77.514467,0.998027,-0.005629,0.004715,-0.062350,0.923975,-1.938241,-0.176874,0.073503,-0.001065,-0.017044,-0.677480,0.499071,-7.152545
297320.0,2025-12-15T01:59:16.887975,77.515933,0.998017,-0.007568,0.003585,-0.062379,0.870071,-1.979282,-0.212598,0.014914,-0.002131,-0.001065,-0.891154,0.355864,-7.155735
297344.0,2025-12-15T01:59:16.946993,77.574951,0.998003,-0.009619,0.002342,-0.062393,0.893476,-1.890409,-0.173591,0.003196,-0.007457,0.000000,-1.116879,0.199094,-7.156698
297369.0,2025-12-15T01:59:16.947992,77.575950,0.997948,-0.010679,0.003590,-0.063035,0.922402,-1.843890,-0.145362,0.044741,-0.037284,-0.012783,-1.247221,0.333405,-7.232112
297394.0,2025-12-15T01:59:17.006661,77.634619,0.997921,-0.012035,0.001856,-0.063290,0.827015,-1.880591,-0.191451,0.066046,-0.047937,-0.020240,-1.389875,0.124939,-7.259387
297417.0,2025-12-15T01:59:17.008665,77.636623,0.997888,-0.013778,0.000302,-0.063478,0.794146,-1.861541,-0.172222,0.034088,-0.037284,-0.014914,-1.577913,-0.065714,-7.278690
297441.0,2025-12-15T01:59:17.009661,77.637619,0.997849,-0.015185,-0.001647,-0.063747,0.780228,-1.784917,-0.132765,0.062851,-0.066046,-0.022371,-1.724579,-0.299261,-7.306149
297466.0,2025-12-15T01:59:17.067714,77.695672,0.997785,-0.015747,-0.000921,-0.064622,0.722602,-1.833109,-0.147074,0.099070,-0.064981,-0.027697,-1.793984,-0.221959,-7.407789
297489.0,2025-12-15T01:59:17.068768,77.696726,0.997738,-0.017742,-0.002216,-0.064804,0.656626,-1.883830,-0.192268,0.018109,-0.028762,-0.014914,-2.012444,-0.385090,-7.425641
297514.0,2025-12-15T01:59:17.187813,77.815771,0.997676,-0.020504,-0.003277,-0.064901,0.669855,-1.797428,-0.154279,-0.049002,-0.010653,-0.007457,-2.320440,-0.527089,-7.433293
297538.0,2025-12-15T01:59:17.188764,77.816722,0.997611,-0.022922,-0.004487,-0.065010,0.668851,-1.649220,-0.091033,-0.022371,-0.015979,-0.008522,-2.588011,-0.683770,-7.441478
297557.0,2025-12-15T01:59:17.188764,77.816722,0.997554,-0.024587,-0.005593,-0.065192,0.618828,-1.664042,-0.114263,0.042611,-0.007457,-0.014914,-2.770137,-0.823086,-7.458252
297639.0,2025-12-15T01:59:17.246953,77.874911,0.997352,-0.030425,-0.005949,-0.065791,0.641736,-1.576077,-0.110546,0.000000,0.008522,-0.001065,-3.434868,-0.909318,-7.520914
297663.0,2025-12-15T01:59:17.246953,77.874911,0.997281,-0.031717,-0.007513,-0.066097,0.666272,-1.459385,-0.039940,0.068177,-0.029827,-0.025566,-3.570726,-1.098841,-7.549424
297688.0,2025-12-15T01:59:17.306483,77.934441,0.996813,-0.038270,-0.006199,-0.069726,0.624710,-0.290147,-0.276277,-0.517718,-0.107592,-0.255663,-4.326732,-1.013884,-7.964197
297707.0,2025-12-15T01:59:17.307679,77.935637,0.995644,-0.031824,-0.006361,-0.087409,0.628690,-0.594585,0.493219,0.612527,0.260990,-1.479652,-3.570069,-1.044540,-10.001868
297736.0,2025-12-15T01:59:17.307679,77.935637,0.995023,-0.041737,-0.003178,-0.090423,0.172702,-4.435086,-1.551095,-0.660464,0.241815,-0.243946,-4.731788,-0.794883,-10.352212
297759.0,2025-12-15T01:59:17.367486,77.995443,0.993455,-0.073585,0.003140,-0.087303,-0.249765,-1.778066,-0.182649,-2.517220,0.274838,0.276969,-8.439067,-0.378740,-10.016341
297791.0,2025-12-15T01:59:17.367486,77.995443,0.992122,-0.086589,0.016340,-0.089051,0.185802,1.149864,1.194031,-1.223989,0.822384,-0.050067,-10.064107,0.974160,-10.343787
297811.0,2025-12-15T01:59:17.368490,77.996447,0.988789,-0.116619,0.034010,-0.086826,1.074630,0.091787,0.839094,-2.568352,1.409345,0.280165,-13.697165,2.694249,-10.360237
297838.0,2025-12-15T01:59:17.429732,78.057689,0.988635,-0.119220,0.034588,-0.084799,3.638099,2.020576,-1.550151,-0.350472,0.159790,0.196009,-13.997398,2.761073,-10.144009
297861.0,2025-12-15T01:59:17.430371,78.058328,0.988054,-0.126085,0.034082,-0.081795,4.087978,1.342140,-1.420616,-0.668986,0.053263,0.258859,-14.774329,2.678046,-9.812081
297886.0,2025-12-15T01:59:17.486662,78.114620,0.986790,-0.135697,0.042097,-0.077839,3.203438,2.314944,-0.587851,-1.037567,0.451672,0.414388,-15.955550,3.552089,-9.518381
297910.0,2025-12-15T01:59:17.487668,78.115626,0.985021,-0.147838,0.049695,-0.073539,3.034503,2.737754,-0.402508,-1.239968,0.628506,0.413323,-17.423144,4.367701,-9.208849
297935.0,2025-12-15T01:59:17.546784,78.174742,0.983567,-0.154281,0.058938,-0.072940,3.258439,3.483110,-1.057048,-0.770186,0.826645,0.148072,-18.267859,5.361066,-9.345024
297960.0,2025-12-15T01:59:17.546784,78.174742,0.983592,-0.150623,0.065982,-0.074204,3.125524,2.749897,-0.362082,0.113983,0.733967,0.027697,-17.931336,6.168049,-9.602720
297984.0,2025-12-15T01:59:17.547783,78.175741,0.982724,-0.150205,0.077504,-0.075397,3.895215,2.339581,-0.938643,-0.217314,0.892692,0.039415,-18.030361,7.451160,-9.958297
298008.0,2025-12-15T01:59:17.606472,78.234430,0.981219,-0.153586,0.090398,-0.073817,4.574533,2.407585,-0.941238,-0.508131,1.179248,0.292948,-18.577431,8.900926,-10.063157
298032.0,2025-12-15T01:59:17.606472,78.234430,0.980665,-0.150719,0.103512,-0.069754,5.708270,3.474950,-1.922599,-0.009587,1.187770,0.547546,-18.379935,10.485933,-9.838220
298051.0,2025-12-15T01:59:17.607462,78.235420,0.983831,-0.123874,0.114133,-0.060875,6.083427,3.777941,-1.887521,1.981392,1.025850,1.136637,-15.276916,12.092699,-8.709053
298080.0,2025-12-15T01:59:17.667475,78.295433,0.988187,-0.075166,0.121641,-0.055130,6.092684,1.933405,-0.932073,3.802994,0.815992,1.008805,-9.585338,13.421975,-7.516809
298104.0,2025-12-15T01:59:17.668469,78.296427,0.990768,-0.009504,0.117485,-0.066969,5.058643,-1.442927,-0.968689,5.595834,0.198139,-0.299339,-2.036373,13.387015,-7.972801
298127.0,2025-12-15T01:59:17.727013,78.354971,0.989043,0.057840,0.108699,-0.081441,4.932737,-5.756421,-2.792938,5.910087,-0.159790,-0.527306,5.695365,12.969747,-8.766731
298151.0,2025-12-15T01:59:17.728378,78.356336,0.986839,0.096064,0.100626,-0.082430,3.642643,-6.400504,-5.235674,3.393932,-0.263120,0.311057,10.202702,12.382672,-8.439865
298177.0,2025-12-15T01:59:17.786448,78.414406,0.999503,-0.024324,-0.006718,0.018912,3.156334,-2.771002,-3.816318,-2.044242,-0.564590,1.589374,-2.801846,-0.716745,2.185471
298200.0,2025-12-15T01:59:17.787453,78.415411,0.999366,0.025909,-0.003802,0.024118,4.764065,-0.396509,3.089373,4.230165,0.154463,0.415453,2.957963,-0.507067,2.751821
298226.0,2025-12-15T01:59:17.788450,78.416408,0.999144,0.039777,-0.008545,-0.007501,3.088930,-4.267896,-2.734735,3.493002,-0.584830,-0.630637,4.567012,-0.944196,-0.897940
298249.0,2025-12-15T01:59:17.846604,78.474561,0.999415,0.030712,-0.006392,-0.013600,1.933087,-4.884848,-3.493555,2.617355,-0.519849,-1.143029,3.529754,-0.684211,-1.580289
298274.0,2025-12-15T01:59:17.847633,78.475591,0.998948,0.040058,-0.008021,-0.020854,1.821169,-6.347442,-2.679608,3.553722,-0.602940,-1.776861,4.610079,-0.822476,-2.424998
298296.0,2025-12-15T01:59:17.907583,78.535541,0.997065,0.067365,-0.012523,-0.034142,1.342524,-6.645410,-3.479883,2.488458,-0.319579,-1.129180,7.771157,-1.167295,-4.001654
298321.0,2025-12-15T01:59:17.908585,78.536542,0.995185,0.088713,-0.016849,-0.038120,2.522270,-7.175150,-3.390103,1.986718,-0.242880,-0.351537,10.248586,-1.534155,-4.524829
298345.0,2025-12-15T01:59:17.909588,78.537546,0.989230,0.137248,-0.023640,-0.045046,1.699524,-9.221914,-5.603780,4.305799,-0.417584,-0.631702,15.892440,-1.971664,-5.489680
298369.0,2025-12-15T01:59:17.967456,78.595414,0.975841,0.209253,-0.029454,-0.055489,1.331194,-9.155262,-8.309098,6.314887,-0.253533,-1.020523,24.324666,-1.963447,-6.932181
298392.0,2025-12-15T01:59:17.968459,78.596417,0.943529,0.319033,-0.041646,-0.078977,1.616004,-8.954705,-11.470606,9.792975,-0.933172,-2.176335,37.506622,-1.615715,-10.118012
298417.0,2025-12-15T01:59:18.026157,78.654115,0.990021,0.135703,-0.016273,-0.034313,1.445490,-7.942629,-11.301086,11.552792,-1.370995,-2.911367,15.657493,-1.312629,-4.150542
298441.0,2025-12-15T01:59:18.026157,78.654115,0.966419,0.248882,-0.023233,-0.059596,-0.902023,-9.322945,-16.860258,9.771670,-0.576308,-2.262622,28.938764,-0.873276,-7.282913
298466.0,2025-12-15T01:59:18.027647,78.655604,0.937528,0.336570,-0.028363,-0.083413,-1.791905,-6.344818,-19.212566,7.764712,-0.517718,-2.152899,39.480992,0.169965,-10.107568
298491.0,2025-12-15T01:59:18.087451,78.715409,0.996799,0.077729,-0.001031,-0.018684,-1.635233,-7.040069,-16.366022,6.747385,-0.120375,-1.574461,8.916750,0.048706,-2.143807
298514.0,2025-12-15T01:59:18.088454,78.716412,0.989684,0.139049,0.007027,-0.033792,-2.061853,-6.851372,-16.807236,5.368933,0.637028,-1.330515,15.951789,1.335490,-3.723952
298537.0,2025-12-15T01:59:18.147074,78.775032,0.983523,0.174409,0.017462,-0.044259,-2.452945,-5.605739,-17.244051,3.169161,0.801079,-0.970456,19.995633,2.853768,-4.649967
298563.0,2025-12-15T01:59:18.147074,78.775032,0.977868,0.201178,0.023689,-0.052350,-2.799835,-2.675407,-19.354904,2.436260,0.586961,-0.711597,23.070434,3.864288,-5.339779
298585.0,2025-12-15T01:59:18.207452,78.835409,0.970572,0.231017,0.029716,-0.061147,-3.231725,-1.317329,-20.237556,2.666357,0.374973,-0.739293,26.516429,4.929747,-6.047669
298610.0,2025-12-15T01:59:18.209447,78.837405,0.957685,0.276621,0.033029,-0.072317,-2.803803,-0.054176,-19.925201,4.045874,0.204531,-0.862864,31.862114,5.927613,-6.943290
298633.0,2025-12-15T01:59:18.209447,78.837405,0.945642,0.313754,0.036796,-0.077237,-2.526249,0.376758,-18.598154,3.287406,0.341950,-0.383495,36.288626,6.780086,-7.114509
298658.0,2025-12-15T01:59:18.267201,78.895159,0.932948,0.348809,0.037450,-0.080856,-2.338280,2.159953,-17.838060,3.057309,0.107592,-0.203465,40.540739,7.254960,-7.224035
298683.0,2025-12-15T01:59:18.268203,78.896161,0.920179,0.381303,0.032739,-0.082508,-3.012552,4.955964,-19.086266,2.866626,-0.076699,0.121440,44.561467,7.075192,-7.345412
298706.0,2025-12-15T01:59:18.268203,78.896161,0.907596,0.410899,0.028146,-0.081486,-2.521733,5.451041,-17.777950,2.566222,-0.174703,0.284426,48.287509,6.779911,-7.218888
298728.0,2025-12-15T01:59:18.325744,78.953702,0.897821,0.432216,0.019048,-0.082116,-2.018620,4.701091,-18.928272,1.892975,-0.618919,0.307861,51.013121,6.037966,-7.568732
298755.0,2025-12-15T01:59:18.327183,78.955141,0.894007,0.439500,0.016837,-0.085488,-1.535604,5.498384,-17.828478,0.543285,-0.292948,-0.141680,51.936294,6.041488,-7.979894
298781.0,2025-12-15T01:59:18.386687,79.014645,0.893148,0.440403,0.014456,-0.090122,-1.760391,6.099275,-17.546314,-0.015979,-0.257794,-0.199204,52.041863,6.038804,-8.573554
298805.0,2025-12-15T01:59:18.387681,79.015639,0.893484,0.439091,0.016281,-0.092843,-1.733240,6.654692,-17.518938,-0.298274,-0.035154,-0.222640,51.854632,6.351449,-8.774445
298828.0,2025-12-15T01:59:18.388681,79.016639,0.894733,0.436803,0.016914,-0.091485,-1.549652,5.734594,-17.633354,-0.394148,0.017044,0.132093,51.565481,6.326176,-8.617932
298854.0,2025-12-15T01:59:18.446363,79.074321,0.895162,0.436610,0.014002,-0.088665,-1.930988,5.684248,-18.070168,-0.172573,-0.184291,0.377104,51.565121,5.882704,-8.469783
298886.0,2025-12-15T01:59:18.447364,79.075322,0.896100,0.435634,0.009735,-0.084451,-1.703161,6.438317,-17.977478,-0.223706,-0.088417,0.542220,51.476065,5.222620,-8.248489
298909.0,2025-12-15T01:59:18.506661,79.134619,0.897886,0.433155,0.007068,-0.078281,-2.041111,6.270960,-18.444201,-0.404800,-0.057524,0.627441,51.193838,4.617825,-7.752227
298931.0,2025-12-15T01:59:18.507669,79.135627,0.902180,0.425928,0.000630,-0.068232,-1.608486,4.930624,-19.052719,-0.813862,-0.225836,1.065264,50.335508,3.397369,-7.053400
298956.0,2025-12-15T01:59:18.566986,79.194944,0.909866,0.411468,-0.008594,-0.052581,-0.864812,3.780475,-17.717926,-1.470065,-0.266316,1.596831,48.586163,1.583382,-5.900136
298981.0,2025-12-15T01:59:18.626407,79.254365,0.913955,0.402893,-0.017257,-0.045449,0.015348,5.962015,-16.668205,-0.901214,-0.329167,0.874582,47.563936,0.291016,-5.565516
299004.0,2025-12-15T01:59:18.627927,79.255885,0.917841,0.393523,-0.018039,-0.048811,-0.078605,5.301768,-17.678345,-1.042894,-0.219444,-0.187487,46.398490,0.303820,-5.958114
299026.0,2025-12-15T01:59:18.627927,79.255885,0.999519,-0.030893,-0.002510,0.000190,-0.753475,-6.618538,-19.102383,-2.556635,-0.216249,0.015979,-3.540762,-0.286849,0.030664
299052.0,2025-12-15T01:59:18.629253,79.257211,0.999413,-0.027057,-0.004255,0.020583,-0.767231,-6.627167,-18.221760,-2.077266,-0.393083,1.729989,-3.110299,-0.423493,2.371190
299080.0,2025-12-15T01:59:18.686780,79.314738,0.999398,-0.021705,-0.010213,0.025050,0.201496,-3.491226,-18.221876,0.593352,-0.390952,0.365386,-2.516360,-1.107337,2.895943
299104.0,2025-12-15T01:59:18.687777,79.315735,0.999584,-0.007607,-0.016387,0.022480,1.112520,-4.275506,-17.908758,1.365669,-0.508131,-0.241815,-0.914042,-1.857775,2.591442
299123.0,2025-12-15T01:59:18.689310,79.317268,0.999503,0.027909,-0.014269,0.003253,-0.904655,-1.169052,-18.750175,3.141464,0.035154,-1.670334,3.194216,-1.644939,0.327058
299153.0,2025-12-15T01:59:18.746142,79.374100,0.997650,0.065434,-0.009689,-0.017842,-0.813536,-2.410435,-19.491354,3.328951,0.284426,-1.831189,7.523058,-0.973913,-2.113188
299181.0,2025-12-15T01:59:18.747142,79.375100,0.994305,0.100174,-0.007481,-0.035587,-0.898856,-0.637943,-19.530394,3.082875,0.237554,-1.532915,11.522091,-0.443844,-4.144372
299204.0,2025-12-15T01:59:18.806901,79.434858,0.989383,0.136139,-0.005813,-0.050525,-0.740566,0.166673,-20.089401,3.151052,-0.001065,-1.275122,15.662844,0.129212,-5.829059
299228.0,2025-12-15T01:59:18.807907,79.435864,0.978405,0.194844,-0.006680,-0.068666,-0.237743,3.732036,-19.915844,4.814995,-0.084156,-1.562743,22.471614,0.784232,-7.873252
299252.0,2025-12-15T01:59:18.866348,79.494306,0.955237,0.282072,-0.009353,-0.088711,0.283104,6.764730,-18.576094,7.388673,-0.086286,-1.785383,32.740271,1.843968,-10.069749
299277.0,2025-12-15T01:59:18.867337,79.495295,0.920311,0.376554,-0.017882,-0.104478,1.041569,7.927424,-16.245209,8.321845,-0.304666,-1.381648,44.231596,2.623278,-11.887270
299300.0,2025-12-15T01:59:18.868338,79.496296,0.883810,0.452749,-0.026351,-0.114907,1.251437,8.710006,-12.808195,6.939132,-0.392017,-0.970456,53.869832,3.294631,-13.141038
299325.0,2025-12-15T01:59:18.927354,79.555312,0.859876,0.495946,-0.031150,-0.116960,1.144866,8.722657,-10.215518,3.978762,-0.091613,-0.286556,59.527567,3.579997,-13.443879
299349.0,2025-12-15T01:59:18.927354,79.555312,0.831450,0.542508,-0.034464,-0.114842,1.631923,9.458375,-7.854760,4.412325,0.216249,-0.105461,65.799932,3.858575,-13.231331
299375.0,2025-12-15T01:59:18.987474,79.615432,0.795130,0.594803,-0.036976,-0.112298,1.856413,8.800663,-5.371489,5.182511,0.386691,-0.198139,73.112266,4.289075,-12.896711
299398.0,2025-12-15T01:59:18.988449,79.616407,0.743799,0.658188,-0.036958,-0.110388,2.126310,5.972484,-2.852397,6.665359,0.529436,-0.574178,82.450493,5.182795,-12.341492
299422.0,2025-12-15T01:59:18.989448,79.617405,0.692074,0.712889,-0.036351,-0.107239,1.746367,4.455875,-2.773575,6.141249,0.548611,-0.509196,91.098219,5.887984,-11.614396
299446.0,2025-12-15T01:59:19.046866,79.674824,0.999669,0.025640,-0.001163,0.001965,-0.415035,6.802627,-13.957099,2.114550,-0.100135,0.165116,2.938192,-0.138988,0.221684
299471.0,2025-12-15T01:59:19.046866,79.674824,0.999868,0.016160,-0.001366,0.000569,-0.427849,8.797447,-13.183423,1.157942,-0.124636,0.053263,1.851803,-0.157591,0.062619
299495.0,2025-12-15T01:59:19.107118,79.735076,0.998976,0.045113,0.000312,-0.003543,0.025322,10.356339,-10.859093,2.233859,0.133158,-0.350472,5.171141,0.054039,-0.403949
299519.0,2025-12-15T01:59:19.108114,79.736072,0.995148,0.097587,0.008793,-0.008952,-0.371870,9.625369,-8.183295,4.223773,0.696683,-0.485761,11.192499,1.102887,-0.922720
299543.0,2025-12-15T01:59:19.109108,79.737066,0.988219,0.150990,0.021469,-0.012802,0.019059,10.003453,-8.887066,4.326038,1.070591,-0.395213,17.349044,2.653697,-1.079516
299569.0,2025-12-15T01:59:19.167458,79.795416,0.998584,0.053048,0.001798,-0.003634,-1.141802,12.314713,-11.656541,4.462392,0.151268,-0.305731,6.081007,0.227867,-0.404968
299594.0,2025-12-15T01:59:19.168036,79.795994,0.999070,0.042488,0.005484,-0.004840,-0.715187,11.004884,-7.045616,3.532417,0.458064,-0.406931,4.867349,0.651415,-0.527439
299619.0,2025-12-15T01:59:19.227232,79.855189,0.999631,0.025731,0.007486,-0.004526,0.030972,9.197053,-8.129601,1.962217,0.627441,-0.380299,2.945232,0.870874,-0.496407
299643.0,2025-12-15T01:59:19.287470,79.915428,0.998346,0.054341,0.016513,-0.008953,0.291957,8.402905,-7.100962,2.206162,0.762729,-0.377104,6.215547,1.945279,-0.921943
299667.0,2025-12-15T01:59:19.288474,79.916432,0.995208,0.093531,0.025467,-0.012853,0.464423,8.829448,-6.456553,3.104180,0.771251,-0.322775,10.706142,3.043550,-1.194659
299690.0,2025-12-15T01:59:19.288474,79.916432,0.990250,0.134726,0.031831,-0.015520,0.690821,7.942148,-4.404119,3.289536,0.574178,-0.202400,15.452538,3.854500,-1.272676
299719.0,2025-12-15T01:59:19.289473,79.917431,0.984438,0.170760,0.037185,-0.018427,0.171914,6.531601,-4.064709,2.874083,0.469782,-0.225836,19.627172,4.560185,-1.355508
299739.0,2025-12-15T01:59:19.347643,79.975601,0.981460,0.187748,0.034533,-0.017177,0.817363,5.896437,-3.722967,1.259143,-0.150202,0.168312,21.614728,4.257320,-1.192307
299770.0,2025-12-15T01:59:19.347643,79.975601,0.982101,0.185827,0.027582,-0.013606,0.322569,6.636857,-3.005865,-0.353668,-0.530502,0.360059,21.400944,3.395826,-0.945533
299794.0,2025-12-15T01:59:19.407532,80.035490,0.988324,0.150922,0.018614,-0.009625,0.057560,6.742167,-3.760656,-3.169161,-0.733967,0.383495,17.349328,2.275209,-0.768738
299817.0,2025-12-15T01:59:19.408534,80.036491,0.994302,0.106112,0.006601,-0.007802,0.210642,9.903758,-4.938585,-3.988350,-1.019458,0.230097,12.177168,0.846965,-0.808818
299841.0,2025-12-15T01:59:19.409530,80.037488,0.996359,0.084412,-0.004679,-0.011013,0.697342,9.116356,-3.404856,-2.018676,-0.973652,-0.184291,9.689960,-0.427707,-1.302852
299866.0,2025-12-15T01:59:19.467197,80.095155,0.993925,0.108652,-0.004708,-0.016891,0.705953,8.198281,-3.132508,1.848234,-0.014914,-0.515588,12.482831,-0.325888,-1.982827
299889.0,2025-12-15T01:59:19.468196,80.096154,0.991538,0.127277,-0.004611,-0.025143,0.631852,8.399912,-4.994219,1.378452,-0.037284,-0.700944,14.633375,-0.157155,-2.925328
299914.0,2025-12-15T01:59:19.526423,80.154381,0.986843,0.154508,-0.027130,-0.039154,-0.014069,8.306870,-6.836485,2.168878,-1.985653,-0.943824,17.898976,-2.375368,-4.918327
299933.0,2025-12-15T01:59:19.527719,80.155677,0.983278,0.168208,-0.047309,-0.051300,0.047810,5.931015,-1.624931,1.030111,-1.803493,-0.777643,19.670587,-4.345912,-6.726846
299964.0,2025-12-15T01:59:19.528745,80.156703,0.979459,0.188045,-0.049129,-0.053709,0.571696,6.138328,-2.035497,1.509480,-0.162985,-0.313188,22.007452,-4.361023,-7.125788
299987.0,2025-12-15T01:59:19.586964,80.214922,0.972977,0.216137,-0.055020,-0.059783,0.398615,6.278984,-2.582419,2.229598,-0.486826,-0.534763,25.377927,-4.658851,-8.081616
300011.0,2025-12-15T01:59:19.588360,80.216317,0.965097,0.246512,-0.058424,-0.066376,0.375886,4.559980,-0.436158,2.430933,-0.286556,-0.639159,29.020848,-4.591084,-9.057669
300036.0,2025-12-15T01:59:19.647076,80.275034,0.957442,0.273080,-0.058192,-0.073113,0.487821,4.347912,-0.238836,2.099636,-0.013848,-0.706270,32.194156,-4.100142,-9.917249
300060.0,2025-12-15T01:59:19.647076,80.275034,0.950828,0.294274,-0.053410,-0.080483,0.633016,3.043918,-0.305005,1.749164,0.122505,-0.888430,34.683337,-3.106885,-10.646953
300084.0,2025-12-15T01:59:19.648074,80.276032,0.940034,0.325260,-0.049419,-0.089997,0.812978,1.787957,-0.504501,2.502306,0.265251,-1.074852,38.372574,-1.969425,-11.622811
300101.0,2025-12-15T01:59:19.707474,80.335432,0.926087,0.361123,-0.048131,-0.098163,1.092205,0.366195,-0.165950,3.025351,0.169377,-0.990696,42.720702,-1.045657,-12.510145
300130.0,2025-12-15T01:59:19.709472,80.337430,0.913970,0.388718,-0.048716,-0.105749,1.191179,-1.131370,-1.079375,2.533199,0.043676,-0.915062,46.126702,-0.391745,-13.366640
300158.0,2025-12-15T01:59:19.767491,80.395449,0.899207,0.420583,-0.049117,-0.110113,1.022838,-2.670766,-1.685110,3.043460,-0.041545,-0.619984,50.103631,0.245777,-13.847943
300182.0,2025-12-15T01:59:19.768484,80.396441,0.999463,0.030952,-0.009836,0.004436,1.168165,0.568383,-3.694208,2.601376,-0.826645,0.372843,3.542907,-1.142296,0.473293
300207.0,2025-12-15T01:59:19.768484,80.396441,0.999617,0.015041,-0.011502,0.020194,1.057056,2.175078,-1.157508,1.089765,-0.868190,1.696966,1.696993,-1.352462,2.294630
300234.0,2025-12-15T01:59:19.886137,80.514095,0.999952,0.008408,0.000000,0.004946,1.310309,12.133921,-0.613881,0.706270,0.000000,0.415453,0.963437,-0.004765,0.566710
300258.0,2025-12-15T01:59:19.886137,80.514095,0.999807,0.017934,-0.000744,-0.007991,0.919703,2.646981,-2.364350,1.480717,-0.092678,-0.674312,2.055856,-0.068778,-0.917057
300281.0,2025-12-15T01:59:19.887064,80.515022,0.999317,0.034317,-0.011468,-0.007490,0.929177,2.640635,-2.802931,1.346494,-0.875647,0.056459,3.943682,-1.283922,-0.903022
300306.0,2025-12-15T01:59:19.888058,80.516016,0.998461,0.048109,-0.027075,-0.005264,0.412994,2.712577,-2.244976,1.133441,-1.287905,0.218379,5.537285,-3.070265,-0.752608
300330.0,2025-12-15T01:59:19.946831,80.574789,0.999569,0.021854,-0.018387,0.006782,0.117670,3.003926,-1.607088,1.638377,-1.518002,0.569916,2.491407,-2.123534,0.731278
300350.0,2025-12-15T01:59:19.947831,80.575789,0.997976,0.047893,-0.038326,0.016795,-1.046825,1.980579,-1.504119,2.001632,-1.724663,0.847950,5.427929,-4.479679,1.715808
300382.0,2025-12-15T01:59:19.947831,80.575789,0.995160,0.075418,-0.053412,0.033391,-1.543656,1.221709,-1.257104,2.284992,-1.432781,1.394431,8.479539,-6.392781,3.369089
300406.0,2025-12-15T01:59:20.006900,80.634858,0.991808,0.099954,-0.063373,0.048058,-2.627561,0.170397,-0.405555,2.044242,-1.008805,1.223989,11.184113,-7.776778,4.785591
300430.0,2025-12-15T01:59:20.007900,80.635858,0.998670,0.047253,0.020390,0.003078,-2.395028,1.117254,4.885814,3.974501,1.715076,0.258859,5.427280,2.317430,0.462986
300454.0,2025-12-15T01:59:20.066312,80.694270,0.999554,0.017238,0.023051,0.007910,0.663007,-0.423873,0.231313,1.527589,2.120941,0.664725,1.997888,2.625599,0.952579
300480.0,2025-12-15T01:59:20.067791,80.695749,0.998667,0.032238,0.039584,0.007598,0.593508,0.320377,1.251138,1.234641,1.184574,-0.003196,3.737906,4.506480,1.018917
300503.0,2025-12-15T01:59:20.067791,80.695749,0.998209,0.041366,0.042765,0.006213,0.644643,-0.542216,1.226081,0.877778,0.428236,-0.096939,4.784930,4.868177,0.916763
300520.0,2025-12-15T01:59:20.127391,80.755349,0.997907,0.044763,0.046111,0.007216,1.110684,-0.712453,0.089298,0.390952,0.450607,0.079895,5.185612,5.243216,1.066156
300550.0,2025-12-15T01:59:20.128393,80.756351,0.997698,0.047455,0.047906,0.007197,1.272640,-1.041552,0.035559,0.353668,0.302535,0.000000,5.498103,5.446028,1.088317
300579.0,2025-12-15T01:59:20.187013,80.814971,0.997508,0.047207,0.051977,0.006886,1.358228,-0.821396,-0.057668,0.038350,0.149137,-0.034088,5.474533,5.914558,1.074107
300603.0,2025-12-15T01:59:20.187013,80.814971,0.997620,0.046422,0.050524,0.006762,1.287220,-0.813801,-0.068162,0.041545,0.043676,-0.012783,5.380948,5.749526,1.047139
300628.0,2025-12-15T01:59:20.188012,80.815970,0.997713,0.046561,0.048555,0.006496,1.289911,-0.888449,-0.083783,0.123571,-0.003196,-0.018109,5.392359,5.525206,1.006480
300655.0,2025-12-15T01:59:20.245965,80.873923,0.997625,0.046521,0.050369,0.006505,1.205938,-0.785104,-0.072794,0.047937,-0.040480,0.003196,5.390638,5.733084,1.017280
300678.0,2025-12-15T01:59:20.246946,80.874904,0.997716,0.047096,0.047984,0.006427,1.135991,-0.795534,-0.085026,0.158724,-0.037284,0.001065,5.452784,5.459563,0.998388
300701.0,2025-12-15T01:59:20.307011,80.934969,0.997766,0.047325,0.046693,0.006525,1.181288,-1.057745,-0.149800,0.150202,0.039415,0.012783,5.477646,5.310833,1.003594
300728.0,2025-12-15T01:59:20.310210,80.938168,0.997904,0.046126,0.044888,0.006650,1.146369,-0.894224,-0.087876,0.021305,0.004261,0.009587,5.337620,5.104604,1.001713
300754.0,2025-12-15T01:59:20.366935,80.994893,0.997815,0.045719,0.047215,0.006725,1.092500,-0.887126,-0.100105,0.022371,0.004261,0.005326,5.294725,5.371269,1.020793
300777.0,2025-12-15T01:59:20.367929,80.995887,0.997905,0.044991,0.046003,0.006775,1.176083,-0.989266,-0.103358,0.067112,0.049002,0.004261,5.209405,5.232866,1.016244
300802.0,2025-12-15T01:59:20.367929,80.995887,0.998031,0.043723,0.044444,0.006837,1.181363,-0.902616,-0.102280,0.014914,0.025566,0.003196,5.061494,5.055160,1.008605
300825.0,2025-12-15T01:59:20.426670,81.054628,0.998170,0.042252,0.042723,0.006857,1.071712,-0.852280,-0.079986,0.001065,0.009587,0.000000,4.889962,4.859355,0.994805
300850.0,2025-12-15T01:59:20.427675,81.055633,0.998289,0.040803,0.041321,0.006839,1.076291,-0.929918,-0.100337,0.009587,0.030893,-0.003196,4.721245,4.700175,0.978889
300876.0,2025-12-15T01:59:20.486562,81.114520,0.998236,0.039403,0.043859,0.006981,1.176042,-0.856260,-0.096945,-0.061785,0.022371,0.006392,4.564478,4.991759,1.000411
300895.0,2025-12-15T01:59:20.487701,81.115659,0.998375,0.037821,0.042025,0.007152,1.110430,-0.688844,-0.059099,-0.026632,0.013848,0.010653,4.380870,4.782417,1.003865
300924.0,2025-12-15T01:59:20.489559,81.117517,0.998499,0.036387,0.040292,0.007216,1.064378,-0.822948,-0.073760,0.002131,0.010653,0.004261,4.214005,4.585011,0.996881
300948.0,2025-12-15T01:59:20.549790,81.177748,0.998616,0.034958,0.038613,0.007358,1.048271,-0.727603,-0.069335,-0.005326,0.021305,0.009587,4.048209,4.393372,0.999619
300977.0,2025-12-15T01:59:20.550791,81.178749,0.998542,0.034192,0.041077,0.007567,1.100031,-0.645532,-0.059627,-0.022371,0.012783,0.013848,3.964333,4.675800,1.030307
300998.0,2025-12-15T01:59:20.667316,81.295274,0.998667,0.032758,0.039140,0.007683,1.023498,-0.707918,-0.075703,-0.006392,0.000000,0.008522,3.797482,4.454787,1.029300
301025.0,2025-12-15T01:59:20.668322,81.296280,0.998778,0.031201,0.037491,0.007904,1.069148,-0.629057,-0.061068,-0.027697,0.031958,0.014914,3.617417,4.266564,1.041667
301049.0,2025-12-15T01:59:20.669314,81.297272,0.998887,0.029792,0.035671,0.008061,1.047381,-0.551188,-0.033061,-0.023436,0.022371,0.009587,3.453853,4.058977,1.047113
301120.0,2025-12-15T01:59:20.727917,81.355875,0.999023,0.026471,0.034453,0.008114,1.041850,-0.483476,-0.049842,0.006392,0.011718,0.006392,3.071091,3.922561,1.035902
301148.0,2025-12-15T01:59:20.728932,81.356890,0.999122,0.025369,0.032310,0.008168,0.943544,-0.494831,-0.032775,0.001065,-0.004261,0.003196,2.942084,3.677968,1.031286
301173.0,2025-12-15T01:59:20.785959,81.413917,0.999056,0.024970,0.034565,0.008268,1.009399,-0.474679,-0.049666,-0.002131,-0.007457,0.005326,2.899461,3.936589,1.047965
301196.0,2025-12-15T01:59:20.786953,81.414911,0.999156,0.023896,0.032359,0.008327,0.918029,-0.496055,-0.057575,0.005326,-0.010653,0.004261,2.773688,3.684662,1.044167
301221.0,2025-12-15T01:59:20.787961,81.415918,0.999252,0.022495,0.030326,0.008399,0.878796,-0.478893,-0.044637,-0.020240,0.003196,0.004261,2.610648,3.452894,1.041799
301246.0,2025-12-15T01:59:20.847012,81.474969,0.999342,0.020945,0.028291,0.008720,0.886475,-0.364716,-0.019721,-0.051133,0.012783,0.023436,2.431323,3.220556,1.068241
301270.0,2025-12-15T01:59:20.847012,81.474969,0.999277,0.020664,0.030611,0.009002,0.920524,-0.357783,-0.014576,-0.004261,-0.003196,0.025566,2.402984,3.486058,1.105449
301294.0,2025-12-15T01:59:20.907327,81.535285,0.999360,0.019832,0.028326,0.009164,0.882618,-0.386375,-0.028843,0.010653,-0.009587,0.012783,2.305195,3.224730,1.115688
301318.0,2025-12-15T01:59:20.907327,81.535285,0.999445,0.018726,0.025966,0.009244,0.819673,-0.357228,-0.016792,-0.011718,-0.015979,0.005326,2.175526,2.955361,1.115972
301338.0,2025-12-15T01:59:20.908339,81.536297,0.999517,0.017784,0.023768,0.009186,0.716551,-0.295775,-0.017827,-0.001065,-0.001065,-0.006392,2.064689,2.704570,1.101817
301367.0,2025-12-15T01:59:20.965800,81.593758,0.999454,0.017835,0.026252,0.009170,0.859837,-0.332059,-0.014593,0.022371,0.009587,0.001065,2.073513,2.989265,1.105481
301391.0,2025-12-15T01:59:20.966798,81.594756,0.999532,0.016430,0.024029,0.009379,0.759663,-0.362047,-0.009091,-0.029827,-0.007457,0.015979,1.910265,2.735598,1.120841
301416.0,2025-12-15T01:59:21.027080,81.655037,0.999600,0.014113,0.022341,0.010029,0.641657,-0.324435,-0.026580,-0.098004,0.034088,0.051133,1.644089,2.543652,1.186159
301436.0,2025-12-15T01:59:21.027080,81.655037,0.999643,0.011956,0.021133,0.011171,0.705880,-0.177927,-0.015448,-0.122505,0.091613,0.090547,1.397976,2.406199,1.309897
301468.0,2025-12-15T01:59:21.028079,81.656036,0.999571,0.009939,0.024710,0.012223,0.823057,-0.207706,0.006190,-0.151268,0.104396,0.075634,1.174505,2.817560,1.430017
301496.0,2025-12-15T01:59:21.086073,81.714031,0.999532,0.005896,0.025747,0.015429,0.843394,0.034157,-0.005558,-0.328101,0.292948,0.256729,0.721780,2.939846,1.787237
301519.0,2025-12-15T01:59:21.087078,81.715035,0.999333,0.000009,0.029683,0.021253,1.031632,0.161870,0.058970,-0.502805,0.541154,0.471912,0.073425,3.401172,2.438796
301544.0,2025-12-15T01:59:21.146700,81.774657,0.998993,-0.007404,0.034525,0.027687,1.190673,0.412094,0.048619,-0.665790,0.616788,0.519849,-0.739866,3.978928,3.149428
301569.0,2025-12-15T01:59:21.148091,81.776049,0.998490,-0.014389,0.042073,0.032271,1.538223,1.018050,-0.251361,-0.640224,0.458064,0.353668,-1.496311,4.872964,3.638663
301594.0,2025-12-15T01:59:21.207375,81.835333,0.998556,-0.014533,0.040588,0.032039,1.628061,1.375649,-0.368785,-0.132093,0.037284,-0.027697,-1.519209,4.702996,3.613097
301614.0,2025-12-15T01:59:21.208376,81.836334,0.998710,-0.010670,0.038182,0.031712,1.528677,1.134193,-0.230911,0.207727,-0.046872,-0.022371,-1.085610,4.412859,3.595594
301645.0,2025-12-15T01:59:21.208376,81.836334,0.998773,-0.008492,0.036533,0.032342,1.313025,0.541140,0.143987,0.108657,0.042611,0.056459,-0.838836,4.216462,3.678449
301674.0,2025-12-15T01:59:21.266075,81.894033,0.998314,-0.012474,0.044913,0.034584,1.392949,0.823139,0.181656,-0.355798,0.519849,0.155529,-1.254304,5.194571,3.911243
301698.0,2025-12-15T01:59:21.267073,81.895031,0.997877,-0.009712,0.051466,0.038707,2.172773,1.176916,-0.500936,0.145941,0.716923,0.360059,-0.887020,5.938696,4.396673
301718.0,2025-12-15T01:59:21.326220,81.954178,0.997643,-0.004992,0.054308,0.041643,2.359001,0.991760,-0.443207,0.322775,0.407996,0.265251,-0.313343,6.244767,4.763365
301748.0,2025-12-15T01:59:21.327220,81.955178,0.997478,-0.000935,0.054988,0.044872,2.379439,0.504089,-0.127843,0.297209,0.238619,0.287621,0.176972,6.302722,5.161197
301774.0,2025-12-15T01:59:21.386762,82.014720,0.996879,-0.004720,0.063603,0.046519,2.403962,1.018084,0.493713,-0.332363,0.555003,0.059655,-0.201782,7.310593,5.330626
301799.0,2025-12-15T01:59:21.387527,82.015485,0.996774,-0.002159,0.063469,0.049077,2.895685,0.852552,0.606197,0.159790,0.172573,0.223706,0.111187,7.281293,5.644585
301819.0,2025-12-15T01:59:21.388549,82.016507,0.997193,0.004190,0.056764,0.048646,2.511279,-0.251505,0.584842,0.533697,-0.393083,-0.002131,0.800371,6.476892,5.630917
301847.0,2025-12-15T01:59:21.446231,82.074189,0.997800,0.009366,0.047117,0.045677,2.032776,0.669735,0.052687,0.360059,-0.640224,-0.231162,1.323435,5.346052,5.303861
301873.0,2025-12-15T01:59:21.447260,82.075218,0.997759,0.014017,0.046062,0.046463,1.873514,0.632672,-0.482855,0.363255,-0.296144,0.031958,1.855847,5.198996,5.416598
301894.0,2025-12-15T01:59:21.507497,82.135455,0.998086,0.017962,0.037956,0.045404,1.691698,-0.367333,0.165374,0.350472,-0.503870,-0.067112,2.258671,4.251612,5.293125
301920.0,2025-12-15T01:59:21.508499,82.136457,0.998218,0.023448,0.032239,0.044411,1.528110,-0.241871,-0.404404,0.475108,-0.305731,-0.062851,2.852943,3.570750,5.183754
301944.0,2025-12-15T01:59:21.509499,82.137457,0.998268,0.027817,0.027771,0.043766,1.552894,-0.308090,-1.046752,0.396278,-0.198139,-0.040480,3.327841,3.038687,5.108970
301967.0,2025-12-15T01:59:21.567685,82.195643,0.998199,0.030339,0.027445,0.043872,1.380413,-0.586353,-0.532620,0.270577,-0.220510,-0.031958,3.615653,2.988168,5.127493
301992.0,2025-12-15T01:59:21.567685,82.195643,0.998345,0.030578,0.021872,0.043508,1.106874,-0.746685,-0.526659,0.118244,-0.308927,-0.020240,3.612673,2.350431,5.064875
302015.0,2025-12-15T01:59:21.625907,82.253865,0.998415,0.030485,0.017748,0.043853,1.054864,-0.491762,-0.324790,0.071373,-0.169377,0.031958,3.581230,1.877705,5.088652
302040.0,2025-12-15T01:59:21.627198,82.255155,0.998468,0.030312,0.014370,0.044014,0.930283,-0.775562,0.083641,0.108657,-0.136354,0.017044,3.544113,1.491393,5.094286
302065.0,2025-12-15T01:59:21.627765,82.255723,0.998361,0.031855,0.016052,0.044757,1.005876,-0.929993,0.318448,0.189617,-0.053263,0.035154,3.730886,1.673316,5.188235
302093.0,2025-12-15T01:59:21.686944,82.314902,0.998322,0.031548,0.016307,0.045732,1.025653,-0.576575,-0.286094,0.088417,0.188552,0.073503,3.698738,1.700379,5.300530
302113.0,2025-12-15T01:59:21.687954,82.315912,0.998213,0.030119,0.023608,0.045893,1.367094,-0.903749,-0.138976,0.043676,0.764860,-0.012783,3.575257,2.542925,5.344085
302144.0,2025-12-15T01:59:21.746469,82.374427,0.998156,0.030143,0.027607,0.044881,1.616450,-0.694604,0.116380,0.118244,0.506001,-0.101200,3.597061,3.004088,5.243318
302169.0,2025-12-15T01:59:21.747525,82.375483,0.997832,0.029402,0.036815,0.045952,1.614919,-0.499998,-0.841322,0.038350,0.599744,0.007457,3.567031,4.058154,5.399835
302189.0,2025-12-15T01:59:21.747525,82.375483,0.997533,0.028110,0.045233,0.045738,2.088478,-0.402757,-0.521324,-0.012783,0.900148,-0.049002,3.465727,5.029667,5.402702
302217.0,2025-12-15T01:59:21.807034,82.434992,0.997646,0.028049,0.043280,0.045201,2.323231,-0.820428,-0.260691,0.071373,0.015979,-0.044741,3.445017,4.808149,5.332997
302241.0,2025-12-15T01:59:21.808035,82.435993,0.997899,0.026454,0.039469,0.044044,2.054320,-0.796506,-0.322322,-0.056459,-0.138484,-0.098004,3.235370,4.384071,5.178323
302267.0,2025-12-15T01:59:21.866795,82.494752,0.997674,0.037271,0.041120,0.039575,2.222914,-1.199668,0.939169,1.026915,-0.071373,-0.407996,4.466019,4.536754,4.720090
302291.0,2025-12-15T01:59:21.867792,82.495749,0.997150,0.051951,0.043630,0.033001,2.185657,-1.970482,-0.117727,1.396562,0.289752,-0.507066,6.134331,4.794505,4.048117
302316.0,2025-12-15T01:59:21.926709,82.554667,0.996830,0.058696,0.044703,0.029784,2.552868,-1.466354,-0.951953,0.684965,0.226901,-0.257794,6.899195,4.911982,3.719130
302341.0,2025-12-15T01:59:21.926709,82.554667,0.997034,0.059438,0.039970,0.028162,2.077853,-1.655681,-1.393596,0.184291,-0.256729,-0.117179,6.957242,4.379030,3.502200
302365.0,2025-12-15T01:59:21.927709,82.555666,0.997216,0.052486,0.043301,0.030512,2.196922,-1.811468,-0.617416,-0.439954,0.170442,0.125701,6.182454,4.770077,3.762832
302387.0,2025-12-15T01:59:21.986584,82.614542,0.997499,0.048444,0.041738,0.030123,2.515116,-1.791634,0.625597,-0.215183,0.028762,-0.046872,5.709318,4.608647,3.689412
302413.0,2025-12-15T01:59:21.987568,82.615525,0.997790,0.046477,0.038217,0.028181,2.302876,-1.730198,0.027414,-0.040480,-0.147006,-0.160855,5.460546,4.223442,3.437097
302437.0,2025-12-15T01:59:22.046794,82.674752,0.997925,0.046995,0.035319,0.026256,2.160141,-1.416586,-0.374709,0.157659,-0.090547,-0.155529,5.501448,3.900427,3.201734
302463.0,2025-12-15T01:59:22.047790,82.675748,0.997958,0.046887,0.035204,0.025351,2.083170,-1.659283,-0.542897,0.147006,-0.126766,-0.134223,5.485171,3.892627,3.096883
302487.0,2025-12-15T01:59:22.047790,82.675748,0.998181,0.043539,0.032725,0.025861,2.103433,-1.895804,-0.030153,-0.147006,-0.059655,0.038350,5.093951,3.616533,3.129091
302514.0,2025-12-15T01:59:22.107674,82.735632,0.998351,0.040833,0.030525,0.026398,2.079007,-1.649266,-0.146912,-0.101200,-0.028762,0.040480,4.777585,3.370585,3.169953
302539.0,2025-12-15T01:59:22.109142,82.737100,0.998550,0.038022,0.027483,0.026412,1.934094,-1.472466,-0.321647,-0.113983,-0.098004,-0.001065,4.444499,3.031108,3.147935
302564.0,2025-12-15T01:59:22.167013,82.794971,0.998581,0.037210,0.027237,0.026632,1.744357,-1.395149,-0.600317,0.059655,-0.161920,-0.035154,4.351176,3.004470,3.169523
302588.0,2025-12-15T01:59:22.169069,82.797026,0.998631,0.038281,0.023472,0.026824,1.642056,-1.510614,-0.596275,0.219444,-0.174703,0.026632,4.461755,2.569193,3.177328
302613.0,2025-12-15T01:59:22.226287,82.854245,0.998658,0.040058,0.017665,0.027679,1.611758,-1.620920,-0.129881,0.276969,-0.349407,0.089482,4.647847,1.894781,3.252188
302638.0,2025-12-15T01:59:22.227276,82.855233,0.998698,0.039375,0.011698,0.030255,1.508985,-1.805318,0.060921,0.080960,-0.366451,0.230097,4.552504,1.202314,3.518218
302663.0,2025-12-15T01:59:22.228280,82.856237,0.998668,0.038189,0.010611,0.033027,1.382683,-1.583389,0.359696,0.026632,-0.218379,0.177899,4.415636,1.069825,3.829490
302687.0,2025-12-15T01:59:22.286782,82.914740,0.998520,0.042173,0.008515,0.033279,1.329748,-1.665615,0.088913,0.487891,-0.066046,0.025566,4.864272,0.813556,3.852272
302710.0,2025-12-15T01:59:22.287818,82.915776,0.997925,0.057114,0.006788,0.028936,1.008865,-1.880714,-0.799727,1.427454,-0.104396,-0.351537,6.568451,0.586825,3.355492
302735.0,2025-12-15T01:59:22.348234,82.976192,0.997401,0.067213,0.006351,0.025169,1.031371,-3.161172,-0.096971,1.040763,-0.023436,-0.311057,7.724093,0.532025,2.926929
302761.0,2025-12-15T01:59:22.349233,82.977190,0.996614,0.078438,0.008153,0.023283,1.174528,-3.017342,-0.165655,1.100418,-0.009587,-0.190682,9.017543,0.721825,2.733514
302785.0,2025-12-15T01:59:22.349233,82.977190,0.995583,0.091079,0.006614,0.021797,1.185173,-3.839989,-0.744025,1.252751,-0.108657,-0.109722,10.465886,0.527036,2.556648
302807.0,2025-12-15T01:59:22.407531,83.035488,0.994499,0.102273,0.007049,0.021509,1.228665,-4.543011,-0.574039,1.136637,0.058590,-0.025566,11.755413,0.551198,2.534728
302833.0,2025-12-15T01:59:22.408523,83.036480,0.992748,0.118348,0.008028,0.019490,1.385608,-4.748674,-1.346541,1.549960,0.085221,-0.172573,13.609749,0.649004,2.326913
302855.0,2025-12-15T01:59:22.466402,83.094360,0.991206,0.130702,0.010467,0.017838,1.109355,-5.448304,-1.527878,1.235707,0.109722,-0.169377,15.041066,0.921735,2.183685
302880.0,2025-12-15T01:59:22.466402,83.094360,0.989973,0.139835,0.010844,0.016817,1.145898,-5.355914,-1.693335,0.965129,0.041545,-0.085221,16.097345,0.960780,2.082230
302904.0,2025-12-15T01:59:22.468395,83.096352,0.988633,0.149241,0.010392,0.014999,1.209087,-5.796734,-1.955021,0.987500,-0.037284,-0.141680,17.183862,0.920848,1.877560
302922.0,2025-12-15T01:59:22.527469,83.155427,0.987263,0.158266,0.010533,0.012398,1.290180,-6.288376,-2.162622,0.956607,0.002131,-0.215183,18.228380,0.966876,1.594032
302955.0,2025-12-15T01:59:22.527469,83.155427,0.986333,0.163870,0.011615,0.012592,1.293745,-6.911572,-2.135571,0.666856,0.075634,-0.007457,18.881388,1.076401,1.641849
302976.0,2025-12-15T01:59:22.588052,83.216010,0.985015,0.171658,0.012310,0.011260,1.117304,-6.650100,-2.123715,0.852211,0.058590,-0.116114,19.786647,1.168079,1.513637
303002.0,2025-12-15T01:59:22.589054,83.217012,0.982843,0.183799,0.012617,0.008849,1.183936,-7.091593,-2.656632,1.223989,0.008522,-0.194943,21.198410,1.234767,1.262723
303027.0,2025-12-15T01:59:22.589054,83.217012,0.980579,0.195502,0.013176,0.008335,1.293982,-8.064742,-3.167582,1.185639,0.057524,-0.042611,22.564835,1.293918,1.232154
303057.0,2025-12-15T01:59:22.646617,83.274575,0.977599,0.209800,0.014208,0.009039,1.302733,-8.059245,-3.609746,1.409345,0.088417,0.041545,24.240949,1.374469,1.354650
303080.0,2025-12-15T01:59:22.647640,83.275598,0.974716,0.222768,0.014357,0.009849,1.250516,-8.049177,-4.401814,1.294296,0.043676,0.075634,25.764663,1.352300,1.467139
303105.0,2025-12-15T01:59:22.706474,83.334431,0.969907,0.242603,0.017158,0.011399,1.554874,-8.895823,-4.493285,1.890844,0.272708,0.094809,28.110752,1.590322,1.744849
303130.0,2025-12-15T01:59:22.707475,83.335433,0.962351,0.270675,0.020906,0.013339,1.571931,-9.289408,-5.888885,2.614159,0.351537,0.122505,31.453816,1.892059,2.121018
303156.0,2025-12-15T01:59:22.766577,83.394535,0.954866,0.296091,0.020337,0.012159,1.466832,-8.990019,-7.432951,2.391519,-0.068177,-0.050067,34.487959,1.812988,2.021840
303180.0,2025-12-15T01:59:22.767579,83.395537,0.947350,0.319527,0.017765,0.010734,1.429608,-9.490416,-8.128263,2.226403,-0.233293,-0.009587,37.301373,1.535738,1.816687
303204.0,2025-12-15T01:59:22.767579,83.395537,0.938447,0.344972,0.015868,0.007716,1.425683,-9.824862,-9.018897,2.420281,-0.223706,-0.151268,40.384547,1.401567,1.457637
303222.0,2025-12-15T01:59:22.828212,83.456170,0.929408,0.368772,0.014077,0.003267,1.070953,-9.630816,-10.283477,2.289253,-0.259925,-0.267381,43.295739,1.361334,0.943103
303254.0,2025-12-15T01:59:22.829212,83.457170,0.921344,0.388519,0.013236,-0.001983,0.827650,-9.530805,-11.097350,1.935585,-0.199204,-0.374973,45.734005,1.485881,0.380031
303275.0,2025-12-15T01:59:22.886718,83.514675,0.911850,0.410195,0.015595,-0.005123,0.708341,-9.784497,-12.157945,2.123072,0.103331,-0.301470,48.444368,1.870616,0.197816
303301.0,2025-12-15T01:59:22.886718,83.514675,0.902204,0.430843,0.018500,-0.007747,0.714109,-9.532584,-13.031718,2.041047,0.162985,-0.282295,51.055446,2.295751,0.112501
303325.0,2025-12-15T01:59:22.887718,83.515676,0.892900,0.449610,0.021736,-0.010386,0.626842,-9.109682,-13.558600,1.879126,0.185356,-0.297209,53.455505,2.760212,0.057244
303350.0,2025-12-15T01:59:22.946555,83.574513,0.880712,0.472819,0.024499,-0.013714,0.444684,-8.404383,-14.596161,2.312689,0.151268,-0.334493,56.457597,3.217237,-0.056737
303374.0,2025-12-15T01:59:22.947742,83.575700,0.867970,0.495610,0.026789,-0.016779,0.162722,-7.787690,-15.607379,2.294580,0.106526,-0.284426,59.448041,3.619841,-0.147729
303396.0,2025-12-15T01:59:23.009298,83.637256,0.858824,0.511010,0.028905,-0.021344,0.064120,-7.648190,-16.179644,1.602158,0.012783,-0.397344,61.491615,4.098040,-0.409005
303423.0,2025-12-15T01:59:23.010298,83.638256,0.851593,0.522710,0.030318,-0.025385,-0.001167,-7.206753,-16.726614,1.246359,-0.026632,-0.334493,63.057472,4.483659,-0.663219
303448.0,2025-12-15T01:59:23.010298,83.638256,0.843701,0.535333,0.030178,-0.026001,-0.167718,-6.662827,-17.218761,1.328385,0.034088,-0.021305,64.764461,4.517349,-0.664558
303471.0,2025-12-15T01:59:23.067368,83.695326,0.833683,0.550716,0.031485,-0.026343,-0.231763,-6.107513,-17.504354,1.610680,0.140615,-0.061785,66.874389,4.675469,-0.531440
303494.0,2025-12-15T01:59:23.068355,83.696313,0.825667,0.562580,0.032085,-0.027349,-0.291379,-5.383986,-17.669683,1.267665,0.046872,-0.079895,68.516340,4.804435,-0.521047
303519.0,2025-12-15T01:59:23.126667,83.754625,0.816536,0.575718,0.031552,-0.028671,-0.268256,-5.106639,-18.018013,1.407214,-0.040480,-0.047937,70.347787,4.849566,-0.603313
303552.0,2025-12-15T01:59:23.127680,83.755638,0.803398,0.593726,0.032302,-0.031587,-0.500174,-4.142095,-18.141850,1.925998,0.014914,-0.214118,72.898186,5.129756,-0.713156
303572.0,2025-12-15T01:59:23.186562,83.814520,0.789651,0.611618,0.034899,-0.034009,-0.721572,-3.357116,-19.304228,1.931324,0.140615,-0.272708,75.487789,5.550165,-0.634415
303603.0,2025-12-15T01:59:23.187563,83.815521,0.780772,0.622730,0.037138,-0.034976,-0.795061,-2.968842,-19.311243,1.222924,0.157659,-0.162985,77.125939,5.828634,-0.481597
303623.0,2025-12-15T01:59:23.190624,83.818582,0.774084,0.630832,0.038506,-0.036921,-1.005380,-2.323850,-19.328737,0.909736,0.033023,-0.182160,78.329590,6.096112,-0.494310
303656.0,2025-12-15T01:59:23.246741,83.874698,0.768713,0.637042,0.039585,-0.041123,-1.070807,-1.806212,-19.369444,0.716923,-0.087352,-0.312122,79.255986,6.502912,-0.737532
303680.0,2025-12-15T01:59:23.247612,83.875570,0.759575,0.647530,0.040071,-0.046321,-1.155248,-1.296051,-19.346266,1.197357,-0.180030,-0.345146,80.829815,6.941862,-1.066437
303704.0,2025-12-15T01:59:23.306781,83.934738,0.751099,0.656788,0.041313,-0.052664,-1.454480,-1.006968,-19.516930,1.080178,-0.201335,-0.458064,82.240622,7.541186,-1.435995
303724.0,2025-12-15T01:59:23.307780,83.935738,0.739156,0.669533,0.042465,-0.059753,-1.573679,-0.117722,-19.554363,1.484978,-0.221575,-0.501740,84.210296,8.209320,-1.822022
303757.0,2025-12-15T01:59:23.366368,83.994326,0.727907,0.681155,0.043515,-0.065471,-1.788010,0.013420,-19.780443,1.363539,-0.127832,-0.399474,86.038980,8.774226,-2.089432
303781.0,2025-12-15T01:59:23.367369,83.995327,0.721425,0.687630,0.046470,-0.067468,-1.679030,0.603945,-19.520910,0.752077,0.123571,-0.284426,87.096017,9.197336,-1.941160
303805.0,2025-12-15T01:59:23.368358,83.996316,0.713678,0.695436,0.048387,-0.068497,-1.859654,1.391031,-19.454130,0.899083,0.127832,-0.165116,88.370161,9.458697,-1.770092
303833.0,2025-12-15T01:59:23.426543,84.054500,0.705985,0.703051,0.049262,-0.069847,-2.007097,1.421499,-19.356276,0.891626,0.045806,-0.122505,89.617263,9.658126,-1.706304
303858.0,2025-12-15T01:59:23.427644,84.055602,0.697124,0.711636,0.050259,-0.071171,-2.205508,2.035604,-19.123938,1.000283,0.098004,-0.115049,91.041323,9.867425,-1.611041
303878.0,2025-12-15T01:59:23.548274,84.176231,0.688490,0.719730,0.051414,-0.072987,-1.871973,3.043079,-18.475950,0.954477,0.038350,-0.168312,92.405065,10.128621,-1.542146
303910.0,2025-12-15T01:59:23.548274,84.176231,0.694718,0.713199,0.055240,-0.075258,-1.508074,3.264224,-17.652260,-0.812797,0.009587,-0.330232,91.364592,10.608701,-1.502432
303934.0,2025-12-15T01:59:23.549273,84.177231,0.682109,0.724687,0.054321,-0.081275,-3.009589,2.567064,-20.187971,1.435976,-0.285491,-0.291882,93.285315,11.063823,-1.877024
303959.0,2025-12-15T01:59:23.551278,84.179236,0.675407,0.730495,0.054515,-0.085032,-1.959677,3.173908,-18.581768,0.707336,-0.116114,-0.205596,94.282090,11.412479,-2.058861
304008.0,2025-12-15T01:59:23.607680,84.235637,0.655153,0.748234,0.053073,-0.090017,-2.222794,4.011496,-18.678942,1.272991,-0.111853,-0.092678,97.356472,11.785573,-2.255574
304033.0,2025-12-15T01:59:23.608678,84.236635,0.648000,0.754671,0.051689,-0.088861,-2.261817,4.527025,-18.022839,0.757403,0.070307,0.155529,98.476915,11.601972,-2.173317
304056.0,2025-12-15T01:59:23.666690,84.294648,0.643527,0.758886,0.049616,-0.086620,-2.135526,5.086868,-17.831802,0.443150,0.110787,0.288687,99.196317,11.263859,-2.114073
304081.0,2025-12-15T01:59:23.667688,84.295646,0.636520,0.765102,0.046165,-0.085615,-1.932342,5.608625,-17.474874,0.736098,-0.056459,0.278034,100.268729,10.939844,-2.238461
304106.0,2025-12-15T01:59:23.668689,84.296647,0.639637,0.762902,0.042698,-0.083795,-1.379718,5.336480,-16.242308,-0.377104,-0.106526,0.360059,99.819699,10.514036,-2.451056
304135.0,2025-12-15T01:59:23.726425,84.354383,0.630045,0.771395,0.037240,-0.081273,-2.260404,4.881643,-18.216885,1.048220,-0.041545,0.477238,101.291690,9.922279,-2.615890
304161.0,2025-12-15T01:59:23.727403,84.355361,0.618992,0.780431,0.035059,-0.080919,-1.504471,5.852509,-17.303455,1.120658,0.039415,0.156594,102.935232,9.770726,-2.643649
304181.0,2025-12-15T01:59:23.787560,84.415517,0.605959,0.790589,0.035412,-0.080799,-1.331628,6.591480,-17.538383,1.306014,0.125701,-0.054328,104.852436,9.827032,-2.438900
304213.0,2025-12-15T01:59:23.788559,84.416517,0.587734,0.803958,0.036357,-0.083062,-0.907443,7.540364,-16.446529,1.800297,0.031958,-0.242880,107.459965,10.153924,-2.281041
304234.0,2025-12-15T01:59:23.848106,84.476063,0.576586,0.811297,0.039829,-0.088087,-0.651937,7.689939,-15.412317,1.004544,-0.095874,-0.519849,108.991898,10.886159,-2.156592
304262.0,2025-12-15T01:59:23.849105,84.477062,0.555826,0.825429,0.038261,-0.090887,-1.895564,7.648205,-16.016026,2.011219,-0.053263,-0.086286,111.874019,11.103094,-2.211792
304287.0,2025-12-15T01:59:23.849105,84.477062,0.535928,0.838260,0.040085,-0.092166,-1.485050,8.464538,-14.669094,1.863147,0.148072,-0.267381,114.631489,11.389869,-1.846414
304314.0,2025-12-15T01:59:23.907350,84.535308,0.517220,0.849779,0.042309,-0.092564,-1.255771,9.212998,-13.516453,1.699097,0.210922,-0.251402,117.204533,11.600404,-1.394893
304334.0,2025-12-15T01:59:23.908290,84.536248,0.497514,0.861269,0.041584,-0.094691,-1.259427,9.145465,-12.871175,1.794970,-0.036219,-0.122505,119.837448,11.799417,-1.322334
304368.0,2025-12-15T01:59:23.967152,84.595110,0.479431,0.871092,0.044577,-0.096735,-1.349161,9.802110,-12.307517,1.545699,0.157659,-0.355798,122.250534,12.196925,-0.884837
304392.0,2025-12-15T01:59:23.968148,84.596106,0.465722,0.878196,0.047215,-0.098214,-1.138844,9.905083,-12.112125,1.144094,0.092678,-0.307861,124.069538,12.502404,-0.501956
304416.0,2025-12-15T01:59:24.026639,84.654597,0.467044,0.876608,0.056585,-0.101129,0.149305,9.876209,-10.905540,-0.370712,0.104396,-0.784035,123.936440,13.306264,0.279209
304442.0,2025-12-15T01:59:24.027638,84.655596,0.456241,0.882228,0.052534,-0.103723,-2.594723,10.041938,-12.058004,0.910801,-0.208792,0.198139,125.295319,13.353087,-0.114925
304466.0,2025-12-15T01:59:24.027638,84.655596,0.444671,0.888396,0.045793,-0.104515,-0.897501,9.550648,-10.393599,1.010936,-0.230097,0.428236,126.742947,13.086777,-0.681458
304493.0,2025-12-15T01:59:24.086979,84.714937,0.431742,0.894697,0.043968,-0.105745,-1.154105,9.678936,-10.108217,1.075917,-0.069242,0.037284,128.394572,13.131385,-0.743232
304519.0,2025-12-15T01:59:24.146128,84.774086,0.421458,0.899638,0.044811,-0.104957,-1.079399,9.665635,-9.937860,0.796818,0.156594,-0.072438,129.743164,13.098058,-0.461390
304546.0,2025-12-15T01:59:24.147129,84.775087,0.416510,0.901957,0.045513,-0.104507,-1.096704,9.813982,-10.141207,0.276969,0.134223,-0.017044,130.392988,13.087260,-0.291456
304570.0,2025-12-15T01:59:24.148604,84.776562,0.400619,0.909488,0.038938,-0.104022,-1.144520,10.605497,-9.082147,1.373126,-0.079895,0.441019,132.372031,12.733202,-0.735339
304596.0,2025-12-15T01:59:24.207126,84.835084,0.361502,0.925996,0.033126,-0.103687,0.217834,8.445749,-7.084511,3.423760,0.074569,0.193878,137.262029,12.472916,-0.799078
304621.0,2025-12-15T01:59:24.208126,84.836083,0.326429,0.938976,0.030246,-0.104182,-0.234373,10.107128,-6.100479,2.981675,0.066046,-0.027697,141.588969,12.438650,-0.658088
304647.0,2025-12-15T01:59:24.209125,84.837083,0.304772,0.946012,0.025395,-0.107379,-0.050152,9.719986,-5.325009,1.759817,-0.238619,0.168312,144.172616,12.629377,-1.021927
304670.0,2025-12-15T01:59:24.266556,84.894513,0.286832,0.951410,0.018042,-0.110553,0.544760,9.171377,-4.385960,1.459412,-0.379234,0.382430,146.254882,12.750870,-1.709141
304695.0,2025-12-15T01:59:24.268541,84.896499,0.267522,0.956495,0.007022,-0.116192,1.014779,8.537514,-3.950455,1.596831,-0.670051,0.600809,148.420037,13.063552,-2.867651
304717.0,2025-12-15T01:59:24.326082,84.954040,0.248414,0.960956,-0.005492,-0.121755,1.518157,7.498800,-3.678328,1.578722,-0.712662,0.721184,150.520718,13.372096,-4.187826
304746.0,2025-12-15T01:59:24.327217,84.955175,0.225600,0.964640,-0.019680,-0.134858,2.646137,7.133700,-1.928452,1.869539,-1.325189,0.660464,152.924735,14.554445,-5.859629
304771.0,2025-12-15T01:59:24.328112,84.956069,0.197453,0.969095,-0.030596,-0.144674,2.253589,5.927088,-2.734847,2.289253,-1.053546,0.397344,156.017406,15.564481,-6.942021
304798.0,2025-12-15T01:59:24.386657,85.014615,0.166246,0.973729,-0.039118,-0.150610,3.127276,4.469198,-2.142120,2.532134,-0.740359,0.216249,159.539975,16.278141,-7.557968
304824.0,2025-12-15T01:59:24.386657,85.014615,0.143511,0.977441,-0.039793,-0.149766,3.065114,3.512892,-2.470764,1.759817,-0.079895,-0.223706,162.255122,16.340995,-7.230542
304848.0,2025-12-15T01:59:24.448094,85.076052,0.117229,0.982694,-0.032723,-0.139639,3.161315,2.815850,-1.280754,2.028263,0.828776,-0.803209,165.608512,15.472351,-5.779628
304873.0,2025-12-15T01:59:24.448094,85.076052,0.090323,0.987345,-0.029285,-0.127021,3.263862,3.168689,-1.235142,2.112419,0.927845,-0.478304,168.949935,14.213524,-4.779773
304895.0,2025-12-15T01:59:24.507278,85.135236,0.067927,0.989343,-0.036005,-0.123653,3.379861,0.489733,-0.636776,1.886583,0.007457,0.319579,171.511198,13.873550,-5.203141
304921.0,2025-12-15T01:59:24.508280,85.136237,0.035042,0.991226,-0.042037,-0.120313,2.357170,0.251639,-0.867267,2.736664,-0.019175,0.166181,175.302865,13.625096,-5.418217
304947.0,2025-12-15T01:59:24.508280,85.136237,0.015014,0.992504,-0.044303,-0.112907,2.462591,-0.512981,-0.322825,1.706553,0.458064,-0.004261,177.659730,12.873039,-5.375703
304969.0,2025-12-15T01:59:24.566780,85.194738,0.010664,0.993088,-0.045241,-0.107780,2.008777,-1.618449,0.069801,0.490022,0.245011,0.011718,178.185724,12.304336,-5.412289
304995.0,2025-12-15T01:59:24.567665,85.195623,0.000917,0.993437,-0.046751,-0.104382,1.838710,-2.007396,0.462312,0.958738,0.091613,0.008522,179.321640,11.964664,-5.459775
305020.0,2025-12-15T01:59:24.625896,85.253854,-0.017007,0.993591,-0.047513,-0.101147,2.002470,-2.126433,0.243274,1.625593,0.037284,-0.119310,-178.584839,11.689874,-5.330633
305046.0,2025-12-15T01:59:24.626892,85.254850,-0.048816,0.992790,-0.047442,-0.098666,1.693680,-2.930462,-0.940191,2.767557,-0.006392,-0.290817,-174.871916,11.568569,-4.952000
305071.0,2025-12-15T01:59:24.686531,85.314488,-0.078712,0.991300,-0.047616,-0.094140,1.456197,-4.164791,-0.226015,2.686597,0.149137,-0.271642,-171.376457,11.194369,-4.653393
305096.0,2025-12-15T01:59:24.687536,85.315493,-0.092371,0.990677,-0.046703,-0.088573,1.333385,-4.999209,-0.976897,1.330515,0.322775,-0.241815,-169.759222,10.610012,-4.444759
305121.0,2025-12-15T01:59:24.688534,85.316492,-0.106406,0.989903,-0.046222,-0.081446,0.595254,-5.185541,-1.588553,1.379517,0.480434,-0.222640,-168.101767,9.850829,-4.317740
305146.0,2025-12-15T01:59:24.747583,85.375541,-0.135350,0.987286,-0.043994,-0.070793,0.397256,-6.893871,-3.298059,2.654639,0.707336,-0.484695,-164.687383,8.725153,-3.927794
305171.0,2025-12-15T01:59:24.748584,85.376542,-0.172245,0.982036,-0.039217,-0.066320,0.035205,-7.905683,-3.940033,3.273557,0.128897,-0.667921,-160.330287,8.265868,-3.138298
305191.0,2025-12-15T01:59:24.749579,85.377537,-0.206651,0.975713,-0.034845,-0.063753,0.210341,-7.578958,-3.983603,3.087136,-0.023436,-0.586961,-156.251613,7.979090,-2.410263
305220.0,2025-12-15T01:59:24.806875,85.434833,-0.234836,0.969599,-0.034753,-0.059352,0.162340,-8.358832,-4.933878,2.594984,0.222640,-0.233293,-152.921119,7.551534,-2.284580
305250.0,2025-12-15T01:59:24.867653,85.495610,-0.269507,0.960886,-0.035116,-0.053216,-0.210032,-9.572073,-7.179976,3.196858,0.363255,-0.240750,-148.801046,6.961205,-2.240179
305275.0,2025-12-15T01:59:24.868668,85.496626,-0.301407,0.951715,-0.034889,-0.046647,-0.593884,-9.405890,-8.390511,2.940130,0.382430,-0.298274,-144.975775,6.304937,-2.207706
305301.0,2025-12-15T01:59:24.926221,85.554179,-0.327081,0.943437,-0.035320,-0.041198,-0.525054,-9.912219,-8.958657,2.417085,0.330232,-0.192813,-141.873643,5.787534,-2.286561
305326.0,2025-12-15T01:59:24.927218,85.555176,-0.360609,0.931530,-0.033585,-0.032933,-0.581279,-10.347136,-10.563360,3.128681,0.459129,-0.455933,-137.771407,4.909288,-2.232941
305352.0,2025-12-15T01:59:24.927218,85.555176,-0.397869,0.916630,-0.031492,-0.022309,-0.579795,-9.740950,-12.270142,3.517503,0.633832,-0.537959,-133.148773,3.781886,-2.296373
305376.0,2025-12-15T01:59:24.986940,85.614897,-0.417871,0.907879,-0.031516,-0.012096,-0.834414,-7.929731,-12.344000,1.968608,0.715858,-0.363255,-130.634806,2.768558,-2.703695
305396.0,2025-12-15T01:59:24.988459,85.616416,-0.437720,0.898572,-0.031105,-0.001440,-0.565015,-7.939079,-14.093737,1.959021,0.732902,-0.404800,-128.102672,1.708696,-3.133599
305429.0,2025-12-15T01:59:25.046539,85.674497,-0.480354,0.876557,-0.027269,0.012830,-1.460449,-8.792437,-15.582459,4.154531,0.825580,-0.771251,-122.560755,0.212238,-3.447372
305455.0,2025-12-15T01:59:25.048544,85.676502,-0.506055,0.861621,-0.029876,0.024973,0.188315,-6.192995,-15.494370,2.597115,0.957673,-0.225836,-119.117893,-0.733206,-4.402660
305481.0,2025-12-15T01:59:25.048544,85.676502,-0.520943,0.852952,-0.020907,0.025594,0.253879,-6.130693,-16.797291,1.528654,-0.356864,-0.615723,-117.131618,-1.253599,-3.574526
305506.0,2025-12-15T01:59:25.111952,85.739909,-0.536023,0.843854,-0.009750,0.022235,-0.005212,-5.601189,-17.997774,1.547829,-0.733967,-0.600809,-115.120649,-1.551414,-2.310042
305526.0,2025-12-15T01:59:25.112956,85.740914,-0.576814,0.816672,0.000796,0.018213,0.473552,-4.111677,-19.957716,4.167314,-0.742489,-0.463390,-109.515711,-1.757304,-1.129984
305558.0,2025-12-15T01:59:25.166327,85.794285,-0.620740,0.783858,0.002305,0.015571,0.483958,-3.746565,-19.913826,4.643487,-0.203465,0.093743,-103.236031,-1.562807,-0.900896
305583.0,2025-12-15T01:59:25.167331,85.795288,0.998956,0.045372,-0.000563,0.005308,0.216314,7.740753,-7.460244,3.775297,-0.045806,0.446346,5.200671,-0.092030,0.604713
305603.0,2025-12-15T01:59:25.168329,85.796287,0.999390,0.034119,-0.003162,-0.006717,0.911001,8.955224,-7.285926,2.668487,-0.248207,-0.564590,3.912867,-0.335849,-0.781666
305634.0,2025-12-15T01:59:25.227023,85.854980,0.997301,0.071870,-0.005836,-0.013858,1.258071,8.242998,-5.970421,2.979544,-0.200270,-0.604005,8.251585,-0.552874,-1.632045
305660.0,2025-12-15T01:59:25.227023,85.854980,0.993693,0.109930,-0.007064,-0.020991,0.341234,7.296449,-3.968483,3.022155,-0.134223,-0.664725,12.637346,-0.539977,-2.480077
305684.0,2025-12-15T01:59:25.287530,85.915488,0.989576,0.141278,-0.007863,-0.026783,0.756258,6.953793,-3.493069,2.459696,-0.057524,-0.502805,16.262668,-0.458062,-3.166156
305704.0,2025-12-15T01:59:25.288531,85.916489,0.985269,0.167102,-0.010827,-0.034716,1.084180,5.663643,-3.081553,2.009089,-0.264186,-0.656203,19.271650,-0.557636,-4.130591
305738.0,2025-12-15T01:59:25.347070,85.975028,0.979510,0.198232,-0.013537,-0.032877,1.261534,6.382401,-2.698508,2.508698,-0.183225,0.058590,22.908800,-0.772597,-4.001374
305763.0,2025-12-15T01:59:25.348069,85.976027,0.973571,0.225421,-0.014273,-0.033772,1.107252,4.635478,-1.298925,2.153965,0.019175,-0.117179,26.099191,-0.720010,-4.140290
305787.0,2025-12-15T01:59:25.348069,85.976027,0.965779,0.256447,-0.015673,-0.035498,1.304718,3.846786,0.295202,2.509763,-0.031958,-0.189617,29.768167,-0.691445,-4.393740
305810.0,2025-12-15T01:59:25.405952,86.033910,0.955948,0.290408,-0.012647,-0.040825,0.944066,2.049692,-0.363527,2.779275,0.256729,-0.591222,33.797744,-0.026823,-4.898953
305837.0,2025-12-15T01:59:25.407546,86.035504,0.949093,0.311660,-0.008879,-0.044859,0.599279,1.439394,-0.609096,1.864213,0.079895,-0.523045,36.329025,0.636420,-5.203347
305859.0,2025-12-15T01:59:25.467151,86.095109,0.943394,0.327787,-0.013442,-0.048816,0.992248,0.226600,-0.388149,1.346494,-0.282295,-0.325971,38.300816,0.380486,-5.792186
305885.0,2025-12-15T01:59:25.467151,86.095109,0.938141,0.342058,-0.015320,-0.051515,1.406225,0.061023,0.334126,1.212271,-0.026632,-0.314253,40.044958,0.372332,-6.150476
305910.0,2025-12-15T01:59:25.468663,86.096620,0.933659,0.353638,-0.018063,-0.053805,1.338218,-0.286895,0.001293,1.034372,-0.085221,-0.264186,41.475900,0.247787,-6.502566
305939.0,2025-12-15T01:59:25.526211,86.154169,0.933127,0.354860,-0.021087,-0.053897,0.944160,-0.656174,-0.541662,0.218379,-0.374973,0.000000,41.646418,-0.063142,-6.635421
305964.0,2025-12-15T01:59:25.527195,86.155153,0.930766,0.360530,-0.026674,-0.054602,1.258554,-1.400173,0.141903,0.647681,-0.325971,-0.008522,42.383214,-0.589147,-6.943113
305988.0,2025-12-15T01:59:25.588380,86.216338,0.926206,0.371825,-0.026512,-0.056440,0.887136,-1.948379,0.212882,1.157942,0.070307,-0.262055,43.771497,-0.409090,-7.138579
306014.0,2025-12-15T01:59:25.589379,86.217337,0.921597,0.382812,-0.025112,-0.059014,0.476410,-1.237359,0.155621,1.131311,0.134223,-0.352602,45.117989,-0.063202,-7.354036
306037.0,2025-12-15T01:59:25.646454,86.274412,0.919746,0.387168,-0.021705,-0.060810,0.589995,-2.407150,-0.410599,0.501740,0.108657,-0.294013,45.630898,0.410332,-7.392708
306061.0,2025-12-15T01:59:25.647446,86.275404,0.918886,0.389327,-0.016904,-0.061537,0.970859,-2.788049,-0.211288,0.317449,0.405866,-0.269512,45.862955,0.965538,-7.254147
306086.0,2025-12-15T01:59:25.648443,86.276400,0.917795,0.392025,-0.011806,-0.061884,1.247104,-2.642153,-0.880629,0.358994,0.455933,-0.263120,46.163376,1.538508,-7.059198
306110.0,2025-12-15T01:59:25.707088,86.335046,0.917929,0.391944,-0.012756,-0.060193,1.933503,-2.770718,-1.990090,0.122505,0.063916,0.082025,46.161355,1.361809,-6.923221
306136.0,2025-12-15T01:59:25.707088,86.335046,0.917183,0.394147,-0.013293,-0.056973,1.963396,-3.036091,-1.241829,0.329167,0.013848,0.172573,46.442026,1.176253,-6.604382
306158.0,2025-12-15T01:59:25.766551,86.394508,0.916141,0.396910,-0.015513,-0.053924,1.429712,-3.043735,-0.332665,0.400539,0.006392,0.236489,46.802533,0.824023,-6.380437
306190.0,2025-12-15T01:59:25.767544,86.395502,0.914886,0.400025,-0.018059,-0.051362,1.103884,-3.061719,-0.647357,0.441019,-0.044741,0.218379,47.208691,0.461088,-6.224917
306210.0,2025-12-15T01:59:25.768541,86.396499,0.913159,0.403680,-0.022805,-0.051609,0.774204,-2.409993,-0.958474,0.504935,-0.308927,0.074569,47.697472,0.001044,-6.468974
306245.0,2025-12-15T01:59:25.826555,86.454512,0.908451,0.413636,-0.027588,-0.053475,0.615097,-2.993448,-0.826761,1.069525,-0.493217,-0.058590,48.981779,-0.337215,-6.891179
306265.0,2025-12-15T01:59:25.827545,86.455503,0.901543,0.427731,-0.032113,-0.056875,0.737954,-5.210205,-0.317504,1.475391,-0.386691,-0.200270,50.797945,-0.529872,-7.471224
306296.0,2025-12-15T01:59:25.887545,86.515503,0.892885,0.445094,-0.033035,-0.059643,0.359872,-5.422130,-1.108069,1.769404,-0.090547,-0.289752,53.014614,-0.338024,-7.811735
306321.0,2025-12-15T01:59:25.888544,86.516502,0.885110,0.460101,-0.033570,-0.061319,0.431662,-5.499212,-1.940571,1.557416,-0.029827,-0.213053,54.944965,-0.171949,-8.015457
306346.0,2025-12-15T01:59:25.947148,86.575106,0.877066,0.475127,-0.034332,-0.061886,0.233165,-6.008280,-2.285125,1.563808,-0.077764,-0.118244,56.896602,-0.081101,-8.116179
306371.0,2025-12-15T01:59:25.948140,86.576097,0.866932,0.493310,-0.036273,-0.061304,0.192213,-6.424390,-2.901592,1.892975,-0.040480,-0.006392,59.292191,-0.137982,-8.168205
306391.0,2025-12-15T01:59:25.949138,86.577096,0.853732,0.515560,-0.040320,-0.060942,-0.056840,-7.621582,-3.012486,2.322276,-0.194943,0.040480,62.279889,-0.344105,-8.373930
306418.0,2025-12-15T01:59:26.006925,86.634883,0.837485,0.541133,-0.044087,-0.062051,-0.169417,-7.945766,-4.508103,2.680205,-0.234358,-0.102265,65.765537,-0.383308,-8.722591
306444.0,2025-12-15T01:59:26.007916,86.635874,0.821070,0.565310,-0.048142,-0.062866,-0.186268,-8.632803,-4.857856,2.583266,-0.280165,-0.071373,69.131388,-0.457136,-9.071688
306469.0,2025-12-15T01:59:26.126927,86.754884,0.809331,0.581624,-0.051039,-0.063977,-0.999867,-9.309282,-6.713167,1.807754,-0.211988,-0.073503,71.444167,-0.469493,-9.377199
306494.0,2025-12-15T01:59:26.126927,86.754884,0.807519,0.583981,-0.051904,-0.064702,-0.856419,-9.358626,-6.922190,0.363255,-0.087352,-0.035154,71.786661,-0.473167,-9.504425
306519.0,2025-12-15T01:59:26.127930,86.755888,0.810939,0.579103,-0.052157,-0.065547,-0.854681,-9.627772,-6.592397,-0.386691,-0.068177,-0.013848,71.104093,-0.497108,-9.597443
306596.0,2025-12-15T01:59:26.187732,86.815690,0.823113,0.561540,-0.050914,-0.067565,-0.831554,-9.244328,-5.673106,-0.248207,-0.052198,-0.035154,68.643328,-0.454645,-9.695605
306621.0,2025-12-15T01:59:26.188724,86.816682,0.823518,0.560876,-0.051229,-0.067912,-0.777531,-9.175725,-5.791745,0.054328,-0.037284,-0.013848,68.555487,-0.469575,-9.748659
306647.0,2025-12-15T01:59:26.247086,86.875043,0.825496,0.557955,-0.051573,-0.067693,-0.698786,-8.804600,-5.668661,-0.175769,-0.044741,0.039415,68.156636,-0.550490,-9.748281
306667.0,2025-12-15T01:59:26.248091,86.876048,0.826760,0.556067,-0.051888,-0.067570,-0.683207,-8.819910,-5.500708,-0.067112,-0.018109,0.027697,67.900514,-0.610244,-9.755457
306696.0,2025-12-15T01:59:26.308443,86.936401,0.828209,0.553905,-0.051808,-0.067641,-0.753045,-8.856656,-5.673727,-0.098004,-0.001065,-0.001065,67.602319,-0.623504,-9.755569
306721.0,2025-12-15T01:59:26.309411,86.937369,0.829494,0.551857,-0.052183,-0.068343,-0.748451,-9.008155,-5.443671,-0.082025,-0.061785,-0.025566,67.326085,-0.638309,-9.845133
306747.0,2025-12-15T01:59:26.309411,86.937369,0.829283,0.552226,-0.052066,-0.068011,-0.650680,-8.592376,-5.397877,0.154463,-0.002131,0.001065,67.375178,-0.644047,-9.806184
306771.0,2025-12-15T01:59:26.367162,86.995119,0.831765,0.548588,-0.051723,-0.067401,-0.772733,-8.746195,-5.494343,-0.246076,0.044741,0.046872,66.872307,-0.692856,-9.723013
306794.0,2025-12-15T01:59:26.368176,86.996133,0.834582,0.544355,-0.051386,-0.067162,-0.928349,-8.819309,-5.312850,-0.303600,0.024501,0.027697,66.290015,-0.724971,-9.675162
306818.0,2025-12-15T01:59:26.426543,87.054501,0.837016,0.540703,-0.050725,-0.066878,-0.859275,-8.705109,-5.165699,-0.246076,0.051133,0.010653,65.784616,-0.721503,-9.603205
306844.0,2025-12-15T01:59:26.426543,87.054501,0.837057,0.540847,-0.050291,-0.065503,-0.732967,-8.693155,-5.252590,0.132093,0.072438,0.062851,65.798456,-0.764286,-9.443418
306869.0,2025-12-15T01:59:26.428548,87.056505,0.835168,0.543856,-0.050543,-0.064499,-0.475401,-8.579043,-5.278227,0.426106,0.040480,0.045806,66.210757,-0.817465,-9.365217
306898.0,2025-12-15T01:59:26.487190,87.115148,0.834981,0.544107,-0.050746,-0.064639,-0.621307,-8.817690,-5.456346,0.149137,-0.017044,-0.013848,66.247572,-0.825262,-9.391787
306923.0,2025-12-15T01:59:26.488192,87.116150,0.835052,0.543934,-0.051260,-0.064781,-0.697210,-8.724274,-5.316370,0.109722,-0.040480,0.004261,66.230253,-0.867253,-9.437660
306946.0,2025-12-15T01:59:26.607519,87.235477,0.833811,0.545699,-0.052471,-0.064950,-0.767258,-8.640261,-5.479078,0.305731,-0.109722,0.015979,66.485949,-0.952021,-9.532224
306970.0,2025-12-15T01:59:26.608941,87.236898,0.831645,0.548770,-0.053915,-0.065663,-0.846600,-8.700477,-5.503139,0.441019,-0.124636,-0.018109,66.924075,-1.008885,-9.695757
306993.0,2025-12-15T01:59:26.609962,87.237919,0.829258,0.552154,-0.055075,-0.066511,-0.930437,-8.874052,-5.710791,0.469782,-0.110787,-0.042611,67.403032,-1.025259,-9.855062
307068.0,2025-12-15T01:59:26.667534,87.295492,0.823056,0.560851,-0.059097,-0.067324,-1.097657,-9.248321,-6.394109,0.109722,-0.125701,0.026632,68.654385,-1.247001,-10.204015
307093.0,2025-12-15T01:59:26.668529,87.296487,0.822377,0.561717,-0.059937,-0.067654,-1.015202,-9.148057,-6.125211,0.213053,-0.071373,0.000000,68.785860,-1.293655,-10.291431
307113.0,2025-12-15T01:59:26.725972,87.353930,0.816961,0.569699,-0.060031,-0.066446,-0.882943,-8.704082,-6.534585,0.929976,0.069242,0.007457,69.893545,-1.282264,-10.195741
307144.0,2025-12-15T01:59:26.727483,87.355441,0.813662,0.574201,-0.061867,-0.066478,-1.106019,-9.605633,-6.773334,0.589091,-0.134223,0.035154,70.547224,-1.394354,-10.327969
307164.0,2025-12-15T01:59:26.727483,87.355441,0.812014,0.576581,-0.061953,-0.065950,-1.281250,-9.584297,-7.352261,0.357929,0.023436,0.012783,70.881022,-1.407492,-10.288212
307189.0,2025-12-15T01:59:26.786658,87.414615,0.812477,0.576016,-0.062188,-0.064958,-1.068204,-9.184603,-7.273486,0.058590,0.030893,0.076699,70.804720,-1.502389,-10.210095
307215.0,2025-12-15T01:59:26.787658,87.415616,0.812956,0.575330,-0.062955,-0.064305,-1.083341,-9.390079,-7.060319,0.051133,-0.022371,0.079895,70.719233,-1.625475,-10.198904
307239.0,2025-12-15T01:59:26.846600,87.474558,0.813002,0.575260,-0.063641,-0.063663,-1.226254,-9.453539,-7.347003,0.109722,-0.034088,0.064981,70.718934,-1.732592,-10.184477
307263.0,2025-12-15T01:59:26.847604,87.475562,0.814268,0.573442,-0.064396,-0.063130,-1.165329,-9.528576,-7.170076,-0.064981,-0.029827,0.082025,70.475466,-1.860647,-10.180989
307286.0,2025-12-15T01:59:26.848606,87.476564,0.814807,0.572655,-0.064909,-0.062790,-1.197630,-9.633085,-7.099329,0.038350,-0.021305,0.047937,70.372798,-1.940591,-10.181429
307312.0,2025-12-15T01:59:26.906260,87.534218,0.813598,0.574304,-0.065777,-0.062507,-1.085701,-9.523935,-7.026337,0.290817,-0.044741,0.037284,70.615697,-2.019229,-10.216819
307335.0,2025-12-15T01:59:26.907265,87.535223,0.811697,0.576978,-0.066531,-0.061781,-1.082230,-9.249220,-7.259434,0.392017,-0.035154,0.050067,71.000558,-2.104012,-10.206103
307356.0,2025-12-15T01:59:26.967749,87.595707,0.810676,0.578328,-0.067795,-0.061201,-1.208687,-9.455997,-7.522331,0.263120,-0.058590,0.080960,71.208320,-2.242648,-10.240447
307379.0,2025-12-15T01:59:26.967749,87.595707,0.810326,0.578698,-0.069356,-0.060585,-1.327106,-9.665344,-7.599358,0.165116,-0.078830,0.107592,71.283655,-2.423235,-10.289273
307404.0,2025-12-15T01:59:26.968750,87.596707,0.810899,0.577785,-0.070971,-0.059759,-1.214511,-9.573920,-7.359419,0.035154,-0.073503,0.135289,71.179932,-2.639067,-10.318450
307429.0,2025-12-15T01:59:27.027188,87.655146,0.810770,0.577843,-0.072575,-0.059005,-1.193619,-9.486853,-7.321036,0.132093,-0.091613,0.117179,71.212741,-2.836869,-10.356535
307457.0,2025-12-15T01:59:27.028188,87.656146,0.810493,0.577927,-0.075306,-0.058564,-1.406941,-9.597677,-7.518947,0.147006,-0.169377,0.154463,71.268543,-3.117181,-10.500490
307485.0,2025-12-15T01:59:27.088022,87.715980,0.810976,0.576930,-0.078048,-0.058125,-1.498184,-9.529858,-7.668136,0.036219,-0.171508,0.166181,71.174162,-3.412419,-10.641271
307506.0,2025-12-15T01:59:27.089011,87.716969,0.811658,0.575786,-0.079722,-0.057669,-1.472943,-9.371351,-7.621498,0.011718,-0.098004,0.117179,71.041944,-3.612193,-10.707193
307539.0,2025-12-15T01:59:27.147521,87.775479,0.811915,0.575207,-0.081791,-0.056932,-1.569391,-9.335575,-7.634948,0.071373,-0.122505,0.141680,70.996136,-3.860019,-10.775743
307563.0,2025-12-15T01:59:27.148517,87.776475,0.812067,0.574818,-0.083289,-0.056523,-1.607160,-9.280239,-7.758351,0.087352,-0.089482,0.099070,70.967729,-4.030695,-10.837137
307581.0,2025-12-15T01:59:27.148517,87.776475,0.812566,0.573899,-0.084960,-0.056211,-1.669475,-9.306734,-7.573579,0.035154,-0.106526,0.106526,70.868810,-4.218027,-10.916589
307608.0,2025-12-15T01:59:27.206729,87.834687,0.813240,0.572751,-0.086122,-0.056392,-1.740489,-9.461906,-7.518696,0.005326,-0.095874,0.051133,70.729972,-4.328774,-11.006339
307633.0,2025-12-15T01:59:27.207735,87.835693,0.813666,0.571932,-0.087519,-0.056407,-1.843375,-9.530815,-7.525182,0.037284,-0.118244,0.058590,70.641572,-4.467924,-11.098018
307658.0,2025-12-15T01:59:27.267537,87.895494,0.814276,0.570951,-0.088118,-0.056603,-1.814960,-9.266184,-7.631552,0.017044,-0.058590,0.022371,70.516276,-4.523623,-11.151602
307681.0,2025-12-15T01:59:27.268524,87.896482,0.816581,0.567488,-0.088789,-0.057180,-1.748992,-9.092147,-7.466178,-0.235423,-0.080960,0.025566,70.047355,-4.594875,-11.232088
307704.0,2025-12-15T01:59:27.268524,87.896482,0.818146,0.565166,-0.088946,-0.057552,-1.830905,-9.383823,-7.342584,-0.122505,-0.036219,0.003196,69.728108,-4.616655,-11.264766
307731.0,2025-12-15T01:59:27.327258,87.955215,0.820895,0.561105,-0.089262,-0.057659,-1.875392,-9.410103,-7.444389,-0.299339,-0.050067,0.042611,69.170996,-4.694576,-11.273429
307749.0,2025-12-15T01:59:27.327258,87.955215,0.826788,0.552127,-0.090702,-0.057874,-1.803993,-9.028421,-6.736149,-0.774447,-0.117179,0.144876,67.960251,-4.937879,-11.337424
307778.0,2025-12-15T01:59:27.386644,88.014601,0.829540,0.547818,-0.091405,-0.058343,-1.904772,-9.257732,-6.442602,-0.308927,-0.079895,0.042611,67.383377,-5.032778,-11.402711
307801.0,2025-12-15T01:59:27.446813,88.074771,0.830540,0.546376,-0.090937,-0.058365,-1.931137,-9.428339,-6.458229,-0.030893,0.022371,-0.010653,67.176871,-5.006949,-11.365808
307829.0,2025-12-15T01:59:27.447813,88.075770,0.829905,0.547307,-0.091164,-0.058318,-1.943089,-9.505337,-6.330527,0.208792,-0.038350,-0.010653,67.308629,-5.018591,-11.381634
307851.0,2025-12-15T01:59:27.448814,88.076772,0.828982,0.548526,-0.091933,-0.058794,-1.920622,-9.150941,-6.703878,0.245011,-0.086286,-0.014914,67.491664,-5.044055,-11.484616
307872.0,2025-12-15T01:59:27.448814,88.076772,0.828468,0.548997,-0.092774,-0.060306,-1.968268,-9.135572,-6.758461,0.166181,-0.139550,-0.075634,67.576181,-5.020053,-11.687007
307899.0,2025-12-15T01:59:27.506043,88.134001,0.828041,0.549284,-0.093952,-0.061703,-2.219208,-9.203472,-6.962714,0.151268,-0.158724,-0.047937,67.642241,-5.037489,-11.899378
307920.0,2025-12-15T01:59:27.507048,88.135006,0.827674,0.549624,-0.094331,-0.063010,-2.186162,-9.445606,-6.709196,0.149137,-0.098004,-0.079895,67.699449,-4.984566,-12.051260
307951.0,2025-12-15T01:59:27.508185,88.136142,0.828184,0.548623,-0.095358,-0.063486,-2.096752,-9.622953,-6.498239,0.022371,-0.119310,0.021305,67.584054,-5.065120,-12.158063
307969.0,2025-12-15T01:59:27.566705,88.194663,0.828170,0.548176,-0.097774,-0.063863,-2.036821,-9.378542,-6.546288,0.096939,-0.197074,0.084156,67.573169,-5.274662,-12.349729
308002.0,2025-12-15T01:59:27.566705,88.194663,0.827924,0.547933,-0.100593,-0.064743,-2.263790,-9.225901,-6.765445,0.119310,-0.250337,0.067112,67.601448,-5.486831,-12.617491
308028.0,2025-12-15T01:59:27.627043,88.255001,0.827793,0.547487,-0.103241,-0.066009,-2.427106,-9.050970,-7.023746,0.090547,-0.273773,0.034088,67.600841,-5.661219,-12.909967
308049.0,2025-12-15T01:59:27.627556,88.255513,0.828045,0.546533,-0.105337,-0.067438,-2.503154,-8.745673,-7.226074,0.037284,-0.226901,0.007457,67.520237,-5.781365,-13.178375
308074.0,2025-12-15T01:59:27.688012,88.315970,0.829272,0.544331,-0.106779,-0.067902,-2.471808,-8.310931,-7.051539,-0.088417,-0.136354,0.061785,67.252699,-5.922036,-13.302481
308093.0,2025-12-15T01:59:27.689017,88.316975,0.830921,0.541868,-0.106595,-0.067727,-2.797133,-8.308456,-7.583430,-0.131028,0.006392,0.040480,66.911719,-5.954898,-13.256386
308122.0,2025-12-15T01:59:27.689017,88.316975,0.832095,0.540498,-0.103159,-0.069551,-2.990631,-8.909504,-7.399392,-0.069242,0.143811,-0.258859,66.653624,-5.537141,-13.198521
308155.0,2025-12-15T01:59:27.746509,88.374467,0.832267,0.541094,-0.094561,-0.074889,-3.165358,-9.112914,-7.661344,0.047937,0.332363,-0.760599,66.564714,-4.379130,-13.158959
308177.0,2025-12-15T01:59:27.747500,88.375458,0.831539,0.542367,-0.090632,-0.078529,-2.110586,-8.787741,-5.681962,0.189617,0.102265,-0.449542,66.665408,-3.758168,-13.262095
308200.0,2025-12-15T01:59:27.806452,88.434409,0.831430,0.542491,-0.089916,-0.079643,-1.982442,-8.805361,-6.250999,0.120375,-0.007457,-0.116114,66.669926,-3.618145,-13.323665
308223.0,2025-12-15T01:59:27.806452,88.434409,0.831510,0.542649,-0.089345,-0.078362,-1.775638,-9.326914,-5.763931,0.128897,0.076699,0.049002,66.677992,-3.642806,-13.164286
308249.0,2025-12-15T01:59:27.807856,88.435814,0.831937,0.542837,-0.086627,-0.075529,-2.098870,-8.844886,-6.561985,0.116114,0.315318,0.073503,66.645864,-3.562440,-12.717529
308271.0,2025-12-15T01:59:27.868360,88.496318,0.831984,0.543885,-0.086251,-0.067469,-1.717743,-8.864897,-6.251103,0.247141,0.394148,0.532632,66.767017,-4.021318,-11.922912
308298.0,2025-12-15T01:59:27.868875,88.496833,0.833696,0.542565,-0.072497,-0.072924,-3.040226,-8.543713,-8.739511,-0.175769,0.702009,-0.976847,66.353975,-2.392679,-11.562490
308325.0,2025-12-15T01:59:27.927536,88.555494,0.834482,0.543027,-0.066204,-0.066179,-0.544452,-8.594907,-4.696856,0.119310,0.735032,0.169377,66.310611,-2.213183,-10.514694
308345.0,2025-12-15T01:59:27.927536,88.555494,0.834100,0.543718,-0.070418,-0.060742,-0.733148,-9.401487,-6.504639,0.238619,-0.044741,0.552872,66.462331,-2.947374,-10.261504
308369.0,2025-12-15T01:59:27.928533,88.556491,0.833487,0.544713,-0.072758,-0.057385,-0.903506,-9.656091,-6.508165,0.248207,-0.010653,0.320645,66.629635,-3.369142,-10.091822
308394.0,2025-12-15T01:59:27.986809,88.614766,0.832922,0.545042,-0.078774,-0.054455,-1.471530,-10.374012,-6.868246,0.213053,-0.292948,0.467651,66.767222,-4.121125,-10.197503
308416.0,2025-12-15T01:59:27.988074,88.616031,0.832348,0.544626,-0.085144,-0.057704,-2.297839,-9.853973,-7.948358,0.119310,-0.608266,0.064981,66.827967,-4.524459,-10.917422
308447.0,2025-12-15T01:59:28.047667,88.675624,0.999999,0.000740,0.000942,0.000650,-0.601030,-1.377811,-1.797145,0.077764,0.042611,0.050067,0.084860,0.107939,0.074510
308465.0,2025-12-15T01:59:28.047667,88.675624,0.999984,-0.000496,0.005185,0.002289,-0.428969,-1.386917,-1.783988,-0.066046,0.343015,0.137419,-0.055459,0.594234,0.261978
308491.0,2025-12-15T01:59:28.048667,88.676625,0.999981,-0.004559,0.003431,-0.002194,-0.450585,-1.684972,-0.715043,-0.190682,0.233293,-0.184291,-0.523341,0.392004,-0.253197
308514.0,2025-12-15T01:59:28.106015,88.733973,0.999942,-0.007737,0.005900,-0.004668,-0.124580,-1.226903,-0.350240,-0.068177,0.183225,-0.206661,-0.889758,0.671918,-0.540144
308539.0,2025-12-15T01:59:28.108030,88.735988,0.999829,-0.010790,0.012701,-0.008043,0.303137,-1.021418,-0.553190,-0.189617,0.385626,-0.303600,-1.248388,1.445338,-0.937509
308571.0,2025-12-15T01:59:28.168023,88.795981,0.999732,-0.013527,0.015687,-0.010386,0.886356,-0.509438,0.116224,-0.120375,0.418649,-0.190682,-1.569268,1.781270,-1.214827
308589.0,2025-12-15T01:59:28.168023,88.795981,0.999678,-0.015238,0.017213,-0.010764,1.133276,-0.614628,0.479781,-0.046872,0.301470,-0.024501,-1.768144,1.953405,-1.263974
308616.0,2025-12-15T01:59:28.226943,88.854901,0.999633,-0.016950,0.017923,-0.011166,1.174360,-0.644630,0.158845,-0.046872,0.233293,-0.026632,-1.966150,2.031760,-1.314787
308640.0,2025-12-15T01:59:28.287405,88.915363,0.999558,-0.016855,0.022320,-0.010123,1.384445,-0.509809,-0.056386,0.060720,0.180030,0.059655,-1.958822,2.537836,-1.203847
308659.0,2025-12-15T01:59:28.288400,88.916358,0.999558,-0.017615,0.022743,-0.007554,1.052041,-0.917792,0.249624,0.061785,0.182160,0.225836,-2.039874,2.590664,-0.912084
308685.0,2025-12-15T01:59:28.289410,88.917368,0.999569,-0.018556,0.022081,-0.005406,1.078513,-0.776117,-0.047286,0.033023,0.103331,0.188552,-2.141686,2.518483,-0.666867
308710.0,2025-12-15T01:59:28.289410,88.917368,0.999469,-0.022451,0.023183,-0.004564,1.118534,-1.115053,0.584618,-0.183225,0.225836,0.076699,-2.587054,2.644347,-0.582987
308732.0,2025-12-15T01:59:28.347348,88.975306,0.999908,-0.012275,0.005732,-0.000691,1.184737,-1.108807,1.874038,-1.013066,0.446346,-0.063916,-1.407121,0.655819,-0.087212
308756.0,2025-12-15T01:59:28.348350,88.976308,0.999922,-0.011332,-0.004237,-0.002993,1.163520,-0.005340,1.323235,-0.912932,-0.159790,-0.251402,-1.297125,-0.489397,-0.337418
308778.0,2025-12-15T01:59:28.350350,88.978308,0.999902,-0.010681,-0.008744,-0.002159,0.939632,0.306374,-1.031052,-0.004261,-0.188552,0.070307,-1.221977,-1.004576,-0.236741
308807.0,2025-12-15T01:59:28.407457,89.035415,0.999880,-0.009592,-0.011929,-0.002227,0.436311,-0.186070,-1.086045,0.155529,-0.077764,-0.006392,-1.096380,-1.369415,-0.242077
308828.0,2025-12-15T01:59:28.409459,89.037416,0.999935,-0.006995,-0.008971,0.000363,0.136481,-0.472894,-0.904730,0.264186,0.057524,0.170442,-0.802000,-1.027738,0.048808
308850.0,2025-12-15T01:59:28.410455,89.038412,0.999943,-0.007291,-0.007649,0.001420,0.068712,-1.039510,-0.388862,0.175769,0.118244,0.086286,-0.836774,-0.875354,0.169105
308875.0,2025-12-15T01:59:28.466319,89.094277,0.999953,-0.007032,-0.006667,0.000274,0.410493,-0.646083,-0.413583,0.191748,0.187487,-0.096939,-0.806058,-0.763718,0.036720
308899.0,2025-12-15T01:59:28.467317,89.095274,0.999962,-0.006679,-0.005671,0.000183,0.880071,-0.588784,0.153498,0.141680,0.249272,-0.006392,-0.765543,-0.649722,0.025296
308929.0,2025-12-15T01:59:28.526523,89.154480,0.999982,-0.005802,-0.001043,0.001147,1.044133,-0.811001,0.385930,0.137419,0.202400,0.044741,-0.664999,-0.118745,0.132161
308950.0,2025-12-15T01:59:28.526523,89.154480,0.999977,-0.006647,-0.001088,0.001266,1.136490,-0.731280,0.457419,0.039415,0.162985,0.011718,-0.761831,-0.123734,0.145881
308973.0,2025-12-15T01:59:28.587908,89.215866,0.999971,-0.007089,-0.002544,0.001300,1.200809,-0.658851,0.516000,0.058590,0.053263,0.004261,-0.812679,-0.290450,0.151083
308997.0,2025-12-15T01:59:28.588908,89.216866,0.999957,-0.007967,-0.004679,0.001009,1.135464,-0.564828,0.296791,0.014914,0.000000,-0.023436,-0.913489,-0.535254,0.119946
309023.0,2025-12-15T01:59:28.589906,89.217864,0.999953,-0.009055,-0.003006,0.001758,1.067037,-0.539745,0.121010,-0.033023,-0.044741,0.014914,-1.038276,-0.342575,0.204533
309050.0,2025-12-15T01:59:28.647185,89.275142,0.999931,-0.010064,-0.005705,0.002029,0.907522,-0.578514,0.115690,0.021305,-0.057524,0.023436,-1.154666,-0.651391,0.239102
309070.0,2025-12-15T01:59:28.647185,89.275142,0.999906,-0.010778,-0.008258,0.002001,0.593188,-0.708095,-0.271996,0.089482,-0.082025,-0.003196,-1.237140,-0.943778,0.239535
309092.0,2025-12-15T01:59:28.706525,89.334483,0.999877,-0.011745,-0.010169,0.002066,0.622861,-0.577927,-0.419484,0.053263,-0.012783,0.005326,-1.348503,-1.162486,0.250417
309116.0,2025-12-15T01:59:28.707529,89.335486,0.999854,-0.012423,-0.011567,0.002011,0.645840,-0.744013,-0.289210,0.092678,0.014914,-0.005326,-1.426583,-1.322567,0.246935
309141.0,2025-12-15T01:59:28.708527,89.336485,0.999881,-0.012588,-0.008633,0.002249,0.697849,-0.768788,-0.180855,0.056459,0.066046,-0.028762,-1.444893,-0.985996,0.270166
309169.0,2025-12-15T01:59:28.766571,89.394528,0.999865,-0.013230,-0.009634,0.001595,0.721550,-0.719230,-0.051650,0.086286,0.058590,-0.054328,-1.518060,-1.101440,0.197435
309193.0,2025-12-15T01:59:28.767459,89.395417,0.999845,-0.014127,-0.010494,0.000825,0.747350,-0.741400,0.030753,0.064981,0.070307,-0.063916,-1.620126,-1.201105,0.111510
309218.0,2025-12-15T01:59:28.826457,89.454415,0.999818,-0.015077,-0.011720,0.000036,0.835661,-0.654309,0.082451,0.042611,0.055394,-0.064981,-1.728123,-1.342843,0.024405
309243.0,2025-12-15T01:59:28.827445,89.455403,0.999825,-0.016513,-0.008832,0.000264,0.915129,-0.517783,0.113274,-0.057524,0.064981,-0.043676,-1.892879,-1.011477,0.047016
309265.0,2025-12-15T01:59:28.828448,89.456406,0.999776,-0.018420,-0.010401,-0.000165,0.844985,-0.496698,0.237656,-0.056459,0.039415,-0.033023,-2.111056,-1.192077,0.003062
309288.0,2025-12-15T01:59:28.886753,89.514711,0.999733,-0.019532,-0.012330,-0.000513,0.740548,-0.535048,0.019700,0.022371,0.001065,-0.027697,-2.238187,-1.413883,-0.031213
309312.0,2025-12-15T01:59:28.886753,89.514711,0.999682,-0.020835,-0.014200,-0.000733,0.741786,-0.438931,0.027890,-0.007457,0.014914,-0.015979,-2.387254,-1.628646,-0.050073
309340.0,2025-12-15T01:59:28.947095,89.575053,0.999688,-0.022025,-0.011750,-0.000190,0.744430,-0.483044,0.104999,-0.053263,0.014914,0.008522,-2.524393,-1.346623,0.007933
309360.0,2025-12-15T01:59:28.948099,89.576057,0.999631,-0.023277,-0.013962,-0.000546,0.724159,-0.446943,-0.022415,-0.001065,-0.014914,-0.027697,-2.667469,-1.600980,-0.025258
309384.0,2025-12-15T01:59:28.949100,89.577058,0.999575,-0.024225,-0.016216,-0.000796,0.775957,-0.346021,-0.212435,0.001065,-0.006392,-0.018109,-2.775828,-1.859998,-0.046206
309411.0,2025-12-15T01:59:29.006712,89.634670,0.999523,-0.024941,-0.018189,-0.000650,0.737605,-0.383036,0.039526,0.030893,0.011718,0.014914,-2.858436,-2.085632,-0.022460
309436.0,2025-12-15T01:59:29.006712,89.634670,0.999550,-0.025397,-0.015948,0.000287,0.786715,-0.394399,0.029279,0.007457,-0.001065,0.029827,-2.912212,-1.826134,0.079287
309463.0,2025-12-15T01:59:29.067608,89.695566,0.999490,-0.026922,-0.017157,0.001016,0.754822,-0.342789,-0.126300,-0.040480,0.076699,0.067112,-3.088725,-1.962253,0.169426
309482.0,2025-12-15T01:59:29.068597,89.696555,0.999456,-0.028491,-0.016549,0.001557,0.778422,-0.462650,-0.086013,-0.022371,0.217314,0.054328,-3.269594,-1.890585,0.232452
309506.0,2025-12-15T01:59:29.068597,89.696555,0.999404,-0.029854,-0.017281,0.001278,0.821650,-0.382363,0.281229,-0.026632,0.118244,-0.015979,-3.425619,-1.975048,0.205574
309531.0,2025-12-15T01:59:29.126633,89.754591,0.999462,-0.029966,-0.013207,0.002108,0.922284,-0.247486,0.178051,0.026632,0.151268,0.023436,-3.438452,-1.505554,0.286841
309554.0,2025-12-15T01:59:29.127620,89.755578,0.999446,-0.030602,-0.012830,0.002635,0.961761,-0.203488,-0.075430,-0.007457,0.224771,0.056459,-3.511950,-1.460356,0.346942
309580.0,2025-12-15T01:59:29.187835,89.815793,0.999422,-0.031322,-0.012728,0.003529,1.014535,-0.140998,-0.122632,-0.027697,0.203465,0.087352,-3.595758,-1.445130,0.449999
309601.0,2025-12-15T01:59:29.188740,89.816698,0.999389,-0.032291,-0.012628,0.004494,0.923898,-0.268453,-0.308698,-0.019175,0.196009,0.092678,-3.708298,-1.429667,0.561528
309626.0,2025-12-15T01:59:29.188740,89.816698,0.999420,-0.032548,-0.008328,0.005490,0.871861,-0.439532,-0.303995,0.033023,0.177899,0.026632,-3.735935,-0.933371,0.659910
309649.0,2025-12-15T01:59:29.247496,89.875454,0.999405,-0.033221,-0.007233,0.005819,1.100221,-0.299281,0.013386,0.002131,0.282295,0.042611,-3.812616,-0.806242,0.694027
309673.0,2025-12-15T01:59:29.248491,89.876449,0.999428,-0.032515,-0.007593,0.005413,1.278649,-0.351801,0.105516,0.111853,0.162985,-0.023436,-3.731618,-0.849443,0.648327
309698.0,2025-12-15T01:59:29.307117,89.935075,0.999441,-0.031842,-0.009189,0.004414,1.209475,-0.286969,-0.310762,0.100135,0.062851,-0.076699,-3.654534,-1.036349,0.539113
309722.0,2025-12-15T01:59:29.308116,89.936074,0.999453,-0.032135,-0.005894,0.005048,1.381799,-0.234561,-0.267582,0.028762,0.107592,-0.034088,-3.686589,-0.656456,0.599920
309744.0,2025-12-15T01:59:29.309184,89.937141,0.999448,-0.031938,-0.007705,0.004995,1.508344,-0.121538,0.171561,0.033023,0.046872,0.003196,-3.665074,-0.864140,0.600390
309770.0,2025-12-15T01:59:29.365952,89.993909,0.999419,-0.031986,-0.010693,0.004944,1.320176,-0.424442,0.290663,0.055394,-0.060720,-0.001065,-3.672591,-1.206612,0.605509
309794.0,2025-12-15T01:59:29.366951,89.994909,0.999365,-0.032982,-0.012580,0.004856,1.111264,-0.402333,-0.407986,-0.013848,0.028762,-0.001065,-3.788004,-1.422434,0.603797
309820.0,2025-12-15T01:59:29.426837,90.054795,0.999313,-0.035361,-0.009084,0.006348,1.161401,-0.308915,-0.488588,-0.135289,0.127832,0.038350,-4.059935,-1.014584,0.763881
309841.0,2025-12-15T01:59:29.427832,90.055790,0.999246,-0.036592,-0.011093,0.006692,1.335986,-0.185262,0.350125,-0.071373,0.027697,0.037284,-4.203200,-1.242210,0.813028
309865.0,2025-12-15T01:59:29.428834,90.056792,0.999224,-0.036409,-0.013484,0.006591,1.275936,-0.177663,0.238649,0.042611,-0.003196,-0.002131,-4.184316,-1.516604,0.811255
309893.0,2025-12-15T01:59:29.487124,90.115082,0.999184,-0.036648,-0.015558,0.006790,1.241280,-0.126412,-0.078781,0.002131,0.023436,0.024501,-4.213990,-1.753079,0.843167
309913.0,2025-12-15T01:59:29.547217,90.175175,0.999153,-0.036430,-0.017815,0.007032,1.246735,-0.192507,0.262163,0.049002,0.006392,0.026632,-4.191711,-2.010823,0.880052
309940.0,2025-12-15T01:59:29.548218,90.176175,0.999196,-0.035744,-0.016319,0.007958,1.258825,-0.309906,0.202517,0.106526,-0.053263,-0.002131,-4.113193,-1.836195,0.978604
309960.0,2025-12-15T01:59:29.548218,90.176175,0.999114,-0.036083,-0.019903,0.008588,1.134094,-0.356685,0.142327,0.030893,-0.112918,0.054328,-4.157567,-2.243813,1.066452
309984.0,2025-12-15T01:59:29.549219,90.177177,0.999008,-0.037399,-0.022187,0.009629,1.048648,-0.232472,0.086370,-0.060720,-0.001065,0.094809,-4.313989,-2.499412,1.198668
310009.0,2025-12-15T01:59:29.606563,90.234521,0.998909,-0.038688,-0.023947,0.010469,0.936706,-0.196419,-0.272278,-0.059655,0.043676,0.079895,-4.466675,-2.695721,1.306125
310034.0,2025-12-15T01:59:29.607547,90.235505,0.998903,-0.040129,-0.020959,0.011991,1.055525,-0.200284,-0.358733,-0.075634,0.071373,0.053263,-4.631116,-2.344646,1.470338
310057.0,2025-12-15T01:59:29.666537,90.294495,0.998846,-0.040508,-0.023000,0.011720,1.003100,-0.092088,-0.058915,-0.010653,0.027697,-0.013848,-4.677310,-2.579035,1.449867
310081.0,2025-12-15T01:59:29.667523,90.295481,0.998808,-0.040427,-0.024844,0.011439,1.062151,-0.110344,0.213062,0.028762,0.043676,-0.014914,-4.670360,-2.791658,1.426200
310104.0,2025-12-15T01:59:29.669512,90.297470,0.998800,-0.039473,-0.027026,0.010475,1.093398,-0.052660,0.247804,0.086286,0.018109,-0.074569,-4.561499,-3.047286,1.323124
310133.0,2025-12-15T01:59:29.726509,90.354466,0.998873,-0.039284,-0.024353,0.010812,1.027115,-0.148634,-0.254800,0.047937,0.040480,-0.039415,-4.536638,-2.739930,1.348857
310155.0,2025-12-15T01:59:29.727839,90.355797,0.998839,-0.040041,-0.024425,0.010970,0.963147,-0.277474,-0.128216,-0.001065,0.183225,0.026632,-4.624053,-2.746402,1.369396
310181.0,2025-12-15T01:59:29.787348,90.415306,0.998874,-0.038556,-0.025646,0.010356,1.032002,-0.212923,0.128172,0.160855,0.093743,-0.044741,-4.453755,-2.890921,1.300480
310202.0,2025-12-15T01:59:29.787348,90.415306,0.998832,-0.037995,-0.028243,0.009670,1.211397,-0.165067,0.343939,0.071373,-0.019175,-0.053263,-4.391206,-3.192165,1.231761
310228.0,2025-12-15T01:59:29.788862,90.416820,0.998868,-0.037827,-0.027117,0.009830,1.042330,-0.204107,-0.088904,0.050067,-0.086286,-0.062851,-4.370751,-3.062760,1.244548
310251.0,2025-12-15T01:59:29.847514,90.475472,0.998783,-0.038227,-0.029692,0.009512,0.884454,-0.325363,-0.332885,0.034088,-0.028762,-0.023436,-4.419448,-3.358558,1.220919
310274.0,2025-12-15T01:59:29.848500,90.476458,0.998645,-0.039881,-0.032020,0.009640,0.868507,-0.405384,-0.016187,-0.051133,-0.017044,0.015979,-4.613452,-3.622552,1.252125
310302.0,2025-12-15T01:59:29.906514,90.534472,0.998537,-0.040146,-0.034892,0.009682,0.905719,-0.126028,0.078296,0.006392,-0.044741,0.008522,-4.648520,-3.951116,1.271453
310324.0,2025-12-15T01:59:29.907781,90.535739,0.998620,-0.039078,-0.033578,0.010216,0.954654,-0.177809,-0.048062,0.120375,-0.073503,-0.033023,-4.525762,-3.799492,1.322447
310346.0,2025-12-15T01:59:29.907781,90.535739,0.998541,-0.038165,-0.037095,0.009090,0.813586,-0.304275,-0.118741,0.135289,-0.104396,-0.098004,-4.421946,-4.208596,1.205677
310373.0,2025-12-15T01:59:29.967035,90.594993,0.998459,-0.037251,-0.040340,0.008087,0.662710,-0.434202,-0.008381,0.172573,-0.099070,-0.091613,-4.317295,-4.585839,1.101077
310394.0,2025-12-15T01:59:29.968036,90.595994,0.998388,-0.036625,-0.042588,0.008116,0.625900,-0.447166,-0.031932,0.161920,-0.024501,-0.003196,-4.248860,-4.844050,1.111283
310423.0,2025-12-15T01:59:30.087728,90.715686,0.998509,-0.034512,-0.040918,0.010739,0.744441,-0.490824,0.254241,0.239684,-0.035154,0.119310,-4.015733,-4.644447,1.395262
310441.0,2025-12-15T01:59:30.088731,90.716689,0.998453,-0.033436,-0.042668,0.012368,0.700615,-0.695025,0.241661,0.232228,-0.009587,0.126766,-3.902966,-4.840172,1.584396
310469.0,2025-12-15T01:59:30.089730,90.717687,0.998457,-0.030492,-0.044618,0.012809,0.771616,-0.599657,0.394706,0.361125,-0.005326,0.022371,-3.570433,-5.066763,1.628063
310543.0,2025-12-15T01:59:30.147515,90.775473,0.999033,0.002881,-0.043166,0.007780,1.116081,-1.553345,-0.228782,1.646899,-0.061785,-0.345146,0.292459,-4.950382,0.879740
310561.0,2025-12-15T01:59:30.148513,90.776471,0.998693,0.026240,-0.043836,0.001266,0.852898,-2.713836,0.139698,2.123072,-0.003196,-0.647681,3.009536,-5.026879,0.013125
310584.0,2025-12-15T01:59:30.149513,90.777471,0.997809,0.053140,-0.039224,-0.003857,0.310990,-4.466946,-0.508033,2.439456,0.381365,-0.557133,6.123618,-4.465949,-0.681924
310609.0,2025-12-15T01:59:30.206533,90.834491,0.996735,0.072875,-0.034633,-0.002879,0.726253,-4.758012,-1.622961,1.856756,0.420779,-0.022371,8.384661,-3.934755,-0.619475
310638.0,2025-12-15T01:59:30.207546,90.835504,0.995385,0.089993,-0.032420,-0.007687,0.518568,-4.147900,-1.643565,1.610680,0.104396,-0.515588,10.370572,-3.621067,-1.213668
310657.0,2025-12-15T01:59:30.268172,90.896130,0.993271,0.110311,-0.031182,-0.016491,1.072409,-6.439203,-1.829715,1.882322,0.082025,-0.821319,12.740776,-3.342538,-2.275627
310680.0,2025-12-15T01:59:30.269170,90.897127,0.990600,0.132645,-0.026745,-0.020065,0.958865,-7.336231,-2.346460,2.064482,0.390952,-0.419714,15.317616,-2.732031,-2.688219
310704.0,2025-12-15T01:59:30.270163,90.898121,0.987867,0.152296,-0.022031,-0.020967,0.936513,-7.131316,-3.789199,1.845038,0.438889,-0.193878,17.579544,-2.128545,-2.760976
310734.0,2025-12-15T01:59:30.326521,90.954479,0.985867,0.164730,-0.020483,-0.022599,1.035154,-7.214788,-4.063763,1.233576,0.166181,-0.220510,19.020496,-1.887759,-2.942568
310751.0,2025-12-15T01:59:30.327642,90.955600,0.983770,0.176743,-0.018760,-0.024648,0.936002,-7.948724,-3.908810,1.202684,0.161920,-0.234358,20.414697,-1.615850,-3.161418
310780.0,2025-12-15T01:59:30.387116,91.015074,0.982014,0.186528,-0.015853,-0.024592,0.840903,-8.218579,-4.579858,1.013066,0.283360,-0.072438,21.543901,-1.258443,-3.108496
310804.0,2025-12-15T01:59:30.446964,91.074922,0.980414,0.194994,-0.015956,-0.022607,0.986374,-8.211431,-5.229531,0.908670,0.066046,0.135289,22.530033,-1.287539,-2.898274
310829.0,2025-12-15T01:59:30.447966,91.075924,0.976705,0.212702,-0.017065,-0.022681,0.921636,-9.032245,-5.225076,1.698031,-0.026632,-0.051133,24.606552,-1.357231,-2.956566
310853.0,2025-12-15T01:59:30.448962,91.076920,0.972404,0.231358,-0.018579,-0.023642,1.324971,-9.242897,-6.324564,1.785383,-0.080960,-0.105461,26.805850,-1.443582,-3.129494
310901.0,2025-12-15T01:59:30.506519,91.134477,0.960259,0.276657,-0.023621,-0.028396,1.036598,-9.659481,-7.854938,2.328668,-0.112918,-0.251402,32.201581,-1.699241,-3.878142
310927.0,2025-12-15T01:59:30.567338,91.195296,0.954719,0.294884,-0.023155,-0.031909,0.685713,-9.370690,-8.888875,1.749164,0.034088,-0.376038,34.383077,-1.455136,-4.278704
310945.0,2025-12-15T01:59:30.568336,91.196294,0.950829,0.306719,-0.024479,-0.035323,0.637968,-9.899868,-9.387995,1.201618,-0.149137,-0.290817,35.816134,-1.425769,-4.715822
310969.0,2025-12-15T01:59:30.569339,91.197296,0.942961,0.329373,-0.027751,-0.039613,0.472862,-9.651435,-10.241652,2.167813,-0.304666,-0.344080,38.578323,-1.503656,-5.337301
310998.0,2025-12-15T01:59:30.569339,91.197296,0.929908,0.363479,-0.031015,-0.046828,0.112962,-9.691093,-11.734818,3.204315,-0.363255,-0.617853,42.773230,-1.354623,-6.296177
311021.0,2025-12-15T01:59:30.627022,91.254979,0.913235,0.402425,-0.037655,-0.051370,-0.461921,-9.212381,-12.705919,3.700728,-0.508131,-0.341950,47.660208,-1.571843,-7.133318
311046.0,2025-12-15T01:59:30.628041,91.255999,0.897291,0.435709,-0.043860,-0.055700,0.253641,-8.979238,-14.484533,3.226686,-0.517718,-0.313188,51.920852,-1.728979,-7.946108
311070.0,2025-12-15T01:59:30.629039,91.256997,0.887549,0.454901,-0.045775,-0.056809,-0.084391,-7.928137,-15.544997,1.915345,-0.124636,-0.142745,54.395015,-1.694466,-8.195358
311095.0,2025-12-15T01:59:30.686257,91.314215,0.879930,0.469184,-0.047103,-0.058059,-0.218580,-7.519193,-16.073217,1.457282,-0.103331,-0.144876,56.253449,-1.628192,-8.420378
311115.0,2025-12-15T01:59:30.687275,91.315233,0.876457,0.475475,-0.048020,-0.058662,-0.211565,-7.579567,-16.316164,0.699879,-0.033023,-0.077764,57.080849,-1.626882,-8.543172
311147.0,2025-12-15T01:59:30.746917,91.374874,0.872622,0.482660,-0.046489,-0.058390,-0.083221,-7.381563,-16.484055,0.769121,0.148072,-0.101200,58.000076,-1.419395,-8.443057
311168.0,2025-12-15T01:59:30.746917,91.374874,0.867227,0.492483,-0.044069,-0.058620,-0.119337,-6.866081,-16.871176,1.014132,0.199204,-0.190682,59.261133,-1.071335,-8.343343
311192.0,2025-12-15T01:59:30.807194,91.435152,0.860819,0.503552,-0.042512,-0.060165,-0.172842,-6.515240,-17.292744,1.140898,0.084156,-0.258859,60.705701,-0.721826,-8.418766
311218.0,2025-12-15T01:59:30.807194,91.435152,0.852357,0.517606,-0.041735,-0.061881,-0.527958,-6.121055,-17.765322,1.442368,0.063916,-0.267381,62.567949,-0.406037,-8.551450
311238.0,2025-12-15T01:59:30.808192,91.436150,0.842363,0.533561,-0.041011,-0.063684,0.469028,-5.290708,-17.771757,1.635181,0.028762,-0.283360,64.706129,-0.064991,-8.687972
311271.0,2025-12-15T01:59:30.867529,91.495487,0.829964,0.552182,-0.042762,-0.066534,-0.254971,-4.446074,-18.384502,1.931324,-0.191748,-0.258859,67.260977,0.143046,-9.071492
311292.0,2025-12-15T01:59:30.868534,91.496491,0.817675,0.569880,-0.043735,-0.068790,-0.259993,-4.310291,-18.665188,1.854625,-0.115049,-0.249272,69.717074,0.394335,-9.343125
311318.0,2025-12-15T01:59:30.926662,91.554620,0.804175,0.588632,-0.043966,-0.069876,-0.127689,-2.706372,-19.266624,1.969674,0.033023,-0.223706,72.351304,0.661761,-9.448233
311345.0,2025-12-15T01:59:30.927788,91.555746,0.793963,0.602136,-0.044600,-0.071177,-0.377928,-2.196614,-18.999044,1.445564,-0.064981,-0.166181,74.281209,0.853458,-9.599099
311367.0,2025-12-15T01:59:30.928661,91.556618,0.783396,0.615300,-0.045789,-0.074832,-0.167486,-1.573985,-20.083071,1.425324,-0.223706,-0.297209,76.192087,1.165803,-9.998972
311395.0,2025-12-15T01:59:30.986861,91.614819,0.766476,0.635842,-0.047710,-0.077100,-0.257183,-0.947475,-19.507189,2.243447,-0.178964,-0.234358,79.227115,1.427391,-10.306762
311419.0,2025-12-15T01:59:30.986861,91.614819,0.757688,0.645902,-0.049590,-0.079131,-0.416943,-0.210922,-19.748787,1.125985,-0.159790,-0.125701,80.748818,1.551393,-10.605188
311442.0,2025-12-15T01:59:31.047502,91.675460,0.749191,0.655531,-0.049120,-0.081112,-0.030992,0.363367,-19.788612,1.058873,-0.049002,-0.247141,82.194828,1.876326,-10.721560
311466.0,2025-12-15T01:59:31.048498,91.676456,0.740641,0.665063,-0.047921,-0.082740,-0.102570,0.921762,-20.092648,1.046090,0.014914,-0.263120,83.634323,2.239166,-10.745348
311493.0,2025-12-15T01:59:31.106287,91.734244,0.730113,0.676884,-0.044792,-0.082200,0.013218,1.617418,-19.838959,1.285774,0.263120,-0.258859,85.427060,2.629233,-10.419806
311524.0,2025-12-15T01:59:31.107291,91.735249,0.718385,0.689619,-0.041099,-0.081605,-0.271810,2.365974,-19.542778,1.396562,0.349407,-0.294013,87.389933,3.066892,-10.031071
311545.0,2025-12-15T01:59:31.108289,91.736247,0.709649,0.698801,-0.039123,-0.080896,-0.264611,2.640144,-18.990852,1.017327,0.190682,-0.154463,88.835328,3.298212,-9.774758
311568.0,2025-12-15T01:59:31.167062,91.795020,0.702030,0.706535,-0.038583,-0.080462,-0.046610,2.754852,-18.875259,0.872451,0.083091,-0.076699,90.078104,3.412606,-9.659377
311595.0,2025-12-15T01:59:31.168064,91.796022,0.694818,0.713696,-0.038382,-0.079950,-0.125404,3.101254,-18.984688,0.813862,0.064981,-0.045806,91.244039,3.484728,-9.566698
311621.0,2025-12-15T01:59:31.226480,91.854438,0.690894,0.717350,-0.038684,-0.081099,-0.227384,3.718321,-18.931234,0.397344,-0.028762,-0.071373,91.847514,3.606294,-9.665383
311646.0,2025-12-15T01:59:31.227489,91.855447,0.999991,-0.004188,-0.000494,-0.000685,0.900363,-6.874919,-13.066356,-0.312122,-0.036219,-0.057524,-0.479847,-0.056900,-0.078235
311671.0,2025-12-15T01:59:31.286720,91.914678,0.999907,-0.011223,-0.002160,-0.007431,-1.001007,-10.349662,-13.068334,-0.743555,-0.198139,-0.624245,-1.284273,-0.257024,-0.848689
311696.0,2025-12-15T01:59:31.287235,91.915193,0.999921,0.009254,-0.004497,-0.007209,-0.405721,-9.566867,-12.929473,1.921737,-0.189617,0.011718,1.064109,-0.507682,-0.830826
311725.0,2025-12-15T01:59:31.288255,91.916213,0.999847,0.014129,-0.007201,-0.007372,-0.659373,-9.450952,-13.476459,0.592287,-0.139550,-0.013848,1.625320,-0.813192,-0.856463
311745.0,2025-12-15T01:59:31.346672,91.974630,0.999781,0.017731,-0.008996,-0.006541,-0.461801,-8.982880,-13.989130,0.503870,-0.155529,0.067112,2.038828,-1.017413,-0.767817
311773.0,2025-12-15T01:59:31.347675,91.975633,0.999714,0.020544,-0.010259,-0.006599,-0.325235,-8.759450,-13.838017,0.436758,-0.109722,-0.008522,2.362390,-1.159837,-0.780326
311802.0,2025-12-15T01:59:31.407215,92.035173,0.999627,0.023891,-0.010866,-0.007584,-0.323689,-8.790871,-14.065103,0.480434,-0.055394,-0.088417,2.747831,-1.224055,-0.898693
311829.0,2025-12-15T01:59:31.407215,92.035173,0.999559,0.025728,-0.012194,-0.008448,-0.524429,-8.948309,-14.318335,0.332363,-0.021305,-0.076699,2.960841,-1.371985,-1.003890
311855.0,2025-12-15T01:59:31.472425,92.100383,0.999599,0.024154,-0.012020,-0.008562,-0.410180,-8.891788,-14.374843,0.067112,0.007457,-0.012783,2.780378,-1.353259,-1.014293
311883.0,2025-12-15T01:59:31.473502,92.101460,0.999630,0.022803,-0.012144,-0.008528,-0.352525,-8.859886,-14.420611,0.086286,-0.015979,0.000000,2.625608,-1.368958,-1.008894
311905.0,2025-12-15T01:59:31.473502,92.101460,0.999691,0.020128,-0.011722,-0.008637,-0.446855,-8.790582,-14.282524,-0.025566,0.026632,-0.011718,2.318591,-1.323068,-1.016817
311930.0,2025-12-15T01:59:31.526529,92.154487,0.999746,0.016601,-0.012588,-0.008612,-0.458702,-8.795650,-14.173879,-0.118244,0.017044,0.002131,1.915220,-1.425913,-1.010948
311953.0,2025-12-15T01:59:31.528049,92.156007,0.999808,0.012613,-0.012372,-0.008539,-0.363894,-8.885345,-14.071188,-0.135289,0.010653,0.005326,1.457760,-1.405231,-0.996494
311978.0,2025-12-15T01:59:31.586700,92.214658,0.999826,0.010856,-0.012448,-0.008644,-0.373549,-8.893695,-14.055635,0.052198,-0.012783,-0.011718,1.256620,-1.415605,-1.006216
312004.0,2025-12-15T01:59:31.587711,92.215669,0.999847,0.009293,-0.012036,-0.008666,-0.458160,-8.851475,-14.033283,0.068177,0.026632,-0.005326,1.077089,-1.369917,-1.006021
312033.0,2025-12-15T01:59:31.646535,92.274493,0.999854,0.007314,-0.012732,-0.008773,-0.472998,-8.890330,-14.009117,0.011718,0.031958,-0.010653,0.851075,-1.451545,-1.016186
312060.0,2025-12-15T01:59:31.647539,92.275497,0.999875,0.003298,-0.012781,-0.008753,-0.463460,-9.029350,-13.932018,-0.137419,-0.013848,0.001065,0.390830,-1.461236,-1.008065
312085.0,2025-12-15T01:59:31.649537,92.277494,0.999883,-0.001733,-0.012610,-0.008541,-0.441998,-8.968857,-13.778309,-0.222640,0.004261,0.018109,-0.186302,-1.446709,-0.976429
312113.0,2025-12-15T01:59:31.705873,92.333831,0.999861,-0.004944,-0.013437,-0.008588,-0.394775,-9.149659,-13.750856,-0.091613,0.020240,-0.003196,-0.553458,-1.544605,-0.976772
312139.0,2025-12-15T01:59:31.706870,92.334827,0.999850,-0.007546,-0.012918,-0.008675,-0.365051,-9.063744,-13.690377,-0.019175,0.037284,-0.009587,-0.852100,-1.487728,-0.983139
312164.0,2025-12-15T01:59:31.768477,92.396435,0.999834,-0.009283,-0.013150,-0.008544,-0.366477,-8.973949,-13.581970,0.054328,-0.025566,0.007457,-1.051087,-1.515839,-0.965314
312191.0,2025-12-15T01:59:31.769481,92.397439,0.999812,-0.011107,-0.013470,-0.008450,-0.415324,-9.096567,-13.581861,0.046872,-0.034088,0.004261,-1.260097,-1.554224,-0.951362
312216.0,2025-12-15T01:59:31.827312,92.455269,0.999769,-0.013029,-0.014931,-0.008360,-0.425278,-9.210862,-13.618952,0.017044,-0.031958,0.004261,-1.479153,-1.723305,-0.935926
312243.0,2025-12-15T01:59:31.828537,92.456495,0.999742,-0.014914,-0.014987,-0.008250,-0.404240,-9.099033,-13.519089,0.041545,-0.011718,0.005326,-1.695472,-1.731341,-0.920029
312269.0,2025-12-15T01:59:31.886657,92.514614,0.999726,-0.016185,-0.014719,-0.008339,-0.416674,-9.050879,-13.465541,0.092678,0.015979,-0.011718,-1.841271,-1.701981,-0.928456
312291.0,2025-12-15T01:59:31.887399,92.515357,0.999696,-0.017814,-0.014800,-0.008454,-0.386096,-9.132116,-13.521376,0.062851,-0.012783,-0.013848,-2.027717,-1.712974,-0.938667
312323.0,2025-12-15T01:59:31.888418,92.516376,0.999644,-0.019565,-0.015998,-0.008575,-0.408935,-9.205229,-13.541440,0.030893,-0.009587,-0.012783,-2.227150,-1.852095,-0.946927
312347.0,2025-12-15T01:59:31.946537,92.574495,0.999592,-0.022119,-0.015933,-0.008562,-0.423915,-9.189488,-13.420732,-0.014914,-0.002131,-0.002131,-2.520063,-1.847046,-0.940920
312372.0,2025-12-15T01:59:31.948525,92.576483,0.999546,-0.024145,-0.015678,-0.008914,-0.379389,-9.132196,-13.447562,0.028762,0.015979,-0.033023,-2.751998,-1.820738,-0.978169
312397.0,2025-12-15T01:59:32.006231,92.634189,0.999506,-0.025784,-0.015603,-0.008977,-0.409382,-9.196727,-13.403686,0.061785,0.000000,-0.009587,-2.939877,-1.813955,-0.982589
312424.0,2025-12-15T01:59:32.007236,92.635194,0.999439,-0.027554,-0.016849,-0.008840,-0.449912,-9.179170,-13.381248,0.029827,-0.014914,0.008522,-3.142050,-1.957973,-0.959817
312450.0,2025-12-15T01:59:32.067016,92.694974,0.999387,-0.029455,-0.016620,-0.008996,-0.422447,-9.202810,-13.327693,0.039415,0.012783,-0.017044,-3.359962,-1.934070,-0.974736
312478.0,2025-12-15T01:59:32.068022,92.695980,0.999321,-0.031723,-0.016358,-0.009147,-0.439454,-9.208123,-13.296395,0.008522,0.014914,-0.015979,-3.619997,-1.906859,-0.988567
312506.0,2025-12-15T01:59:32.069025,92.696983,0.999248,-0.033473,-0.017278,-0.009194,-0.443604,-9.252394,-13.280946,0.030893,0.012783,-0.006392,-3.819863,-2.014140,-0.987122
312534.0,2025-12-15T01:59:32.125636,92.753593,0.999182,-0.035292,-0.017211,-0.009684,-0.447292,-9.209519,-13.233034,0.045806,0.000000,-0.045806,-4.027521,-2.010158,-1.039937
312561.0,2025-12-15T01:59:32.126635,92.754593,0.999089,-0.037954,-0.016668,-0.010167,-0.497059,-9.240355,-13.227091,-0.025566,0.038350,-0.042611,-4.332485,-1.952895,-1.092227
312586.0,2025-12-15T01:59:32.186711,92.814669,0.998962,-0.041344,-0.016129,-0.010270,-0.504893,-9.315688,-13.175163,-0.086286,0.036219,-0.009587,-4.721734,-1.895278,-1.099930
312610.0,2025-12-15T01:59:32.187713,92.815671,0.998817,-0.044389,-0.016958,-0.010281,-0.507628,-9.326590,-13.068337,-0.077764,0.018109,-0.001065,-5.070309,-1.993586,-1.091158
312636.0,2025-12-15T01:59:32.248152,92.876110,0.998688,-0.047323,-0.016614,-0.010319,-0.496248,-9.399534,-13.047263,-0.047937,0.020240,-0.005326,-5.407263,-1.957667,-1.091486
312662.0,2025-12-15T01:59:32.249153,92.877111,0.998536,-0.050511,-0.016362,-0.010319,-0.511990,-9.297419,-12.897495,-0.069242,0.011718,-0.002131,-5.773311,-1.932298,-1.086685
312687.0,2025-12-15T01:59:32.250153,92.878110,0.998356,-0.054081,-0.015767,-0.010572,-0.503366,-9.253469,-12.779208,-0.102265,0.041545,-0.021305,-6.183261,-1.869590,-1.112380
312715.0,2025-12-15T01:59:32.307397,92.935355,0.998168,-0.057285,-0.016244,-0.010692,-0.548677,-9.535122,-12.845592,-0.091613,0.046872,-0.007457,-6.550395,-1.928558,-1.117075
312741.0,2025-12-15T01:59:32.307397,92.935355,0.997972,-0.060818,-0.015867,-0.010046,-0.502303,-9.651659,-12.754992,-0.098004,0.019175,0.053263,-6.957681,-1.884933,-1.038875
312766.0,2025-12-15T01:59:32.366521,92.994479,0.997738,-0.064913,-0.015452,-0.008166,-0.502492,-9.683270,-12.557650,-0.143811,0.014914,0.157659,-7.431749,-1.827735,-0.819110
312792.0,2025-12-15T01:59:32.367944,92.995902,0.997791,-0.064655,-0.012816,-0.008247,-0.466899,-8.758322,-12.261466,0.218379,0.215183,0.000000,-7.403675,-1.526703,-0.848372
312817.0,2025-12-15T01:59:32.428010,93.055967,0.997771,-0.064708,-0.010985,-0.012071,-0.513089,-9.200397,-12.712156,0.167247,0.264186,-0.307861,-7.405851,-1.345574,-1.299160
312844.0,2025-12-15T01:59:32.428525,93.056483,0.997768,-0.064722,-0.009142,-0.013673,-0.671501,-9.690675,-12.908146,0.193878,0.155529,-0.129962,-7.407790,-1.146714,-1.495958
312868.0,2025-12-15T01:59:32.429545,93.057503,0.997675,-0.066307,-0.008230,-0.013437,-0.917235,-9.889657,-12.759138,0.063916,0.060720,0.020240,-7.591342,-1.043072,-1.474013
312894.0,2025-12-15T01:59:32.546951,93.174909,0.997622,-0.067630,-0.007832,-0.010768,-0.814725,-9.858454,-12.827412,0.088417,0.005326,0.221575,-7.746413,-0.978843,-1.170556
312921.0,2025-12-15T01:59:32.547951,93.175909,0.997588,-0.068462,-0.007815,-0.008309,-0.670983,-9.064574,-12.402279,0.110787,0.072438,0.210922,-7.844363,-0.958550,-0.888667
312946.0,2025-12-15T01:59:32.548952,93.176910,0.997507,-0.069868,-0.006655,-0.007270,-0.378103,-8.995653,-12.515556,0.079895,0.085221,0.090547,-8.007692,-0.818912,-0.777856
312998.0,2025-12-15T01:59:32.607326,93.235284,0.997407,-0.071192,-0.005552,-0.008966,-0.594087,-9.635289,-12.868968,0.085221,0.062851,-0.098004,-8.159344,-0.707765,-0.979571
313026.0,2025-12-15T01:59:32.607326,93.235284,0.997311,-0.072400,-0.006648,-0.009199,-0.610658,-9.822056,-13.076142,0.076699,-0.003196,-0.019175,-8.296983,-0.836111,-0.996350
313051.0,2025-12-15T01:59:32.667441,93.295399,0.997277,-0.072875,-0.007280,-0.008642,-0.758561,-9.277444,-12.468654,0.158724,-0.069242,0.038350,-8.351471,-0.904201,-0.926991
313078.0,2025-12-15T01:59:32.668434,93.296392,0.997157,-0.074498,-0.006829,-0.008985,-0.712316,-9.449360,-12.586949,0.060720,0.027697,-0.029827,-8.538021,-0.857098,-0.968544
313105.0,2025-12-15T01:59:32.668434,93.296392,0.996997,-0.076506,-0.007744,-0.009115,-0.675709,-9.400253,-12.603662,0.009587,0.009587,-0.011718,-8.767987,-0.964693,-0.973706
313130.0,2025-12-15T01:59:32.727074,93.355032,0.996862,-0.078248,-0.007708,-0.009191,-0.542041,-9.382992,-12.775571,0.051133,-0.005326,-0.009587,-8.968150,-0.962918,-0.980977
313157.0,2025-12-15T01:59:32.728181,93.356139,0.996773,-0.079360,-0.007955,-0.009125,-0.558534,-9.442291,-12.729690,0.104396,-0.029827,0.000000,-9.095868,-0.991661,-0.970067
313185.0,2025-12-15T01:59:32.786886,93.414844,0.996587,-0.081642,-0.007957,-0.009284,-0.653180,-9.388554,-12.608980,0.005326,-0.010653,-0.017044,-9.358036,-0.995606,-0.986046
313213.0,2025-12-15T01:59:32.787887,93.415845,0.996435,-0.083358,-0.009089,-0.009238,-0.646305,-9.431034,-12.584509,0.034088,-0.009587,0.002131,-9.554554,-1.126102,-0.968266
313237.0,2025-12-15T01:59:32.847528,93.475486,0.996333,-0.084581,-0.009259,-0.009040,-0.674737,-9.529865,-12.604669,0.094809,-0.026632,0.010653,-9.695206,-1.144820,-0.942587
313263.0,2025-12-15T01:59:32.849524,93.477482,0.996211,-0.085988,-0.009259,-0.009126,-0.628652,-9.434690,-12.616723,0.078830,-0.009587,-0.011718,-9.856966,-1.146943,-0.950752
313289.0,2025-12-15T01:59:32.850524,93.478482,0.996179,-0.086341,-0.009067,-0.009524,-0.632653,-9.389476,-12.627737,0.167247,0.009587,-0.037284,-9.897300,-1.129364,-0.997707
313318.0,2025-12-15T01:59:32.906541,93.534499,0.996125,-0.086827,-0.010172,-0.009595,-0.658156,-9.406836,-12.588618,0.137419,-0.005326,-0.008522,-9.952245,-1.256678,-0.994277
313343.0,2025-12-15T01:59:32.907530,93.535488,0.996098,-0.087012,-0.010252,-0.010581,-0.486108,-9.330289,-12.853183,0.181095,-0.005326,-0.088417,-9.972296,-1.275832,-1.105895
313371.0,2025-12-15T01:59:32.967282,93.595240,0.996025,-0.087401,-0.010378,-0.013671,-0.651722,-8.977667,-12.596133,0.161920,0.003196,-0.265251,-10.012839,-1.321558,-1.456982
313398.0,2025-12-15T01:59:32.968300,93.596257,0.996352,-0.083854,-0.010094,-0.012208,-0.868690,-9.728130,-12.880732,0.497478,0.005326,0.115049,-9.607061,-1.269865,-1.297313
313424.0,2025-12-15T01:59:33.027204,93.655162,0.996575,-0.081189,-0.010615,-0.011597,-0.785948,-9.256619,-12.998474,0.403735,0.041545,0.050067,-9.300832,-1.320279,-1.225981
313449.0,2025-12-15T01:59:33.027204,93.655162,0.996587,-0.081049,-0.010716,-0.011401,-0.632460,-9.245071,-13.171143,0.209857,-0.018109,0.009587,-9.284870,-1.329752,-1.202867
313476.0,2025-12-15T01:59:33.086287,93.714245,0.996483,-0.082392,-0.010819,-0.010812,-0.614895,-9.262687,-13.126489,0.085221,-0.022371,0.043676,-9.439987,-1.337589,-1.132872
313504.0,2025-12-15T01:59:33.087290,93.715247,0.996538,-0.081724,-0.011377,-0.010195,-0.698060,-9.212133,-13.073890,0.235423,0.036219,0.051133,-9.363560,-1.394819,-1.057988
313532.0,2025-12-15T01:59:33.146778,93.774735,0.996617,-0.080778,-0.011601,-0.009745,-0.677545,-9.358702,-13.233915,0.278034,-0.030893,0.028762,-9.255236,-1.415249,-1.005872
313557.0,2025-12-15T01:59:33.148107,93.776065,0.996805,-0.078395,-0.012124,-0.009293,-0.635586,-9.118268,-13.318919,0.399474,-0.054328,0.025566,-8.981435,-1.468493,-0.952993
313583.0,2025-12-15T01:59:33.149126,93.777083,0.997011,-0.075717,-0.012368,-0.009105,-0.516059,-9.057288,-13.599701,0.423975,-0.026632,0.005326,-8.673693,-1.492249,-0.933286
313610.0,2025-12-15T01:59:33.206539,93.834497,0.997176,-0.073169,-0.014367,-0.008954,-0.512125,-9.136909,-13.678269,0.392017,-0.074569,0.000000,-8.379679,-1.717055,-0.903097
313638.0,2025-12-15T01:59:33.207763,93.835721,0.997271,-0.071703,-0.015398,-0.008518,-0.538334,-9.070345,-13.735786,0.322775,-0.095874,0.021305,-8.211384,-1.829985,-0.847338
313660.0,2025-12-15T01:59:33.265420,93.893378,0.997401,-0.069733,-0.016271,-0.007993,-0.492726,-8.995665,-13.824510,0.365386,-0.082025,0.028762,-7.985428,-1.923910,-0.784053
313684.0,2025-12-15T01:59:33.266421,93.894379,0.997623,-0.066352,-0.016904,-0.007754,-0.460023,-8.938728,-14.111545,0.483630,-0.058590,0.004261,-7.597152,-1.991801,-0.758329
313713.0,2025-12-15T01:59:33.327523,93.955481,0.997816,-0.062769,-0.019048,-0.007733,-0.396360,-8.912803,-14.305532,0.478304,-0.084156,-0.014914,-7.184447,-2.234173,-0.747736
313740.0,2025-12-15T01:59:33.328521,93.956479,0.998004,-0.059408,-0.019884,-0.007974,-0.376423,-8.696078,-14.329894,0.481499,-0.071373,-0.038350,-6.797395,-2.328866,-0.777232
313765.0,2025-12-15T01:59:33.328521,93.956479,0.998169,-0.056340,-0.020492,-0.007998,-0.501352,-8.699770,-14.534922,0.456998,-0.056459,-0.019175,-6.444700,-2.396297,-0.783284
313792.0,2025-12-15T01:59:33.387354,94.015311,0.998395,-0.051780,-0.021661,-0.007596,-0.305348,-8.746758,-14.777701,0.583765,-0.100135,0.011718,-5.921464,-2.524028,-0.741272
313821.0,2025-12-15T01:59:33.387354,94.015311,0.998612,-0.046461,-0.023904,-0.006580,-0.296186,-8.563951,-15.012616,0.626375,-0.095874,0.064981,-5.312394,-2.771528,-0.626492
313847.0,2025-12-15T01:59:33.446539,94.074497,0.998927,-0.038896,-0.024133,-0.007086,-0.190525,-8.163029,-15.256992,0.834102,-0.013848,-0.068177,-4.442510,-2.795109,-0.704458
313872.0,2025-12-15T01:59:33.448525,94.076483,0.999249,-0.028363,-0.024887,-0.008832,-0.201865,-7.921488,-15.675855,1.081243,-0.052198,-0.180030,-3.228340,-2.879664,-0.931663
313896.0,2025-12-15T01:59:33.506364,94.134322,0.999425,-0.019758,-0.025488,-0.010460,-0.275668,-7.822839,-15.899014,0.919323,-0.042611,-0.166181,-2.235793,-2.944058,-1.141847
313926.0,2025-12-15T01:59:33.567041,94.194999,0.999495,-0.010755,-0.027610,-0.011522,-0.278390,-7.387556,-16.211414,0.928910,-0.069242,-0.118244,-1.197297,-3.178160,-1.287700
313951.0,2025-12-15T01:59:33.568039,94.195997,0.999485,0.003844,-0.027756,-0.015638,-0.618389,-6.641114,-16.822264,1.415736,-0.006392,-0.390952,0.490710,-3.173750,-1.806348
313978.0,2025-12-15T01:59:33.568039,94.195997,0.999367,0.015414,-0.026382,-0.018236,-0.384215,-7.322158,-17.124384,1.163269,0.126766,-0.256729,1.823084,-2.990439,-2.138335
314005.0,2025-12-15T01:59:33.569041,94.196999,0.999170,0.023730,-0.027068,-0.019085,-0.441106,-6.528685,-17.586607,0.871386,0.052198,-0.096939,2.781168,-3.048718,-2.262533
314032.0,2025-12-15T01:59:33.627097,94.255055,0.998980,0.029266,-0.027771,-0.020286,-0.484499,-5.864445,-17.414707,0.662594,-0.061785,-0.122505,3.421840,-3.112591,-2.419679
314058.0,2025-12-15T01:59:33.628101,94.256059,0.998890,0.031833,-0.027956,-0.020589,-0.405454,-5.834778,-17.545677,0.414388,-0.018109,-0.041545,3.717893,-3.126464,-2.463062
314080.0,2025-12-15T01:59:33.687370,94.315328,0.998816,0.033673,-0.027858,-0.021360,-0.405363,-5.660975,-17.715839,0.351537,0.003196,-0.079895,3.931068,-3.107669,-2.556832
314111.0,2025-12-15T01:59:33.687891,94.315849,0.998541,0.038502,-0.029934,-0.023200,-0.630110,-5.448735,-18.165173,0.574178,-0.064981,-0.171508,4.497270,-3.324674,-2.792546
314138.0,2025-12-15T01:59:33.746431,94.374389,0.998319,0.042733,-0.030469,-0.024606,-0.374812,-5.622022,-18.023733,0.551807,-0.045806,-0.138484,4.989395,-3.367029,-2.970556
314165.0,2025-12-15T01:59:33.747422,94.375380,0.998275,0.043483,-0.030820,-0.024645,-0.481659,-5.221457,-17.941223,0.262055,-0.037284,-0.014914,5.076865,-3.404814,-2.979376
314187.0,2025-12-15T01:59:33.748455,94.376413,0.998137,0.046516,-0.030609,-0.024955,-0.537483,-5.191988,-18.303253,0.451672,0.011718,-0.045806,5.425402,-3.369865,-3.024104
314219.0,2025-12-15T01:59:33.807731,94.435689,0.997857,0.050936,-0.032085,-0.025653,-0.551855,-4.998597,-18.526571,0.537959,-0.006392,-0.077764,5.940447,-3.521254,-3.128028
314241.0,2025-12-15T01:59:33.807731,94.435689,0.997238,0.060014,-0.033158,-0.028571,-0.452210,-4.528818,-18.354069,0.955542,-0.093743,-0.276969,6.997796,-3.594958,-3.501993
314267.0,2025-12-15T01:59:33.867859,94.495817,0.996458,0.070478,-0.034119,-0.030680,-0.280524,-4.621224,-18.541403,1.073786,-0.069242,-0.215183,8.212222,-3.650535,-3.789235
314292.0,2025-12-15T01:59:33.867859,94.495817,0.996191,0.073564,-0.034741,-0.031380,-0.440981,-4.146209,-18.921642,0.454868,-0.058590,-0.075634,8.572379,-3.703922,-3.886166
314320.0,2025-12-15T01:59:33.926773,94.554731,0.995807,0.077239,-0.037434,-0.031647,-0.376700,-3.925177,-19.031923,0.477238,-0.103331,-0.033023,9.008479,-3.994793,-3.955334
314347.0,2025-12-15T01:59:33.927766,94.555724,0.995251,0.082827,-0.039689,-0.032261,-0.337716,-3.657823,-19.104471,0.668986,-0.187487,-0.068177,9.664784,-4.224059,-4.070412
314374.0,2025-12-15T01:59:33.987033,94.614990,0.994617,0.088671,-0.042410,-0.032792,-0.196514,-3.420149,-19.210827,0.691357,-0.219444,-0.060720,10.353709,-4.505077,-4.184967
314399.0,2025-12-15T01:59:33.987033,94.614990,0.994004,0.094421,-0.043846,-0.033448,-0.114873,-2.998621,-18.947058,0.677508,-0.108657,-0.082025,11.026897,-4.637470,-4.302360
314428.0,2025-12-15T01:59:34.048770,94.676728,0.993053,0.102192,-0.046686,-0.034960,-0.027752,-2.756522,-19.434261,0.807470,-0.103331,-0.157659,11.945899,-4.909225,-4.546419
314451.0,2025-12-15T01:59:34.049771,94.677729,0.991780,0.112688,-0.048818,-0.035922,-0.000881,-2.291723,-19.630161,1.072721,-0.152333,-0.124636,13.175194,-5.090955,-4.736998
314475.0,2025-12-15T01:59:34.049771,94.677729,0.990495,0.122520,-0.050890,-0.036303,0.075924,-1.968605,-19.537268,1.013066,-0.138484,-0.075634,14.326929,-5.273876,-4.861376
314503.0,2025-12-15T01:59:34.106690,94.734648,0.989506,0.128985,-0.054056,-0.036323,0.219113,-1.777404,-19.450775,0.690291,-0.109722,-0.028762,15.095777,-5.601454,-4.947345
314527.0,2025-12-15T01:59:34.108125,94.736083,0.988620,0.134784,-0.056273,-0.036025,0.376239,-1.313323,-19.634197,0.650877,-0.123571,-0.007457,15.781004,-5.828665,-4.982334
314555.0,2025-12-15T01:59:34.167065,94.795023,0.986849,0.146304,-0.058537,-0.036032,0.394064,-0.760959,-19.550901,1.110005,-0.109722,-0.062851,17.133912,-6.026696,-5.090807
314581.0,2025-12-15T01:59:34.168061,94.796019,0.984622,0.159729,-0.060700,-0.036351,0.504957,-0.358755,-19.682301,1.229315,-0.084156,-0.103331,18.713278,-6.195497,-5.250458
314608.0,2025-12-15T01:59:34.169005,94.796963,0.982462,0.171381,-0.063848,-0.036346,0.663279,0.045167,-19.638090,1.086570,-0.070307,-0.055394,20.095887,-6.488146,-5.388192
314635.0,2025-12-15T01:59:34.227540,94.855497,0.980898,0.179718,-0.065239,-0.035835,0.689008,0.405424,-19.550341,0.671117,0.000000,-0.014914,21.077847,-6.609733,-5.415549
314657.0,2025-12-15T01:59:34.228518,94.856476,0.979207,0.188237,-0.066745,-0.035573,0.753373,0.961472,-19.678164,0.619984,-0.020240,-0.025566,22.085583,-6.737637,-5.477410
314684.0,2025-12-15T01:59:34.285714,94.913672,0.976461,0.201507,-0.068282,-0.035450,0.869274,1.502949,-19.715681,0.994957,-0.021305,-0.061785,23.654615,-6.838057,-5.591946
314712.0,2025-12-15T01:59:34.286873,94.914831,0.973429,0.214768,-0.071524,-0.034577,0.966754,1.794559,-19.525206,1.153681,-0.044741,0.009587,25.238095,-7.145803,-5.670457
314738.0,2025-12-15T01:59:34.347517,94.975475,0.970130,0.229011,-0.072505,-0.033843,0.878472,2.328688,-19.203474,1.056742,0.011718,-0.020240,26.924163,-7.191054,-5.719407
314763.0,2025-12-15T01:59:34.348515,94.976473,0.967054,0.241594,-0.072833,-0.033671,0.958736,2.903625,-19.133263,0.902279,0.044741,-0.064981,28.416847,-7.157544,-5.802678
314788.0,2025-12-15T01:59:34.406382,95.034340,0.963000,0.257158,-0.073159,-0.033905,1.088613,3.555152,-19.147099,1.156877,0.036219,-0.118244,30.271831,-7.092137,-5.953527
314818.0,2025-12-15T01:59:34.407367,95.035325,0.958713,0.272067,-0.075200,-0.034559,1.111522,3.929304,-18.938307,1.215467,0.007457,-0.124636,32.076889,-7.203068,-6.202090
314838.0,2025-12-15T01:59:34.408369,95.036326,0.955503,0.283136,-0.075060,-0.034848,1.037853,4.367605,-18.647100,0.768056,0.052198,-0.099070,33.403637,-7.106033,-6.312038
314866.0,2025-12-15T01:59:34.467091,95.095048,0.951927,0.294944,-0.075181,-0.034513,1.081633,4.787300,-18.382555,0.839428,0.043676,-0.047937,34.822730,-7.052283,-6.366866
314893.0,2025-12-15T01:59:34.468088,95.096046,0.948794,0.304842,-0.075406,-0.034296,1.028961,5.077000,-18.156984,0.674312,0.025566,-0.039415,36.018171,-7.017961,-6.424367
314923.0,2025-12-15T01:59:34.527081,95.155039,0.945115,0.315761,-0.076827,-0.033905,1.111017,5.658292,-18.182438,0.837298,0.049002,-0.011718,37.354129,-7.111976,-6.515956
314950.0,2025-12-15T01:59:34.528081,95.156039,0.941389,0.326910,-0.076097,-0.033550,1.018124,5.950006,-17.728769,0.786165,0.100135,-0.061785,38.698651,-6.969360,-6.532211
314974.0,2025-12-15T01:59:34.647445,95.275403,0.938227,0.336007,-0.075508,-0.033593,1.015677,6.163732,-17.470343,0.606135,0.074569,-0.074569,39.801668,-6.840847,-6.580161
315004.0,2025-12-15T01:59:34.648603,95.276561,0.934215,0.346580,-0.076759,-0.035106,0.924768,6.343514,-16.898722,0.789361,-0.008522,-0.148072,41.119372,-6.839282,-6.871950
315027.0,2025-12-15T01:59:34.649622,95.277580,0.929749,0.358280,-0.077241,-0.035149,1.157346,6.712481,-16.947308,0.851146,-0.009587,-0.067112,42.563979,-6.802257,-6.982274
315053.0,2025-12-15T01:59:34.649622,95.277580,0.923607,0.373684,-0.078054,-0.034887,1.078246,7.255351,-16.272219,1.194161,-0.029827,-0.059655,44.477194,-6.782982,-7.102492
315106.0,2025-12-15T01:59:34.706621,95.334579,0.911745,0.401294,-0.079738,-0.036411,1.123878,7.868412,-15.554719,0.911866,-0.006392,-0.139550,47.952539,-6.671592,-7.543600
315134.0,2025-12-15T01:59:34.707640,95.335598,0.906783,0.412152,-0.080861,-0.036573,1.085158,8.258140,-15.081610,0.804275,-0.074569,-0.046872,49.336022,-6.690131,-7.694659
315157.0,2025-12-15T01:59:34.766991,95.394949,0.901517,0.423161,-0.082841,-0.036593,1.181491,8.345855,-14.907606,0.829841,-0.135289,-0.009587,50.758290,-6.799529,-7.877328
315183.0,2025-12-15T01:59:34.768459,95.396417,0.896039,0.434087,-0.085723,-0.036531,1.294716,8.587663,-14.409357,0.835167,-0.201335,0.027697,52.192397,-7.002224,-8.102229
315213.0,2025-12-15T01:59:34.826094,95.454052,0.891264,0.442992,-0.089439,-0.037507,1.526384,8.861538,-14.085119,0.682835,-0.214118,0.003196,53.395755,-7.249877,-8.469133
315239.0,2025-12-15T01:59:34.827093,95.455050,0.886756,0.451459,-0.091949,-0.037329,1.561113,9.069594,-13.741838,0.615723,-0.166181,0.040480,54.525708,-7.433051,-8.655379
315268.0,2025-12-15T01:59:34.828094,95.456052,0.880640,0.462184,-0.096624,-0.039011,1.573340,9.121082,-13.173176,0.838363,-0.403735,-0.037284,56.002920,-7.707796,-9.175936
315297.0,2025-12-15T01:59:34.888058,95.516016,0.871921,0.476814,-0.102309,-0.043994,2.078953,8.961851,-12.694733,1.205879,-0.609331,-0.289752,58.040944,-7.842849,-10.132672
315327.0,2025-12-15T01:59:34.888058,95.516016,0.862512,0.492458,-0.106059,-0.048050,1.956345,9.163608,-11.935757,1.337972,-0.354733,-0.298274,60.193950,-7.795049,-10.899914
315349.0,2025-12-15T01:59:34.947551,95.575508,0.849243,0.514368,-0.107948,-0.050593,2.126162,9.693900,-10.835520,1.932389,-0.247141,-0.346211,63.162986,-7.544725,-11.461056
315378.0,2025-12-15T01:59:34.947551,95.575508,0.834837,0.536850,-0.109709,-0.052944,2.079949,9.386786,-10.199469,2.024002,-0.238619,-0.348341,66.250454,-7.257715,-11.996866
315408.0,2025-12-15T01:59:35.006793,95.634751,0.822565,0.554780,-0.112080,-0.055184,2.196024,9.852835,-9.133478,1.636246,-0.207727,-0.258859,68.772508,-7.074251,-12.520849
315437.0,2025-12-15T01:59:35.007798,95.635756,0.811702,0.570509,-0.112615,-0.054561,2.301860,9.313343,-8.516763,1.415736,-0.013848,-0.126766,70.970602,-6.924642,-12.630626
315465.0,2025-12-15T01:59:35.066257,95.694214,0.803037,0.582894,-0.112510,-0.052034,2.109323,9.485715,-7.598845,1.099353,0.124636,0.017044,72.704379,-6.894396,-12.491619
315492.0,2025-12-15T01:59:35.067250,95.695208,0.792242,0.597649,-0.112998,-0.048982,1.985622,9.348385,-6.853907,1.373126,0.100135,0.050067,74.811065,-6.920668,-12.370853
315515.0,2025-12-15T01:59:35.127460,95.755418,0.781020,0.612413,-0.113314,-0.046015,1.714122,9.039263,-6.369449,1.417867,0.170442,0.043676,76.945943,-6.929078,-12.252315
315541.0,2025-12-15T01:59:35.127460,95.755418,0.762884,0.635357,-0.112214,-0.041671,1.561652,8.624453,-5.099979,2.299906,0.232228,-0.051133,80.291137,-6.791738,-11.983478
315564.0,2025-12-15T01:59:35.128448,95.756406,0.738181,0.664505,-0.110048,-0.037566,1.302663,7.931776,-4.131352,3.046656,0.247141,-0.204531,84.650151,-6.462034,-11.712839
315595.0,2025-12-15T01:59:35.186438,95.814396,0.713027,0.691822,-0.108664,-0.034150,1.064370,7.325759,-3.262225,2.978479,0.209857,-0.182160,88.896370,-6.183333,-11.549608
315623.0,2025-12-15T01:59:35.187428,95.815386,0.679098,0.725577,-0.106774,-0.031024,0.769118,6.089304,-1.262490,3.858387,0.100135,-0.317449,94.364840,-5.739186,-11.424432
315652.0,2025-12-15T01:59:35.247633,95.875591,0.630982,0.768120,-0.105420,-0.027205,0.340614,3.431311,-0.613396,5.248558,0.006392,-0.361125,101.717773,-5.235129,-11.367621
315678.0,2025-12-15T01:59:35.248628,95.876586,0.574895,0.811405,-0.102708,-0.023843,0.016606,0.867682,0.009518,5.808887,-0.020240,-0.496413,109.811366,-4.554070,-11.227549
315707.0,2025-12-15T01:59:35.307216,95.935174,0.521455,0.846865,-0.102115,-0.021841,-0.316376,-1.153416,-0.628269,5.398760,-0.035154,-0.394148,117.149818,-3.985460,-11.315287
315736.0,2025-12-15T01:59:35.308109,95.936067,0.475787,0.873728,-0.098911,-0.021040,-0.532322,-3.996310,-0.898560,4.557201,-0.155529,-0.507066,123.179905,-3.287981,-11.138500
315757.0,2025-12-15T01:59:35.368086,95.996044,0.425385,0.900055,-0.093140,-0.016547,-0.741279,-5.886832,-2.605506,4.899151,0.178964,-0.552872,129.667298,-2.834655,-10.484066
315783.0,2025-12-15T01:59:35.369087,95.997045,0.366915,0.926294,-0.085250,-0.009232,-0.623381,-7.348338,-3.719090,5.520200,0.403735,-0.625310,136.998254,-2.605340,-9.490168
315808.0,2025-12-15T01:59:35.369087,95.997045,0.326863,0.941510,-0.081711,-0.006570,-0.706638,-8.604063,-5.847849,3.702859,0.019175,-0.324906,141.896492,-2.352316,-9.107728
315837.0,2025-12-15T01:59:35.427045,96.055003,0.296478,0.951820,-0.078158,-0.005560,-0.456835,-9.294621,-7.352121,2.779275,-0.035154,-0.343015,145.554710,-2.049340,-8.753263
315862.0,2025-12-15T01:59:35.427533,96.055491,0.262863,0.962035,-0.073370,-0.002968,-0.224454,-9.676911,-8.533248,3.039199,0.100135,-0.403735,149.570615,-1.883225,-8.210273
315884.0,2025-12-15T01:59:35.487220,96.115178,0.231728,0.970330,-0.069012,-0.000244,-0.203630,-9.592730,-9.822557,2.790993,0.117179,-0.352602,153.258763,-1.805721,-7.707100
315915.0,2025-12-15T01:59:35.488214,96.116171,0.207470,0.975974,-0.066550,0.001491,-0.069122,-8.859888,-10.527917,2.179531,0.036219,-0.201335,156.111306,-1.749188,-7.431626
315941.0,2025-12-15T01:59:35.548239,96.176197,0.187695,0.979921,-0.067220,0.002413,0.202060,-9.126827,-11.742946,1.760882,-0.057524,0.049002,158.426522,-1.717028,-7.521231
315969.0,2025-12-15T01:59:35.549237,96.177195,0.169241,0.983206,-0.068242,0.002543,0.223687,-9.683310,-12.545588,1.634115,-0.120375,0.069242,160.574470,-1.610169,-7.665139
315995.0,2025-12-15T01:59:35.606035,96.233993,0.147762,0.986533,-0.070087,0.002561,0.170061,-9.064474,-13.185549,1.888714,-0.175769,0.129962,163.065331,-1.476427,-7.907495
316020.0,2025-12-15T01:59:35.607035,96.234993,0.127546,0.989332,-0.070289,0.003581,0.229112,-8.769941,-14.179682,1.769404,-0.046872,0.015979,165.407280,-1.433396,-7.944188
316040.0,2025-12-15T01:59:35.608036,96.235993,0.110688,0.991389,-0.069901,0.003146,0.181668,-8.611270,-14.601439,1.472195,-0.140615,-0.044741,167.344960,-1.244064,-7.928351
316068.0,2025-12-15T01:59:35.666470,96.294428,0.095661,0.992923,-0.070375,0.000876,0.010697,-7.634861,-14.992056,1.299623,-0.288687,0.012783,169.055005,-0.871152,-8.024842
316095.0,2025-12-15T01:59:35.667468,96.295426,0.084308,0.993780,-0.072694,-0.003000,-0.075911,-7.511419,-15.656239,0.980043,-0.436758,0.152333,170.328008,-0.360710,-8.336870
316121.0,2025-12-15T01:59:35.726923,96.354880,0.072575,0.994450,-0.075854,-0.006882,-0.184444,-7.373298,-16.148567,1.003479,-0.422910,0.227967,171.640178,0.153455,-8.735029
316146.0,2025-12-15T01:59:35.728069,96.356027,0.062488,0.994934,-0.078132,-0.009859,-0.184312,-7.115524,-16.723225,0.867125,-0.331297,0.161920,172.767882,0.564542,-9.016052
316171.0,2025-12-15T01:59:35.788338,96.416296,0.055665,0.995340,-0.077897,-0.011471,-0.262886,-6.917268,-17.225370,0.598679,-0.182160,-0.037284,173.534275,0.811491,-8.995698
316200.0,2025-12-15T01:59:35.788338,96.416296,0.047875,0.995914,-0.075928,-0.009937,-0.166073,-6.929145,-17.312588,0.703074,0.056459,-0.174703,174.440700,0.717543,-8.754351
316224.0,2025-12-15T01:59:35.789319,96.417277,0.036683,0.996472,-0.075002,-0.008461,-0.060703,-6.277845,-17.004986,0.982174,0.051133,-0.085221,175.734328,0.650899,-8.632974
316250.0,2025-12-15T01:59:35.847172,96.475130,0.022239,0.996954,-0.074445,-0.006790,0.012542,-5.971627,-17.412941,1.252751,0.045806,-0.055394,177.400421,0.585969,-8.554263
316279.0,2025-12-15T01:59:35.848170,96.476128,0.005501,0.997304,-0.073065,-0.004059,0.144849,-5.328423,-17.802801,1.446629,0.121440,-0.122505,179.337367,0.417859,-8.382658
316307.0,2025-12-15T01:59:35.907198,96.535156,-0.012396,0.997213,-0.073572,-0.000388,0.293185,-4.948953,-18.317505,1.549960,0.164051,0.034088,-178.586630,0.148861,-8.437111
316336.0,2025-12-15T01:59:35.908259,96.536217,-0.033171,0.996669,-0.074499,0.000993,0.572925,-4.221329,-18.769449,1.769404,-0.018109,0.078830,-176.200217,0.169783,-8.543909
316363.0,2025-12-15T01:59:36.026608,96.654566,-0.053748,0.995917,-0.072508,0.001444,0.528697,-3.020564,-19.661152,1.740642,-0.101200,-0.160855,-173.842124,0.281830,-8.313024
316384.0,2025-12-15T01:59:36.028605,96.656563,-0.072962,0.994891,-0.069666,0.003979,0.601094,-2.389610,-20.010973,1.637311,0.077764,-0.239684,-171.620272,0.128883,-8.001622
316417.0,2025-12-15T01:59:36.028605,96.656563,-0.096548,0.993071,-0.066507,0.008115,1.049139,-2.132508,-19.407627,2.018676,0.155529,-0.272708,-168.881553,-0.187680,-7.681125
316470.0,2025-12-15T01:59:36.087164,96.715122,-0.119043,0.990597,-0.065730,0.015003,1.248394,-0.421805,-19.351137,0.815992,0.291882,-0.102265,-166.240709,-0.806464,-7.689812
316499.0,2025-12-15T01:59:36.087164,96.715122,-0.131683,0.988914,-0.065128,0.021634,1.347124,0.128939,-18.632334,1.106810,0.446346,-0.094809,-164.731072,-1.468938,-7.732817
316528.0,2025-12-15T01:59:36.147487,96.775445,-0.139235,0.987625,-0.066173,0.028825,1.718598,0.555587,-19.786303,0.674312,0.561394,0.029827,-163.796772,-2.207022,-7.980581
316550.0,2025-12-15T01:59:36.148488,96.776445,-0.140383,0.987304,-0.065860,0.034430,2.117891,0.702113,-19.539392,0.125701,0.445280,-0.084156,-163.615492,-2.836981,-8.041296
316574.0,2025-12-15T01:59:36.149485,96.777443,-0.143232,0.986722,-0.066673,0.037670,2.480979,0.211932,-20.026608,0.255663,0.252468,0.043676,-163.254391,-3.166660,-8.197395
316602.0,2025-12-15T01:59:36.207401,96.835359,-0.146405,0.986183,-0.065116,0.042057,2.568348,0.931622,-19.097563,0.296144,0.289752,-0.167247,-162.851786,-3.662790,-8.107807
316625.0,2025-12-15T01:59:36.207401,96.835359,-0.150596,0.985589,-0.062827,0.044593,2.616895,1.122214,-19.631060,0.368581,0.149137,-0.199204,-162.351499,-3.955224,-7.909093
316650.0,2025-12-15T01:59:36.266337,96.894295,-0.154170,0.985152,-0.060763,0.044899,2.508073,1.355023,-19.004330,0.301470,-0.029827,-0.155529,-161.942411,-3.998366,-7.694511
316675.0,2025-12-15T01:59:36.267339,96.895297,-0.158041,0.984609,-0.059757,0.044690,2.545996,1.023707,-19.525318,0.322775,-0.059655,-0.059655,-161.499306,-3.963174,-7.591905
316702.0,2025-12-15T01:59:36.268342,96.896300,-0.154285,0.985171,-0.061437,0.043119,2.321420,0.873873,-18.821016,-0.333428,-0.126766,0.141680,-161.942689,-3.784381,-7.738446
316728.0,2025-12-15T01:59:36.327844,96.955802,-0.148927,0.986149,-0.061581,0.039237,2.143463,1.000389,-19.638758,-0.482565,-0.304666,0.040480,-162.597547,-3.384989,-7.664713
316752.0,2025-12-15T01:59:36.328833,96.956790,0.999994,0.002465,0.001578,-0.002016,2.035896,1.642004,1.370646,0.181095,0.162985,-0.169377,0.282148,0.181441,-0.230615
316777.0,2025-12-15T01:59:36.386552,97.014509,0.999983,0.000857,0.000131,0.005783,2.665154,0.978392,-0.897171,0.004261,0.199204,0.485761,0.098324,0.014479,0.662672
316804.0,2025-12-15T01:59:36.387542,97.015499,0.999915,0.011718,-0.000206,0.005659,1.427875,1.454517,-1.106743,0.839428,-0.214118,-0.056459,1.342642,-0.031257,0.648212
316827.0,2025-12-15T01:59:36.388752,97.016709,0.999772,0.020388,-0.002923,0.005588,1.274574,1.393927,-0.372237,0.576308,-0.101200,-0.006392,2.334632,-0.347967,0.633406
316848.0,2025-12-15T01:59:36.446069,97.074027,0.999718,0.022243,-0.005965,0.005827,1.390609,1.114426,0.147076,0.031958,-0.098004,0.019175,2.545130,-0.698159,0.652438
316878.0,2025-12-15T01:59:36.448163,97.076121,0.999790,0.017376,-0.008878,0.006196,1.774422,0.628133,0.204337,-0.463390,-0.049002,0.030893,1.985153,-1.029481,0.692306
316907.0,2025-12-15T01:59:36.506088,97.134045,0.999925,0.006300,-0.007778,0.007111,1.666430,1.076163,-0.468816,-0.927845,-0.086286,0.009587,0.715687,-0.896412,0.809366
316934.0,2025-12-15T01:59:36.507087,97.135045,0.999906,0.006375,-0.009769,0.007203,1.260169,1.675208,-0.535766,-0.151268,-0.042611,0.009587,0.722506,-1.124657,0.818367
316954.0,2025-12-15T01:59:36.566463,97.194420,0.999858,0.009961,-0.011627,0.007099,1.396790,1.473245,-0.296514,0.155529,-0.020240,-0.009587,1.132240,-1.340437,0.800295
316979.0,2025-12-15T01:59:36.567462,97.195420,0.999741,0.017558,-0.012648,0.006991,1.345847,1.290425,0.179603,0.494283,0.049002,-0.014914,2.002428,-1.463214,0.775765
317006.0,2025-12-15T01:59:36.568463,97.196421,0.999687,0.021465,-0.009921,0.008160,1.378866,1.097310,-0.177345,0.306796,0.046872,0.009587,2.450916,-1.156669,0.910569
317026.0,2025-12-15T01:59:36.627003,97.254961,0.999674,0.021077,-0.011777,0.008255,1.313404,1.094757,-0.035131,-0.156594,0.002131,0.007457,2.404713,-1.369157,0.917560
317059.0,2025-12-15T01:59:36.627937,97.255895,0.999684,0.019490,-0.013578,0.008185,1.264951,1.224315,-0.217410,-0.267381,-0.001065,-0.004261,2.221395,-1.573941,0.907686
317084.0,2025-12-15T01:59:36.686365,97.314322,0.999663,0.019689,-0.015033,0.007830,1.365186,1.268530,-0.042067,-0.117179,0.026632,-0.029827,2.243502,-1.740022,0.863425
317111.0,2025-12-15T01:59:36.687384,97.315342,0.999660,0.021625,-0.012075,0.008099,1.481607,1.065607,-0.161701,0.142745,0.053263,-0.026632,2.467541,-1.403488,0.898112
317131.0,2025-12-15T01:59:36.688368,97.316325,0.999613,0.022920,-0.013386,0.008354,1.299728,1.140805,-0.243390,-0.021305,0.041545,0.019175,2.614505,-1.555490,0.922168
317160.0,2025-12-15T01:59:36.747525,97.375483,0.999669,0.018306,-0.015449,0.009414,1.295073,1.293305,-0.051224,-0.518784,-0.017044,0.094809,2.081802,-1.789774,1.046587
317183.0,2025-12-15T01:59:36.748521,97.376478,0.999681,0.015841,-0.016913,0.010001,1.229981,1.455115,-0.300776,-0.353668,0.015979,0.054328,1.796683,-1.955970,1.115650
317209.0,2025-12-15T01:59:36.807065,97.435023,0.999718,0.014710,-0.015080,0.010974,1.251008,1.642897,-0.199877,-0.147006,-0.025566,0.018109,1.667261,-1.746315,1.232411
317232.0,2025-12-15T01:59:36.808065,97.436023,0.999630,0.018769,-0.016406,0.010894,1.359760,1.487103,0.074342,0.192813,0.020240,-0.009587,2.131121,-1.903076,1.213392
317258.0,2025-12-15T01:59:36.866168,97.494126,0.999514,0.023286,-0.017660,0.010847,1.290389,1.318314,-0.165348,0.235423,0.029827,-0.008522,2.647815,-2.052121,1.196128
317283.0,2025-12-15T01:59:36.867154,97.495111,0.999405,0.026685,-0.018953,0.010864,1.170554,1.251120,-0.257810,0.139550,0.025566,-0.002131,3.036154,-2.204334,1.187232
317313.0,2025-12-15T01:59:36.926625,97.554583,0.999452,0.026009,-0.016687,0.011841,1.188875,1.250283,-0.108172,-0.095874,0.008522,0.013848,2.959142,-1.946863,1.307324
317339.0,2025-12-15T01:59:36.928150,97.556108,0.999405,0.026353,-0.018687,0.012077,1.303687,1.194731,-0.217115,-0.102265,-0.015979,0.020240,2.995725,-2.177094,1.327699
317359.0,2025-12-15T01:59:36.929178,97.557136,0.999359,0.026443,-0.020624,0.012536,1.222783,1.274404,-0.101251,-0.132093,-0.018109,0.040480,3.002617,-2.400542,1.374388
317392.0,2025-12-15T01:59:36.986877,97.614835,0.999379,0.026956,-0.018334,0.013345,1.179990,1.394871,-0.107837,0.006392,0.008522,-0.002131,3.062569,-2.141324,1.472880
317418.0,2025-12-15T01:59:36.987871,97.615829,0.999289,0.029397,-0.019627,0.013127,1.196298,1.246181,-0.168598,0.061785,0.028762,-0.021305,3.341274,-2.292282,1.438345
317443.0,2025-12-15T01:59:37.048070,97.676028,0.999230,0.030427,-0.021106,0.012949,1.190320,1.171224,-0.050893,-0.051133,0.020240,-0.015979,3.457937,-2.462651,1.410583
317463.0,2025-12-15T01:59:37.049073,97.677031,0.999135,0.032648,-0.022378,0.012759,1.145818,1.155134,-0.207653,0.045806,0.033023,-0.019175,3.711679,-2.610759,1.378670
317490.0,2025-12-15T01:59:37.049073,97.677031,0.999096,0.035014,-0.020235,0.013132,1.211780,1.081853,-0.374290,0.176834,-0.008522,-0.045806,3.984841,-2.370007,1.423590
317518.0,2025-12-15T01:59:37.107702,97.735660,0.998877,0.040037,-0.022001,0.012551,1.197270,0.930437,0.028509,0.295078,0.000000,-0.057524,4.560481,-2.576799,1.337188
317543.0,2025-12-15T01:59:37.108699,97.736657,0.998631,0.045103,-0.023512,0.012175,1.099258,0.817770,0.161773,0.301470,0.023436,-0.042611,5.141375,-2.754534,1.273322
317564.0,2025-12-15T01:59:37.166369,97.794327,0.998506,0.046761,-0.025535,0.012108,1.116623,0.674244,-0.097639,0.037284,0.000000,-0.011718,5.329934,-2.987948,1.250421
317593.0,2025-12-15T01:59:37.167366,97.795323,0.998610,0.045554,-0.023178,0.012890,1.218651,0.657782,-0.051740,-0.104396,0.010653,0.002131,5.191553,-2.720659,1.355723
317617.0,2025-12-15T01:59:37.226544,97.854502,0.998564,0.045566,-0.025121,0.012793,1.097223,0.776894,-0.126770,-0.109722,0.003196,-0.010653,5.191127,-2.942648,1.334582
317643.0,2025-12-15T01:59:37.227548,97.855506,0.998416,0.047923,-0.026623,0.012627,1.096586,0.738815,-0.011722,0.086286,0.036219,-0.022371,5.460736,-3.116847,1.300491
317668.0,2025-12-15T01:59:37.228547,97.856504,0.998265,0.050162,-0.028151,0.012569,1.045263,0.664609,-0.027554,0.080960,0.037284,-0.013848,5.716552,-3.294346,1.278248
317694.0,2025-12-15T01:59:37.347196,97.975154,0.998351,0.049550,-0.025824,0.013190,1.167358,0.571144,-0.172738,-0.054328,0.004261,-0.002131,5.646628,-3.030593,1.364400
317717.0,2025-12-15T01:59:37.349185,97.977143,0.998327,0.048779,-0.028047,0.013277,1.135809,0.637629,0.027735,-0.155529,-0.007457,0.005326,5.555464,-3.284596,1.364427
317742.0,2025-12-15T01:59:37.349185,97.977143,0.998252,0.049541,-0.029429,0.013131,0.995419,0.774626,-0.051066,-0.055394,0.042611,-0.017044,5.642090,-3.442996,1.337534
317762.0,2025-12-15T01:59:37.350187,97.978145,0.998147,0.050906,-0.030729,0.012948,1.005129,0.731525,-0.108695,-0.001065,0.051133,-0.022371,5.798211,-3.592615,1.304404
317793.0,2025-12-15T01:59:37.407909,98.035866,0.998290,0.050022,-0.027300,0.013037,1.191878,0.619422,0.070135,-0.066046,0.099070,-0.066046,5.699756,-3.199401,1.337134
317820.0,2025-12-15T01:59:37.407909,98.035866,0.998354,0.048198,-0.028720,0.011881,1.145734,0.695991,0.015278,-0.251402,0.053263,-0.099070,5.492745,-3.353208,1.202791
317844.0,2025-12-15T01:59:37.408920,98.036878,0.998230,0.048766,-0.032724,0.009332,1.197483,0.629834,-0.261115,-0.049002,-0.168312,-0.210922,5.564189,-3.798219,0.886629
317860.0,2025-12-15T01:59:37.467111,98.095069,0.998131,0.047801,-0.037534,0.006399,1.008461,0.774038,-0.118116,-0.203465,-0.250337,-0.232228,5.463728,-4.332249,0.527803
317894.0,2025-12-15T01:59:37.467111,98.095069,0.998169,0.046965,-0.037997,0.002943,0.763056,1.045295,-0.220770,-0.103331,-0.248207,-0.315318,5.382662,-4.366252,0.132495
317915.0,2025-12-15T01:59:37.526088,98.154046,0.998307,0.039509,-0.042631,-0.002094,0.678768,1.169372,-0.145225,-0.803209,-0.288687,-0.379234,4.551177,-4.873244,-0.434173
317940.0,2025-12-15T01:59:37.527197,98.155155,0.998827,-0.048348,0.002465,-0.000887,1.542404,3.118016,1.764397,-4.098072,0.231162,-0.074569,-5.542713,0.277186,-0.115143
317966.0,2025-12-15T01:59:37.528211,98.156169,0.995900,-0.089917,0.009756,-0.001894,1.529784,4.688244,0.011868,-7.765777,0.906540,-0.159790,-10.321212,1.093866,-0.316777
317988.0,2025-12-15T01:59:37.586043,98.214001,0.989492,-0.143642,0.015522,0.005647,1.043967,3.420746,-4.052574,-12.194081,1.317732,0.479369,-16.513361,1.853320,0.384979
318014.0,2025-12-15T01:59:37.587571,98.215528,0.915237,-0.399705,0.032960,0.038601,0.796811,4.047314,-11.100594,-23.049124,1.317732,2.750513,-47.067456,5.232084,2.550283
318035.0,2025-12-15T01:59:37.646804,98.274761,0.925655,-0.371081,0.027724,0.068508,0.194526,-9.409765,-15.790500,-33.474869,2.501241,6.216883,-43.375853,5.864182,6.131620
318060.0,2025-12-15T01:59:37.646804,98.274761,0.920241,-0.375630,-0.036213,0.103667,-0.024691,-21.322432,-19.489628,-34.287663,-3.305515,9.462744,-44.338230,0.643545,12.592518
318087.0,2025-12-15T01:59:37.648551,98.276509,0.686749,-0.700437,0.002218,0.194318,4.232770,-31.858784,2.879416,-34.819229,2.435194,12.283563,-88.881442,15.977563,15.925545
318108.0,2025-12-15T01:59:37.707093,98.335051,0.414959,-0.886846,0.001518,0.203249,4.158432,-15.075840,-16.500046,-28.295551,2.672749,5.155880,-127.924732,21.208408,10.256000
318135.0,2025-12-15T01:59:37.708091,98.336049,0.990842,0.123483,-0.037255,-0.039959,4.486373,-4.779177,-1.362091,10.543987,-2.973153,-3.387541,14.370419,-3.667088,-5.081185
318160.0,2025-12-15T01:59:37.766918,98.394876,0.983771,0.149745,-0.052979,-0.083448,-1.931482,-9.015068,-5.761586,2.370213,-1.703358,-3.576092,17.723820,-4.545285,-10.406067
318186.0,2025-12-15T01:59:37.766918,98.394876,0.970693,0.190791,-0.065287,-0.130732,-3.534772,-9.455168,-7.830150,3.622964,-1.337972,-4.034156,22.868576,-4.408265,-16.232749
318211.0,2025-12-15T01:59:37.827555,98.455513,0.999195,0.008097,-0.008401,-0.038395,-2.162105,-11.169198,-5.142441,0.680704,-0.706270,-3.227751,0.964245,-0.926348,-4.408880
318237.0,2025-12-15T01:59:37.828551,98.456509,0.999022,-0.034981,-0.001448,-0.026986,-1.850863,-9.443575,-4.316426,-2.743056,-0.148072,-2.269013,-4.003483,-0.273924,-3.085028
318263.0,2025-12-15T01:59:37.829562,98.457520,0.992059,-0.118879,0.001790,-0.041028,-2.408247,-8.145494,-3.314098,-6.900783,0.086286,-1.182443,-13.651840,-0.355424,-4.693877
318289.0,2025-12-15T01:59:37.887088,98.515045,0.983247,-0.174373,-0.002584,-0.053030,-2.449479,-5.101458,-2.722681,-4.515656,-0.460194,-1.051416,-20.043003,-1.350949,-5.935598
318314.0,2025-12-15T01:59:37.887088,98.515045,0.999968,0.000786,-0.002955,0.007368,-2.562276,-11.131750,-1.046032,0.066046,-0.248207,0.618919,0.087601,-0.339244,0.844045
318334.0,2025-12-15T01:59:37.947728,98.575686,0.999999,0.001202,0.000850,0.000634,-1.925395,-5.567427,-3.280477,0.289752,0.005326,0.053263,0.137837,0.097365,0.072778
318362.0,2025-12-15T01:59:37.947728,98.575686,0.999973,-0.003149,0.003530,-0.005705,-2.220649,-5.964152,-3.037398,-0.176834,0.156594,-0.532632,-0.363128,0.402387,-0.655082
318388.0,2025-12-15T01:59:37.948733,98.576691,0.999956,-0.005702,0.003980,-0.006361,-1.796797,-8.093795,-3.734702,-0.018109,0.019175,-0.022371,-0.656330,0.451897,-0.731522
318413.0,2025-12-15T01:59:38.007758,98.635716,0.999865,-0.015861,0.003703,-0.002157,-2.155579,-7.196307,-3.503009,-0.662594,-0.086286,0.350472,-1.818576,0.420340,-0.253847
318439.0,2025-12-15T01:59:38.008766,98.636724,0.999836,-0.017957,0.002163,-0.000637,-1.893566,-6.527453,-2.814851,0.015979,-0.186421,0.124636,-2.058036,0.246466,-0.077407
318465.0,2025-12-15T01:59:38.067064,98.695022,0.999737,-0.022655,0.003407,0.001154,-1.976224,-6.711431,-3.058459,-0.203465,0.044741,0.150202,-2.595837,0.393292,0.123345
318491.0,2025-12-15T01:59:38.068064,98.696022,0.999538,-0.029989,0.003684,0.003265,-1.771138,-6.893536,-3.037870,-0.420779,-0.008522,0.200270,-3.435720,0.433193,0.361291
318511.0,2025-12-15T01:59:38.068064,98.696022,0.999299,-0.036583,0.005130,0.005980,-1.679936,-6.435640,-2.517573,-0.362190,0.063916,0.227967,-4.189676,0.612570,0.663297
318538.0,2025-12-15T01:59:38.127099,98.755057,0.999023,-0.043028,0.005834,0.008219,-1.933386,-6.737417,-2.618294,-0.351537,-0.002131,0.185356,-4.926726,0.708425,0.912266
318561.0,2025-12-15T01:59:38.128097,98.756055,0.998633,-0.050662,0.006397,0.011183,-1.623487,-6.110142,-2.399726,-0.451672,-0.012783,0.245011,-5.799730,0.796983,1.242823
318588.0,2025-12-15T01:59:38.187072,98.815030,0.998206,-0.057636,0.008207,0.013965,-1.394519,-6.167467,-2.264836,-0.392017,0.117179,0.266316,-6.595257,1.031078,1.543627
318613.0,2025-12-15T01:59:38.188073,98.816031,0.997639,-0.065750,0.010049,0.017126,-1.485340,-5.972277,-2.197052,-0.492152,0.094809,0.266316,-7.520301,1.278004,1.882961
318638.0,2025-12-15T01:59:38.248394,98.876352,0.997044,-0.073231,0.011078,0.020436,-1.132550,-5.708678,-1.945457,-0.438889,0.033023,0.275903,-8.373329,1.437389,2.243143
318663.0,2025-12-15T01:59:38.249593,98.877550,0.996297,-0.081642,0.012349,0.023984,-1.194815,-5.664430,-1.867655,-0.518784,0.050067,0.296144,-9.331861,1.634514,2.624683
318689.0,2025-12-15T01:59:38.306823,98.934781,0.995317,-0.091666,0.013221,0.027682,-1.087161,-5.398050,-1.631875,-0.658333,0.017044,0.328101,-10.476407,1.798947,3.021267
318716.0,2025-12-15T01:59:38.307821,98.935779,0.994068,-0.103220,0.013979,0.031278,-1.238377,-4.872777,-1.348410,-0.790426,0.005326,0.291882,-11.797924,1.962735,3.401593
318741.0,2025-12-15T01:59:38.308822,98.936780,0.992821,-0.113593,0.015050,0.034298,-0.840102,-4.488062,-1.132862,-0.688161,0.043676,0.249272,-12.984159,2.159177,3.711416
318759.0,2025-12-15T01:59:38.366987,98.994945,0.991786,-0.121508,0.016036,0.036604,-0.709573,-4.351135,-0.963363,-0.480434,0.039415,0.191748,-13.889229,2.332775,3.943140
318791.0,2025-12-15T01:59:38.367990,98.995948,0.990854,-0.128453,0.016714,0.037802,-0.744214,-4.165649,-0.891700,-0.404800,0.000000,0.111853,-14.686248,2.454990,4.053199
318816.0,2025-12-15T01:59:38.426500,99.054458,0.990016,-0.134309,0.017504,0.039031,-0.698705,-3.976649,-0.879727,-0.307861,0.024501,0.101200,-15.357430,2.587347,4.166537
318841.0,2025-12-15T01:59:38.427500,99.055458,0.989104,-0.140465,0.017781,0.040341,-0.627674,-3.801410,-0.684181,-0.335558,-0.015979,0.102265,-16.065385,2.665635,4.294821
318866.0,2025-12-15T01:59:38.428802,99.056759,0.988578,-0.143961,0.017859,0.040856,-0.661601,-3.590980,-0.654191,-0.110787,-0.036219,0.035154,-16.468543,2.698060,4.342636
318895.0,2025-12-15T01:59:38.486961,99.114919,0.988261,-0.146012,0.018638,0.040908,-0.677438,-3.610818,-0.698643,-0.008522,-0.034088,0.014914,-16.703181,2.796315,4.330145
318915.0,2025-12-15T01:59:38.487947,99.115905,0.987679,-0.149720,0.018910,0.041438,-0.661296,-3.647007,-0.737262,-0.128897,-0.019175,0.038350,-17.130446,2.852388,4.375185
318944.0,2025-12-15T01:59:38.547097,99.175055,0.987062,-0.153522,0.019314,0.042031,-0.638628,-3.434784,-0.611681,-0.137419,-0.009587,0.044741,-17.568194,2.925283,4.424507
318969.0,2025-12-15T01:59:38.548093,99.176051,0.986600,-0.156314,0.019457,0.042519,-0.639549,-3.277014,-0.534866,-0.053263,-0.035154,0.033023,-17.890297,2.962711,4.468981
318994.0,2025-12-15T01:59:38.607561,99.235519,0.986368,-0.157768,0.019810,0.042368,-0.668863,-3.370117,-0.602613,0.060720,-0.022371,0.003196,-18.058179,3.006499,4.441253
319014.0,2025-12-15T01:59:38.608555,99.236513,0.985797,-0.161143,0.020206,0.042773,-0.652659,-3.385926,-0.622582,-0.102265,-0.010653,0.028762,-18.447441,3.073803,4.469644
319045.0,2025-12-15T01:59:38.609549,99.237506,0.985096,-0.165200,0.020651,0.043218,-0.616719,-3.199561,-0.548806,-0.160855,-0.004261,0.031958,-18.915996,3.150908,4.499065
319064.0,2025-12-15T01:59:38.666790,99.294748,0.984396,-0.169144,0.021098,0.043694,-0.616011,-3.064150,-0.472178,-0.152333,-0.006392,0.034088,-19.371565,3.228534,4.531844
319093.0,2025-12-15T01:59:38.666790,99.294748,0.983735,-0.172772,0.021838,0.044022,-0.602378,-2.994186,-0.470951,-0.126766,0.008522,0.040480,-19.790097,3.335237,4.542529
319118.0,2025-12-15T01:59:38.727551,99.355508,0.983034,-0.176532,0.022349,0.044521,-0.563008,-2.907024,-0.418823,-0.137419,-0.001065,0.037284,-20.224464,3.420175,4.576069
319143.0,2025-12-15T01:59:38.728069,99.356026,0.982475,-0.179469,0.022857,0.044841,-0.579346,-2.788667,-0.416186,-0.068177,-0.004261,0.022371,-20.563932,3.497720,4.591699
319166.0,2025-12-15T01:59:38.729093,99.357051,0.981827,-0.182793,0.023586,0.045244,-0.582672,-2.783068,-0.445571,-0.101200,0.013848,0.031958,-20.947588,3.603727,4.610447
319196.0,2025-12-15T01:59:38.786577,99.414535,0.981010,-0.186916,0.024461,0.045653,-0.515145,-2.594609,-0.314605,-0.175769,0.007457,0.045806,-21.424430,3.730216,4.622951
319219.0,2025-12-15T01:59:38.786577,99.414535,0.980241,-0.190720,0.025081,0.046093,-0.512032,-2.503773,-0.322831,-0.143811,0.007457,0.033023,-21.865061,3.827492,4.644774
319239.0,2025-12-15T01:59:38.847685,99.475643,0.979620,-0.193758,0.025505,0.046378,-0.514125,-2.342028,-0.262481,-0.079895,-0.011718,0.017044,-22.217688,3.895861,4.655742
319271.0,2025-12-15T01:59:38.847685,99.475643,0.978992,-0.196745,0.026071,0.046760,-0.506800,-2.375146,-0.309318,-0.075634,-0.001065,0.027697,-22.563820,3.982221,4.674387
319296.0,2025-12-15T01:59:38.906988,99.534945,0.978319,-0.199896,0.026839,0.047049,-0.485675,-2.257855,-0.265459,-0.092678,0.002131,0.042611,-22.929032,4.089994,4.676806
319320.0,2025-12-15T01:59:38.907985,99.535943,0.977546,-0.203424,0.027610,0.047550,-0.463811,-2.236464,-0.266043,-0.122505,0.017044,0.040480,-23.337887,4.204975,4.700804
319344.0,2025-12-15T01:59:38.908985,99.536943,0.976468,-0.208323,0.028258,0.048100,-0.419088,-2.159377,-0.210240,-0.240750,0.014914,0.041545,-23.908169,4.314278,4.726328
319360.0,2025-12-15T01:59:38.966606,99.594564,0.975352,-0.213291,0.028737,0.048685,-0.427034,-1.794550,-0.134391,-0.250337,-0.005326,0.038350,-24.487471,4.406094,4.758536
319393.0,2025-12-15T01:59:38.967603,99.595561,0.974914,-0.215058,0.030553,0.048575,-0.413321,-1.782998,-0.186221,-0.014914,0.018109,0.024501,-24.690237,4.615389,4.694154
319418.0,2025-12-15T01:59:39.027086,99.655043,0.974136,-0.218278,0.031475,0.049230,-0.379094,-1.867699,-0.187623,-0.099070,0.025566,0.056459,-25.063422,4.750300,4.729733
319442.0,2025-12-15T01:59:39.028603,99.656560,0.973082,-0.222666,0.032185,0.049948,-0.300228,-1.624741,-0.094965,-0.200270,0.015979,0.057524,-25.574650,4.869218,4.771054
319462.0,2025-12-15T01:59:39.029114,99.657072,0.972148,-0.226478,0.032906,0.050521,-0.311957,-1.476880,-0.109703,-0.152333,0.012783,0.044741,-26.019243,4.983179,4.797809
319490.0,2025-12-15T01:59:39.087075,99.715032,0.971355,-0.229438,0.034931,0.051063,-0.313328,-1.378481,-0.108304,-0.128897,0.021305,0.071373,-26.360591,5.237980,4.790925
319514.0,2025-12-15T01:59:39.087075,99.715032,0.970503,-0.232659,0.035991,0.051944,-0.248531,-1.330313,-0.096422,-0.102265,0.034088,0.078830,-26.733903,5.395466,4.844377
319539.0,2025-12-15T01:59:39.147324,99.775282,0.969359,-0.236892,0.037440,0.053130,-0.216155,-1.289434,-0.154575,-0.189617,0.067112,0.110787,-27.224662,5.610050,4.914902
319564.0,2025-12-15T01:59:39.148321,99.776279,0.967739,-0.242687,0.039493,0.054997,-0.122707,-1.087481,-0.170107,-0.324906,0.117179,0.178964,-27.895895,5.919596,5.033898
319590.0,2025-12-15T01:59:39.207124,99.835081,0.964345,-0.253967,0.045099,0.059200,0.300206,-0.802721,-0.206185,-0.802144,0.366451,0.446346,-29.198567,6.721977,5.273062
319615.0,2025-12-15T01:59:39.208125,99.836083,0.958324,-0.272854,0.051597,0.067103,0.511979,-0.575151,-0.733031,-1.482848,0.509196,0.780839,-31.388993,7.788216,5.819306
319635.0,2025-12-15T01:59:39.208125,99.836083,0.948671,-0.300500,0.057141,0.080366,0.264951,0.617938,-0.236120,-2.535329,0.499609,1.216532,-34.609779,9.016292,6.870030
319665.0,2025-12-15T01:59:39.266390,99.894348,0.933083,-0.339117,0.067481,0.099006,1.008257,2.115746,-1.044132,-3.626160,0.791491,1.710815,-39.151046,11.132576,8.143883
319689.0,2025-12-15T01:59:39.267387,99.895345,0.909234,-0.389650,0.082058,0.121375,0.860894,4.330136,-1.047938,-4.802212,1.002414,2.010154,-45.240988,14.111333,9.302518
319714.0,2025-12-15T01:59:39.327380,99.955338,0.998077,-0.055783,0.013090,0.023644,-0.488178,-1.988392,1.886835,-4.656271,1.090831,1.989914,-6.360143,1.648491,2.622507
319734.0,2025-12-15T01:59:39.327380,99.955338,0.999944,0.002339,-0.001729,0.010196,1.117798,0.283968,0.753773,0.144876,0.047937,0.856473,0.266042,-0.200901,1.167880
319766.0,2025-12-15T01:59:39.328382,99.956339,0.999870,-0.002644,-0.002076,0.015765,0.608452,-1.225607,-0.849439,-0.234358,0.055394,0.467651,-0.306656,-0.233053,1.807229
319792.0,2025-12-15T01:59:39.386746,100.014704,0.999734,-0.007980,0.001866,0.021570,1.216613,-0.719806,0.502180,-0.358994,0.155529,0.474043,-0.909608,0.233503,2.470121
319815.0,2025-12-15T01:59:39.387732,100.015690,0.999485,-0.011521,0.003855,0.029696,0.205139,-0.815295,-0.441952,-0.096939,0.193878,0.684965,-1.306570,0.480774,3.398227
319840.0,2025-12-15T01:59:39.451843,100.079801,0.998723,-0.022960,0.008602,0.044163,0.799258,-1.241416,0.394533,-0.766990,0.483630,1.220793,-2.585488,1.100691,5.039021
319860.0,2025-12-15T01:59:39.506881,100.134838,0.996690,-0.050910,0.011958,0.062238,1.533616,-1.411848,-0.938234,-2.179531,0.454868,1.519067,-5.741508,1.729140,7.059618
319893.0,2025-12-15T01:59:39.507880,100.135838,0.996670,-0.044872,0.012767,0.066872,1.252651,3.107283,0.023807,0.353668,-0.098004,0.334493,-5.035994,1.802218,7.597812
319918.0,2025-12-15T01:59:39.566568,100.194526,0.996294,-0.045267,0.014007,0.071789,1.369602,0.374797,0.312084,-0.057524,0.285491,0.434628,-5.062374,1.971872,8.155623
319965.0,2025-12-15T01:59:39.566568,100.194526,0.994578,-0.049642,0.013883,0.090323,1.198206,0.468686,0.031596,-0.422910,0.170442,1.072721,-5.526268,2.096491,10.277060
319992.0,2025-12-15T01:59:39.568025,100.195983,0.992631,-0.055375,0.017749,0.106314,1.200744,1.212043,-0.103943,-0.531567,0.138484,1.260208,-6.100771,2.694536,12.082858
320017.0,2025-12-15T01:59:39.627239,100.255197,0.991448,-0.059587,0.015969,0.115002,1.366186,1.891169,-0.302320,-0.511327,0.004261,0.730771,-6.580563,2.600416,13.083264
320037.0,2025-12-15T01:59:39.628763,100.256721,0.991256,-0.056614,0.012954,0.118483,1.869767,1.697262,-0.350020,0.116114,-0.123571,0.296144,-6.272201,2.240694,13.509409
320068.0,2025-12-15T01:59:39.686581,100.314539,0.991211,-0.056832,0.011808,0.118872,1.077903,1.119245,0.031792,-0.135289,0.073503,0.041545,-6.311405,2.115844,13.560492
320096.0,2025-12-15T01:59:39.687610,100.315567,0.990335,-0.058341,0.013644,0.125090,1.219218,1.405234,-0.264687,-0.201335,-0.008522,0.428236,-6.444397,2.385380,14.263565
320115.0,2025-12-15T01:59:39.688593,100.316551,0.989864,-0.058152,0.011602,0.129050,1.128534,1.774987,-0.147095,-0.145941,-0.043676,0.335558,-6.442794,2.176454,14.733185
320146.0,2025-12-15T01:59:39.746978,100.374935,0.989970,-0.056730,0.010175,0.128987,1.013736,1.659350,-0.187480,-0.034088,0.009587,-0.001065,-6.301715,1.993151,14.737174
320170.0,2025-12-15T01:59:39.747982,100.375939,0.990041,-0.055047,0.008850,0.129265,1.036967,1.461495,-0.116572,-0.002131,0.022371,0.029827,-6.128776,1.819778,14.780110
320197.0,2025-12-15T01:59:39.806543,100.434500,0.989110,-0.058760,0.011041,0.134486,0.935272,1.466252,-0.053204,-0.372843,0.057524,0.335558,-6.508475,2.157521,15.363015
320220.0,2025-12-15T01:59:39.866626,100.494583,0.988035,-0.062330,0.009831,0.140729,0.793903,1.854198,-0.213671,-0.471912,0.039415,0.530502,-6.919992,2.118742,16.084519
320244.0,2025-12-15T01:59:39.867626,100.495584,0.987266,-0.065226,0.007744,0.144883,1.284037,1.925737,-0.194670,-0.395213,-0.004261,0.354733,-7.274325,1.959354,16.572729
320265.0,2025-12-15T01:59:39.868634,100.496592,0.986984,-0.065814,0.006877,0.146576,0.712186,2.397149,-0.392572,-0.226901,0.036219,0.147006,-7.352123,1.883576,16.773327
320298.0,2025-12-15T01:59:39.868634,100.496592,0.986891,-0.063732,0.008702,0.148015,0.873056,2.154870,-0.283732,0.078830,-0.012783,0.033023,-7.082373,2.065520,16.931555
320323.0,2025-12-15T01:59:39.927358,100.555316,0.986907,-0.062398,0.007635,0.148537,0.906740,1.815066,-0.060043,-0.046872,0.028762,0.050067,-6.947621,1.925896,17.001471
320343.0,2025-12-15T01:59:39.928345,100.556303,0.986663,-0.062972,0.007215,0.149926,0.853443,2.134497,-0.289992,-0.208792,0.090547,0.125701,-7.017232,1.897934,17.163956
320372.0,2025-12-15T01:59:39.987604,100.615562,0.986664,-0.061500,0.006494,0.150565,0.822537,2.206124,-0.310860,-0.044741,0.039415,0.059655,-6.861131,1.795663,17.245192
320402.0,2025-12-15T01:59:39.988665,100.616622,0.986509,-0.060524,0.008730,0.151856,0.841142,2.170069,-0.260762,-0.005326,0.046872,0.007457,-6.709643,2.040559,17.382358
320427.0,2025-12-15T01:59:39.988665,100.616622,0.986595,-0.059195,0.008223,0.151854,0.950385,2.066873,-0.237609,-0.043676,0.073503,0.007457,-6.567389,1.960115,17.387833
320449.0,2025-12-15T01:59:40.047447,100.675405,0.986568,-0.058199,0.007135,0.152464,0.952107,2.068920,-0.277228,-0.078830,0.027697,0.056459,-6.471877,1.823704,17.466835
320480.0,2025-12-15T01:59:40.047447,100.675405,0.985854,-0.061278,0.009744,0.155701,0.973917,1.908258,-0.053580,-0.312122,0.115049,0.158724,-6.769407,2.194697,17.819994
320500.0,2025-12-15T01:59:40.106015,100.733973,0.985074,-0.064215,0.009270,0.159435,0.949328,2.438088,-0.430984,-0.407996,0.108657,0.323840,-7.102798,2.220139,18.249501
320532.0,2025-12-15T01:59:40.107538,100.735496,0.983895,-0.065662,0.008319,0.166044,0.404439,2.419021,-0.277839,-0.317449,0.002131,0.561394,-7.269659,2.187870,19.019124
320556.0,2025-12-15T01:59:40.166104,100.794062,0.981838,-0.071527,0.008211,0.175532,0.075792,2.205401,0.064758,-0.687096,0.098004,0.810666,-7.914174,2.363190,20.108935
320581.0,2025-12-15T01:59:40.167274,100.795232,0.978194,-0.086906,0.011801,0.188266,0.214676,2.876458,-0.233903,-1.355016,0.325971,1.001348,-9.545865,3.199393,21.520934
320599.0,2025-12-15T01:59:40.168291,100.796249,0.976560,-0.091568,0.012438,0.194399,1.624036,4.229579,-1.167766,-0.533697,0.218379,0.544350,-10.039139,3.433752,22.215143
320630.0,2025-12-15T01:59:40.226789,100.854746,0.974608,-0.099237,0.013723,0.200255,0.012298,3.165185,-0.283799,-0.809601,0.265251,0.516653,-10.856824,3.812679,22.859718
320655.0,2025-12-15T01:59:40.227791,100.855749,0.971023,-0.114769,0.014763,0.209104,-0.686656,4.372065,-1.215690,-1.482848,0.328101,0.772317,-12.553565,4.397097,23.821559
320680.0,2025-12-15T01:59:40.286532,100.914490,0.966020,-0.131928,0.016686,0.221637,-0.629024,4.903577,-1.414062,-1.584048,0.258859,1.013066,-14.389828,5.204910,25.186321
320703.0,2025-12-15T01:59:40.287595,100.915553,0.963508,-0.141082,0.016599,0.226878,0.866276,6.261602,-2.250092,-0.938498,0.217314,0.470847,-15.400317,5.509097,25.754755
320727.0,2025-12-15T01:59:40.287595,100.915553,0.961487,-0.149130,0.016453,0.230288,-0.768416,5.398804,-1.656485,-0.863929,0.166181,0.300405,-16.296628,5.757830,26.113552
320749.0,2025-12-15T01:59:40.347264,100.975222,0.956399,-0.164116,0.019097,0.240835,-0.718028,5.705803,-1.681889,-1.415736,0.445280,0.962999,-17.865202,6.636974,27.223781
320782.0,2025-12-15T01:59:40.347264,100.975222,0.943890,-0.202841,0.022474,0.259659,-0.546548,6.759045,-2.647260,-3.419498,0.791491,1.654356,-22.047082,8.497437,29.104347
320801.0,2025-12-15T01:59:40.466845,101.094803,0.923049,-0.256346,0.030851,0.285159,-2.724266,7.141924,-4.094243,-4.646683,1.476456,2.507632,-27.732795,11.721423,31.432178
320831.0,2025-12-15T01:59:40.466845,101.094803,0.891510,-0.331821,0.044597,0.305147,-3.477000,8.045710,-7.349649,-6.436327,2.573679,2.394714,-36.037031,16.381142,32.429141
320857.0,2025-12-15T01:59:40.467847,101.095805,0.857674,-0.397630,0.057948,0.320824,-4.734597,8.292358,-10.436728,-5.743905,2.417085,2.143312,-43.605830,20.765171,32.634082
320934.0,2025-12-15T01:59:40.526194,101.154151,0.819605,-0.455112,0.085326,0.337403,-4.967652,7.216586,-13.773623,-0.175769,0.332363,0.466586,-50.318401,26.550013,32.103719
320960.0,2025-12-15T01:59:40.528218,101.156175,0.816735,-0.455058,0.085802,0.344244,-5.791112,6.811638,-13.761389,-0.245011,-0.178964,0.525175,-50.149433,26.965686,32.907874
320987.0,2025-12-15T01:59:40.587174,101.215132,0.808691,-0.460967,0.085942,0.355166,-5.318781,6.892916,-13.637820,-0.896953,-0.137419,0.895887,-50.701023,27.803489,34.044523
321011.0,2025-12-15T01:59:40.588175,101.216132,0.798582,-0.471535,0.084979,0.364281,-5.474281,6.668301,-14.143982,-1.301753,0.006392,0.766990,-51.956875,28.637558,34.861865
321036.0,2025-12-15T01:59:40.647243,101.275200,0.787891,-0.483035,0.086281,0.372103,-5.169652,6.673463,-14.562317,-1.303884,0.245011,0.786165,-53.354100,29.698611,35.384743
321061.0,2025-12-15T01:59:40.648242,101.276200,0.782292,-0.491418,0.085357,0.373150,-4.389705,6.477262,-15.823568,-0.902279,0.239684,0.119310,-54.529278,30.019419,35.266938
321086.0,2025-12-15T01:59:40.648242,101.276200,0.782212,-0.491715,0.083756,0.373291,-7.265892,4.893261,-15.004282,-0.168312,-0.077764,-0.127832,-54.591164,29.876721,35.345168
321106.0,2025-12-15T01:59:40.706959,101.334916,0.784741,-0.487114,0.086072,0.373489,-6.142549,5.769304,-14.447577,0.386691,0.011718,0.013848,-53.899297,29.930642,35.424978
321133.0,2025-12-15T01:59:40.707959,101.335917,0.784851,-0.486440,0.086305,0.374081,-6.005801,5.824456,-13.889434,-0.041545,0.001065,0.002131,-53.785694,29.960879,35.510495
321156.0,2025-12-15T01:59:40.767926,101.395884,0.783764,-0.487714,0.085782,0.374821,-6.438604,5.561443,-14.761526,-0.240750,0.010653,0.001065,-53.955644,30.005075,35.580479
321182.0,2025-12-15T01:59:40.767926,101.395884,0.784696,-0.485565,0.086793,0.375428,-6.436414,5.564617,-14.744276,0.112918,0.002131,0.002131,-53.620805,30.052972,35.684923
321205.0,2025-12-15T01:59:40.768924,101.396882,0.785729,-0.483399,0.087796,0.375829,-6.186535,5.749737,-14.145413,0.120375,0.004261,0.001065,-53.289139,30.087223,35.765388
321230.0,2025-12-15T01:59:40.827778,101.455736,0.785055,-0.483990,0.087527,0.376538,-6.304492,5.666298,-14.370934,-0.172573,0.006392,0.002131,-53.358909,30.126321,35.844094
321255.0,2025-12-15T01:59:40.828792,101.456750,0.785102,-0.483410,0.087810,0.377120,-6.422787,5.581675,-14.604438,-0.046872,0.004261,0.001065,-53.257719,30.164669,35.923779
321280.0,2025-12-15T01:59:40.886928,101.514886,0.785799,-0.481756,0.088582,0.377603,-6.311198,5.684141,-14.306681,0.055394,0.004261,0.001065,-52.999805,30.201327,36.007326
321303.0,2025-12-15T01:59:40.887946,101.515904,0.785718,-0.481382,0.088741,0.378212,-6.315775,5.689034,-14.267616,-0.071373,0.004261,0.001065,-52.928910,30.237094,36.088830
321327.0,2025-12-15T01:59:40.888959,101.516917,0.785785,-0.480754,0.089030,0.378802,-6.415921,5.586939,-14.475645,-0.043676,0.003196,0.001065,-52.820614,30.274148,36.171197
321349.0,2025-12-15T01:59:40.946656,101.574614,0.786350,-0.479311,0.089704,0.379299,-6.394132,5.643919,-14.394415,0.042611,0.003196,0.001065,-52.593570,30.310227,36.254131
321382.0,2025-12-15T01:59:40.947660,101.575618,0.786480,-0.478577,0.090007,0.379884,-6.339299,5.679276,-14.244503,-0.045806,0.002131,0.001065,-52.470098,30.343632,36.339382
321406.0,2025-12-15T01:59:41.006982,101.634939,0.786587,-0.477873,0.090314,0.380476,-6.429214,5.630070,-14.405137,-0.037284,0.002131,0.001065,-52.350521,30.379054,36.424350
321429.0,2025-12-15T01:59:41.007976,101.635934,0.787005,-0.476660,0.090846,0.381006,-6.420028,5.654226,-14.343611,0.015979,0.001065,0.000000,-52.157269,30.411951,36.510081
321454.0,2025-12-15T01:59:41.066569,101.694527,0.787379,-0.475502,0.091338,0.381562,-6.399969,5.688257,-14.228237,0.008522,0.000000,0.001065,-51.971706,30.444382,36.598934
321480.0,2025-12-15T01:59:41.067572,101.695529,0.787439,-0.474866,0.091562,0.382176,-6.435982,5.645933,-14.250628,-0.057524,0.000000,-0.002131,-51.862419,30.475077,36.688189
321499.0,2025-12-15T01:59:41.068568,101.696526,0.787616,-0.474050,0.091911,0.382741,-6.463095,5.646191,-14.312832,-0.026632,0.002131,-0.001065,-51.726938,30.507895,36.772667
321532.0,2025-12-15T01:59:41.127012,101.754970,0.787606,-0.473510,0.092163,0.383367,-6.421280,5.664434,-14.190922,-0.056459,0.004261,0.003196,-51.630274,30.546231,36.859319
321556.0,2025-12-15T01:59:41.128013,101.755971,0.787733,-0.472742,0.092528,0.383966,-6.460172,5.686882,-14.277826,-0.031958,0.004261,0.003196,-51.500294,30.584506,36.946038
321577.0,2025-12-15T01:59:41.186696,101.814654,0.788069,-0.471631,0.093026,0.384524,-6.429310,5.683372,-14.191101,-0.007457,0.003196,0.001065,-51.320893,30.619120,37.034116
321603.0,2025-12-15T01:59:41.187821,101.815779,0.788124,-0.471003,0.093319,0.385107,-6.456831,5.656946,-14.191162,-0.046872,0.005326,0.000000,-51.212174,30.655005,37.117255
321628.0,2025-12-15T01:59:41.187821,101.815779,0.788385,-0.470013,0.093772,0.385673,-6.492881,5.655718,-14.208915,-0.009587,0.003196,0.001065,-51.050359,30.690513,37.204346
321657.0,2025-12-15T01:59:41.246212,101.874170,0.788561,-0.469170,0.094145,0.386247,-6.476565,5.661003,-14.164216,-0.025566,0.003196,0.000000,-50.910188,30.724483,37.290841
321681.0,2025-12-15T01:59:41.248634,101.876592,0.788760,-0.468314,0.094543,0.386783,-6.500162,5.653673,-14.168422,-0.035154,0.005326,0.000000,-50.768775,30.758206,37.372131
321705.0,2025-12-15T01:59:41.306959,101.934916,0.789023,-0.467316,0.094997,0.387343,-6.530057,5.653173,-14.149001,-0.009587,0.003196,0.000000,-50.605754,30.792664,37.459346
321729.0,2025-12-15T01:59:41.307958,101.935916,0.789270,-0.466331,0.095445,0.387916,-6.529119,5.680195,-14.104358,-0.011718,0.003196,0.001065,-50.444300,30.827748,37.548148
321749.0,2025-12-15T01:59:41.309125,101.937083,0.789378,-0.465589,0.095781,0.388503,-6.522361,5.665333,-14.093017,-0.037284,0.004261,0.000000,-50.318478,30.862561,37.634911
321781.0,2025-12-15T01:59:41.365945,101.993903,0.789589,-0.464603,0.096219,0.389148,-6.543829,5.658346,-14.114650,-0.022371,0.003196,0.000000,-50.154940,30.900227,37.733599
321805.0,2025-12-15T01:59:41.366971,101.994929,0.789847,-0.463583,0.096672,0.389728,-6.546768,5.667492,-14.048721,-0.009587,0.002131,0.001065,-49.988213,30.934265,37.824874
321828.0,2025-12-15T01:59:41.427979,102.055937,0.789977,-0.462781,0.097042,0.390323,-6.554656,5.663750,-14.065718,-0.031958,0.004261,0.001065,-49.852982,30.970104,37.913850
321851.0,2025-12-15T01:59:41.427979,102.055937,0.790173,-0.461866,0.097469,0.390905,-6.571741,5.674189,-14.054545,-0.020240,0.004261,0.001065,-49.701228,31.005864,38.003222
321878.0,2025-12-15T01:59:41.486641,102.114599,0.790420,-0.460770,0.097974,0.391572,-6.580670,5.674791,-14.017604,-0.011718,0.004261,0.001065,-49.520241,31.046260,38.106803
321902.0,2025-12-15T01:59:41.487651,102.115609,0.790611,-0.459829,0.098409,0.392182,-6.581286,5.676394,-14.001969,-0.019175,0.003196,0.003196,-49.363886,31.083027,38.200582
321926.0,2025-12-15T01:59:41.488639,102.116596,0.790767,-0.459034,0.098961,0.392660,-6.563552,5.679024,-13.947611,-0.025566,0.021305,-0.001065,-49.229088,31.131153,38.268529
321948.0,2025-12-15T01:59:41.546593,102.174551,0.790203,-0.459285,0.099157,0.393453,-6.504126,5.668406,-13.856395,-0.137419,0.026632,0.021305,-49.237506,31.206349,38.353956
321978.0,2025-12-15T01:59:41.547697,102.175655,0.790003,-0.458954,0.099350,0.394191,-6.695143,5.583467,-14.200839,-0.091613,0.007457,0.003196,-49.166577,31.252060,38.452584
321999.0,2025-12-15T01:59:41.606519,102.234477,0.790693,-0.457163,0.100188,0.394676,-6.629250,5.626051,-13.952081,0.070307,0.002131,0.000000,-48.887508,31.285195,38.545689
322025.0,2025-12-15T01:59:41.607519,102.235477,0.790829,-0.456318,0.100562,0.395286,-6.595193,5.663585,-13.832611,-0.030893,0.003196,0.001065,-48.745242,31.319292,38.639539
322050.0,2025-12-15T01:59:41.667087,102.295045,0.790769,-0.455811,0.100745,0.395943,-6.655610,5.633916,-13.983928,-0.067112,0.001065,0.000000,-48.652114,31.351151,38.734712
322077.0,2025-12-15T01:59:41.668102,102.296059,0.791303,-0.454146,0.101449,0.396609,-6.683867,5.642218,-13.979873,0.043676,-0.002131,-0.002131,-48.387849,31.385288,38.852383
322100.0,2025-12-15T01:59:41.668102,102.296059,0.791761,-0.452730,0.102078,0.397153,-6.634334,5.681526,-13.804463,0.027697,0.001065,0.000000,-48.163077,31.416038,38.948853
322125.0,2025-12-15T01:59:41.727729,102.355687,0.791832,-0.452012,0.102387,0.397750,-6.674695,5.676945,-13.845170,-0.044741,0.004261,-0.002131,-48.039914,31.447815,39.039589
322148.0,2025-12-15T01:59:41.728745,102.356703,0.792022,-0.451061,0.102825,0.398337,-6.685254,5.664428,-13.903332,-0.020240,0.004261,0.000000,-47.882097,31.481837,39.132712
322172.0,2025-12-15T01:59:41.787337,102.415295,0.792312,-0.449831,0.103416,0.398996,-6.694448,5.673235,-13.802719,-0.001065,0.006392,0.000000,-47.680374,31.522786,39.239663
322198.0,2025-12-15T01:59:41.787337,102.415295,0.792503,-0.448858,0.103870,0.399596,-6.715992,5.675465,-13.792322,-0.019175,0.004261,0.001065,-47.518640,31.557804,39.335129
322218.0,2025-12-15T01:59:41.788850,102.416808,0.792676,-0.447862,0.104315,0.400253,-6.721760,5.692270,-13.811008,-0.019175,0.001065,0.005326,-47.352115,31.593741,39.439315
322247.0,2025-12-15T01:59:41.846812,102.474770,0.792930,-0.446750,0.104817,0.400861,-6.726860,5.680391,-13.770674,-0.006392,0.002131,0.002131,-47.169860,31.627511,39.539277
322271.0,2025-12-15T01:59:41.847814,102.475772,0.793234,-0.445532,0.105365,0.401472,-6.722117,5.686020,-13.726732,-0.006392,0.003196,0.000000,-46.971922,31.661242,39.642058
322295.0,2025-12-15T01:59:41.966993,102.594951,0.793406,-0.444567,0.105799,0.402087,-6.741233,5.687162,-13.702366,-0.022371,0.003196,0.001065,-46.811167,31.694630,39.740650
322318.0,2025-12-15T01:59:41.966993,102.594951,0.793631,-0.443516,0.106286,0.402675,-6.759878,5.677662,-13.707115,-0.012783,0.004261,0.000000,-46.638105,31.728128,39.837194
322342.0,2025-12-15T01:59:41.968187,102.596145,0.793907,-0.442358,0.106830,0.403261,-6.774320,5.702356,-13.670638,-0.002131,0.004261,0.001065,-46.449072,31.762340,39.935435
322411.0,2025-12-15T01:59:42.026624,102.654582,0.794543,-0.439105,0.108306,0.405163,-6.811865,5.708735,-13.637757,-0.012783,0.003196,0.000000,-45.911195,31.865479,40.247930
322434.0,2025-12-15T01:59:42.027628,102.655586,0.794845,-0.437885,0.108859,0.405743,-6.786847,5.717871,-13.566549,0.002131,0.003196,0.000000,-45.713492,31.896753,40.348155
322465.0,2025-12-15T01:59:42.028625,102.656583,0.794993,-0.436766,0.109352,0.406527,-6.798324,5.722095,-13.542373,-0.019175,0.004261,0.000000,-45.524555,31.936693,40.473900
322487.0,2025-12-15T01:59:42.087481,102.715439,0.795180,-0.435734,0.109828,0.407140,-6.828417,5.716871,-13.571166,-0.018109,0.004261,0.001065,-45.353275,31.970020,40.574985
322512.0,2025-12-15T01:59:42.087481,102.715439,0.795477,-0.434483,0.110418,0.407735,-6.829264,5.731339,-13.500303,0.004261,0.004261,0.002131,-45.149835,32.004020,40.677880
322537.0,2025-12-15T01:59:42.147079,102.775037,0.795642,-0.433470,0.110885,0.408365,-6.821561,5.730688,-13.466475,-0.021305,0.004261,0.002131,-44.980540,32.037701,40.781323
322560.0,2025-12-15T01:59:42.147079,102.775037,0.795768,-0.432519,0.111309,0.409012,-6.855798,5.727730,-13.494516,-0.028762,0.003196,0.002131,-44.820349,32.070553,40.886324
322585.0,2025-12-15T01:59:42.148080,102.776037,0.796112,-0.431153,0.111948,0.409610,-6.869425,5.737741,-13.467837,0.004261,0.004261,0.001065,-44.599853,32.103823,40.992741
322609.0,2025-12-15T01:59:42.207796,102.835753,0.796298,-0.430081,0.112430,0.410244,-6.864465,5.752607,-13.393680,-0.017044,0.003196,0.002131,-44.421881,32.136003,41.098906
322633.0,2025-12-15T01:59:42.266567,102.894525,0.796420,-0.429133,0.112856,0.410881,-6.873378,5.743531,-13.402294,-0.029827,0.004261,0.001065,-44.262157,32.168182,41.203024
322658.0,2025-12-15T01:59:42.267561,102.895519,0.796532,-0.428209,0.113252,0.411518,-6.886128,5.743880,-13.385536,-0.033023,0.003196,0.000000,-44.106196,32.198208,41.307532
322684.0,2025-12-15T01:59:42.268559,102.896517,0.796750,-0.426952,0.113818,0.412246,-6.925556,5.750218,-13.386585,-0.009587,0.003196,0.002131,-43.897862,32.234578,41.430712
322729.0,2025-12-15T01:59:42.328543,102.956501,0.797139,-0.424733,0.114813,0.413509,-6.918724,5.754486,-13.315725,-0.021305,0.003196,0.002131,-43.530765,32.296821,41.646002
322755.0,2025-12-15T01:59:42.328543,102.956501,0.797389,-0.423512,0.115354,0.414128,-6.921502,5.745547,-13.293671,-0.004261,0.002131,0.001065,-43.331416,32.326242,41.754870
322783.0,2025-12-15T01:59:42.386575,103.014532,0.797636,-0.422238,0.115915,0.414795,-6.926235,5.767058,-13.248694,-0.009587,0.003196,0.000000,-43.122683,32.357508,41.871651
322802.0,2025-12-15T01:59:42.387558,103.015516,0.797825,-0.421136,0.116398,0.415418,-6.935455,5.766409,-13.252791,-0.017044,0.003196,0.000000,-42.940624,32.386325,41.979089
322834.0,2025-12-15T01:59:42.446914,103.074872,0.798052,-0.419942,0.116949,0.416034,-6.958191,5.755853,-13.215672,-0.007457,0.004261,0.001065,-42.744574,32.417410,42.087137
322861.0,2025-12-15T01:59:42.447910,103.075868,0.798267,-0.418751,0.117472,0.416674,-6.946628,5.777258,-13.186614,-0.009587,0.002131,0.002131,-42.548808,32.446613,42.199296
322885.0,2025-12-15T01:59:42.448909,103.076867,0.798456,-0.417518,0.118014,0.417395,-6.972880,5.778922,-13.165506,-0.017044,0.003196,0.001065,-42.344205,32.479476,42.323472
322908.0,2025-12-15T01:59:42.507531,103.135489,0.798628,-0.416412,0.118515,0.418030,-6.984297,5.771933,-13.146836,-0.018109,0.004261,0.001065,-42.160469,32.509828,42.433069
322932.0,2025-12-15T01:59:42.508528,103.136485,0.798804,-0.415291,0.119024,0.418664,-6.992145,5.773878,-13.130081,-0.017044,0.004261,0.001065,-41.974606,32.539981,42.543133
322957.0,2025-12-15T01:59:42.567082,103.195040,0.799044,-0.414050,0.119575,0.419277,-6.985591,5.779265,-13.088820,-0.005326,0.003196,0.000000,-41.772036,32.567663,42.653576
322981.0,2025-12-15T01:59:42.568436,103.196394,0.799292,-0.412786,0.120123,0.419893,-6.992392,5.788421,-13.058790,-0.015979,0.003196,0.000000,-41.566393,32.593739,42.765498
323000.0,2025-12-15T01:59:42.569084,103.197042,0.799508,-0.411569,0.120675,0.420518,-7.001570,5.800407,-13.043756,-0.008522,0.004261,0.001065,-41.366638,32.622828,42.877099
323031.0,2025-12-15T01:59:42.627366,103.255324,0.799724,-0.410343,0.121221,0.421149,-7.015036,5.797354,-13.011546,-0.008522,0.003196,0.001065,-41.165435,32.650765,42.990377
323056.0,2025-12-15T01:59:42.629395,103.257353,0.799917,-0.409164,0.121736,0.421779,-7.014864,5.790970,-12.996526,-0.013848,0.003196,0.000000,-40.971519,32.677543,43.102810
323078.0,2025-12-15T01:59:42.685643,103.313601,0.800146,-0.407822,0.122315,0.422477,-7.037306,5.800112,-12.976105,-0.009587,0.002131,0.001065,-40.751518,32.706187,43.228647
323103.0,2025-12-15T01:59:42.687168,103.315126,0.800317,-0.406662,0.122823,0.423124,-7.038859,5.804286,-12.922366,-0.017044,0.003196,0.001065,-40.559568,32.733426,43.343504
323130.0,2025-12-15T01:59:42.746392,103.374350,0.800435,-0.405583,0.123281,0.423803,-7.056322,5.789545,-12.914998,-0.026632,0.002131,0.002131,-40.378737,32.760652,43.461284
323156.0,2025-12-15T01:59:42.747394,103.375351,0.800662,-0.404287,0.123877,0.424436,-7.066651,5.808245,-12.914948,-0.003196,0.004261,0.002131,-40.166531,32.789618,43.577192
323183.0,2025-12-15T01:59:42.748396,103.376354,0.800859,-0.402944,0.124454,0.425173,-7.055097,5.816895,-12.843960,-0.010653,0.003196,0.000000,-39.944945,32.818604,43.709508
323205.0,2025-12-15T01:59:42.806998,103.434955,0.801000,-0.401828,0.124929,0.425824,-7.083197,5.819881,-12.854493,-0.023436,0.003196,0.000000,-39.759582,32.843967,43.825006
323229.0,2025-12-15T01:59:42.806998,103.434955,0.801241,-0.400494,0.125526,0.426452,-7.094551,5.822645,-12.834899,-0.001065,0.003196,0.001065,-39.542256,32.870078,43.942295
323254.0,2025-12-15T01:59:42.866827,103.494784,0.801436,-0.399268,0.126053,0.427079,-7.084202,5.824961,-12.765919,-0.012783,0.003196,-0.001065,-39.341411,32.893873,44.057538
323282.0,2025-12-15T01:59:42.867965,103.495923,0.801578,-0.397936,0.126607,0.427891,-7.121371,5.818838,-12.773267,-0.012783,0.003196,0.001065,-39.119104,32.923412,44.201244
323305.0,2025-12-15T01:59:42.867965,103.495923,0.801825,-0.396548,0.127221,0.428533,-7.122112,5.826090,-12.729518,0.002131,0.002131,0.002131,-38.893561,32.948619,44.322649
323329.0,2025-12-15T01:59:42.927067,103.555025,0.802016,-0.395283,0.127774,0.429180,-7.105917,5.832449,-12.692850,-0.010653,0.003196,0.001065,-38.686006,32.973383,44.442133
323354.0,2025-12-15T01:59:42.928790,103.556747,0.802148,-0.394132,0.128279,0.429841,-7.133993,5.843925,-12.684002,-0.022371,0.004261,0.001065,-38.494318,32.999128,44.561032
323380.0,2025-12-15T01:59:42.987580,103.615537,0.802293,-0.392814,0.128848,0.430606,-7.153131,5.834496,-12.665348,-0.015979,0.004261,0.001065,-38.274827,33.027737,44.698723
323403.0,2025-12-15T01:59:42.988570,103.616528,0.802512,-0.391482,0.129444,0.431232,-7.142682,5.847607,-12.628055,-0.004261,0.004261,0.000000,-38.057629,33.051948,44.817287
323427.0,2025-12-15T01:59:42.988570,103.616528,0.802665,-0.390277,0.129972,0.431880,-7.159206,5.844053,-12.596385,-0.018109,0.004261,0.000000,-37.858486,33.076102,44.936421
323453.0,2025-12-15T01:59:43.048095,103.676053,0.802872,-0.388938,0.130562,0.432524,-7.169557,5.844057,-12.588559,-0.005326,0.003196,0.001065,-37.639895,33.099800,45.058436
323480.0,2025-12-15T01:59:43.049093,103.677050,0.803031,-0.387506,0.131183,0.433325,-7.162444,5.855417,-12.525449,-0.007457,0.004261,0.001065,-37.402148,33.128647,45.205035
323501.0,2025-12-15T01:59:43.106587,103.734545,0.803177,-0.386279,0.131709,0.433991,-7.180830,5.862822,-12.511433,-0.018109,0.003196,0.001065,-37.199300,33.151418,45.328205
323527.0,2025-12-15T01:59:43.107592,103.735549,0.803344,-0.384996,0.132267,0.434651,-7.198491,5.841757,-12.494597,-0.012783,0.003196,0.001065,-36.988406,33.174413,45.451882
323550.0,2025-12-15T01:59:43.108581,103.736539,0.803550,-0.383627,0.132869,0.435297,-7.199028,5.858364,-12.457644,-0.004261,0.003196,0.001065,-36.765099,33.196799,45.576071
323578.0,2025-12-15T01:59:43.166766,103.794724,0.803709,-0.382224,0.133491,0.436047,-7.200987,5.860921,-12.418047,-0.012783,0.005326,0.000000,-36.532881,33.223847,45.715721
323602.0,2025-12-15T01:59:43.167773,103.795731,0.803865,-0.380942,0.134057,0.436707,-7.220944,5.859868,-12.405698,-0.013848,0.004261,0.001065,-36.321583,33.246878,45.839957
323625.0,2025-12-15T01:59:43.227484,103.855441,0.804049,-0.379593,0.134659,0.437356,-7.227609,5.863099,-12.372207,-0.007457,0.004261,0.001065,-36.100772,33.269604,45.964748
323649.0,2025-12-15T01:59:43.227484,103.855441,0.804213,-0.378280,0.135238,0.438014,-7.220534,5.863598,-12.348939,-0.011718,0.004261,0.001065,-35.885049,33.291842,46.090021
323674.0,2025-12-15T01:59:43.287862,103.915820,0.804366,-0.376804,0.135869,0.438809,-7.239329,5.860060,-12.318546,-0.007457,0.003196,0.002131,-35.640979,33.316733,46.239435
323699.0,2025-12-15T01:59:43.289210,103.917168,0.804522,-0.375490,0.136446,0.439470,-7.246081,5.877888,-12.277516,-0.012783,0.004261,0.001065,-35.424982,33.338255,46.365850
323725.0,2025-12-15T01:59:43.289210,103.917168,0.804680,-0.374161,0.137031,0.440131,-7.263150,5.876719,-12.261497,-0.011718,0.004261,0.001065,-35.206781,33.359654,46.492788
323749.0,2025-12-15T01:59:43.346420,103.974378,0.804875,-0.372744,0.137634,0.440789,-7.260705,5.892440,-12.210405,-0.004261,0.002131,0.001065,-34.976468,33.377996,46.622263
323780.0,2025-12-15T01:59:43.347443,103.975400,0.804950,-0.371372,0.138209,0.441629,-7.273258,5.879194,-12.211183,-0.020240,0.004261,0.001065,-34.746058,33.402699,46.776524
323803.0,2025-12-15T01:59:43.407324,104.035282,0.805156,-0.369928,0.138849,0.442264,-7.277664,5.886887,-12.183128,-0.001065,0.004261,0.000000,-34.511762,33.422037,46.903564
323822.0,2025-12-15T01:59:43.408325,104.036283,0.805348,-0.368490,0.139474,0.442919,-7.276688,5.885494,-12.117580,-0.003196,0.003196,0.001065,-34.278075,33.440632,47.033666
323854.0,2025-12-15T01:59:43.466585,104.094543,0.805462,-0.367199,0.140020,0.443611,-7.291190,5.899065,-12.100892,-0.019175,0.003196,0.002131,-34.064657,33.459559,47.165679
323881.0,2025-12-15T01:59:43.467873,104.095830,0.805664,-0.365643,0.140689,0.444316,-7.305085,5.887926,-12.078360,-0.003196,0.003196,0.000000,-33.812081,33.478082,47.306634
323904.0,2025-12-15T01:59:43.468889,104.096847,0.805849,-0.364194,0.141328,0.444968,-7.293958,5.900070,-12.022063,-0.003196,0.004261,0.001065,-33.576493,33.496588,47.437324
323928.0,2025-12-15T01:59:43.528514,104.156472,0.805949,-0.362921,0.141859,0.445659,-7.319983,5.894479,-12.027515,-0.022371,0.003196,0.001065,-33.365841,33.513892,47.569483
323952.0,2025-12-15T01:59:43.529513,104.157471,0.806096,-0.361548,0.142455,0.446317,-7.335171,5.890245,-12.020798,-0.011718,0.004261,0.000000,-33.141284,33.531472,47.699663
323978.0,2025-12-15T01:59:43.586485,104.214442,0.806298,-0.360004,0.143111,0.446989,-7.312562,5.906178,-11.940840,-0.007457,0.003196,0.000000,-32.891937,33.546693,47.836758
324002.0,2025-12-15T01:59:43.586485,104.214442,0.806421,-0.358670,0.143678,0.447658,-7.326014,5.912917,-11.924235,-0.017044,0.004261,0.000000,-32.673017,33.562918,47.968008
324026.0,2025-12-15T01:59:43.587677,104.215635,0.806571,-0.357249,0.144301,0.448323,-7.347903,5.891534,-11.925373,-0.008522,0.004261,0.001065,-32.440894,33.580159,48.101200
324047.0,2025-12-15T01:59:43.646500,104.274458,0.806743,-0.355770,0.144950,0.448980,-7.339612,5.908885,-11.876467,-0.003196,0.004261,0.001065,-32.200722,33.596563,48.234898
324079.0,2025-12-15T01:59:43.647630,104.275588,0.806849,-0.354321,0.145574,0.449732,-7.356916,5.911992,-11.826847,-0.018109,0.005326,0.001065,-31.961542,33.615170,48.381779
324102.0,2025-12-15T01:59:43.707092,104.335050,0.806967,-0.352945,0.146165,0.450411,-7.367653,5.911570,-11.825336,-0.014914,0.004261,0.001065,-31.735744,33.630964,48.516550
324127.0,2025-12-15T01:59:43.709106,104.337064,0.807141,-0.351430,0.146831,0.451066,-7.359771,5.915718,-11.776274,-0.001065,0.004261,0.001065,-31.490249,33.646153,48.651838
324146.0,2025-12-15T01:59:43.710096,104.338054,0.807272,-0.350005,0.147429,0.451745,-7.356116,5.921470,-11.735894,-0.011718,0.003196,0.001065,-31.257991,33.659475,48.788549
324177.0,2025-12-15T01:59:43.767577,104.395535,0.807278,-0.348493,0.147996,0.452717,-7.401039,5.908920,-11.720367,-0.012783,0.004261,0.002131,-31.003955,33.675232,48.970669
324201.0,2025-12-15T01:59:43.768573,104.396531,0.807426,-0.346991,0.148655,0.453390,-7.395102,5.915049,-11.696218,-0.004261,0.004261,0.002131,-30.759564,33.690104,49.109011
324225.0,2025-12-15T01:59:43.827163,104.455121,0.807534,-0.345569,0.149254,0.454086,-7.389702,5.911124,-11.638456,-0.013848,0.003196,0.002131,-30.526890,33.703234,49.248834
324244.0,2025-12-15T01:59:43.828094,104.456052,0.807654,-0.344124,0.149863,0.454768,-7.414137,5.915497,-11.624490,-0.011718,0.003196,0.001065,-30.291378,33.715395,49.387615
324277.0,2025-12-15T01:59:43.887190,104.515148,0.807772,-0.342497,0.150557,0.455557,-7.404596,5.918618,-11.579975,-0.005326,0.004261,0.001065,-30.025020,33.730358,49.547091
324300.0,2025-12-15T01:59:43.888190,104.516147,0.807879,-0.341049,0.151165,0.456253,-7.412698,5.919206,-11.555878,-0.012783,0.003196,0.002131,-29.788546,33.742101,49.688387
324324.0,2025-12-15T01:59:43.889189,104.517147,0.808021,-0.339521,0.151829,0.456920,-7.426251,5.919713,-11.524627,-0.004261,0.004261,0.001065,-29.540970,33.754095,49.827819
324347.0,2025-12-15T01:59:43.946256,104.574214,0.808161,-0.337987,0.152493,0.457587,-7.427814,5.924898,-11.478479,-0.004261,0.004261,0.001065,-29.292557,33.765515,49.967756
324373.0,2025-12-15T01:59:43.947280,104.575238,0.808176,-0.336475,0.153101,0.458472,-7.433096,5.917480,-11.446733,-0.020240,0.003196,0.002131,-29.040153,33.779173,50.139283
324396.0,2025-12-15T01:59:44.007141,104.635099,0.808313,-0.334896,0.153794,0.459155,-7.440777,5.930123,-11.433467,-0.001065,0.004261,0.003196,-28.784201,33.790982,50.283266
324420.0,2025-12-15T01:59:44.008134,104.636091,0.808462,-0.333305,0.154486,0.459816,-7.444835,5.928572,-11.379892,0.000000,0.004261,0.001065,-28.527587,33.800953,50.424733
324444.0,2025-12-15T01:59:44.009134,104.637092,0.808526,-0.331897,0.155090,0.460519,-7.466280,5.931599,-11.345776,-0.019175,0.005326,0.002131,-28.295908,33.812602,50.567452
324468.0,2025-12-15T01:59:44.067469,104.695427,0.808610,-0.330255,0.155768,0.461321,-7.466448,5.918218,-11.341728,-0.006392,0.004261,0.001065,-28.027740,33.822246,50.731591
324492.0,2025-12-15T01:59:44.067469,104.695427,0.808749,-0.328657,0.156456,0.461985,-7.458706,5.946874,-11.263307,-0.001065,0.004261,0.001065,-27.770250,33.830451,50.874544
324516.0,2025-12-15T01:59:44.127505,104.755463,0.808854,-0.327146,0.157064,0.462668,-7.464929,5.940939,-11.240205,-0.011718,0.002131,0.000000,-27.526491,33.835053,51.018051
324541.0,2025-12-15T01:59:44.128504,104.756462,0.808942,-0.325632,0.157692,0.463368,-7.467157,5.937380,-11.220601,-0.011718,0.003196,0.002131,-27.280763,33.841840,51.164273
324568.0,2025-12-15T01:59:44.129500,104.757457,0.809001,-0.323989,0.158357,0.464189,-7.478845,5.930360,-11.197672,-0.010653,0.003196,0.001065,-27.012187,33.849034,51.332318
324591.0,2025-12-15T01:59:44.187579,104.815537,0.809128,-0.322369,0.159029,0.464865,-7.495505,5.934875,-11.167062,-0.002131,0.002131,0.001065,-26.752220,33.853137,51.478736
324615.0,2025-12-15T01:59:44.188572,104.816530,0.809235,-0.320789,0.159686,0.465546,-7.484965,5.944001,-11.101549,-0.006392,0.003196,0.001065,-26.497723,33.857657,51.624825
324637.0,2025-12-15T01:59:44.246750,104.874708,0.809286,-0.319326,0.160304,0.466251,-7.482817,5.942685,-11.077341,-0.018109,0.005326,0.002131,-26.258541,33.864856,51.771351
324669.0,2025-12-15T01:59:44.247763,104.875721,0.809394,-0.317634,0.161024,0.466971,-7.517786,5.938633,-11.056075,-0.007457,0.004261,0.002131,-25.985818,33.870392,51.926830
324688.0,2025-12-15T01:59:44.247763,104.875721,0.809468,-0.316122,0.161632,0.467658,-7.485933,5.951191,-11.014446,-0.014914,0.003196,0.000000,-25.741752,33.872436,52.072623
324716.0,2025-12-15T01:59:44.307946,104.935904,0.809498,-0.314691,0.162213,0.468369,-7.514196,5.932658,-10.995284,-0.023436,0.004261,0.001065,-25.508014,33.876577,52.219722
324740.0,2025-12-15T01:59:44.308976,104.936934,0.809583,-0.313108,0.162896,0.469046,-7.529569,5.933579,-10.973650,-0.007457,0.005326,0.001065,-25.252198,33.881711,52.366507
324765.0,2025-12-15T01:59:44.366573,104.994531,0.809635,-0.311330,0.163616,0.469889,-7.506873,5.964018,-10.890078,0.000000,0.004261,0.001065,-24.963602,33.884419,52.543717
324788.0,2025-12-15T01:59:44.367571,104.995528,0.809643,-0.309923,0.164175,0.470609,-7.518751,5.943108,-10.869195,-0.027697,0.004261,0.001065,-24.733501,33.886607,52.692164
324812.0,2025-12-15T01:59:44.426926,105.054883,0.809741,-0.308267,0.164881,0.471281,-7.549094,5.941013,-10.876896,-0.002131,0.004261,0.001065,-24.467843,33.888723,52.840988
324838.0,2025-12-15T01:59:44.426926,105.054883,0.809815,-0.306667,0.165599,0.471944,-7.504006,5.949013,-10.792478,-0.006392,0.008522,0.001065,-24.208962,33.894755,52.987310
324864.0,2025-12-15T01:59:44.427979,105.055937,0.809668,-0.305368,0.166150,0.472844,-7.553377,5.920722,-10.786258,-0.049002,0.010653,0.004261,-23.984585,33.906274,53.159936
324887.0,2025-12-15T01:59:44.487577,105.115535,0.809666,-0.303924,0.166787,0.473553,-7.566636,5.928391,-10.807474,-0.023436,0.008522,0.002131,-23.746658,33.912897,53.308802
324911.0,2025-12-15T01:59:44.487577,105.115535,0.809808,-0.302101,0.167555,0.474206,-7.541473,5.925128,-10.716894,0.011718,0.002131,0.001065,-23.458524,33.910100,53.460774
324936.0,2025-12-15T01:59:44.546817,105.174775,0.809852,-0.300529,0.168198,0.474901,-7.529346,5.934977,-10.654695,-0.013848,0.004261,0.001065,-23.205348,33.908943,53.611732
324962.0,2025-12-15T01:59:44.547829,105.175786,0.809842,-0.298895,0.168849,0.475719,-7.579820,5.927017,-10.676773,-0.019175,0.004261,0.001065,-22.938898,33.908041,53.782916
324986.0,2025-12-15T01:59:44.547829,105.175786,0.809938,-0.297132,0.169597,0.476393,-7.584115,5.929297,-10.632906,0.004261,0.003196,0.002131,-22.658263,33.905736,53.937035
325014.0,2025-12-15T01:59:44.606977,105.234935,0.810003,-0.295478,0.170268,0.477070,-7.552845,5.927474,-10.546456,-0.007457,0.003196,0.000000,-22.394698,33.901244,54.088338
325038.0,2025-12-15T01:59:44.607980,105.235938,0.810037,-0.293881,0.170910,0.477770,-7.582891,5.935539,-10.571958,-0.013848,0.003196,0.001065,-22.138411,33.896963,54.241565
325061.0,2025-12-15T01:59:44.667505,105.295463,0.810049,-0.292038,0.171638,0.478617,-7.585836,5.941337,-10.515455,0.000000,0.003196,0.001065,-21.841777,33.891342,54.424232
325086.0,2025-12-15T01:59:44.668503,105.296461,0.810102,-0.290379,0.172308,0.479296,-7.572752,5.928546,-10.458001,-0.008522,0.003196,0.000000,-21.577665,33.885126,54.576640
325111.0,2025-12-15T01:59:44.669500,105.297457,0.810145,-0.288709,0.173003,0.479980,-7.603076,5.923750,-10.430058,-0.007457,0.004261,0.001065,-21.310754,33.880693,54.730468
325137.0,2025-12-15T01:59:44.726780,105.354738,0.810207,-0.286982,0.173723,0.480653,-7.573771,5.943131,-10.405136,-0.002131,0.004261,0.001065,-21.036220,33.874830,54.884481
325163.0,2025-12-15T01:59:44.727777,105.355734,0.810205,-0.285213,0.174434,0.481450,-7.582268,5.921620,-10.360795,-0.009587,0.004261,0.001065,-20.751734,33.868304,55.058605
325186.0,2025-12-15T01:59:44.787404,105.415362,0.810228,-0.283561,0.175096,0.482147,-7.597168,5.921808,-10.319372,-0.011718,0.003196,0.001065,-20.488366,33.860426,55.214120
325211.0,2025-12-15T01:59:44.788406,105.416363,0.810263,-0.281840,0.175798,0.482840,-7.599975,5.932594,-10.286347,-0.005326,0.003196,0.002131,-20.214814,33.852238,55.371564
325237.0,2025-12-15T01:59:44.846857,105.474815,0.810300,-0.280103,0.176507,0.483531,-7.595948,5.933632,-10.252930,-0.004261,0.003196,0.002131,-19.939223,33.843296,55.529323
325261.0,2025-12-15T01:59:44.846857,105.474815,0.810277,-0.278301,0.177218,0.484348,-7.598908,5.924629,-10.210979,-0.009587,0.003196,0.001065,-19.650138,33.833455,55.708148
325285.0,2025-12-15T01:59:44.847856,105.475813,0.810290,-0.276623,0.177897,0.485038,-7.586828,5.929132,-10.177700,-0.010653,0.004261,0.001065,-19.383303,33.823890,55.864315
325307.0,2025-12-15T01:59:44.908356,105.536314,0.810302,-0.274930,0.178587,0.485727,-7.609218,5.920680,-10.137509,-0.009587,0.004261,0.001065,-19.114248,33.814144,56.020895
325332.0,2025-12-15T01:59:44.908356,105.536314,0.810339,-0.273172,0.179312,0.486391,-7.609374,5.918528,-10.105663,-0.003196,0.004261,0.000000,-18.836792,33.803303,56.176124
325358.0,2025-12-15T01:59:44.967571,105.595529,0.810255,-0.271376,0.179940,0.487302,-7.601987,5.923616,-10.051252,-0.011718,0.001065,0.001065,-18.549094,33.785080,56.368875
325382.0,2025-12-15T01:59:44.967571,105.595529,0.810238,-0.269707,0.180567,0.488024,-7.613214,5.925712,-10.019630,-0.015979,0.001065,0.002131,-18.285201,33.769411,56.529645
325406.0,2025-12-15T01:59:44.968569,105.596527,0.810225,-0.267987,0.181246,0.488741,-7.634079,5.896621,-9.989190,-0.010653,0.002131,0.003196,-18.012596,33.755725,56.691924
325428.0,2025-12-15T01:59:45.027070,105.655028,0.810174,-0.266309,0.181949,0.489482,-7.603029,5.929162,-9.950413,-0.013848,0.006392,0.006392,-17.742607,33.747082,56.857076
325461.0,2025-12-15T01:59:45.028072,105.656030,0.809219,-0.266235,0.182503,0.490893,-7.560582,5.780308,-9.901041,-0.166181,0.063916,0.051133,-17.638705,33.831763,57.080999
325479.0,2025-12-15T01:59:45.086459,105.714417,0.804149,-0.274881,0.181967,0.494644,-7.711973,5.464291,-9.978725,-0.925715,0.352602,0.229032,-18.513153,34.374046,57.420990
325510.0,2025-12-15T01:59:45.087459,105.715416,0.802010,-0.277697,0.180152,0.497202,-7.918136,5.470556,-10.713949,-0.496413,0.006392,0.086286,-18.830375,34.409954,57.714555
325536.0,2025-12-15T01:59:45.147708,105.775666,0.803103,-0.272731,0.182601,0.497292,-8.262058,6.150351,-10.819771,0.319579,-0.018109,0.005326,-18.101348,34.371057,57.891921
325561.0,2025-12-15T01:59:45.148709,105.776667,0.803200,-0.270692,0.183560,0.497897,-7.516985,5.469435,-9.881604,0.020240,0.009587,-0.008522,-17.778525,34.362313,58.051737
325584.0,2025-12-15T01:59:45.148709,105.776667,0.802595,-0.270596,0.183426,0.498972,-8.141056,5.503557,-10.456783,-0.173638,0.008522,0.004261,-17.725185,34.365746,58.217343
325608.0,2025-12-15T01:59:45.207662,105.835619,0.803065,-0.267364,0.185160,0.499319,-8.086710,5.507314,-10.346211,0.151268,0.003196,0.001065,-17.229328,34.359931,58.380651
325633.0,2025-12-15T01:59:45.207662,105.835619,0.803317,-0.264802,0.186413,0.499812,-7.691024,5.535767,-9.964007,0.078830,0.003196,0.000000,-16.833388,34.346673,58.542243
325659.0,2025-12-15T01:59:45.266679,105.894637,0.802857,-0.264229,0.186494,0.500823,-7.972353,5.490054,-10.180833,-0.137419,0.006392,0.001065,-16.714770,34.341130,58.713814
325682.0,2025-12-15T01:59:45.266679,105.894637,0.802953,-0.262050,0.187591,0.501405,-8.058636,5.493632,-10.216127,0.040480,0.005326,0.001065,-16.368613,34.335655,58.877323
325706.0,2025-12-15T01:59:45.267735,105.895693,0.803011,-0.259965,0.188549,0.502036,-7.823848,5.526155,-9.935659,0.026632,0.002131,0.002131,-16.039566,34.321652,59.043995
325728.0,2025-12-15T01:59:45.328276,105.956234,0.802764,-0.258791,0.188991,0.502872,-7.942616,5.460521,-10.034760,-0.067112,0.004261,0.002131,-15.837789,34.312588,59.210428
325760.0,2025-12-15T01:59:45.328276,105.956234,0.802576,-0.257260,0.189536,0.503751,-7.994999,5.463646,-10.060652,-0.044741,-0.003196,0.003196,-15.586408,34.292949,59.394462
325783.0,2025-12-15T01:59:45.446450,106.074407,0.802690,-0.254932,0.190717,0.504306,-7.866993,5.610920,-9.889143,0.054328,0.008522,0.003196,-15.219319,34.284413,59.560366
325803.0,2025-12-15T01:59:45.447428,106.075386,0.802478,-0.253642,0.191179,0.505119,-7.759949,5.551720,-9.784190,-0.057524,0.004261,0.002131,-15.004179,34.268567,59.726838
325835.0,2025-12-15T01:59:45.448427,106.076385,0.802263,-0.252336,0.191729,0.505906,-8.041979,5.471293,-9.983587,-0.053263,0.006392,0.001065,-14.782902,34.260107,59.891679
325900.0,2025-12-15T01:59:45.506045,106.134003,0.801972,-0.247008,0.194063,0.508102,-7.959078,5.470183,-9.799747,-0.056459,0.005326,0.000000,-13.923047,34.213448,60.409671
325931.0,2025-12-15T01:59:45.508046,106.136004,0.801956,-0.245006,0.195006,0.508734,-8.002610,5.488888,-9.765865,0.015979,0.004261,0.001065,-13.604957,34.198298,60.576222
325958.0,2025-12-15T01:59:45.567568,106.195525,0.801878,-0.243178,0.195803,0.509428,-7.885775,5.471141,-9.638857,-0.012783,0.003196,0.001065,-13.313309,34.179296,60.745206
325982.0,2025-12-15T01:59:45.567568,106.195525,0.801777,-0.241420,0.196587,0.510120,-7.978539,5.466730,-9.665335,-0.010653,0.004261,0.001065,-13.030465,34.162683,60.912300
326006.0,2025-12-15T01:59:45.568570,106.196528,0.801717,-0.239516,0.197440,0.510783,-7.935373,5.472627,-9.599972,0.003196,0.003196,0.001065,-12.728234,34.143168,61.079872
326029.0,2025-12-15T01:59:45.626871,106.254829,0.801618,-0.237752,0.198196,0.511469,-7.923434,5.478122,-9.553585,-0.011718,0.003196,0.000000,-12.446954,34.122271,61.245901
326055.0,2025-12-15T01:59:45.626871,106.254829,0.801514,-0.235843,0.199040,0.512188,-7.951574,5.481091,-9.523330,-0.006392,0.004261,0.001065,-12.142203,34.101352,61.422646
326080.0,2025-12-15T01:59:45.688039,106.315997,0.801392,-0.234090,0.199817,0.512880,-7.932258,5.470612,-9.485703,-0.012783,0.005326,0.001065,-11.860874,34.082307,61.590043
326111.0,2025-12-15T01:59:45.689035,106.316993,0.801277,-0.232273,0.200622,0.513571,-7.948455,5.466862,-9.450865,-0.007457,0.004261,0.002131,-11.570592,34.061664,61.759736
326131.0,2025-12-15T01:59:45.690035,106.317993,0.801176,-0.230414,0.201450,0.514242,-7.946044,5.466545,-9.407348,-0.003196,0.004261,0.001065,-11.275040,34.039927,61.927882
326161.0,2025-12-15T01:59:45.747591,106.375549,0.801076,-0.228556,0.202265,0.514906,-7.933129,5.463943,-9.353268,-0.012783,0.004261,0.000000,-10.980861,34.016320,62.095040
326185.0,2025-12-15T01:59:45.747591,106.375549,0.800934,-0.226773,0.203059,0.515602,-7.959109,5.450740,-9.358644,-0.011718,0.005326,0.002131,-10.695219,33.995213,62.264952
326209.0,2025-12-15T01:59:45.808071,106.436029,0.800846,-0.224786,0.203965,0.516251,-7.937408,5.454188,-9.296192,0.008522,0.004261,0.002131,-10.381474,33.971536,62.435306
326233.0,2025-12-15T01:59:45.809076,106.437034,0.800669,-0.223094,0.204689,0.516972,-7.924182,5.452722,-9.228977,-0.022371,0.005326,0.002131,-10.109688,33.948249,62.605476
326258.0,2025-12-15T01:59:45.867915,106.495873,0.800468,-0.221331,0.205434,0.517746,-7.958775,5.441287,-9.219776,-0.023436,0.005326,0.001065,-9.826139,33.922666,62.786290
326282.0,2025-12-15T01:59:45.868916,106.496874,0.800359,-0.219358,0.206340,0.518394,-7.940245,5.441477,-9.174491,0.006392,0.005326,0.002131,-9.514291,33.898253,62.956747
326307.0,2025-12-15T01:59:45.868916,106.496874,0.800245,-0.217441,0.207171,0.519044,-7.910426,5.443550,-9.096045,-0.001065,0.003196,0.000000,-9.213966,33.869195,63.124395
326329.0,2025-12-15T01:59:45.926823,106.554781,0.800060,-0.215763,0.207866,0.519751,-7.947023,5.434599,-9.094169,-0.025566,0.004261,0.000000,-8.946717,33.841456,63.291944
326356.0,2025-12-15T01:59:45.928198,106.556155,0.799855,-0.213839,0.208704,0.520526,-7.959522,5.426813,-9.075832,-0.008522,0.005326,0.003196,-8.639458,33.812930,63.479648
326378.0,2025-12-15T01:59:45.987595,106.615553,0.799728,-0.211888,0.209556,0.521177,-7.912824,5.418507,-8.990907,0.001065,0.003196,0.001065,-8.334172,33.782197,63.649327
326402.0,2025-12-15T01:59:45.988593,106.616551,0.799542,-0.210128,0.210309,0.521871,-7.920953,5.424214,-8.958300,-0.018109,0.005326,0.001065,-8.055059,33.753485,63.818525
326427.0,2025-12-15T01:59:45.988593,106.616551,0.799354,-0.208352,0.211090,0.522555,-7.942067,5.412094,-8.938744,-0.015979,0.006392,0.001065,-7.772717,33.725982,63.987639
326451.0,2025-12-15T01:59:46.046476,106.674434,0.799201,-0.206322,0.211968,0.523239,-7.933228,5.417359,-8.892935,0.000000,0.003196,0.001065,-7.455715,33.691469,64.165420
326475.0,2025-12-15T01:59:46.047462,106.675420,0.799038,-0.204421,0.212791,0.523900,-7.925805,5.420997,-8.832891,-0.005326,0.004261,0.001065,-7.158146,33.659018,64.335030
326497.0,2025-12-15T01:59:46.107228,106.735186,0.798855,-0.202582,0.213559,0.524580,-7.916301,5.410069,-8.823458,-0.012783,0.003196,0.001065,-6.870403,33.624386,64.504857
326524.0,2025-12-15T01:59:46.108227,106.736185,0.798678,-0.200698,0.214355,0.525248,-7.921804,5.403584,-8.787395,-0.008522,0.003196,0.001065,-6.576541,33.589158,64.674707
326546.0,2025-12-15T01:59:46.108227,106.736185,0.798494,-0.198817,0.215162,0.525912,-7.915738,5.396462,-8.725283,-0.008522,0.004261,0.001065,-6.282507,33.554625,64.844393
326571.0,2025-12-15T01:59:46.167819,106.795777,0.798247,-0.196895,0.215953,0.526687,-7.919281,5.394977,-8.687276,-0.011718,0.004261,0.001065,-5.980249,33.516160,65.031739
326595.0,2025-12-15T01:59:46.167819,106.795777,0.798060,-0.194986,0.216773,0.527343,-7.899478,5.385766,-8.634299,-0.006392,0.004261,0.001065,-5.682899,33.479900,65.201375
326620.0,2025-12-15T01:59:46.226398,106.854356,0.797844,-0.193174,0.217529,0.528025,-7.918893,5.379667,-8.612695,-0.017044,0.004261,0.001065,-5.399770,33.443217,65.371052
326643.0,2025-12-15T01:59:46.227416,106.855374,0.797656,-0.191227,0.218371,0.528670,-7.918340,5.388830,-8.574682,-0.003196,0.004261,0.001065,-5.097653,33.405537,65.540631
326669.0,2025-12-15T01:59:46.228418,106.856376,0.797477,-0.189257,0.219213,0.529300,-7.896614,5.379518,-8.516533,-0.009587,0.003196,0.002131,-4.793924,33.365816,65.708464
326697.0,2025-12-15T01:59:46.286226,106.914183,0.797268,-0.187320,0.220045,0.529957,-7.914404,5.377262,-8.498567,-0.005326,0.004261,0.002131,-4.493338,33.326779,65.879699
326721.0,2025-12-15T01:59:46.287227,106.915185,0.797072,-0.185348,0.220869,0.530602,-7.892921,5.359923,-8.440172,-0.003196,0.002131,0.001065,-4.190454,33.283958,66.049428
326738.0,2025-12-15T01:59:46.346581,106.974539,0.796855,-0.183474,0.221640,0.531258,-7.889490,5.349898,-8.402960,-0.012783,0.003196,0.000000,-3.901488,33.241815,66.217240
326770.0,2025-12-15T01:59:46.347592,106.975550,0.796595,-0.181448,0.222488,0.531990,-7.892285,5.346812,-8.353045,-0.003196,0.004261,0.002131,-3.587366,33.197184,66.402724
326796.0,2025-12-15T01:59:46.407878,107.035836,0.796371,-0.179518,0.223303,0.532636,-7.883807,5.356510,-8.297724,-0.007457,0.004261,0.001065,-3.290089,33.154636,66.571867
326820.0,2025-12-15T01:59:46.408883,107.036841,0.796137,-0.177616,0.224100,0.533290,-7.882421,5.342566,-8.288621,-0.010653,0.004261,0.001065,-2.997001,33.111554,66.740954
326844.0,2025-12-15T01:59:46.409883,107.037841,0.795900,-0.175668,0.224926,0.533940,-7.894228,5.350617,-8.245004,-0.006392,0.004261,0.002131,-2.697067,33.067715,66.911650
326868.0,2025-12-15T01:59:46.466381,107.094339,0.795680,-0.173626,0.225783,0.534574,-7.857050,5.338837,-8.184116,-0.004261,0.003196,0.001065,-2.385934,33.020110,67.082764
326893.0,2025-12-15T01:59:46.467387,107.095345,0.795420,-0.171774,0.226537,0.535240,-7.858110,5.328235,-8.149676,-0.017044,0.004261,0.001065,-2.101335,32.974456,67.251453
326913.0,2025-12-15T01:59:46.527242,107.155200,0.795174,-0.169795,0.227378,0.535880,-7.881539,5.329482,-8.124321,-0.004261,0.004261,0.002131,-1.798194,32.928363,67.421761
326943.0,2025-12-15T01:59:46.527879,107.155837,0.794938,-0.167751,0.228257,0.536500,-7.859972,5.331126,-8.067146,0.002131,0.004261,0.002131,-1.486405,32.881088,67.591859
326968.0,2025-12-15T01:59:46.587345,107.215303,0.794654,-0.165819,0.229025,0.537193,-7.844082,5.307013,-8.015516,-0.015979,0.003196,0.001065,-1.191698,32.829747,67.766996
326996.0,2025-12-15T01:59:46.587345,107.215303,0.794404,-0.163823,0.229870,0.537814,-7.853294,5.307139,-7.987759,-0.003196,0.004261,0.001065,-0.887905,32.781141,67.935055
327016.0,2025-12-15T01:59:46.588341,107.216299,0.794148,-0.161850,0.230665,0.538449,-7.830957,5.303001,-7.958470,-0.007457,0.002131,0.001065,-0.590007,32.728554,68.102923
327048.0,2025-12-15T01:59:46.706474,107.334431,0.793855,-0.159838,0.231483,0.539130,-7.846167,5.285256,-7.906221,-0.008522,0.003196,0.002131,-0.284360,32.675177,68.279757
327072.0,2025-12-15T01:59:46.707472,107.335430,0.793588,-0.157853,0.232313,0.539751,-7.826703,5.289044,-7.860677,-0.005326,0.004261,0.001065,0.016504,32.624063,68.447210
327097.0,2025-12-15T01:59:46.708469,107.336427,0.793319,-0.155854,0.233149,0.540367,-7.830285,5.295692,-7.819638,-0.004261,0.004261,0.001065,0.318761,32.572026,68.614420
327117.0,2025-12-15T01:59:46.709464,107.337422,0.793026,-0.153910,0.233947,0.541009,-7.823841,5.276093,-7.772768,-0.010653,0.004261,0.002131,0.613327,32.519470,68.783200
327147.0,2025-12-15T01:59:46.709464,107.337422,0.792709,-0.152035,0.234745,0.541658,-7.816356,5.250106,-7.739529,-0.015979,0.007457,0.002131,0.900797,32.470884,68.951881
327176.0,2025-12-15T01:59:46.766536,107.394494,0.792334,-0.150164,0.235541,0.542382,-7.811965,5.252221,-7.697228,-0.020240,0.009587,0.004261,1.191015,32.421691,69.132454
327196.0,2025-12-15T01:59:46.767522,107.395480,0.792013,-0.148276,0.236325,0.543029,-7.806973,5.251665,-7.661285,-0.015979,0.006392,0.002131,1.478251,32.369769,69.300651
327228.0,2025-12-15T01:59:46.826997,107.454955,0.791725,-0.146248,0.237159,0.543634,-7.798716,5.246307,-7.617146,-0.003196,0.003196,0.001065,1.781860,32.312714,69.466731
327253.0,2025-12-15T01:59:46.826997,107.454955,0.791437,-0.144202,0.238015,0.544226,-7.773098,5.235789,-7.582502,-0.006392,0.004261,0.002131,2.088190,32.256147,69.632009
327275.0,2025-12-15T01:59:46.887120,107.515078,0.791130,-0.142215,0.238832,0.544837,-7.787745,5.231091,-7.541032,-0.007457,0.004261,0.001065,2.385896,32.199083,69.797626
327301.0,2025-12-15T01:59:46.887120,107.515078,0.790825,-0.140230,0.239650,0.545435,-7.786100,5.211579,-7.499526,-0.007457,0.004261,0.000000,2.682750,32.141674,69.961303
327325.0,2025-12-15T01:59:46.888121,107.516079,0.790513,-0.138231,0.240455,0.546043,-7.761146,5.213692,-7.448369,-0.007457,0.003196,0.001065,2.980175,32.081515,70.126224
327343.0,2025-12-15T01:59:46.945951,107.573909,0.790191,-0.136246,0.241263,0.546651,-7.754646,5.207612,-7.421875,-0.008522,0.004261,0.001065,3.276060,32.022038,70.290917
327376.0,2025-12-15T01:59:46.947969,107.575927,0.789823,-0.134250,0.242062,0.547324,-7.751720,5.196453,-7.374961,-0.009587,0.005326,0.001065,3.575117,31.960093,70.465746
327398.0,2025-12-15T01:59:47.008373,107.636331,0.789321,-0.132669,0.242794,0.548107,-7.720131,5.150885,-7.340170,-0.044741,0.019175,0.011718,3.831417,31.918964,70.648582
327424.0,2025-12-15T01:59:47.009369,107.637327,0.788821,-0.131261,0.243385,0.548905,-7.804424,5.225712,-7.319492,-0.062851,0.018109,0.007457,4.058956,31.875417,70.824184
327449.0,2025-12-15T01:59:47.010371,107.638329,0.788528,-0.128982,0.244326,0.549447,-7.764669,5.163243,-7.307536,0.018109,0.001065,-0.002131,4.391841,31.806573,70.989565
327476.0,2025-12-15T01:59:47.067590,107.695547,0.788150,-0.127115,0.245033,0.550109,-7.716217,5.133512,-7.207580,-0.023436,0.003196,0.003196,4.668645,31.742252,71.156148
327500.0,2025-12-15T01:59:47.067590,107.695547,0.787775,-0.125382,0.245716,0.550739,-7.760793,5.116990,-7.227546,-0.033023,0.007457,-0.002131,4.928379,31.684604,71.314646
327519.0,2025-12-15T01:59:47.127290,107.755247,0.787465,-0.123084,0.246718,0.551252,-7.711260,5.137504,-7.166740,0.022371,0.003196,0.002131,5.266296,31.618747,71.478713
327552.0,2025-12-15T01:59:47.128291,107.756249,0.787108,-0.121276,0.247402,0.551856,-7.689416,5.125176,-7.095571,-0.033023,0.004261,0.001065,5.531933,31.555098,71.634199
327575.0,2025-12-15T01:59:47.187787,107.815745,0.786713,-0.119434,0.248111,0.552502,-7.749693,5.090065,-7.110811,-0.025566,0.004261,0.002131,5.804726,31.490676,71.798003
327600.0,2025-12-15T01:59:47.188400,107.816357,0.786389,-0.117161,0.249107,0.553002,-7.691125,5.116918,-7.042979,0.020240,0.004261,0.001065,6.138320,31.424201,71.959406
327624.0,2025-12-15T01:59:47.189418,107.817376,0.786022,-0.115196,0.249880,0.553588,-7.640666,5.096652,-6.984249,-0.012783,0.004261,0.000000,6.425605,31.356716,72.118665
327641.0,2025-12-15T01:59:47.247791,107.875749,0.785625,-0.113392,0.250548,0.554221,-7.698786,5.087731,-6.948625,-0.029827,0.004261,0.000000,6.689814,31.289526,72.277751
327672.0,2025-12-15T01:59:47.248781,107.876739,0.785249,-0.111185,0.251459,0.554788,-7.686158,5.092899,-6.930999,0.010653,0.003196,0.001065,7.011741,31.217261,72.444428
327695.0,2025-12-15T01:59:47.307260,107.935218,0.784884,-0.109089,0.252290,0.555344,-7.627122,5.077104,-6.872085,-0.001065,0.002131,0.001065,7.314959,31.144628,72.603705
327720.0,2025-12-15T01:59:47.308261,107.936219,0.784491,-0.107160,0.253042,0.555931,-7.678783,5.059173,-6.839614,-0.017044,0.004261,0.000000,7.595935,31.075483,72.761550
327744.0,2025-12-15T01:59:47.308261,107.936219,0.784113,-0.105025,0.253954,0.556457,-7.656893,5.045135,-6.792118,0.005326,0.005326,0.001065,7.908151,31.006851,72.920841
327768.0,2025-12-15T01:59:47.367595,107.995553,0.783703,-0.102950,0.254756,0.557056,-7.618276,5.048706,-6.734163,-0.003196,0.003196,0.000000,8.207868,30.930826,73.084907
327792.0,2025-12-15T01:59:47.368251,107.996209,0.783306,-0.100942,0.255566,0.557609,-7.619243,5.044851,-6.719221,-0.008522,0.005326,0.000000,8.499462,30.860251,73.241509
327812.0,2025-12-15T01:59:47.427251,108.055209,0.782900,-0.098871,0.256406,0.558165,-7.610507,5.024099,-6.664892,-0.003196,0.004261,0.002131,8.799750,30.787382,73.400816
327840.0,2025-12-15T01:59:47.428255,108.056213,0.782503,-0.096836,0.257201,0.558713,-7.590036,5.028052,-6.631420,-0.007457,0.003196,0.000000,9.091871,30.712359,73.555962
327865.0,2025-12-15T01:59:47.429251,108.057209,0.782068,-0.094829,0.257970,0.559311,-7.577495,5.011847,-6.597304,-0.010653,0.004261,0.001065,9.380818,30.635726,73.717196
327889.0,2025-12-15T01:59:47.486180,108.114138,0.781657,-0.092783,0.258759,0.559864,-7.593744,5.001266,-6.540627,-0.007457,0.002131,0.001065,9.673228,30.558189,73.872856
327913.0,2025-12-15T01:59:47.487181,108.115139,0.781242,-0.090689,0.259609,0.560392,-7.567318,4.986513,-6.503791,-0.001065,0.004261,0.001065,9.974266,30.482727,74.028555
327936.0,2025-12-15T01:59:47.546897,108.174855,0.780813,-0.088683,0.260391,0.560948,-7.548665,4.990681,-6.460917,-0.010653,0.004261,0.001065,10.261692,30.406115,74.183686
327963.0,2025-12-15T01:59:47.546897,108.174855,0.780408,-0.086680,0.261214,0.561442,-7.552645,4.979874,-6.443791,-0.011718,0.005326,0.001065,10.549579,30.334002,74.331272
327986.0,2025-12-15T01:59:47.547886,108.175844,0.779983,-0.084599,0.262020,0.561974,-7.536512,4.964434,-6.384190,-0.004261,0.002131,0.001065,10.844859,30.253515,74.484841
328010.0,2025-12-15T01:59:47.606653,108.234611,0.779554,-0.082544,0.262836,0.562495,-7.512183,4.947598,-6.342900,-0.005326,0.004261,0.000000,11.137793,30.175460,74.636863
328038.0,2025-12-15T01:59:47.608673,108.236630,0.779108,-0.080524,0.263624,0.563036,-7.510391,4.941203,-6.317935,-0.009587,0.004261,0.001065,11.425393,30.096505,74.790025
328062.0,2025-12-15T01:59:47.667301,108.295259,0.778706,-0.078464,0.264478,0.563482,-7.492181,4.933380,-6.262512,-0.006392,0.004261,0.001065,11.718715,30.021652,74.932651
328086.0,2025-12-15T01:59:47.668301,108.296259,0.778251,-0.076401,0.265276,0.564019,-7.472641,4.917836,-6.217818,-0.006392,0.003196,0.002131,12.010529,29.939543,75.086075
328111.0,2025-12-15T01:59:47.726856,108.354814,0.777797,-0.074339,0.266087,0.564539,-7.464813,4.917597,-6.184430,-0.005326,0.004261,0.001065,12.302674,29.858316,75.237600
328136.0,2025-12-15T01:59:47.727841,108.355798,0.777347,-0.072291,0.266872,0.565054,-7.449198,4.903315,-6.137847,-0.007457,0.003196,0.000000,12.590535,29.775364,75.386603
328162.0,2025-12-15T01:59:47.727841,108.355798,0.776909,-0.070217,0.267673,0.565538,-7.440835,4.895069,-6.101896,-0.005326,0.002131,0.001065,12.880755,29.691895,75.531997
328186.0,2025-12-15T01:59:47.787449,108.415406,0.776432,-0.068178,0.268460,0.566069,-7.432102,4.890191,-6.063197,-0.008522,0.004261,0.002131,13.168100,29.608361,75.683487
328211.0,2025-12-15T01:59:47.788451,108.416409,0.775962,-0.066142,0.269260,0.566574,-7.416437,4.882030,-6.018389,-0.007457,0.005326,0.000000,13.455018,29.526162,75.831528
328235.0,2025-12-15T01:59:47.906811,108.534769,0.775491,-0.064059,0.270063,0.567077,-7.399894,4.866284,-5.987887,-0.004261,0.003196,0.001065,13.746309,29.440225,75.979874
328261.0,2025-12-15T01:59:47.906811,108.534769,0.775006,-0.062014,0.270850,0.567591,-7.388153,4.848237,-5.934129,-0.006392,0.004261,0.001065,14.032689,29.354894,76.128569
328284.0,2025-12-15T01:59:47.907813,108.535771,0.774515,-0.060026,0.271597,0.568118,-7.375217,4.835655,-5.894998,-0.013848,0.004261,0.001065,14.310303,29.269320,76.276211
328358.0,2025-12-15T01:59:47.966590,108.594548,0.772971,-0.054045,0.273823,0.569750,-7.353715,4.809126,-5.788894,-0.012783,0.002131,0.002131,15.143513,29.005815,76.725823
328384.0,2025-12-15T01:59:47.966590,108.594548,0.772473,-0.051910,0.274678,0.570213,-7.342487,4.783869,-5.760334,0.002131,0.004261,0.001065,15.441277,28.918262,76.871161
328409.0,2025-12-15T01:59:47.967590,108.595548,0.771979,-0.049826,0.275470,0.570685,-7.282852,4.780611,-5.698201,-0.004261,0.003196,0.000000,15.728457,28.828138,77.013655
328436.0,2025-12-15T01:59:48.026716,108.654674,0.771461,-0.047815,0.276208,0.571202,-7.288269,4.761755,-5.669505,-0.012783,0.003196,0.002131,16.005263,28.737099,77.158829
328462.0,2025-12-15T01:59:48.027714,108.655672,0.770996,-0.045770,0.277024,0.571601,-7.296322,4.764500,-5.630187,-0.006392,0.004261,0.001065,16.287766,28.652287,77.291006
328484.0,2025-12-15T01:59:48.087590,108.715548,0.770496,-0.043621,0.277848,0.572044,-7.249668,4.745296,-5.589351,0.002131,0.002131,0.000000,16.582084,28.559234,77.431235
328513.0,2025-12-15T01:59:48.088588,108.716546,0.769975,-0.041572,0.278608,0.572528,-7.225155,4.729463,-5.536054,-0.008522,0.003196,0.001065,16.862310,28.466493,77.572878
328533.0,2025-12-15T01:59:48.146784,108.774742,0.769449,-0.039526,0.279370,0.573008,-7.246830,4.724108,-5.524888,-0.008522,0.003196,0.001065,17.142211,28.373601,77.713974
328566.0,2025-12-15T01:59:48.147671,108.775629,0.768932,-0.037422,0.280203,0.573436,-7.221441,4.707311,-5.466620,0.002131,0.004261,0.001065,17.431878,28.283388,77.852049
328590.0,2025-12-15T01:59:48.207708,108.835666,0.768396,-0.035372,0.280976,0.573907,-7.189047,4.701077,-5.415572,-0.007457,0.004261,0.001065,17.712242,28.190266,77.992271
328614.0,2025-12-15T01:59:48.207708,108.835666,0.767853,-0.033362,0.281723,0.574388,-7.197884,4.680524,-5.404210,-0.011718,0.004261,0.001065,17.986522,28.097157,78.131971
328634.0,2025-12-15T01:59:48.208838,108.836796,0.767310,-0.031264,0.282532,0.574834,-7.176481,4.671836,-5.367063,-0.002131,0.004261,0.001065,18.273293,28.003326,78.271010
328667.0,2025-12-15T01:59:48.267056,108.895014,0.766836,-0.029210,0.283345,0.575174,-7.142014,4.660904,-5.303808,-0.006392,0.003196,0.002131,18.552153,27.914846,78.393410
328691.0,2025-12-15T01:59:48.268442,108.896399,0.766289,-0.027202,0.284082,0.575638,-7.129452,4.653015,-5.274094,-0.011718,0.004261,0.000000,18.823914,27.820000,78.529563
328716.0,2025-12-15T01:59:48.327284,108.955242,0.765726,-0.025111,0.284878,0.576088,-7.126143,4.645016,-5.241896,-0.003196,0.004261,0.002131,19.108257,27.723768,78.668170
328736.0,2025-12-15T01:59:48.327638,108.955596,0.765163,-0.023010,0.285695,0.576519,-7.092360,4.628217,-5.197327,-0.001065,0.005326,0.001065,19.394417,27.628656,78.805085
328769.0,2025-12-15T01:59:48.328745,108.956703,0.764652,-0.021005,0.286497,0.576875,-7.077636,4.606723,-5.152882,-0.010653,0.003196,0.002131,19.667431,27.540540,78.928803
328797.0,2025-12-15T01:59:48.387015,109.014973,0.764091,-0.018941,0.287273,0.577305,-7.075309,4.609428,-5.148414,-0.005326,0.004261,0.000000,19.945800,27.443593,79.062402
328821.0,2025-12-15T01:59:48.388013,109.015971,0.763519,-0.016854,0.288060,0.577734,-7.047607,4.600872,-5.085201,-0.003196,0.004261,0.001065,20.227103,27.345331,79.196813
328845.0,2025-12-15T01:59:48.447097,109.075054,0.763017,-0.014832,0.288857,0.578055,-7.021580,4.584945,-5.039935,-0.006392,0.004261,0.000000,20.499314,27.255035,79.314753
328869.0,2025-12-15T01:59:48.448102,109.076059,0.762438,-0.012808,0.289584,0.578503,-7.019788,4.557621,-5.000746,-0.010653,0.003196,0.001065,20.769319,27.154946,79.447410
328889.0,2025-12-15T01:59:48.449095,109.077053,0.761846,-0.010719,0.290368,0.578932,-7.009489,4.564423,-4.971307,-0.003196,0.004261,0.002131,21.049730,27.054794,79.581410
328919.0,2025-12-15T01:59:48.506989,109.134947,0.761258,-0.008623,0.291154,0.579345,-6.970226,4.554158,-4.930703,-0.002131,0.004261,0.001065,21.330134,26.954202,79.713116
328944.0,2025-12-15T01:59:48.507990,109.135947,0.760757,-0.006639,0.291984,0.579612,-6.949224,4.522554,-4.893860,-0.011718,0.004261,0.002131,21.599374,26.869163,79.824523
328967.0,2025-12-15T01:59:48.567633,109.195591,0.760153,-0.004620,0.292747,0.580040,-6.948515,4.513309,-4.859930,-0.008522,0.006392,0.001065,21.870772,26.770911,79.956294
328992.0,2025-12-15T01:59:48.568636,109.196594,0.759548,-0.002564,0.293484,0.580471,-6.917570,4.505197,-4.833577,-0.007457,0.003196,0.002131,22.142748,26.667192,80.087014
329012.0,2025-12-15T01:59:48.626080,109.254038,0.758944,-0.000521,0.294228,0.580891,-6.907648,4.500457,-4.784441,-0.007457,0.004261,0.001065,22.413692,26.564777,80.216120
329045.0,2025-12-15T01:59:48.627153,109.255111,0.758390,0.001499,0.294992,0.581225,-6.872121,4.482427,-4.749086,-0.005326,0.003196,0.001065,22.681280,26.467857,80.333359
329065.0,2025-12-15T01:59:48.628074,109.256032,0.757778,0.003541,0.295733,0.581637,-6.863969,4.469679,-4.718951,-0.007457,0.004261,0.001065,22.951064,26.364471,80.461118
329090.0,2025-12-15T01:59:48.687618,109.315576,0.757165,0.005628,0.296493,0.582032,-6.852851,4.453137,-4.679029,-0.003196,0.003196,0.001065,23.225872,26.259477,80.587587
329116.0,2025-12-15T01:59:48.688613,109.316571,0.756538,0.007672,0.297230,0.582448,-6.824608,4.438934,-4.639158,-0.007457,0.004261,0.002131,23.495128,26.154590,80.715445
329148.0,2025-12-15T01:59:48.746570,109.374528,0.755963,0.009645,0.297975,0.582785,-6.817292,4.420133,-4.606829,-0.008522,0.004261,0.002131,23.755929,26.057535,80.831318
329168.0,2025-12-15T01:59:48.747575,109.375533,0.755334,0.011721,0.298741,0.583169,-6.786414,4.400967,-4.571359,-0.003196,0.004261,0.001065,24.029291,25.952590,80.956393
329196.0,2025-12-15T01:59:48.807575,109.435533,0.754703,0.013748,0.299469,0.583569,-6.775017,4.385780,-4.539660,-0.008522,0.004261,0.001065,24.294837,25.847313,81.080776
329216.0,2025-12-15T01:59:48.807575,109.435533,0.754075,0.015789,0.300209,0.583949,-6.762475,4.378889,-4.493865,-0.006392,0.004261,0.000000,24.562023,25.742123,81.202999
329249.0,2025-12-15T01:59:48.808562,109.436520,0.753536,0.017811,0.301002,0.584178,-6.733393,4.367978,-4.475182,-0.004261,0.003196,0.001065,24.827434,25.646792,81.305765
329278.0,2025-12-15T01:59:48.866873,109.494830,0.752891,0.019838,0.301736,0.584566,-6.698358,4.356960,-4.416371,-0.007457,0.005326,0.001065,25.092682,25.540881,81.428678
329302.0,2025-12-15T01:59:48.927245,109.555203,0.752241,0.021882,0.302453,0.584959,-6.702016,4.339049,-4.402556,-0.007457,0.003196,0.002131,25.357574,25.431758,81.551088
329322.0,2025-12-15T01:59:48.928263,109.556221,0.751583,0.023935,0.303194,0.585341,-6.684765,4.320831,-4.360778,-0.005326,0.004261,0.002131,25.625107,25.323652,81.673498
329354.0,2025-12-15T01:59:48.929264,109.557222,0.750995,0.025914,0.303949,0.585619,-6.656432,4.315358,-4.317833,-0.005326,0.004261,0.001065,25.883889,25.225177,81.780556
329376.0,2025-12-15T01:59:48.986622,109.614580,0.750342,0.027961,0.304666,0.585990,-6.628809,4.300225,-4.275100,-0.006392,0.003196,0.001065,26.147644,25.115076,81.899356
329403.0,2025-12-15T01:59:48.988167,109.616125,0.749681,0.029999,0.305389,0.586358,-6.609394,4.290660,-4.242957,-0.006392,0.004261,0.001065,26.411021,25.005723,82.018114
329428.0,2025-12-15T01:59:49.045977,109.673935,0.749017,0.032026,0.306102,0.586727,-6.592700,4.281384,-4.208139,-0.007457,0.004261,0.001065,26.672288,24.895859,82.136148
329457.0,2025-12-15T01:59:49.047218,109.675175,0.748418,0.033989,0.306801,0.587017,-6.578254,4.261449,-4.181998,-0.006392,0.002131,0.001065,26.923686,24.792100,82.240693
329477.0,2025-12-15T01:59:49.048235,109.676193,0.747758,0.036017,0.307503,0.587370,-6.547621,4.246633,-4.161214,-0.007457,0.003196,0.000000,27.182889,24.680897,82.355215
329509.0,2025-12-15T01:59:49.106711,109.734669,0.747074,0.038072,0.308234,0.587726,-6.531876,4.227160,-4.110883,-0.004261,0.004261,0.002131,27.447399,24.569470,82.472619
329534.0,2025-12-15T01:59:49.107711,109.735669,0.746379,0.040138,0.308973,0.588084,-6.508154,4.203306,-4.087427,-0.003196,0.004261,0.003196,27.713388,24.457140,82.590734
329558.0,2025-12-15T01:59:49.167614,109.795572,0.745790,0.042036,0.309665,0.588334,-6.498369,4.195986,-4.052459,-0.012783,0.003196,0.000000,27.956489,24.357500,82.688235
329583.0,2025-12-15T01:59:49.168611,109.796569,0.745102,0.044110,0.310415,0.588660,-6.482857,4.187742,-4.009881,-0.001065,0.004261,0.001065,28.223002,24.245710,82.802186
329603.0,2025-12-15T01:59:49.168611,109.796569,0.744404,0.046225,0.311170,0.588981,-6.423795,4.172620,-3.966593,0.002131,0.003196,0.002131,28.493191,24.130879,82.915903
329634.0,2025-12-15T01:59:49.227030,109.854988,0.743725,0.048168,0.311787,0.589357,-6.437630,4.147201,-3.940475,-0.017044,0.002131,0.001065,28.736074,24.015936,83.026909
329660.0,2025-12-15T01:59:49.227541,109.855499,0.743140,0.050188,0.312585,0.589504,-6.422110,4.147521,-3.906205,0.002131,0.004261,0.001065,28.996672,23.917196,83.117011
329684.0,2025-12-15T01:59:49.287112,109.915069,0.742439,0.052230,0.313299,0.589830,-6.360604,4.130394,-3.876724,-0.004261,0.004261,0.001065,29.256031,23.803198,83.228012
329704.0,2025-12-15T01:59:49.288133,109.916090,0.741734,0.054178,0.313941,0.590201,-6.376921,4.112711,-3.845210,-0.014914,0.004261,0.002131,29.501095,23.688819,83.339818
329737.0,2025-12-15T01:59:49.347115,109.975073,0.741136,0.056166,0.314721,0.590350,-6.354743,4.095011,-3.811156,-0.001065,0.004261,0.002131,29.756837,23.589936,83.428742
329762.0,2025-12-15T01:59:49.348133,109.976091,0.740424,0.058221,0.315446,0.590658,-6.302722,4.083117,-3.772834,-0.002131,0.004261,0.001065,30.017355,23.475081,83.537715
329789.0,2025-12-15T01:59:49.406809,110.034767,0.739722,0.060139,0.316051,0.591021,-6.301903,4.060289,-3.748799,-0.018109,0.003196,0.001065,30.255366,23.359147,83.645296
329809.0,2025-12-15T01:59:49.407805,110.035763,0.738964,0.062015,0.316705,0.591426,-6.296585,4.034108,-3.711912,-0.019175,0.009587,0.005326,30.495609,23.248030,83.762521
329842.0,2025-12-15T01:59:49.408809,110.036767,0.739385,0.059644,0.313396,0.592904,-5.629933,3.270238,-3.790780,-0.513457,-0.061785,-0.061785,29.999820,23.123505,83.726443
329867.0,2025-12-15T01:59:49.465925,110.093883,0.739152,0.053704,0.304974,0.598132,-6.594439,3.721031,-3.097207,-1.088700,-0.159790,0.121440,28.794652,22.743128,83.871466
329892.0,2025-12-15T01:59:49.467205,110.095162,0.737424,0.047617,0.297931,0.604297,-6.313499,0.262410,-2.967703,-1.052481,-0.101200,0.287621,27.748233,22.448572,84.279487
329912.0,2025-12-15T01:59:49.526519,110.154477,0.733861,0.027755,0.284453,0.616250,-8.617407,4.857036,-4.724741,-2.364887,0.355798,0.378169,25.067308,22.537617,85.115529
329945.0,2025-12-15T01:59:49.527518,110.155476,0.731310,0.034253,0.293125,0.614890,-7.902218,4.290412,-7.037273,0.712662,0.290817,0.105461,26.435806,22.743582,85.523811
329970.0,2025-12-15T01:59:49.586365,110.214323,0.730678,0.036723,0.294377,0.614902,-7.916653,3.455191,-5.959025,0.046872,-0.009587,-0.002131,26.770351,22.645455,85.620415
329990.0,2025-12-15T01:59:49.586365,110.214323,0.730080,0.039342,0.295779,0.614776,-7.527749,3.132079,-4.560578,0.067112,-0.012783,-0.007457,27.128559,22.551325,85.707205
330022.0,2025-12-15T01:59:49.588886,110.216844,0.729436,0.042445,0.297602,0.614454,-7.573265,3.148510,-4.732321,0.123571,-0.011718,-0.006392,27.564163,22.457795,85.795434
330046.0,2025-12-15T01:59:49.647831,110.275789,0.729445,0.043309,0.296983,0.614683,-7.223691,3.232846,-4.533159,-0.162985,-0.062851,-0.026632,27.582248,22.335076,85.788249
330071.0,2025-12-15T01:59:49.648835,110.276793,0.729576,0.043188,0.294811,0.615581,-7.288929,3.236217,-4.309917,-0.312122,-0.100135,-0.039415,27.381607,22.148151,85.771504
330091.0,2025-12-15T01:59:49.648835,110.276793,0.729392,0.045597,0.302674,0.611798,-6.822153,4.251197,-3.176211,0.485761,0.396278,-0.290817,28.262616,22.689935,85.761824
330120.0,2025-12-15T01:59:49.707306,110.335264,0.729341,0.048666,0.314728,0.605508,-6.728917,3.324877,-3.361416,0.800014,0.584830,-0.445280,29.560886,23.587745,85.706280
330146.0,2025-12-15T01:59:49.708307,110.336265,0.732526,0.057889,0.311371,0.602580,-7.462792,2.383459,-5.412502,0.290817,-0.774447,-0.157659,29.920970,22.731285,85.030857
330169.0,2025-12-15T01:59:49.766624,110.394582,0.736009,0.072566,0.307001,0.598978,-6.837883,4.663767,-2.546122,0.600809,-1.071656,-0.098004,30.647707,21.406412,84.208256
330194.0,2025-12-15T01:59:49.768605,110.396562,0.737837,0.095334,0.305304,0.594389,-6.105917,2.575881,-3.930943,1.260208,-1.313471,0.136354,32.340508,19.706287,83.474890
330220.0,2025-12-15T01:59:49.826519,110.454476,0.739719,0.114352,0.299052,0.591867,-5.959845,2.135874,-2.638437,0.745685,-1.401888,0.211988,33.348708,17.882556,82.724528
330246.0,2025-12-15T01:59:49.826519,110.454476,0.739543,0.132230,0.286073,0.594772,-5.984693,1.289196,-2.450411,0.232228,-1.675661,0.729706,33.771175,15.416494,82.320918
330271.0,2025-12-15T01:59:49.886285,110.514242,0.738365,0.142080,0.268258,0.602219,-6.455903,2.291585,-2.982829,-0.617853,-1.477522,0.891626,33.157370,13.003931,82.288765
330296.0,2025-12-15T01:59:49.887286,110.515244,0.731733,0.131600,0.266227,0.613491,-6.750148,2.965997,-4.668266,-1.102549,0.714792,0.758468,32.229574,13.187794,83.779105
330316.0,2025-12-15T01:59:49.887286,110.515244,0.997617,-0.057236,0.035704,0.014499,1.274267,7.626101,-8.690790,-4.858671,3.013633,1.220793,-6.515189,4.180443,1.427227
330348.0,2025-12-15T01:59:49.947602,110.575560,0.991844,-0.109852,0.060289,0.023296,1.541218,11.059078,-11.771689,-4.477306,2.112419,0.693487,-12.520848,7.164115,1.903994
330373.0,2025-12-15T01:59:49.948600,110.576558,0.995808,-0.074098,0.052251,0.012045,-0.345736,11.373723,-10.825509,3.020024,-0.656203,-0.843689,-8.461433,6.076034,0.936064
330395.0,2025-12-15T01:59:50.007340,110.635298,0.999175,0.038045,-0.010497,-0.009592,-0.362318,8.490418,-7.621271,2.998719,-0.893757,-0.806405,4.372690,-1.160131,-1.144344
330422.0,2025-12-15T01:59:50.007340,110.635298,0.999774,0.020253,-0.005294,-0.003747,-0.502581,8.614301,-8.077465,-1.693770,0.428236,0.495348,2.323280,-0.597871,-0.441633
330448.0,2025-12-15T01:59:50.008341,110.636299,0.999992,0.001415,0.001183,0.003394,-0.360535,10.142225,-9.069193,-1.775796,0.551807,0.549676,0.162625,0.135067,0.389137
330476.0,2025-12-15T01:59:50.066807,110.694765,0.999867,0.016189,-0.001949,0.000106,-0.361557,9.925697,-8.676352,1.040763,-0.274838,-0.274838,1.855241,-0.223484,0.008496
330496.0,2025-12-15T01:59:50.067692,110.695650,0.999811,0.019302,-0.002042,-0.000753,-0.490369,8.918790,-8.247567,0.061785,-0.020240,-0.071373,2.212159,-0.232246,-0.090795
330529.0,2025-12-15T01:59:50.126041,110.753999,0.999909,0.013423,0.000394,0.001260,-0.365686,9.560386,-8.490409,-0.693487,0.200270,0.167247,1.538253,0.043251,0.144990
330555.0,2025-12-15T01:59:50.127063,110.755021,0.999817,0.019106,-0.000514,0.001262,-0.375595,9.825827,-8.587437,0.283360,-0.073503,-0.046872,2.189396,-0.061630,0.143479
330577.0,2025-12-15T01:59:50.186621,110.814579,0.999776,0.021113,-0.000172,0.001402,-0.465761,9.180584,-8.324308,-0.030893,0.019175,0.011718,2.419552,-0.023066,0.160235
330604.0,2025-12-15T01:59:50.187601,110.815559,0.999793,0.020256,0.000721,0.001822,-0.395931,9.523291,-8.426245,-0.271642,0.068177,0.034088,2.321420,0.078323,0.210421
330629.0,2025-12-15T01:59:50.247384,110.875342,0.999691,0.024800,0.000421,0.001305,-0.385064,9.753538,-8.472959,0.182160,-0.034088,-0.042611,2.842240,0.044495,0.150681
330655.0,2025-12-15T01:59:50.248408,110.876366,0.999627,0.027208,0.000514,0.002163,-0.429637,9.351519,-8.203953,0.008522,0.008522,0.023436,3.118270,0.052120,0.249397
330679.0,2025-12-15T01:59:50.248408,110.876366,0.999586,0.028669,0.000700,0.002177,-0.420886,9.555318,-8.319234,-0.076699,0.007457,0.001065,3.285858,0.072997,0.251679
330702.0,2025-12-15T01:59:50.307353,110.935311,0.999489,0.031917,0.000775,0.001857,-0.427811,9.566399,-8.300148,0.073503,-0.003196,-0.026632,3.658214,0.081987,0.215539
330728.0,2025-12-15T01:59:50.307353,110.935311,0.999423,0.033897,0.000983,0.001948,-0.406673,9.421821,-8.131105,-0.033023,0.009587,0.007457,3.885251,0.105043,0.226959
330754.0,2025-12-15T01:59:50.368985,110.996943,0.999359,0.035698,0.000959,0.002671,-0.419844,9.511107,-8.180362,-0.041545,0.001065,0.009587,4.091803,0.098844,0.309763
330780.0,2025-12-15T01:59:50.368985,110.996943,0.999257,0.038436,0.001166,0.002622,-0.434796,9.461845,-8.105929,0.030893,0.008522,-0.004261,4.405846,0.121920,0.305328
330804.0,2025-12-15T01:59:50.369989,110.997947,0.999173,0.040565,0.001333,0.002522,-0.423637,9.408678,-8.017581,-0.020240,0.005326,-0.008522,4.650037,0.140927,0.294916
330827.0,2025-12-15T01:59:50.428536,111.056494,0.999076,0.042883,0.001501,0.002587,-0.405930,9.506407,-8.047653,-0.004261,0.006392,0.005326,4.916008,0.159179,0.303574
330854.0,2025-12-15T01:59:50.428536,111.056494,0.998964,0.045380,0.001580,0.003171,-0.438965,9.422688,-7.964692,0.015979,0.006392,0.003196,5.202557,0.164393,0.371196
330877.0,2025-12-15T01:59:50.488446,111.116404,0.998867,0.047443,0.001783,0.003137,-0.430624,9.432034,-7.939672,-0.025566,0.008522,-0.003196,5.439215,0.187031,0.368735
330903.0,2025-12-15T01:59:50.489451,111.117409,0.998751,0.049821,0.001949,0.003101,-0.430742,9.457001,-7.885221,0.001065,0.005326,-0.003196,5.712100,0.205321,0.366014
330929.0,2025-12-15T01:59:50.489964,111.117922,0.998636,0.052042,0.002021,0.003725,-0.428824,9.408419,-7.834049,-0.006392,0.005326,0.004261,5.967092,0.209089,0.438331
330958.0,2025-12-15T01:59:50.546961,111.174919,0.998514,0.054328,0.002215,0.003716,-0.450953,9.415574,-7.820254,-0.006392,0.007457,-0.001065,6.229586,0.230276,0.438982
330983.0,2025-12-15T01:59:50.546961,111.174919,0.998383,0.056677,0.002384,0.003668,-0.444389,9.390118,-7.751165,-0.001065,0.005326,-0.004261,6.499212,0.248918,0.435126
331005.0,2025-12-15T01:59:50.607157,111.235114,0.998257,0.058847,0.002548,0.003671,-0.439426,9.412681,-7.742677,-0.015979,0.005326,0.000000,6.748407,0.266724,0.437164
331032.0,2025-12-15T01:59:50.608161,111.236119,0.998118,0.061108,0.002601,0.004396,-0.452909,9.400336,-7.701490,0.000000,0.005326,0.003196,7.008162,0.266747,0.521060
331057.0,2025-12-15T01:59:50.667400,111.295358,0.997976,0.063377,0.002771,0.004362,-0.454671,9.354770,-7.623353,-0.007457,0.005326,-0.003196,7.268707,0.285210,0.518923
331082.0,2025-12-15T01:59:50.668686,111.296643,0.997834,0.065568,0.002934,0.004366,-0.440170,9.375302,-7.618108,-0.013848,0.005326,0.000000,7.520446,0.302665,0.521227
331107.0,2025-12-15T01:59:50.668686,111.296643,0.997675,0.067935,0.003083,0.004381,-0.437196,9.352228,-7.552287,0.001065,0.004261,0.001065,7.792401,0.318402,0.524894
331137.0,2025-12-15T01:59:50.726311,111.354269,0.997521,0.070134,0.003174,0.004894,-0.465415,9.323079,-7.508676,-0.008522,0.005326,0.000000,8.045115,0.323447,0.584904
331157.0,2025-12-15T01:59:50.727326,111.355284,0.997359,0.072384,0.003326,0.004872,-0.443268,9.350661,-7.485313,-0.008522,0.004261,-0.002131,8.303694,0.339672,0.584402
331185.0,2025-12-15T01:59:50.787198,111.415155,0.997186,0.074720,0.003491,0.004889,-0.454368,9.308366,-7.419357,-0.001065,0.005326,0.001065,8.572309,0.357059,0.588531
331205.0,2025-12-15T01:59:50.788715,111.416673,0.997019,0.076917,0.003641,0.004905,-0.445666,9.298919,-7.385401,-0.012783,0.004261,0.001065,8.824800,0.372733,0.592550
331237.0,2025-12-15T01:59:50.847376,111.475333,0.996844,0.079105,0.003730,0.005579,-0.465487,9.310981,-7.362537,-0.005326,0.005326,0.000000,9.076674,0.375526,0.671142
331262.0,2025-12-15T01:59:50.847376,111.475333,0.996655,0.081437,0.003912,0.005572,-0.469136,9.283032,-7.322719,-0.001065,0.006392,-0.001065,9.344819,0.394829,0.672895
331287.0,2025-12-15T01:59:50.848377,111.476335,0.996475,0.083602,0.004064,0.005576,-0.455191,9.269892,-7.268186,-0.014914,0.004261,0.000000,9.593935,0.410620,0.675730
331315.0,2025-12-15T01:59:50.907095,111.535053,0.996281,0.085880,0.004214,0.005594,-0.452828,9.286650,-7.242652,-0.005326,0.004261,0.001065,9.855987,0.426043,0.680096
331341.0,2025-12-15T01:59:50.908094,111.536052,0.996083,0.088098,0.004308,0.006185,-0.472782,9.251838,-7.203963,-0.004261,0.004261,0.001065,10.111527,0.429292,0.749547
331364.0,2025-12-15T01:59:50.966076,111.594034,0.995876,0.090410,0.004462,0.006164,-0.459613,9.249972,-7.143317,-0.002131,0.004261,-0.002131,10.377574,0.445378,0.749759
331390.0,2025-12-15T01:59:50.967075,111.595033,0.995672,0.092618,0.004616,0.006157,-0.464434,9.221065,-7.102871,-0.010653,0.004261,-0.001065,10.631828,0.461375,0.751502
331410.0,2025-12-15T01:59:50.968076,111.596033,0.995455,0.094913,0.004786,0.006162,-0.480797,9.227167,-7.075976,-0.003196,0.005326,0.000000,10.896078,0.478974,0.755045
331445.0,2025-12-15T01:59:51.026615,111.654573,0.995239,0.097116,0.004866,0.006682,-0.478936,9.194675,-7.026881,-0.005326,0.005326,-0.003196,11.150046,0.480607,0.816295
331465.0,2025-12-15T01:59:51.027997,111.655955,0.995023,0.099293,0.005031,0.006689,-0.467851,9.209573,-6.993389,-0.012783,0.005326,0.000000,11.400891,0.497527,0.819987
331495.0,2025-12-15T01:59:51.087239,111.715197,0.994787,0.101619,0.005200,0.006682,-0.473806,9.178410,-6.958703,0.000000,0.005326,-0.001065,11.668968,0.514933,0.822367
331520.0,2025-12-15T01:59:51.088238,111.716196,0.994557,0.103843,0.005344,0.006661,-0.472381,9.166753,-6.894073,-0.008522,0.003196,-0.002131,11.925216,0.529755,0.822844
331545.0,2025-12-15T01:59:51.146625,111.774583,0.994324,0.106014,0.005412,0.007168,-0.490107,9.166716,-6.870634,-0.008522,0.004261,0.001065,12.175704,0.529573,0.882492
331570.0,2025-12-15T01:59:51.147611,111.775569,0.994080,0.108270,0.005581,0.007174,-0.485829,9.156815,-6.839192,-0.005326,0.005326,0.000000,12.435967,0.546731,0.886536
331590.0,2025-12-15T01:59:51.147611,111.775569,0.993823,0.110600,0.005750,0.007168,-0.479223,9.118093,-6.762494,0.001065,0.005326,-0.001065,12.704742,0.564045,0.889273
331618.0,2025-12-15T01:59:51.206857,111.834815,0.993583,0.112726,0.005903,0.007175,-0.473977,9.113364,-6.743609,-0.015979,0.004261,0.000000,12.950087,0.579445,0.893213
331644.0,2025-12-15T01:59:51.207842,111.835800,0.993322,0.114967,0.005979,0.007654,-0.487691,9.122194,-6.717853,-0.002131,0.005326,0.000000,13.208821,0.579696,0.950069
331667.0,2025-12-15T01:59:51.267624,111.895581,0.993052,0.117264,0.006136,0.007659,-0.491174,9.082744,-6.674070,-0.001065,0.004261,0.000000,13.474103,0.595337,0.954131
331693.0,2025-12-15T01:59:51.268618,111.896576,0.992793,0.119434,0.006289,0.007666,-0.475829,9.063114,-6.629736,-0.011718,0.004261,0.000000,13.724673,0.610527,0.958288
331717.0,2025-12-15T01:59:51.388552,112.016510,0.992522,0.121652,0.006452,0.007674,-0.469641,9.076765,-6.606930,-0.007457,0.005326,0.000000,13.980865,0.626892,0.962885
331743.0,2025-12-15T01:59:51.389550,112.017508,0.992240,0.123891,0.006554,0.008219,-0.497501,9.036856,-6.537322,0.000000,0.006392,-0.001065,14.239811,0.628499,1.027627
331772.0,2025-12-15T01:59:51.389550,112.017508,0.991967,0.126053,0.006708,0.008225,-0.489867,9.040991,-6.506749,-0.011718,0.004261,0.000000,14.489759,0.643752,1.032006
331848.0,2025-12-15T01:59:51.446640,112.074598,0.991111,0.132559,0.007119,0.008763,-0.498617,9.010365,-6.394079,-0.007457,0.004261,-0.001065,15.242438,0.675403,1.103505
331873.0,2025-12-15T01:59:51.447630,112.075588,0.990807,0.134799,0.007300,0.008760,-0.490056,8.982403,-6.361745,-0.004261,0.006392,-0.001065,15.501721,0.693541,1.107560
331898.0,2025-12-15T01:59:51.507100,112.135058,0.990494,0.137075,0.007457,0.008767,-0.498848,8.972837,-6.325864,-0.001065,0.004261,0.000000,15.765144,0.708724,1.112354
331923.0,2025-12-15T01:59:51.508100,112.136058,0.990184,0.139285,0.007599,0.008760,-0.480484,8.946167,-6.268008,-0.006392,0.003196,-0.001065,16.021066,0.722379,1.115444
331949.0,2025-12-15T01:59:51.567846,112.195804,0.989884,0.141365,0.007662,0.009277,-0.493397,8.935966,-6.248709,-0.012783,0.003196,0.002131,16.262300,0.718892,1.176577
331969.0,2025-12-15T01:59:51.568715,112.196673,0.989558,0.143620,0.007836,0.009285,-0.518629,8.915995,-6.209700,-0.002131,0.005326,0.000000,16.523601,0.735783,1.181964
332002.0,2025-12-15T01:59:51.570305,112.198263,0.989235,0.145822,0.007994,0.009267,-0.493691,8.884171,-6.141311,-0.006392,0.004261,-0.002131,16.778838,0.751402,1.184256
332027.0,2025-12-15T01:59:51.626661,112.254619,0.988918,0.147947,0.008130,0.009299,-0.485436,8.890198,-6.112781,-0.012783,0.003196,0.002131,17.025215,0.763645,1.191780
332053.0,2025-12-15T01:59:51.626661,112.254619,0.988576,0.150181,0.008250,0.009795,-0.520217,8.867716,-6.093669,0.001065,0.005326,0.001065,17.284593,0.766017,1.251819
332073.0,2025-12-15T01:59:51.687673,112.315631,0.988240,0.152362,0.008424,0.009792,-0.518257,8.834109,-6.035952,-0.007457,0.005326,-0.001065,17.537700,0.783062,1.256147
332106.0,2025-12-15T01:59:51.688704,112.316662,0.987904,0.154516,0.008574,0.009813,-0.490846,8.850182,-6.011317,-0.009587,0.004261,0.001065,17.787741,0.796955,1.262908
332132.0,2025-12-15T01:59:51.745759,112.373717,0.987545,0.156758,0.008699,0.010296,-0.510237,8.814331,-5.962809,0.002131,0.005326,0.002131,18.048391,0.799488,1.321639
332157.0,2025-12-15T01:59:51.746760,112.374718,0.987200,0.158906,0.008873,0.010293,-0.520688,8.785861,-5.931709,-0.009587,0.005326,-0.001065,18.297904,0.816332,1.326208
332177.0,2025-12-15T01:59:51.747761,112.375719,0.986845,0.161088,0.009046,0.010290,-0.517501,8.790652,-5.898014,-0.006392,0.005326,-0.001065,18.551549,0.833040,1.330884
332210.0,2025-12-15T01:59:51.806720,112.434678,0.986476,0.163318,0.009195,0.010336,-0.502136,8.754915,-5.845616,-0.002131,0.004261,0.003196,18.810845,0.846051,1.340703
332236.0,2025-12-15T01:59:51.807714,112.435672,0.986122,0.165413,0.009297,0.010781,-0.523011,8.741971,-5.829320,-0.009587,0.004261,0.000000,19.054657,0.846301,1.394749
332258.0,2025-12-15T01:59:51.866148,112.494105,0.985742,0.167649,0.009474,0.010765,-0.522544,8.737148,-5.769616,-0.001065,0.005326,-0.002131,19.314829,0.863386,1.398277
332285.0,2025-12-15T01:59:51.867152,112.495110,0.985376,0.169783,0.009613,0.010784,-0.503929,8.719484,-5.744835,-0.009587,0.003196,0.001065,19.563202,0.875710,1.405055
332310.0,2025-12-15T01:59:51.926615,112.554573,0.984987,0.172013,0.009787,0.010794,-0.525454,8.698257,-5.709472,-0.001065,0.005326,0.000000,19.822926,0.891896,1.411514
332336.0,2025-12-15T01:59:51.927628,112.555585,0.984600,0.174178,0.009906,0.011235,-0.523182,8.657236,-5.647676,-0.002131,0.005326,-0.002131,20.075393,0.893404,1.465680
332356.0,2025-12-15T01:59:51.928545,112.556503,0.984227,0.176266,0.010059,0.011257,-0.516012,8.669892,-5.620187,-0.012783,0.004261,0.001065,20.318675,0.907171,1.473131
332387.0,2025-12-15T01:59:51.987847,112.615805,0.983815,0.178538,0.010214,0.011277,-0.513564,8.638140,-5.584697,0.003196,0.004261,0.001065,20.583510,0.920863,1.480665
332412.0,2025-12-15T01:59:51.989847,112.617805,0.983427,0.180656,0.010374,0.011274,-0.517698,8.604156,-5.546782,-0.009587,0.004261,-0.001065,20.830601,0.935725,1.485561
332438.0,2025-12-15T01:59:52.046613,112.674571,0.983055,0.182637,0.010484,0.011678,-0.514430,8.620359,-5.526213,-0.018109,0.005326,0.002131,21.061908,0.936625,1.535320
332463.0,2025-12-15T01:59:52.047624,112.675581,0.982632,0.184887,0.010638,0.011710,-0.523216,8.602161,-5.484485,0.002131,0.004261,0.002131,21.324582,0.949788,1.544394
332483.0,2025-12-15T01:59:52.048620,112.676578,0.982229,0.187009,0.010807,0.011722,-0.517176,8.545067,-5.437984,-0.008522,0.005326,0.000000,21.572435,0.965232,1.551368
332515.0,2025-12-15T01:59:52.107018,112.734976,0.981802,0.189228,0.010989,0.011735,-0.517204,8.570782,-5.406773,0.000000,0.006392,0.000000,21.831679,0.981927,1.558976
332541.0,2025-12-15T01:59:52.107018,112.734976,0.981385,0.191340,0.011115,0.012221,-0.518078,8.522023,-5.367581,-0.004261,0.004261,0.001065,22.078962,0.982049,1.618531
332566.0,2025-12-15T01:59:52.167448,112.795406,0.980935,0.193627,0.011289,0.012154,-0.523452,8.521784,-5.352767,0.006392,0.004261,-0.006392,22.346254,0.999320,1.617114
332586.0,2025-12-15T01:59:52.168452,112.796410,0.980418,0.196245,0.011348,0.011816,-0.497984,8.444008,-5.244761,0.035154,-0.009587,-0.026632,22.651892,1.009234,1.583095
332618.0,2025-12-15T01:59:52.229112,112.857070,0.980081,0.197892,0.011610,0.012023,-0.504320,8.559651,-5.259592,-0.047937,0.017044,0.013848,22.845154,1.031328,1.614053
332644.0,2025-12-15T01:59:52.229112,112.857070,0.979620,0.200111,0.011799,0.012696,-0.530104,8.471666,-5.230313,0.004261,0.013848,0.025566,23.105700,1.033428,1.696301
332664.0,2025-12-15T01:59:52.229112,112.857070,0.979261,0.201853,0.011861,0.012746,-0.502948,8.371531,-5.158753,-0.039415,-0.002131,0.004261,23.309672,1.036263,1.705156
332697.0,2025-12-15T01:59:52.290843,112.918801,0.978794,0.204098,0.012117,0.012657,-0.527041,8.522057,-5.182963,0.004261,0.010653,-0.009587,23.572827,1.063088,1.703617
332723.0,2025-12-15T01:59:52.291859,112.919817,0.978252,0.206647,0.012265,0.013037,-0.526597,8.368576,-5.098640,0.034088,0.006392,0.000000,23.872022,1.066270,1.752448
332748.0,2025-12-15T01:59:52.346638,112.974596,0.977905,0.208269,0.012365,0.013183,-0.542384,8.399332,-5.111229,-0.049002,0.002131,0.011718,24.062377,1.071056,1.773020
332773.0,2025-12-15T01:59:52.348620,112.976578,0.977394,0.210641,0.012580,0.013188,-0.538158,8.415565,-5.072423,0.015979,0.008522,-0.001065,24.340889,1.090698,1.781277
332793.0,2025-12-15T01:59:52.407157,113.035115,0.976864,0.213083,0.012742,0.013064,-0.516804,8.282381,-4.988745,0.022371,0.002131,-0.010653,24.627496,1.107429,1.774163
332824.0,2025-12-15T01:59:52.407157,113.035115,0.976086,0.216668,0.012747,0.012216,-0.493128,8.347129,-4.908372,0.121440,-0.024501,-0.066046,25.047235,1.122550,1.683396
332850.0,2025-12-15T01:59:52.467626,113.095584,0.975736,0.218365,0.010892,0.011740,-0.286946,7.863066,-4.525899,-0.039415,-0.170442,-0.033023,25.242173,0.924168,1.585613
332870.0,2025-12-15T01:59:52.467626,113.095584,0.976048,0.216892,0.010806,0.013122,-0.905810,9.052082,-5.604568,-0.315318,0.006392,0.116114,25.070150,0.882469,1.736688
332903.0,2025-12-15T01:59:52.468620,113.096578,0.974719,0.222482,0.014520,0.014657,-0.523644,7.909915,-4.779414,0.298274,0.320645,0.064981,25.737129,1.248187,2.008217
332927.0,2025-12-15T01:59:52.525620,113.153577,0.974088,0.225356,0.014423,0.012581,-0.248125,7.252622,-4.269575,0.069242,-0.057524,-0.206661,26.072410,1.285123,1.777513
332952.0,2025-12-15T01:59:52.527153,113.155111,0.973916,0.226109,0.014137,0.012746,-0.610334,9.024586,-5.081444,-0.122505,-0.028762,0.019175,26.160460,1.247580,1.789448
332972.0,2025-12-15T01:59:52.527153,113.155111,0.972974,0.229941,0.015204,0.014751,-0.523137,8.366049,-4.772643,0.143811,0.116114,0.148072,26.616642,1.306605,2.046216
333000.0,2025-12-15T01:59:52.587582,113.215540,0.972369,0.232492,0.015092,0.014798,-0.472858,7.477348,-4.533772,0.034088,-0.017044,0.008522,26.916791,1.287498,2.051928
333026.0,2025-12-15T01:59:52.588581,113.216539,0.971388,0.236865,0.013966,0.010294,-0.445115,7.876185,-4.667695,0.200270,-0.198139,-0.376038,27.424346,1.275250,1.525442
333051.0,2025-12-15T01:59:52.646262,113.274220,0.968965,0.246959,0.010820,-0.001002,0.008179,7.511357,-4.388605,0.697748,-0.488956,-0.850081,28.599141,1.229842,0.194974
333076.0,2025-12-15T01:59:52.647260,113.275218,0.971546,0.236587,0.010348,-0.004310,0.144733,7.672681,-4.373242,-1.080178,-0.109722,-0.273773,27.369896,1.269002,-0.199331
333098.0,2025-12-15T01:59:52.707064,113.335022,0.974937,0.222111,0.010355,-0.007555,0.579166,8.189309,-5.070221,-1.432781,-0.063916,-0.285491,25.661423,1.349289,-0.580636
333126.0,2025-12-15T01:59:52.708293,113.336251,0.978129,0.207591,0.010511,-0.007668,-0.161451,9.402279,-5.739886,-1.433846,-0.009587,-0.053263,23.957261,1.360710,-0.609614
333151.0,2025-12-15T01:59:52.765846,113.393803,0.977131,0.212273,0.009807,-0.007680,0.362810,9.280544,-5.814362,0.214118,-0.051133,0.008522,24.506164,1.285030,-0.621553
333176.0,2025-12-15T01:59:52.766847,113.394805,0.975915,0.217859,0.009159,-0.006643,0.285944,8.727006,-5.526071,0.291882,-0.027697,0.094809,25.162925,1.190248,-0.514384
333201.0,2025-12-15T01:59:52.767853,113.395811,0.974027,0.226204,0.008746,-0.005119,0.072738,8.698825,-5.415310,0.530502,-0.001065,0.134223,26.145412,1.109001,-0.344752
333227.0,2025-12-15T01:59:52.826630,113.454588,0.971856,0.235310,0.009961,-0.005035,-0.083767,8.174917,-5.332512,0.602940,0.098004,-0.040480,27.218396,1.245202,-0.292259
333247.0,2025-12-15T01:59:52.827985,113.455943,0.970487,0.240815,0.012195,-0.003661,0.287027,8.542583,-4.780277,0.288687,0.216249,0.066046,27.870689,1.457332,-0.070613
333277.0,2025-12-15T01:59:52.887785,113.515743,0.967910,0.250999,0.011975,-0.002546,0.163236,7.991285,-4.497729,0.696683,0.011718,0.099070,29.076217,1.401541,0.062103
333302.0,2025-12-15T01:59:52.888786,113.516744,0.966332,0.257006,0.012207,-0.001412,0.033873,7.540822,-4.412683,0.336624,0.044741,0.088417,29.789690,1.393443,0.203195
333328.0,2025-12-15T01:59:52.888786,113.516744,0.966161,0.257604,0.013158,0.000315,0.012508,7.549119,-4.405399,-0.128897,0.107592,0.087352,29.863834,1.447630,0.423461
333355.0,2025-12-15T01:59:52.947614,113.575572,0.966237,0.257277,0.013921,0.001233,0.057666,8.230413,-4.350780,-0.213053,0.082025,0.052198,29.827300,1.505203,0.547179
333375.0,2025-12-15T01:59:52.948610,113.576568,0.964783,0.262677,0.013947,0.000893,-0.010378,8.187535,-4.320821,0.286556,-0.005326,-0.026632,30.467819,1.515282,0.518715
333407.0,2025-12-15T01:59:53.008287,113.636245,0.964161,0.264925,0.014366,0.000999,0.021400,7.544424,-4.259095,0.012783,0.036219,-0.003196,30.735718,1.557054,0.546704
333433.0,2025-12-15T01:59:53.008287,113.636245,0.963729,0.266484,0.014553,0.001269,0.043902,8.035202,-4.205881,-0.042611,0.017044,-0.013848,30.921723,1.568614,0.584805
333453.0,2025-12-15T01:59:53.066779,113.694737,0.962915,0.269412,0.014525,0.001282,0.008359,7.872705,-4.162371,0.072438,-0.002131,0.000000,31.269988,1.563309,0.590128
333485.0,2025-12-15T01:59:53.067766,113.695724,0.962506,0.270868,0.014548,0.001226,0.003952,7.664958,-4.166473,-0.055394,0.000000,-0.008522,31.443331,1.566700,0.586998
333510.0,2025-12-15T01:59:53.126962,113.754920,0.962878,0.269559,0.014284,-0.000146,0.099970,7.236205,-4.197850,-0.295078,-0.052198,-0.112918,31.285241,1.580801,0.425312
333536.0,2025-12-15T01:59:53.127964,113.755921,0.965247,0.260992,0.013429,-0.000445,0.245607,7.615242,-4.263731,-0.925715,-0.080960,-0.041545,30.265275,1.498803,0.352570
333556.0,2025-12-15T01:59:53.127964,113.755921,0.966328,0.257100,0.009874,-0.003418,0.243418,8.358208,-4.606409,-0.519849,-0.352602,-0.174703,29.796821,1.194111,-0.087608
333589.0,2025-12-15T01:59:53.186707,113.814665,0.967250,0.253666,0.006148,-0.006588,0.267016,8.253353,-4.889664,-0.479369,-0.370712,-0.185356,29.386136,0.872923,-0.551596
333614.0,2025-12-15T01:59:53.188027,113.815985,0.968668,0.248200,0.003671,-0.008066,-0.046516,8.510152,-5.170693,-0.657268,-0.240750,-0.070307,28.738844,0.636953,-0.790954
333638.0,2025-12-15T01:59:53.246833,113.874791,0.968723,0.247949,0.000602,-0.009861,0.252140,8.486117,-5.215268,-0.199204,-0.295078,-0.121440,28.710556,0.347002,-1.077642
333663.0,2025-12-15T01:59:53.246833,113.874791,0.969583,0.244452,-0.001821,-0.012211,0.316687,8.193035,-5.253219,-0.485761,-0.247141,-0.142745,28.299398,0.139765,-1.407823
333683.0,2025-12-15T01:59:53.247835,113.875793,0.970457,0.240823,-0.004018,-0.014222,0.507197,8.871360,-5.416681,-0.497478,-0.219444,-0.120375,27.874108,-0.054293,-1.692740
333715.0,2025-12-15T01:59:53.305799,113.933757,0.969049,0.246572,-0.000535,-0.012056,0.305717,9.388192,-5.668155,0.307861,0.335558,0.102265,28.548276,0.281243,-1.353960
333741.0,2025-12-15T01:59:53.307160,113.935118,0.966803,0.255364,-0.000882,-0.008973,0.458449,8.198001,-4.851531,0.581634,0.044741,0.226901,29.590091,0.164852,-1.019948
333765.0,2025-12-15T01:59:53.367630,113.995588,0.964766,0.263035,-0.001730,-0.006026,0.050367,8.382631,-4.837310,0.483630,-0.001065,0.255663,30.501124,-0.009683,-0.718322
333785.0,2025-12-15T01:59:53.368628,113.996585,0.962722,0.270472,-0.002053,-0.002598,-0.177962,8.131019,-4.583049,0.465521,0.049002,0.285491,31.385353,-0.145906,-0.350267
333818.0,2025-12-15T01:59:53.426608,114.054566,0.960909,0.276842,-0.003054,-0.001920,0.520102,7.446548,-4.788631,0.378169,-0.062851,0.046872,32.144621,-0.275373,-0.308319
333843.0,2025-12-15T01:59:53.426608,114.054566,0.960814,0.277181,-0.002705,0.000757,0.087820,8.323487,-4.484752,-0.152333,0.092678,0.207727,32.184142,-0.321901,-0.002620
333868.0,2025-12-15T01:59:53.427605,114.055563,0.953414,0.301133,-0.017610,-0.003206,-0.088722,8.879648,-5.609506,1.922802,-1.301753,0.024501,35.072347,-1.813607,-0.958434
333893.0,2025-12-15T01:59:53.486207,114.114165,0.952965,0.299611,-0.044746,-0.009414,-0.569439,7.722832,-5.191344,-0.292948,-2.344647,0.205596,35.008848,-4.567923,-2.573366
333913.0,2025-12-15T01:59:53.487211,114.115169,0.951453,0.299260,-0.070465,-0.014676,-0.802964,6.943908,-2.765867,-0.167247,-2.212554,0.252468,35.174707,-7.198328,-4.051873
333947.0,2025-12-15T01:59:53.546415,114.174373,0.949568,0.301436,-0.084839,-0.016094,-0.595821,7.324506,-2.945946,0.052198,-1.219728,0.222640,35.584903,-8.709104,-4.741789
333971.0,2025-12-15T01:59:53.547430,114.175388,0.945956,0.308879,-0.097248,-0.017417,-0.429749,7.824031,-3.348676,0.515588,-1.042894,0.186421,36.639735,-9.975399,-5.419921
333996.0,2025-12-15T01:59:53.607500,114.235457,0.944003,0.308313,-0.116221,-0.017133,-1.522530,7.255352,-3.460154,-0.137419,-1.541438,0.572047,36.819547,-12.055608,-6.105360
334022.0,2025-12-15T01:59:53.608500,114.236458,0.942523,0.305193,-0.135283,-0.014387,-2.340353,7.119427,-3.540401,-0.330232,-1.520132,0.770186,36.697802,-14.254715,-6.498616
334042.0,2025-12-15T01:59:53.609502,114.237459,0.940891,0.304477,-0.147527,-0.015937,-2.030490,7.874002,-4.084922,-0.187487,-1.056742,0.271642,36.839817,-15.539888,-7.144580
334071.0,2025-12-15T01:59:53.668060,114.296018,0.936731,0.310526,-0.160055,-0.022171,-1.990673,8.435389,-4.107521,0.354733,-1.218663,-0.175769,37.918568,-16.623846,-8.458170
334096.0,2025-12-15T01:59:53.669064,114.297022,0.928554,0.324878,-0.175846,-0.036328,-1.390500,7.821776,-3.401760,1.014132,-1.714010,-0.834102,40.277731,-17.635495,-10.992624
334120.0,2025-12-15T01:59:53.726141,114.354099,0.918839,0.341154,-0.191076,-0.053276,-1.688988,7.275690,-3.082795,1.154747,-1.815210,-1.149420,42.997016,-18.347870,-13.916250
334145.0,2025-12-15T01:59:53.727133,114.355090,0.904938,0.360047,-0.210650,-0.084147,0.700040,6.355695,-2.654786,1.284709,-2.524677,-2.129463,46.501708,-18.702646,-18.719188
334165.0,2025-12-15T01:59:53.728134,114.356092,0.884918,0.387222,-0.232554,-0.113569,-2.255056,6.214707,-2.740160,2.167813,-2.770753,-2.079396,51.271924,-18.882577,-23.751661
334195.0,2025-12-15T01:59:53.847387,114.475345,0.886127,0.386249,-0.227820,-0.117000,-1.701050,1.780019,-1.257928,-0.290817,0.155529,-0.218379,50.984697,-18.262580,-23.808300
334221.0,2025-12-15T01:59:53.848380,114.476338,0.896910,0.368988,-0.216475,-0.111976,-0.533065,5.298196,-1.450989,-1.824798,0.967260,0.474043,48.252929,-17.799213,-22.256151
334244.0,2025-12-15T01:59:53.849377,114.477334,0.907031,0.345507,-0.210434,-0.116776,0.822157,7.149951,-2.120824,-2.391519,0.272708,0.047937,45.137348,-17.520502,-22.001559
334264.0,2025-12-15T01:59:53.849377,114.477334,0.999574,-0.011472,-0.020891,-0.016834,2.763097,12.078682,-12.294003,-0.964064,-1.755556,-1.414671,-1.274982,-2.415710,-1.902808
334293.0,2025-12-15T01:59:53.907035,114.534993,0.997053,0.054471,-0.043703,-0.031763,1.260560,8.443000,-8.370158,4.389955,-3.663444,-2.675944,6.418486,-4.800609,-3.918579
334318.0,2025-12-15T01:59:53.907035,114.534993,0.997704,0.052711,-0.037085,-0.020801,0.356631,4.342580,-5.941627,4.437891,-3.122290,-1.751295,6.142319,-4.117749,-2.609770
334343.0,2025-12-15T01:59:53.908024,114.535982,0.999010,0.039754,-0.016670,0.011003,2.089795,7.472836,-4.787477,3.170227,-1.357147,0.834102,4.537340,-1.958798,1.184429
334361.0,2025-12-15T01:59:53.967751,114.595709,0.999343,0.034586,-0.010265,0.003536,0.818646,11.631284,-4.054184,2.907106,-0.862864,0.297209,3.960467,-1.189659,0.364312
334394.0,2025-12-15T01:59:53.968736,114.596694,0.997378,0.064208,-0.021130,-0.025855,-0.369106,11.131412,-4.037477,2.466087,-1.008805,-2.462891,7.427387,-2.225248,-3.114326
334418.0,2025-12-15T01:59:54.026423,114.654381,0.998396,0.037606,-0.018382,-0.038125,1.288411,7.991903,-4.564057,2.980610,-1.604288,-3.262905,4.389477,-1.939088,-4.448007
334441.0,2025-12-15T01:59:54.027320,114.655278,0.999187,0.027826,-0.019337,-0.021833,1.578572,3.979283,-4.543812,2.339321,-1.625593,-1.835451,3.238450,-2.144890,-2.564135
334467.0,2025-12-15T01:59:54.028319,114.656277,0.997148,0.049328,-0.030896,-0.048040,2.252007,8.545729,-5.532708,3.958522,-2.567287,-4.046939,5.825939,-3.260477,-5.682462
334495.0,2025-12-15T01:59:54.087611,114.715569,0.982393,0.133377,-0.089302,-0.095598,0.236180,2.722287,-1.539488,7.064833,-4.797951,-4.037352,16.398901,-8.624460,-12.361103
334520.0,2025-12-15T01:59:54.087611,114.715569,0.993275,0.100061,-0.049332,-0.030978,0.856322,-0.588639,1.717120,8.445415,-4.207794,-2.625877,11.694208,-5.267209,-4.112441
334543.0,2025-12-15T01:59:54.146671,114.774629,0.996666,0.079686,-0.016621,-0.005536,0.958669,-2.247730,0.968438,6.785734,-1.213336,-0.466586,9.155106,-1.847991,-0.784473
334563.0,2025-12-15T01:59:54.147657,114.775615,0.989620,0.141473,-0.024243,-0.007021,0.666434,-2.666354,-1.479221,5.406217,-0.541154,-0.183225,16.298766,-2.636270,-1.190566
334595.0,2025-12-15T01:59:54.206558,114.834516,0.977840,0.205039,-0.042235,-0.001954,0.095584,-4.731341,-2.329751,5.644835,-1.405084,0.484695,23.734865,-4.691811,-1.215439
334621.0,2025-12-15T01:59:54.207541,114.835499,0.961226,0.269200,-0.059680,0.003814,-0.648414,-7.867703,-3.271471,5.763080,-1.433846,0.540089,31.374596,-6.706636,-1.430840
334646.0,2025-12-15T01:59:54.208539,114.836497,0.946294,0.314326,-0.073954,0.016014,-0.628743,-7.641449,-5.493874,4.207794,-0.985370,1.074852,36.820178,-8.628790,-0.937965
334670.0,2025-12-15T01:59:54.267629,114.895587,0.999798,0.001237,-0.014372,0.013972,-0.291207,-2.434061,-2.872122,0.143811,-1.210140,1.173921,0.118716,-1.648802,1.599634
334692.0,2025-12-15T01:59:54.268630,114.896588,0.999063,-0.012597,-0.031830,0.026499,-0.678131,-3.063684,-2.829302,-1.128115,-1.457282,1.070591,-1.542000,-3.608129,3.087221
334719.0,2025-12-15T01:59:54.326628,114.954586,0.997179,-0.031362,-0.053864,0.041816,-0.639808,-2.876982,-2.248073,-1.553155,-1.852495,1.313471,-3.865962,-6.015708,5.005763
334744.0,2025-12-15T01:59:54.327638,114.955596,0.998463,-0.050589,-0.016648,0.015334,-1.315071,-1.145027,0.426777,-4.075701,-1.487109,1.290035,-5.830423,-1.816255,1.852207
334769.0,2025-12-15T01:59:54.328630,114.956588,0.997590,-0.065748,0.013929,0.017269,-0.852360,1.185558,4.260696,-5.536179,1.172856,1.454086,-7.513346,1.722655,1.870326
334794.0,2025-12-15T01:59:54.386863,115.014821,0.999729,-0.012902,0.014518,0.012830,-0.969139,0.650190,0.347777,-1.147290,1.030111,1.078048,-1.457476,1.682406,1.449175
334820.0,2025-12-15T01:59:54.386863,115.014821,0.999933,0.002440,0.006151,0.009532,-2.756834,2.408642,1.022429,0.190682,0.479369,0.800014,0.286318,0.702166,1.094040
334840.0,2025-12-15T01:59:54.446626,115.074584,0.999943,0.009625,0.004673,-0.000304,-0.183407,-0.976113,0.212742,0.997087,0.325971,-0.025566,1.102778,0.535834,-0.029720
334871.0,2025-12-15T01:59:54.447635,115.075593,0.999949,0.006709,0.007477,0.000934,0.166771,-1.839951,-0.574953,-0.045806,0.248207,0.102265,0.769705,0.856094,0.112818
334896.0,2025-12-15T01:59:54.506687,115.134645,0.999932,0.002779,0.010873,0.003110,-0.254168,-0.762108,0.211038,-0.144876,0.214118,0.182160,0.322436,1.244921,0.359949
334920.0,2025-12-15T01:59:54.507674,115.135632,0.999777,0.000160,0.015873,0.013913,0.529453,-1.706984,-0.071566,-0.144876,0.241815,0.901214,0.043639,1.818544,1.595306
334940.0,2025-12-15T01:59:54.507674,115.135632,0.999585,0.002335,0.019338,0.021219,0.266050,0.241015,-0.140960,0.018109,0.410127,0.611462,0.314763,2.209974,2.438227
334970.0,2025-12-15T01:59:54.566824,115.194782,0.999384,0.001119,0.024722,0.024879,0.720539,-1.081740,0.240226,0.080960,0.543285,0.311057,0.198847,2.829196,2.856978
334992.0,2025-12-15T01:59:54.567801,115.195759,0.999168,-0.002046,0.028545,0.029048,0.941183,-1.185005,0.246330,-0.095874,0.432497,0.351537,-0.139456,3.276845,3.326466
335017.0,2025-12-15T01:59:54.626960,115.254917,0.998987,-0.002706,0.032278,0.031233,0.934036,-0.904110,-0.034050,0.036219,0.139550,0.145941,-0.194700,3.707309,3.575214
335042.0,2025-12-15T01:59:54.626960,115.254917,0.998945,-0.003433,0.032229,0.032537,0.958752,-0.833876,-0.021511,0.076699,0.138484,0.117179,-0.273433,3.704648,3.722253
335065.0,2025-12-15T01:59:54.627958,115.255915,0.998911,-0.004173,0.032206,0.033500,1.065890,-0.870066,-0.066142,0.072438,0.144876,0.088417,-0.354824,3.705147,3.830042
335089.0,2025-12-15T01:59:54.686519,115.314477,0.998838,-0.006934,0.032331,0.035073,1.197185,-0.852557,-0.155649,-0.104396,0.168312,0.134223,-0.665098,3.731018,4.000445
335115.0,2025-12-15T01:59:54.687516,115.315474,0.998732,-0.011385,0.032308,0.036888,1.178166,-0.682541,-0.073366,-0.257794,0.169377,0.150202,-1.168939,3.748320,4.192271
335138.0,2025-12-15T01:59:54.747317,115.375274,0.998550,-0.013234,0.034948,0.038761,1.248522,-0.577612,0.014695,-0.078830,0.057524,0.077764,-1.362588,4.061094,4.397577
335163.0,2025-12-15T01:59:54.748316,115.376274,0.998635,-0.014116,0.031944,0.038835,1.211771,-0.676509,-0.095000,0.024501,-0.082025,0.011718,-1.476503,3.720905,4.406076
335183.0,2025-12-15T01:59:54.749249,115.377206,0.998699,-0.015961,0.028990,0.038790,1.049795,-0.571778,-0.050932,-0.055394,-0.074569,-0.001065,-1.700942,3.390627,4.398228
335215.0,2025-12-15T01:59:54.866592,115.494550,0.998747,-0.017409,0.026521,0.038692,0.961043,-0.447691,-0.012210,-0.030893,-0.028762,-0.004261,-1.877961,3.113970,4.386039
335241.0,2025-12-15T01:59:54.867588,115.495546,0.998668,-0.017703,0.028539,0.039182,1.075472,-0.498753,-0.053780,0.023436,-0.019175,-0.004261,-1.901409,3.347318,4.438005
335260.0,2025-12-15T01:59:54.868584,115.496542,0.998698,-0.019469,0.025990,0.039341,0.968703,-0.490923,-0.051238,-0.052198,-0.038350,0.017044,-2.114449,3.063634,4.455185
335293.0,2025-12-15T01:59:54.869586,115.497543,0.998702,-0.021444,0.023661,0.039679,0.936976,-0.437924,-0.015108,-0.073503,-0.017044,0.031958,-2.350020,2.806479,4.492846
335319.0,2025-12-15T01:59:54.927627,115.555584,0.998568,-0.022895,0.026031,0.040740,0.948001,-0.296476,-0.001372,-0.083091,0.013848,0.033023,-2.502726,3.086988,4.605100
335343.0,2025-12-15T01:59:54.928628,115.556586,0.998600,-0.023388,0.023912,0.040976,0.928569,-0.294645,0.003311,0.025566,0.008522,0.026632,-2.568061,2.847274,4.635579
335367.0,2025-12-15T01:59:54.928628,115.556586,0.998602,-0.024678,0.021862,0.041327,0.920221,-0.330359,-0.020499,-0.031958,0.012783,0.035154,-2.724327,2.619478,4.677364
335391.0,2025-12-15T01:59:54.987263,115.615221,0.998631,-0.025026,0.019822,0.041441,0.812992,-0.309974,-0.012489,0.047937,0.010653,0.017044,-2.773183,2.387807,4.694753
335423.0,2025-12-15T01:59:54.988260,115.616218,0.998505,-0.025051,0.022830,0.042877,0.880735,-0.345204,-0.036181,0.046872,0.070307,0.050067,-2.758417,2.736368,4.851752
335441.0,2025-12-15T01:59:55.046866,115.674824,0.998415,-0.027358,0.021821,0.044075,0.894340,-0.467755,-0.088338,-0.087352,0.086286,0.107592,-3.024403,2.635622,4.985760
335472.0,2025-12-15T01:59:55.047864,115.675822,0.998290,-0.029990,0.020755,0.045676,0.978722,-0.047644,0.018757,-0.190682,0.112918,0.139550,-3.327264,2.532083,5.165872
335498.0,2025-12-15T01:59:55.106632,115.734590,0.998181,-0.033090,0.019356,0.046540,0.985311,-0.192953,-0.055548,-0.201335,0.080960,0.077764,-3.687474,2.391213,5.261939
335525.0,2025-12-15T01:59:55.107614,115.735572,0.997920,-0.036212,0.022249,0.048462,0.958426,0.095864,-0.027756,-0.250337,0.060720,0.101200,-4.025285,2.746394,5.463985
335549.0,2025-12-15T01:59:55.108612,115.736570,0.997725,-0.039634,0.020946,0.050344,0.869767,0.081450,-0.036138,-0.280165,0.098004,0.162985,-4.419567,2.624379,5.676013
335576.0,2025-12-15T01:59:55.167622,115.795580,0.997427,-0.041928,0.017403,0.055490,1.208659,0.517665,0.066652,-0.266316,-0.110787,0.429302,-4.690424,2.256272,6.276129
335602.0,2025-12-15T01:59:55.168623,115.796581,0.996727,-0.046707,0.013545,0.064576,1.194875,-0.055974,-0.016534,-0.386691,-0.138484,0.761664,-5.244610,1.893022,7.327056
335628.0,2025-12-15T01:59:55.227632,115.855590,0.993669,-0.068317,0.018562,0.087232,1.816013,-0.580943,0.138720,-1.742772,0.282295,1.841842,-7.624979,2.797649,9.847537
335653.0,2025-12-15T01:59:55.227632,115.855590,0.989626,-0.081623,0.017173,0.116975,0.790512,1.994343,-0.209592,-1.346494,-0.060720,2.492719,-9.076761,3.043010,13.240694
335677.0,2025-12-15T01:59:55.287356,115.915313,0.983103,-0.110814,0.026967,0.143187,-1.996240,2.210028,-0.084551,-2.573679,0.814927,2.242382,-12.176263,4.862001,16.054669
335697.0,2025-12-15T01:59:55.287356,115.915313,0.997481,-0.062706,0.026330,0.020138,-1.053061,2.367920,1.924589,-5.300756,2.182727,1.695901,-7.135970,3.155878,2.116378
335730.0,2025-12-15T01:59:55.347624,115.975582,0.997001,-0.066264,0.026138,0.030261,1.248512,3.200231,-1.100128,-5.629922,2.029329,2.460761,-7.513184,3.217731,3.265744
335756.0,2025-12-15T01:59:55.348148,115.976105,0.995486,-0.082397,0.026405,0.039010,-0.023521,3.085871,-2.515898,-6.992395,2.223207,3.291667,-9.338777,3.382420,4.211800
335781.0,2025-12-15T01:59:55.405459,116.033417,0.992175,-0.110523,0.034773,0.046517,2.449641,6.339943,-3.650326,-9.533051,3.039199,3.938282,-12.519063,4.547417,4.869568
335801.0,2025-12-15T01:59:55.406657,116.034615,0.990506,-0.120727,0.041641,0.050886,-0.781521,6.255814,-7.597529,-10.238256,3.531351,4.315386,-13.649730,5.438508,5.230436
335831.0,2025-12-15T01:59:55.407675,116.035633,0.954566,-0.264704,0.092822,0.100598,-5.576255,11.723385,-16.517799,-12.467854,4.557201,4.364388,-30.009468,13.324586,8.445451
335854.0,2025-12-15T01:59:55.467674,116.095631,0.965383,-0.224117,0.109985,0.075572,-3.133402,16.464203,-18.866158,3.840278,1.507349,-1.401888,-25.423826,14.254497,5.720845
335880.0,2025-12-15T01:59:55.468684,116.096642,0.985662,-0.122256,0.106169,0.047464,-1.056031,6.377677,-11.609485,8.929046,-0.617853,-1.547829,-13.696415,12.761828,3.974893
335900.0,2025-12-15T01:59:55.469677,116.097635,0.971143,-0.192272,0.120885,0.072800,-0.998256,7.121679,-11.149534,-6.131661,1.370995,1.687379,-21.642127,15.235612,5.645337
335930.0,2025-12-15T01:59:55.527179,116.155137,0.962351,-0.223795,0.127744,0.086478,-1.695202,11.472125,-14.924664,-2.812298,0.621049,0.960868,-25.230976,16.533511,6.544819
335954.0,2025-12-15T01:59:55.528180,116.156138,0.964770,-0.216433,0.121551,0.087185,-0.945535,6.320409,-11.877373,0.588026,-0.593352,0.002131,-24.329702,15.799850,6.900789
335977.0,2025-12-15T01:59:55.587065,116.215023,0.999907,-0.012769,-0.002769,0.003931,0.835099,10.611372,-8.844657,-1.271926,-0.215183,0.330232,-1.464497,-0.311499,0.454476
336002.0,2025-12-15T01:59:55.588065,116.216022,0.999665,-0.022305,-0.007146,0.011039,1.358165,9.386586,-8.096348,-0.998153,-0.338754,0.596548,-2.565253,-0.790366,1.283027
336026.0,2025-12-15T01:59:55.589071,116.217029,0.999354,-0.029090,-0.010709,0.018164,1.605632,9.652048,-8.412670,-0.751011,-0.264186,0.524110,-3.356191,-1.165888,2.116719
336053.0,2025-12-15T01:59:55.646681,116.274639,0.997669,-0.062098,-0.004305,0.027963,0.917392,9.098544,-8.603576,-2.955043,0.593352,0.876713,-7.131658,-0.293162,3.229217
336073.0,2025-12-15T01:59:55.647710,116.275667,0.995792,-0.086365,-0.000051,0.030667,-0.630375,10.773714,-12.310922,-2.230664,0.399474,0.263120,-9.904585,0.297635,3.502133
336105.0,2025-12-15T01:59:55.707100,116.335058,0.997211,-0.069041,-0.000907,0.028347,-0.446796,9.944709,-10.922576,1.260208,-0.096939,-0.204531,-7.917618,0.120658,3.248232
336131.0,2025-12-15T01:59:55.707100,116.335058,0.996996,-0.071483,-0.000844,0.029821,-0.549027,8.981424,-10.168591,-0.390952,0.019175,0.055394,-8.197603,0.147907,3.415946
336151.0,2025-12-15T01:59:55.708100,116.336058,0.996916,-0.072463,-0.000418,0.030110,-0.554062,9.940339,-11.166050,-0.279099,0.037284,0.026632,-8.308653,0.202242,3.445307
336177.0,2025-12-15T01:59:55.767755,116.395713,0.997124,-0.069691,-0.000221,0.029779,-0.508191,9.457313,-10.577206,0.036219,0.012783,-0.027697,-7.989696,0.212596,3.406365
336203.0,2025-12-15T01:59:55.767755,116.395713,0.997268,-0.067610,-0.000093,0.029744,-0.543827,9.654812,-10.721354,-0.022371,0.006392,-0.003196,-7.750322,0.219799,3.401851
336229.0,2025-12-15T01:59:55.826023,116.453981,0.997412,-0.065069,-0.000036,0.030597,-0.589425,9.582961,-10.670753,0.026632,0.008522,0.006392,-7.458276,0.224031,3.499606
336254.0,2025-12-15T01:59:55.827199,116.455157,0.997555,-0.062954,0.000342,0.030343,-0.528853,9.537881,-10.604163,-0.019175,0.028762,-0.020240,-7.214255,0.258031,3.468253
336279.0,2025-12-15T01:59:55.887319,116.515277,0.997706,-0.060440,0.000606,0.030478,-0.493471,9.723168,-10.573057,0.013848,0.017044,0.011718,-6.924810,0.280351,3.482471
336303.0,2025-12-15T01:59:55.888316,116.516274,0.997862,-0.057655,0.000787,0.030784,-0.496706,9.578184,-10.355535,0.036219,0.008522,0.025566,-6.604531,0.293417,3.517064
336329.0,2025-12-15T01:59:55.888316,116.516274,0.997945,-0.055832,0.000728,0.031426,-0.540074,9.602936,-10.481080,-0.035154,0.004261,-0.009587,-6.395493,0.284267,3.591475
336355.0,2025-12-15T01:59:55.946638,116.574595,0.998080,-0.053335,0.000881,0.031494,-0.582248,9.554274,-10.374418,0.011718,0.006392,0.005326,-6.108438,0.293200,3.599093
336375.0,2025-12-15T01:59:55.947822,116.575779,0.998198,-0.051050,0.000992,0.031514,-0.561238,9.633324,-10.373297,-0.006392,0.004261,0.001065,-5.845956,0.297872,3.601318
336409.0,2025-12-15T01:59:56.006979,116.634936,0.998280,-0.048907,0.000999,0.032311,-0.550855,9.572951,-10.302901,-0.007457,0.004261,0.000000,-5.599959,0.295327,3.693176
336434.0,2025-12-15T01:59:56.006979,116.634936,0.998391,-0.046568,0.001111,0.032330,-0.563317,9.630116,-10.293169,-0.002131,0.004261,0.001065,-5.331386,0.299608,3.695464
336457.0,2025-12-15T01:59:56.067153,116.695111,0.998493,-0.044304,0.001226,0.032350,-0.584667,9.607189,-10.217128,-0.008522,0.004261,0.001065,-5.071396,0.304512,3.697802
336482.0,2025-12-15T01:59:56.068162,116.696120,0.998593,-0.041976,0.001351,0.032381,-0.563538,9.607060,-10.182867,-0.003196,0.005326,0.002131,-4.804009,0.310371,3.701513
336501.0,2025-12-15T01:59:56.069327,116.697284,0.998685,-0.039722,0.001472,0.032388,-0.561042,9.605657,-10.148783,-0.009587,0.005326,0.000000,-4.545240,0.315910,3.702390
336531.0,2025-12-15T01:59:56.126664,116.754622,0.998742,-0.037547,0.001504,0.033201,-0.598604,9.611845,-10.107259,-0.005326,0.005326,0.002131,-4.295492,0.314971,3.796164
336555.0,2025-12-15T01:59:56.127654,116.755612,0.998824,-0.035266,0.001646,0.033233,-0.596726,9.612809,-10.069225,-0.007457,0.006392,0.002131,-4.033588,0.322706,3.799923
336580.0,2025-12-15T01:59:56.187055,116.815012,0.998899,-0.033022,0.001771,0.033265,-0.583924,9.612813,-10.018665,-0.010653,0.005326,0.002131,-3.775947,0.328600,3.803857
336607.0,2025-12-15T01:59:56.248699,116.876657,0.998940,-0.030881,0.001809,0.034074,-0.612364,9.609020,-9.983112,-0.008522,0.006392,0.002131,-3.530200,0.327633,3.897066
336632.0,2025-12-15T01:59:56.248699,116.876657,0.999005,-0.028661,0.001955,0.034118,-0.627901,9.616241,-9.933434,-0.012783,0.006392,0.003196,-3.275287,0.335808,3.902456
336657.0,2025-12-15T01:59:56.248699,116.876657,0.999065,-0.026428,0.002093,0.034163,-0.595775,9.610567,-9.888863,-0.011718,0.006392,0.003196,-3.018848,0.343044,3.907924
336680.0,2025-12-15T01:59:56.249699,116.877657,0.999118,-0.024245,0.002232,0.034209,-0.609695,9.627103,-9.863082,-0.015979,0.006392,0.003196,-2.768151,0.350599,3.913466
336704.0,2025-12-15T01:59:56.307053,116.935011,0.999159,-0.022317,0.002444,0.034316,-0.623895,9.614280,-9.825152,-0.037284,0.012783,0.008522,-2.546414,0.367549,3.925938
336730.0,2025-12-15T01:59:56.308053,116.936011,0.999162,-0.020647,0.002580,0.035243,-0.630969,9.614321,-9.810923,-0.047937,0.014914,0.011718,-2.354306,0.378782,4.032520
336755.0,2025-12-15T01:59:56.367640,116.995598,0.999200,-0.018539,0.002742,0.035327,-0.619311,9.631112,-9.791269,-0.022371,0.008522,0.006392,-2.112147,0.389015,4.042579
336775.0,2025-12-15T01:59:56.368930,116.996887,0.999238,-0.016239,0.002875,0.035374,-0.630823,9.614592,-9.743835,-0.006392,0.005326,0.003196,-1.848167,0.395030,4.048534
336805.0,2025-12-15T01:59:56.369949,116.997907,0.999271,-0.013964,0.003011,0.035407,-0.647963,9.613010,-9.698617,-0.008522,0.005326,0.002131,-1.587059,0.401448,4.053099
336830.0,2025-12-15T01:59:56.426736,117.054694,0.999272,-0.011798,0.002977,0.036162,-0.641169,9.602493,-9.643589,-0.008522,0.004261,0.003196,-1.338823,0.389815,4.140474
336854.0,2025-12-15T01:59:56.427848,117.055806,0.999294,-0.009549,0.003138,0.036195,-0.655820,9.614650,-9.618357,-0.010653,0.007457,0.002131,-1.080558,0.398896,4.145017
336874.0,2025-12-15T01:59:56.485713,117.113671,0.999311,-0.007300,0.003298,0.036229,-0.658483,9.613719,-9.559340,-0.010653,0.007457,0.002131,-0.822267,0.408020,4.149651
336903.0,2025-12-15T01:59:56.487109,117.115067,0.999323,-0.005125,0.003430,0.036276,-0.655503,9.611455,-9.526967,-0.017044,0.005326,0.003196,-0.572667,0.414133,4.155864
336928.0,2025-12-15T01:59:56.488121,117.116078,0.999299,-0.003127,0.003492,0.037140,-0.668143,9.605700,-9.502762,-0.020240,0.007457,0.005326,-0.343234,0.413213,4.255751
336949.0,2025-12-15T01:59:56.547734,117.175692,0.999299,-0.001196,0.003697,0.037239,-0.689641,9.599266,-9.450935,-0.037284,0.011718,0.007457,-0.121181,0.428491,4.267826
336973.0,2025-12-15T01:59:56.548814,117.176772,0.999292,0.000556,0.003945,0.037402,-0.687695,9.596919,-9.436255,-0.052198,0.015979,0.012783,0.080589,0.449405,4.287296
336999.0,2025-12-15T01:59:56.605951,117.233909,0.999282,0.002156,0.004198,0.037604,-0.680091,9.589128,-9.423391,-0.064981,0.017044,0.015979,0.264961,0.471387,4.311302
337024.0,2025-12-15T01:59:56.606952,117.234910,0.999241,0.003806,0.004355,0.038526,-0.703046,9.609138,-9.417634,-0.050067,0.015979,0.012783,0.455105,0.481842,4.417820
337047.0,2025-12-15T01:59:56.607953,117.235911,0.999227,0.005889,0.004567,0.038601,-0.712749,9.610297,-9.379658,-0.024501,0.011718,0.005326,0.694577,0.496876,4.427539
337071.0,2025-12-15T01:59:56.666513,117.294471,0.999209,0.008151,0.004723,0.038637,-0.711885,9.593797,-9.330231,-0.009587,0.006392,0.002131,0.954343,0.504659,4.432934
337096.0,2025-12-15T01:59:56.668514,117.296472,0.999187,0.010400,0.004892,0.038635,-0.716426,9.578045,-9.290698,-0.010653,0.007457,-0.001065,1.212599,0.514120,4.434075
337120.0,2025-12-15T01:59:56.726892,117.354850,0.999133,0.012328,0.005075,0.039434,-0.727533,9.589149,-9.237611,-0.024501,0.013848,-0.003196,1.434635,0.525385,4.526985
337145.0,2025-12-15T01:59:56.727884,117.355842,0.999106,0.014305,0.005362,0.039411,-0.725195,9.568146,-9.213139,-0.033023,0.018109,-0.003196,1.662302,0.549297,4.525794
337169.0,2025-12-15T01:59:56.728884,117.356841,0.999071,0.016362,0.005556,0.039488,-0.709064,9.634828,-9.193097,-0.026632,0.010653,0.005326,1.898765,0.562049,4.536120
337195.0,2025-12-15T01:59:56.785928,117.413886,0.999030,0.018673,0.005715,0.039474,-0.719287,9.560603,-9.129282,-0.005326,0.006392,-0.002131,2.164156,0.569762,4.536197
337220.0,2025-12-15T01:59:56.787342,117.415300,0.998956,0.020952,0.005763,0.040190,-0.743608,9.600863,-9.106294,0.000000,0.005326,0.004261,2.425769,0.563243,4.619639
337242.0,2025-12-15T01:59:56.847640,117.475598,0.998903,0.023263,0.005885,0.040213,-0.737735,9.585570,-9.053949,-0.005326,0.003196,0.001065,2.691108,0.566480,4.623964
337268.0,2025-12-15T01:59:56.848638,117.476596,0.998844,0.025587,0.006006,0.040237,-0.730504,9.580743,-9.021357,-0.004261,0.003196,0.001065,2.957842,0.569495,4.628321
337293.0,2025-12-15T01:59:56.907501,117.535459,0.998781,0.027897,0.006155,0.040261,-0.743507,9.575722,-8.973177,-0.005326,0.005326,0.001065,3.223068,0.575763,4.632870
337317.0,2025-12-15T01:59:56.907501,117.535459,0.998687,0.030092,0.006195,0.040992,-0.760033,9.563831,-8.918111,-0.005326,0.005326,0.001065,3.475123,0.567677,4.718076
337340.0,2025-12-15T01:59:56.908496,117.536454,0.998613,0.032387,0.006341,0.041029,-0.742999,9.568841,-8.883246,-0.006392,0.005326,0.002131,3.738775,0.573403,4.724128
337365.0,2025-12-15T01:59:56.968251,117.596209,0.998533,0.034681,0.006504,0.041078,-0.761777,9.569072,-8.840899,-0.006392,0.006392,0.003196,4.002372,0.580961,4.731788
337388.0,2025-12-15T01:59:56.969273,117.597231,0.998449,0.036936,0.006666,0.041116,-0.763742,9.557493,-8.801593,-0.009587,0.006392,0.002131,4.261518,0.588654,4.738074
337414.0,2025-12-15T01:59:57.026736,117.654693,0.998339,0.039101,0.006682,0.041788,-0.760452,9.550656,-8.756760,-0.009587,0.005326,0.003196,4.510124,0.577153,4.816434
337439.0,2025-12-15T01:59:57.026736,117.654693,0.998245,0.041317,0.006838,0.041864,-0.759443,9.538569,-8.712419,-0.012783,0.006392,0.005326,4.764789,0.583960,4.827119
337459.0,2025-12-15T01:59:57.028188,117.656146,0.998149,0.043493,0.007008,0.041927,-0.773013,9.542797,-8.691266,-0.015979,0.007457,0.004261,5.014994,0.592635,4.836546
337489.0,2025-12-15T01:59:57.086996,117.714954,0.998043,0.045821,0.007146,0.041951,-0.762757,9.532981,-8.641165,-0.003196,0.004261,0.001065,5.282494,0.597037,4.841323
337513.0,2025-12-15T01:59:57.088036,117.715994,0.997907,0.048003,0.007256,0.042726,-0.787522,9.522449,-8.603062,-0.004261,0.005326,0.001065,5.533661,0.594669,4.932076
337536.0,2025-12-15T01:59:57.147638,117.775595,0.997791,0.050316,0.007399,0.042749,-0.795406,9.528471,-8.550192,-0.004261,0.004261,0.001065,5.799508,0.599536,4.936914
337562.0,2025-12-15T01:59:57.148637,117.776595,0.997667,0.052653,0.007552,0.042798,-0.781180,9.521100,-8.515434,-0.002131,0.005326,0.003196,6.068183,0.605117,4.944840
337582.0,2025-12-15T01:59:57.148637,117.776595,0.997539,0.054963,0.007705,0.042835,-0.784621,9.499942,-8.469127,-0.004261,0.005326,0.002131,6.333820,0.610947,4.951376
337613.0,2025-12-15T01:59:57.206172,117.834130,0.997386,0.057154,0.007725,0.043529,-0.801863,9.503088,-8.424771,-0.005326,0.003196,0.001065,6.585673,0.597847,5.032303
337638.0,2025-12-15T01:59:57.207185,117.835142,0.997249,0.059462,0.007866,0.043551,-0.791066,9.500172,-8.382822,-0.004261,0.004261,0.001065,6.851058,0.602147,5.037252
337662.0,2025-12-15T01:59:57.329750,117.957708,0.997107,0.061768,0.008020,0.043575,-0.791763,9.491288,-8.341370,-0.004261,0.005326,0.001065,7.116320,0.607897,5.042422
337682.0,2025-12-15T01:59:57.330752,117.958709,0.996959,0.064072,0.008167,0.043597,-0.816309,9.482574,-8.281306,-0.004261,0.004261,0.001065,7.381455,0.612887,5.047471
337714.0,2025-12-15T01:59:57.330752,117.958709,0.996784,0.066254,0.008218,0.044312,-0.809809,9.481800,-8.262066,-0.005326,0.005326,0.002131,7.632479,0.602257,5.130982
337789.0,2025-12-15T01:59:57.385776,118.013734,0.996294,0.073142,0.008647,0.044429,-0.809446,9.458236,-8.130738,-0.005326,0.005326,0.002131,8.425268,0.614799,5.152070
337815.0,2025-12-15T01:59:57.387136,118.015094,0.996099,0.075312,0.008743,0.045157,-0.816431,9.447197,-8.093483,-0.005326,0.004261,0.002131,8.675303,0.608249,5.237509
337837.0,2025-12-15T01:59:57.446733,118.074690,0.995922,0.077582,0.008887,0.045179,-0.824070,9.437482,-8.035776,-0.006392,0.004261,0.001065,8.936690,0.612591,5.242698
337861.0,2025-12-15T01:59:57.447729,118.075687,0.995740,0.079849,0.009059,0.045216,-0.837915,9.426227,-7.989097,-0.006392,0.006392,0.002131,9.197946,0.619954,5.249825
337888.0,2025-12-15T01:59:57.448735,118.076693,0.995551,0.082128,0.009200,0.045251,-0.813636,9.415832,-7.964916,-0.005326,0.004261,0.002131,9.460495,0.623732,5.256550
337917.0,2025-12-15T01:59:57.506408,118.134366,0.995340,0.084316,0.009280,0.045865,-0.834993,9.416676,-7.909205,-0.005326,0.005326,0.000000,9.712662,0.615267,5.328883
337941.0,2025-12-15T01:59:57.507396,118.135354,0.995139,0.086617,0.009415,0.045898,-0.842715,9.403116,-7.870942,-0.003196,0.003196,0.002131,9.977797,0.618067,5.335382
337966.0,2025-12-15T01:59:57.567804,118.195762,0.994933,0.088917,0.009546,0.045956,-0.835546,9.393072,-7.825237,-0.003196,0.003196,0.004261,10.242795,0.620118,5.344770
337991.0,2025-12-15T01:59:57.568836,118.196794,0.994726,0.091163,0.009689,0.045990,-0.831323,9.380816,-7.783331,-0.007457,0.004261,0.002131,10.501783,0.623973,5.351584
338016.0,2025-12-15T01:59:57.627524,118.255481,0.994496,0.093344,0.009757,0.046576,-0.848939,9.382835,-7.750519,-0.006392,0.005326,0.002131,10.753277,0.613699,5.420618
338040.0,2025-12-15T01:59:57.627524,118.255481,0.994281,0.095573,0.009917,0.046611,-0.860176,9.370813,-7.693793,-0.008522,0.005326,0.002131,11.010479,0.619438,5.427719
338060.0,2025-12-15T01:59:57.628525,118.256483,0.994062,0.097788,0.010057,0.046658,-0.838657,9.362809,-7.661939,-0.009587,0.004261,0.003196,11.266065,0.622821,5.436019
338090.0,2025-12-15T01:59:57.685979,118.313937,0.993839,0.100001,0.010216,0.046693,-0.855441,9.343731,-7.623889,-0.009587,0.005326,0.002131,11.521464,0.628386,5.443217
338114.0,2025-12-15T01:59:57.687423,118.315381,0.993586,0.102137,0.010302,0.047418,-0.861833,9.340009,-7.584704,-0.006392,0.005326,0.003196,11.768175,0.617973,5.528290
338138.0,2025-12-15T01:59:57.748018,118.375976,0.993355,0.104332,0.010461,0.047453,-0.864763,9.313844,-7.555107,-0.010653,0.005326,0.002131,12.021770,0.623414,5.535520
338158.0,2025-12-15T01:59:57.749016,118.376974,0.993117,0.106539,0.010617,0.047487,-0.855173,9.320506,-7.518780,-0.009587,0.005326,0.002131,12.276633,0.628512,5.542800
338189.0,2025-12-15T01:59:57.806657,118.434614,0.992872,0.108767,0.010790,0.047523,-0.866027,9.304705,-7.462835,-0.007457,0.006392,0.002131,12.534225,0.635327,5.550446
338215.0,2025-12-15T01:59:57.807407,118.435365,0.992603,0.110912,0.010864,0.048174,-0.884728,9.292789,-7.428458,-0.006392,0.004261,0.002131,12.782047,0.623439,5.626967
338241.0,2025-12-15T01:59:57.808426,118.436384,0.992346,0.113149,0.011025,0.048221,-0.879247,9.290282,-7.388287,-0.006392,0.005326,0.003196,13.040723,0.628488,5.635743
338260.0,2025-12-15T01:59:57.866541,118.494499,0.992087,0.115372,0.011183,0.048255,-0.863551,9.271734,-7.349985,-0.007457,0.005326,0.002131,13.297736,0.633411,5.643153
338292.0,2025-12-15T01:59:57.866541,118.494499,0.991822,0.117604,0.011348,0.048276,-0.881925,9.260458,-7.304943,-0.006392,0.005326,0.001065,13.555994,0.639179,5.649203
338319.0,2025-12-15T01:59:57.927635,118.555593,0.991538,0.119690,0.011480,0.048937,-0.944268,9.238230,-7.283741,-0.009587,0.006392,0.000000,13.797562,0.633220,5.727599
338342.0,2025-12-15T01:59:57.928401,118.556359,0.991307,0.121355,0.011866,0.049418,-0.837740,9.300457,-7.280661,-0.053263,0.031958,0.036219,13.992139,0.660716,5.788946
338366.0,2025-12-15T01:59:57.928401,118.556359,0.991077,0.123089,0.012073,0.049691,-0.758515,9.108497,-7.078076,-0.047937,0.015979,0.020240,14.193492,0.670207,5.824083
338393.0,2025-12-15T01:59:57.986559,118.614516,0.990896,0.124389,0.012369,0.049996,-0.987083,9.261755,-7.211061,-0.084156,0.021305,0.022371,14.345416,0.691893,5.863922
338417.0,2025-12-15T01:59:57.987547,118.615505,0.990590,0.126566,0.012518,0.050551,-0.950850,9.269210,-7.214912,-0.003196,0.007457,-0.001065,14.597900,0.687821,5.930749
338437.0,2025-12-15T01:59:58.047635,118.675592,0.990282,0.128901,0.012655,0.050659,-0.858879,9.141317,-7.067420,0.003196,0.004261,0.008522,14.868303,0.687808,5.946650
338470.0,2025-12-15T01:59:58.048633,118.676590,0.990030,0.130805,0.012804,0.050668,-0.947292,9.193393,-7.117219,-0.033023,0.004261,0.000000,15.088989,0.693118,5.951340
338495.0,2025-12-15T01:59:58.106673,118.734631,0.989717,0.133121,0.012971,0.050698,-0.952986,9.199202,-7.057471,0.002131,0.004261,0.002131,15.357454,0.697769,5.958879
338521.0,2025-12-15T01:59:58.107673,118.735631,0.989379,0.135347,0.013055,0.051387,-0.913328,9.172664,-7.045133,0.002131,0.003196,0.008522,15.615478,0.683152,6.040026
338541.0,2025-12-15T01:59:58.107673,118.735631,0.989075,0.137532,0.013222,0.051383,-0.909181,9.165771,-6.934525,-0.008522,0.005326,-0.001065,15.868927,0.688801,6.043755
338571.0,2025-12-15T01:59:58.167210,118.795168,0.988765,0.139727,0.013391,0.051388,-0.975959,9.183740,-6.980396,-0.007457,0.004261,0.000000,16.123642,0.694481,6.048540
338594.0,2025-12-15T01:59:58.168213,118.796170,0.988417,0.142120,0.013571,0.051483,-0.923469,9.134347,-6.869611,0.009587,0.006392,0.007457,16.401496,0.698672,6.063946
338617.0,2025-12-15T01:59:58.227168,118.855126,0.988096,0.144109,0.013662,0.052086,-0.923991,9.077624,-6.813482,-0.015979,0.003196,-0.002131,16.632399,0.686761,6.135298
338643.0,2025-12-15T01:59:58.228170,118.856128,0.987761,0.146358,0.013839,0.052117,-0.961796,9.114181,-6.842663,-0.002131,0.005326,0.002131,16.893754,0.692343,6.143338
338667.0,2025-12-15T01:59:58.228170,118.856128,0.987434,0.148518,0.013998,0.052159,-0.967856,9.098056,-6.786885,-0.009587,0.004261,0.003196,17.144726,0.696267,6.152395
338690.0,2025-12-15T01:59:58.287640,118.915598,0.987091,0.150763,0.014157,0.052164,-0.919051,9.061335,-6.716900,-0.002131,0.004261,0.000000,17.405582,0.700146,6.157321
338715.0,2025-12-15T01:59:58.287640,118.915598,0.986739,0.152878,0.014229,0.052644,-0.939070,9.080752,-6.684307,-0.007457,0.003196,0.000000,17.651209,0.686640,6.214426
338740.0,2025-12-15T01:59:58.346648,118.974606,0.986396,0.155055,0.014395,0.052660,-0.974990,9.050336,-6.679025,-0.007457,0.004261,0.001065,17.904379,0.691412,6.220737
338763.0,2025-12-15T01:59:58.346648,118.974606,0.986036,0.157304,0.014555,0.052701,-0.955644,9.064636,-6.637872,-0.001065,0.004261,0.003196,18.166075,0.694629,6.229852
338791.0,2025-12-15T01:59:58.406446,119.034403,0.985686,0.159463,0.014713,0.052706,-0.939199,9.037504,-6.572725,-0.008522,0.004261,0.000000,18.417306,0.698776,6.234858
338816.0,2025-12-15T01:59:58.467113,119.095070,0.985303,0.161636,0.014819,0.053229,-0.962558,9.011511,-6.565813,-0.001065,0.005326,0.002131,18.670246,0.687244,6.297487
338839.0,2025-12-15T01:59:58.468571,119.096529,0.984935,0.163838,0.014993,0.053247,-0.954054,9.010866,-6.500638,-0.004261,0.005326,0.001065,18.926848,0.692475,6.304345
338862.0,2025-12-15T01:59:58.469594,119.097551,0.984563,0.166038,0.015168,0.053265,-0.957687,8.985683,-6.468518,-0.004261,0.005326,0.001065,19.183217,0.697840,6.311254
338888.0,2025-12-15T01:59:58.469594,119.097551,0.984188,0.168223,0.015329,0.053293,-0.960415,8.963936,-6.410264,-0.005326,0.004261,0.002131,19.437907,0.701446,6.319106
338914.0,2025-12-15T01:59:58.527632,119.155590,0.983797,0.170318,0.015432,0.053826,-0.965843,8.972862,-6.378606,-0.006392,0.005326,0.002131,19.682167,0.689223,6.382949
338937.0,2025-12-15T01:59:58.527632,119.155590,0.983414,0.172496,0.015610,0.053831,-0.963796,8.931009,-6.353287,-0.005326,0.005326,0.000000,19.936357,0.695027,6.388550
338962.0,2025-12-15T01:59:58.528633,119.156590,0.983029,0.174659,0.015788,0.053836,-0.969825,8.930869,-6.311664,-0.006392,0.005326,0.000000,20.188863,0.700970,6.394207
338987.0,2025-12-15T01:59:58.586463,119.214421,0.982639,0.176820,0.015948,0.053864,-0.961947,8.889111,-6.261769,-0.006392,0.004261,0.002131,20.441156,0.704396,6.402139
339014.0,2025-12-15T01:59:58.587435,119.215393,0.982239,0.178836,0.016076,0.054451,-0.980062,8.925572,-6.249822,-0.011718,0.007457,0.005326,20.676845,0.693622,6.472447
339039.0,2025-12-15T01:59:58.646948,119.274906,0.981870,0.180829,0.016241,0.054483,-0.971442,8.867649,-6.195571,-0.020240,0.005326,0.002131,20.909795,0.698354,6.480892
339064.0,2025-12-15T01:59:58.647964,119.275922,0.981478,0.182906,0.016429,0.054555,-0.978709,8.885982,-6.180364,-0.012783,0.007457,0.005326,21.152765,0.704306,6.494488
339089.0,2025-12-15T01:59:58.706632,119.334589,0.981097,0.184919,0.016581,0.054585,-0.965607,8.840672,-6.135542,-0.018109,0.004261,0.002131,21.388163,0.707458,6.502496
339113.0,2025-12-15T01:59:58.706632,119.334589,0.980677,0.186955,0.016696,0.055150,-0.982931,8.844330,-6.092793,-0.008522,0.007457,0.002131,21.626443,0.694722,6.570175
339132.0,2025-12-15T01:59:58.707856,119.335814,0.980285,0.188975,0.016849,0.055191,-0.984716,8.820121,-6.067195,-0.017044,0.004261,0.003196,21.862851,0.697569,6.579519
339165.0,2025-12-15T01:59:58.767533,119.395491,0.979863,0.191128,0.017026,0.055219,-0.989379,8.814751,-6.022054,-0.005326,0.005326,0.002131,22.114993,0.702400,6.588087
339189.0,2025-12-15T01:59:58.768527,119.396485,0.979462,0.193141,0.017198,0.055277,-0.967978,8.794751,-6.010558,-0.017044,0.006392,0.004261,22.350962,0.706842,6.599934
339215.0,2025-12-15T01:59:58.827650,119.455607,0.979007,0.195239,0.017388,0.055899,-1.003870,8.788569,-5.935112,-0.001065,0.010653,0.003196,22.597397,0.700131,6.675665
339239.0,2025-12-15T01:59:58.828651,119.456609,0.978607,0.197223,0.017535,0.055900,-0.988998,8.769552,-5.940423,-0.019175,0.003196,0.000000,22.829908,0.703053,6.680507
339258.0,2025-12-15T01:59:58.828651,119.456609,0.978169,0.199336,0.017762,0.055990,-0.993647,8.776116,-5.897196,-0.007457,0.010653,0.006392,23.078302,0.711981,6.697360
339289.0,2025-12-15T01:59:58.886668,119.514626,0.977787,0.201175,0.017961,0.056030,-0.998915,8.703576,-5.859444,-0.030893,0.008522,0.002131,23.294418,0.720818,6.707811
339316.0,2025-12-15T01:59:58.886668,119.514626,0.977468,0.202482,0.018235,0.056782,-1.002548,8.712298,-5.827291,-0.069242,0.025566,0.018109,23.449626,0.725049,6.799707
339337.0,2025-12-15T01:59:58.947729,119.575687,0.977295,0.203195,0.018522,0.057119,-1.031075,8.737617,-5.872098,-0.126766,0.025566,0.022371,23.535165,0.744380,6.844831
339364.0,2025-12-15T01:59:58.948724,119.576682,0.976783,0.205608,0.018792,0.057168,-1.035761,8.827681,-5.857480,0.019175,0.011718,0.003196,23.819186,0.756544,6.858582
339389.0,2025-12-15T01:59:58.949723,119.577681,0.976393,0.207451,0.018963,0.057111,-1.017596,8.658812,-5.797179,-0.029827,0.004261,-0.005326,24.035891,0.764125,6.857699
339417.0,2025-12-15T01:59:59.006040,119.633998,0.975936,0.209382,0.019236,0.057774,-1.015587,8.646956,-5.716158,-0.013848,0.018109,0.008522,24.264273,0.765112,6.940279
339440.0,2025-12-15T01:59:59.007035,119.634993,0.975627,0.210768,0.019496,0.057866,-1.031795,8.625629,-5.746993,-0.068177,0.015979,0.004261,24.428515,0.781990,6.957983
339465.0,2025-12-15T01:59:59.068412,119.696370,0.975163,0.212858,0.019792,0.057946,-1.026059,8.716706,-5.722507,-0.007457,0.015979,0.004261,24.675392,0.798256,6.975822
339489.0,2025-12-15T01:59:59.069547,119.697505,0.974711,0.214925,0.019974,0.057845,-1.024361,8.592527,-5.664329,-0.009587,0.003196,-0.008522,24.918758,0.806338,6.970675
339513.0,2025-12-15T01:59:59.127018,119.754976,0.974218,0.216988,0.020198,0.058383,-1.052353,8.683291,-5.681087,-0.002131,0.011718,0.001065,25.162453,0.803170,7.038261
339535.0,2025-12-15T01:59:59.127532,119.755490,0.973802,0.218848,0.020413,0.058298,-1.007705,8.576051,-5.602095,-0.026632,0.007457,-0.008522,25.382138,0.815866,7.035682
339561.0,2025-12-15T01:59:59.128563,119.756521,0.973349,0.220853,0.020667,0.058214,-1.040557,8.647005,-5.610973,-0.013848,0.009587,-0.008522,25.619084,0.831935,7.034466
339586.0,2025-12-15T01:59:59.187336,119.815294,0.972920,0.222734,0.020867,0.058150,-1.011695,8.554622,-5.546487,-0.024501,0.006392,-0.006392,25.841248,0.842306,7.034109
339610.0,2025-12-15T01:59:59.188333,119.816290,0.972408,0.224854,0.021048,0.058482,-1.025146,8.636321,-5.549929,0.002131,0.005326,-0.007457,26.091699,0.838592,7.077664
339634.0,2025-12-15T01:59:59.246171,119.874128,0.971931,0.226900,0.021283,0.058432,-1.017048,8.499539,-5.456913,-0.009587,0.008522,-0.005326,26.333726,0.851117,7.080013
339658.0,2025-12-15T01:59:59.306733,119.934691,0.971469,0.228857,0.021520,0.058388,-1.007269,8.561200,-5.457409,-0.017044,0.009587,-0.005326,26.565398,0.864432,7.083117
339677.0,2025-12-15T01:59:59.308741,119.936698,0.970966,0.230958,0.021780,0.058385,-0.992753,8.489259,-5.395162,-0.004261,0.011718,-0.002131,26.814305,0.878178,7.091535
339708.0,2025-12-15T01:59:59.308741,119.936698,0.970466,0.232932,0.021966,0.058797,-1.029869,8.516926,-5.394843,-0.008522,0.007457,-0.004261,27.048214,0.873365,7.144293
339758.0,2025-12-15T01:59:59.367742,119.995699,0.969483,0.236951,0.022380,0.058782,-1.000718,8.471357,-5.319445,-0.015979,0.006392,-0.003196,27.524416,0.890222,7.157517
339781.0,2025-12-15T01:59:59.368737,119.996695,0.968958,0.239066,0.022605,0.058793,-1.019233,8.427776,-5.267233,-0.002131,0.008522,0.000000,27.775261,0.899344,7.166847
339806.0,2025-12-15T01:59:59.369736,119.997694,0.968465,0.240949,0.022747,0.059173,-0.998683,8.417763,-5.229098,-0.015979,0.005326,-0.003196,27.998585,0.890684,7.214934
339828.0,2025-12-15T01:59:59.426090,120.054047,0.967936,0.243049,0.022914,0.059186,-1.006295,8.450747,-5.231424,-0.003196,0.004261,0.001065,28.247504,0.893231,7.222885
339853.0,2025-12-15T01:59:59.427210,120.055167,0.967418,0.245082,0.023112,0.059180,-1.009619,8.341134,-5.146906,-0.008522,0.006392,-0.001065,28.488823,0.900166,7.229687
339878.0,2025-12-15T01:59:59.486399,120.114357,0.966906,0.247078,0.023262,0.059191,-1.006876,8.395693,-5.161084,-0.011718,0.003196,0.001065,28.725601,0.901554,7.237014
339905.0,2025-12-15T01:59:59.487393,120.115351,0.966349,0.249123,0.023439,0.059657,-1.003873,8.325557,-5.091453,0.000000,0.006392,0.001065,28.968900,0.892517,7.295796
339929.0,2025-12-15T01:59:59.488395,120.116353,0.965835,0.251100,0.023595,0.059631,-0.995254,8.316497,-5.061653,-0.012783,0.003196,-0.002131,29.203627,0.895665,7.299300
339957.0,2025-12-15T01:59:59.548560,120.176517,0.965255,0.253292,0.023796,0.059668,-1.035726,8.304977,-5.030753,0.006392,0.006392,0.003196,29.464384,0.900257,7.311301
339985.0,2025-12-15T01:59:59.549559,120.177517,0.964725,0.255288,0.023929,0.059676,-0.981880,8.294868,-5.002181,-0.010653,0.002131,0.001065,29.701562,0.899587,7.317947
340010.0,2025-12-15T01:59:59.607865,120.235823,0.964144,0.257374,0.024050,0.060063,-1.002654,8.255169,-4.969385,0.003196,0.004261,0.003196,29.949675,0.885673,7.366418
340034.0,2025-12-15T01:59:59.608952,120.236910,0.963736,0.258836,0.024553,0.060123,-0.880110,8.089246,-4.789286,-0.054328,0.037284,-0.005326,30.126869,0.928259,7.389444
340057.0,2025-12-15T01:59:59.668020,120.295978,0.963515,0.259688,0.024776,0.059889,-1.079234,8.269812,-4.974433,-0.108657,0.007457,-0.023436,30.229409,0.953450,7.371003
340081.0,2025-12-15T01:59:59.669023,120.296981,0.962918,0.261824,0.025058,0.060079,-0.946148,8.187849,-4.860882,0.003196,0.018109,0.012783,30.485033,0.962434,7.402681
340108.0,2025-12-15T01:59:59.670023,120.297981,0.962364,0.263793,0.025165,0.060297,-0.942713,8.222971,-4.870137,-0.006392,-0.001065,-0.008522,30.719513,0.952543,7.431991
340129.0,2025-12-15T01:59:59.727000,120.354958,0.961793,0.265846,0.025306,0.060329,-1.084020,8.199750,-4.885475,-0.004261,0.001065,0.004261,30.964186,0.951205,7.441886
340155.0,2025-12-15T01:59:59.728002,120.355960,0.961209,0.267941,0.025484,0.060291,-0.980745,8.175595,-4.815813,0.000000,0.004261,-0.003196,31.214279,0.955816,7.445302
340179.0,2025-12-15T01:59:59.787098,120.415056,0.960619,0.270034,0.025646,0.060292,-0.960418,8.184951,-4.774112,0.000000,0.004261,0.000000,31.464167,0.957484,7.452482
340204.0,2025-12-15T01:59:59.787098,120.415056,0.960029,0.272024,0.025791,0.060678,-0.983135,8.101499,-4.712521,-0.002131,0.005326,0.000000,31.702091,0.945955,7.501657
340227.0,2025-12-15T01:59:59.788088,120.416046,0.959439,0.274097,0.025955,0.060619,-1.007233,8.125171,-4.680401,-0.001065,0.002131,-0.004261,31.949889,0.949613,7.502365
340249.0,2025-12-15T01:59:59.847585,120.475543,0.958847,0.276141,0.026148,0.060625,-0.987307,8.078331,-4.676907,-0.003196,0.006392,0.000000,32.194666,0.954663,7.511114
340275.0,2025-12-15T01:59:59.848580,120.476538,0.958253,0.278181,0.026336,0.060609,-0.941891,8.070529,-4.597976,-0.003196,0.006392,-0.002131,32.439100,0.959873,7.517454
340302.0,2025-12-15T01:59:59.906357,120.534315,0.957651,0.280173,0.026537,0.060847,-0.946007,8.001854,-4.579095,-0.001065,0.008522,-0.007457,32.678325,0.958658,7.552210
340327.0,2025-12-15T01:59:59.907360,120.535318,0.957040,0.282261,0.026806,0.060700,-0.992336,8.028523,-4.538539,0.002131,0.008522,-0.013848,32.929330,0.976542,7.546786
340357.0,2025-12-15T01:59:59.967381,120.595339,0.956448,0.284240,0.026865,0.060765,-0.957778,8.032015,-4.526586,-0.008522,-0.002131,0.007457,33.165858,0.965271,7.557943
340376.0,2025-12-15T01:59:59.968366,120.596323,0.955829,0.286320,0.026992,0.060688,-1.037007,8.005161,-4.583109,0.001065,-0.002131,-0.004261,33.415059,0.965288,7.555669
340407.0,2025-12-15T01:59:59.968366,120.596323,0.955199,0.288347,0.027256,0.060896,-0.993846,7.988725,-4.483035,0.003196,0.010653,-0.008522,33.659534,0.971286,7.589377
340429.0,2025-12-15T02:00:00.027085,120.655043,0.954552,0.290521,0.027462,0.060617,-0.909219,7.924205,-4.393674,0.010653,0.001065,-0.023436,33.920802,0.985911,7.567817
340455.0,2025-12-15T02:00:00.028075,120.656032,0.953931,0.292528,0.027616,0.060663,-0.984837,7.929534,-4.429986,-0.004261,0.004261,0.004261,34.162144,0.985329,7.580128
340478.0,2025-12-15T02:00:00.087664,120.715622,0.953294,0.294588,0.027807,0.060616,-0.944115,7.871208,-4.346338,0.001065,0.005326,-0.004261,34.410255,0.991431,7.583652
340510.0,2025-12-15T02:00:00.087664,120.715622,0.952664,0.296544,0.027949,0.060923,-0.970570,7.892499,-4.347903,-0.002131,0.004261,0.001065,34.645912,0.980869,7.624095
340534.0,2025-12-15T02:00:00.146658,120.774616,0.952028,0.298564,0.028110,0.060933,-0.957198,7.836815,-4.291079,-0.002131,0.004261,0.001065,34.889259,0.981957,7.632806
340553.0,2025-12-15T02:00:00.147659,120.775617,0.951385,0.300593,0.028257,0.060928,-0.929716,7.803356,-4.234919,-0.001065,0.003196,0.000000,35.133740,0.981917,7.639513
340583.0,2025-12-15T02:00:00.149174,120.777132,0.950741,0.302606,0.028402,0.060946,-0.952546,7.777636,-4.209177,-0.002131,0.003196,0.002131,35.376553,0.980956,7.648601
340608.0,2025-12-15T02:00:00.208043,120.836001,0.950095,0.304528,0.028561,0.061367,-0.976723,7.785075,-4.209295,-0.002131,0.004261,0.001065,35.608942,0.968076,7.702191
340632.0,2025-12-15T02:00:00.208043,120.836001,0.949441,0.306545,0.028724,0.061365,-0.942214,7.720459,-4.134895,-0.001065,0.004261,0.000000,35.852661,0.969598,7.709718
340651.0,2025-12-15T02:00:00.209044,120.837002,0.948787,0.308549,0.028861,0.061384,-0.922195,7.726995,-4.099960,-0.002131,0.003196,0.002131,36.094705,0.967531,7.718762
340678.0,2025-12-15T02:00:00.267779,120.895736,0.948137,0.310524,0.029016,0.061395,-0.937148,7.711856,-4.108360,-0.004261,0.004261,0.001065,36.333635,0.967968,7.727490
340709.0,2025-12-15T02:00:00.327657,120.955615,0.947478,0.312462,0.029180,0.061658,-0.937090,7.675309,-4.059237,-0.001065,0.005326,0.000000,36.568559,0.960450,7.764039
340732.0,2025-12-15T02:00:00.327657,120.955615,0.946813,0.314453,0.029347,0.061672,-0.930019,7.639717,-4.002818,-0.002131,0.005326,0.001065,36.809837,0.961880,7.773624
340751.0,2025-12-15T02:00:00.329176,120.957134,0.946138,0.316466,0.029500,0.061664,-0.941560,7.630133,-3.996203,0.000000,0.003196,0.000000,37.053750,0.962208,7.780328
340780.0,2025-12-15T02:00:00.386644,121.014602,0.945463,0.318462,0.029665,0.061659,-0.945233,7.608056,-3.983752,-0.001065,0.004261,0.000000,37.295987,0.963857,7.787922
340811.0,2025-12-15T02:00:00.387658,121.015616,0.944798,0.320349,0.029787,0.062007,-0.924662,7.562658,-3.905850,-0.003196,0.004261,0.001065,37.525044,0.948680,7.832122
340830.0,2025-12-15T02:00:00.388644,121.016602,0.944121,0.322327,0.029936,0.061999,-0.934956,7.553651,-3.892199,-0.002131,0.003196,0.000000,37.765284,0.948827,7.838803
340857.0,2025-12-15T02:00:00.449285,121.077243,0.943443,0.324291,0.030076,0.062016,-0.926505,7.529055,-3.867383,-0.003196,0.003196,0.002131,38.003848,0.946967,7.847783
340880.0,2025-12-15T02:00:00.450285,121.078243,0.942758,0.326262,0.030221,0.062019,-0.929656,7.486085,-3.836935,-0.002131,0.003196,0.001065,38.243585,0.946226,7.855617
340906.0,2025-12-15T02:00:00.506332,121.134290,0.942077,0.328150,0.030361,0.062335,-0.929120,7.472374,-3.798567,-0.002131,0.003196,0.001065,38.473592,0.933597,7.897031
340928.0,2025-12-15T02:00:00.508324,121.136281,0.941389,0.330101,0.030530,0.062347,-0.933261,7.453174,-3.777368,-0.003196,0.005326,0.001065,38.711416,0.935137,7.906632
340952.0,2025-12-15T02:00:00.566407,121.194365,0.940697,0.332050,0.030692,0.062371,-0.915519,7.423536,-3.745801,-0.003196,0.005326,0.002131,38.948992,0.935250,7.917384
340976.0,2025-12-15T02:00:00.567405,121.195363,0.940003,0.333995,0.030836,0.062374,-0.925649,7.407128,-3.697018,-0.003196,0.003196,0.001065,39.186263,0.934351,7.925192
341002.0,2025-12-15T02:00:00.568424,121.196381,0.939315,0.335859,0.030975,0.062656,-0.942751,7.383720,-3.675151,-0.003196,0.004261,0.002131,39.413961,0.922691,7.962929
341022.0,2025-12-15T02:00:00.625969,121.253927,0.938622,0.337774,0.031125,0.062676,-0.920284,7.352800,-3.664724,-0.005326,0.004261,0.002131,39.647890,0.921810,7.972741
341048.0,2025-12-15T02:00:00.625969,121.253927,0.937920,0.339698,0.031261,0.062720,-0.898947,7.321131,-3.621941,-0.004261,0.004261,0.004261,39.883028,0.918431,7.984785
341072.0,2025-12-15T02:00:00.628505,121.256463,0.937209,0.341640,0.031420,0.062725,-0.928359,7.309816,-3.601850,-0.002131,0.004261,0.001065,40.120798,0.918794,7.993480
341104.0,2025-12-15T02:00:00.686069,121.314027,0.936507,0.343477,0.031575,0.063102,-0.930612,7.291328,-3.567525,-0.003196,0.004261,0.002131,40.346012,0.904876,8.042054
341123.0,2025-12-15T02:00:00.687069,121.315027,0.935793,0.345402,0.031711,0.063117,-0.904234,7.251481,-3.543117,-0.003196,0.003196,0.002131,40.581828,0.902367,8.050874
341154.0,2025-12-15T02:00:00.806584,121.434542,0.935077,0.347324,0.031845,0.063113,-0.923581,7.222380,-3.505117,-0.003196,0.002131,0.001065,40.817353,0.900409,8.057639
341179.0,2025-12-15T02:00:00.806584,121.434542,0.934357,0.349242,0.031991,0.063113,-0.918886,7.193433,-3.475062,-0.003196,0.003196,0.001065,41.052638,0.899478,8.065349
341205.0,2025-12-15T02:00:00.807570,121.435528,0.933641,0.351087,0.032129,0.063399,-0.914270,7.180471,-3.437936,-0.002131,0.003196,0.003196,41.279461,0.886831,8.103412
341252.0,2025-12-15T02:00:00.866846,121.494804,0.932187,0.354903,0.032450,0.063394,-0.920002,7.127831,-3.388924,-0.003196,0.004261,0.000000,41.748827,0.888178,8.119584
341277.0,2025-12-15T02:00:00.867840,121.495798,0.931449,0.356819,0.032587,0.063406,-0.898216,7.088470,-3.349522,-0.002131,0.003196,0.002131,41.984563,0.885721,8.128342
341309.0,2025-12-15T02:00:00.868838,121.496795,0.930720,0.358658,0.032732,0.063661,-0.909562,7.062064,-3.334744,-0.001065,0.003196,0.001065,42.211325,0.874550,8.163347
341335.0,2025-12-15T02:00:00.927199,121.555156,0.929986,0.360544,0.032873,0.063671,-0.917122,7.051365,-3.290443,-0.004261,0.003196,0.002131,42.443700,0.872662,8.172056
341361.0,2025-12-15T02:00:00.986478,121.614436,0.929245,0.362438,0.033004,0.063665,-0.901314,7.020652,-3.263997,-0.003196,0.002131,0.001065,42.677232,0.870248,8.178704
341384.0,2025-12-15T02:00:00.986478,121.614436,0.928497,0.364340,0.033136,0.063659,-0.898135,6.976679,-3.239479,-0.002131,0.002131,0.001065,42.911949,0.867880,8.185341
341409.0,2025-12-15T02:00:00.988474,121.616432,0.927754,0.366153,0.033303,0.063997,-0.906516,6.972710,-3.208429,-0.001065,0.004261,0.001065,43.136443,0.855439,8.230182
341432.0,2025-12-15T02:00:01.047665,121.675623,0.926999,0.368046,0.033460,0.063998,-0.901630,6.942626,-3.181354,-0.002131,0.004261,0.001065,43.370732,0.855220,8.238752
341456.0,2025-12-15T02:00:01.048665,121.676623,0.926246,0.369924,0.033620,0.063989,-0.896822,6.906700,-3.151925,-0.003196,0.004261,0.000000,43.603276,0.855951,8.246273
341480.0,2025-12-15T02:00:01.049663,121.677621,0.925484,0.371811,0.033775,0.063991,-0.891849,6.891690,-3.134017,-0.002131,0.004261,0.001065,43.837088,0.855524,8.254864
341503.0,2025-12-15T02:00:01.107316,121.735274,0.924743,0.373615,0.033932,0.064114,-0.886997,6.865367,-3.094246,-0.002131,0.004261,0.001065,44.061019,0.850770,8.276447
341528.0,2025-12-15T02:00:01.107316,121.735274,0.923976,0.375496,0.034074,0.064112,-0.885980,6.844594,-3.072956,-0.002131,0.003196,0.001065,44.294324,0.849153,8.284022
341552.0,2025-12-15T02:00:01.108338,121.736296,0.923206,0.377373,0.034220,0.064107,-0.894291,6.797684,-3.043740,-0.002131,0.003196,0.001065,44.527359,0.847983,8.291595
341577.0,2025-12-15T02:00:01.167073,121.795030,0.922434,0.379246,0.034367,0.064092,-0.881339,6.779398,-3.027143,-0.002131,0.003196,0.000000,44.760166,0.847436,8.298138
341608.0,2025-12-15T02:00:01.227734,121.855692,0.921666,0.381052,0.034544,0.064322,-0.882331,6.737778,-3.004522,0.000000,0.004261,0.001065,44.985266,0.839776,8.332012
341627.0,2025-12-15T02:00:01.228720,121.856678,0.920888,0.382919,0.034677,0.064312,-0.886110,6.719494,-2.959970,-0.002131,0.002131,0.001065,45.217557,0.837417,8.338532
341656.0,2025-12-15T02:00:01.229717,121.857675,0.920111,0.384770,0.034820,0.064308,-0.879871,6.688266,-2.938743,-0.003196,0.003196,0.001065,45.448171,0.835970,8.346076
341680.0,2025-12-15T02:00:01.286664,121.914622,0.919326,0.386629,0.034964,0.064303,-0.880779,6.682175,-2.906148,-0.002131,0.003196,0.001065,45.680020,0.834537,8.353620
341706.0,2025-12-15T02:00:01.286664,121.914622,0.918564,0.388395,0.035113,0.064472,-0.874759,6.640777,-2.880527,-0.002131,0.003196,0.001065,45.900661,0.826522,8.379759
341728.0,2025-12-15T02:00:01.287885,121.915843,0.917768,0.390260,0.035253,0.064477,-0.878031,6.608232,-2.846562,-0.001065,0.003196,0.002131,46.133465,0.824118,8.388280
341755.0,2025-12-15T02:00:01.347164,121.975122,0.916970,0.392119,0.035403,0.064459,-0.871848,6.579023,-2.828109,-0.001065,0.003196,0.000000,46.365998,0.823694,8.394783
341779.0,2025-12-15T02:00:01.348062,121.976020,0.916178,0.393952,0.035556,0.064459,-0.864552,6.557765,-2.800652,-0.003196,0.004261,0.001065,46.595423,0.823017,8.403344
341803.0,2025-12-15T02:00:01.406511,122.034469,0.915403,0.395712,0.035719,0.064600,-0.858485,6.529371,-2.766873,-0.001065,0.004261,0.000000,46.816175,0.817584,8.427318
341827.0,2025-12-15T02:00:01.407502,122.035460,0.914606,0.397539,0.035862,0.064594,-0.865501,6.505458,-2.753839,-0.003196,0.003196,0.001065,47.045135,0.816025,8.434813
341851.0,2025-12-15T02:00:01.408506,122.036464,0.913797,0.399385,0.036008,0.064576,-0.851586,6.475986,-2.703892,-0.001065,0.003196,0.000000,47.276700,0.815143,8.441317
341878.0,2025-12-15T02:00:01.466982,122.094940,0.912994,0.401204,0.036163,0.064574,-0.862315,6.443999,-2.697270,-0.003196,0.004261,0.001065,47.505170,0.814660,8.449877
341907.0,2025-12-15T02:00:01.468166,122.096124,0.912218,0.402913,0.036324,0.064811,-0.851442,6.413569,-2.657171,-0.004261,0.003196,0.002131,47.720389,0.804693,8.483720
341928.0,2025-12-15T02:00:01.527583,122.155540,0.911396,0.404762,0.036450,0.064780,-0.854661,6.382540,-2.641135,0.000000,0.001065,0.000000,47.952675,0.802188,8.488051
341952.0,2025-12-15T02:00:01.527583,122.155540,0.910580,0.406582,0.036602,0.064779,-0.845371,6.371558,-2.622265,-0.002131,0.004261,0.001065,48.181910,0.801204,8.496582
341977.0,2025-12-15T02:00:01.587275,122.215233,0.909761,0.408399,0.036744,0.064771,-0.845582,6.328861,-2.584637,-0.002131,0.003196,0.001065,48.410851,0.799416,8.504033
342006.0,2025-12-15T02:00:01.587275,122.215233,0.908970,0.410112,0.036897,0.064959,-0.844292,6.292673,-2.570460,-0.002131,0.003196,0.001065,48.627121,0.790514,8.532446
342025.0,2025-12-15T02:00:01.588274,122.216232,0.908146,0.411923,0.037036,0.064952,-0.832414,6.296548,-2.551775,-0.002131,0.003196,0.001065,48.855653,0.788234,8.539861
342055.0,2025-12-15T02:00:01.646790,122.274748,0.907314,0.413740,0.037188,0.064949,-0.836013,6.245679,-2.498840,-0.001065,0.004261,0.001065,49.085345,0.787241,8.548366
342081.0,2025-12-15T02:00:01.646790,122.274748,0.906484,0.415543,0.037331,0.064939,-0.838727,6.216694,-2.496602,-0.002131,0.003196,0.001065,49.313368,0.785488,8.555776
342106.0,2025-12-15T02:00:01.706687,122.334645,0.905694,0.417212,0.037494,0.065173,-0.824331,6.194321,-2.476009,-0.004261,0.004261,0.001065,49.525028,0.775498,8.589391
342130.0,2025-12-15T02:00:01.708675,122.336633,0.904858,0.419008,0.037645,0.065169,-0.826304,6.163033,-2.443645,-0.002131,0.004261,0.001065,49.752602,0.774304,8.597866
342155.0,2025-12-15T02:00:01.766781,122.394739,0.904020,0.420801,0.037787,0.065159,-0.832296,6.141503,-2.423245,-0.002131,0.003196,0.001065,49.979936,0.772449,8.605232
342183.0,2025-12-15T02:00:01.767967,122.395925,0.903219,0.422482,0.037932,0.065317,-0.831196,6.110253,-2.408160,-0.002131,0.003196,0.001065,50.193484,0.763889,8.630184
342207.0,2025-12-15T02:00:01.768965,122.396923,0.902377,0.424268,0.038079,0.065295,-0.827555,6.083436,-2.381036,-0.002131,0.003196,0.000000,50.420373,0.763121,8.636592
342233.0,2025-12-15T02:00:01.828783,122.456740,0.901531,0.426052,0.038205,0.065290,-0.826783,6.049202,-2.345296,-0.002131,0.002131,0.002131,50.647000,0.759281,8.643727
342252.0,2025-12-15T02:00:01.828783,122.456740,0.900683,0.427832,0.038333,0.065275,-0.815840,6.018571,-2.339444,-0.002131,0.002131,0.001065,50.873404,0.756280,8.649924
342280.0,2025-12-15T02:00:01.886668,122.514626,0.899832,0.429608,0.038473,0.065264,-0.810623,5.980072,-2.308012,-0.002131,0.003196,0.001065,51.099574,0.754159,8.657238
342312.0,2025-12-15T02:00:01.887662,122.515620,0.899010,0.431279,0.038655,0.065464,-0.814794,5.957762,-2.283072,-0.001065,0.004261,0.000000,51.313287,0.746941,8.688381
342331.0,2025-12-15T02:00:01.888671,122.516629,0.898148,0.433058,0.038806,0.065458,-0.806376,5.929938,-2.254113,-0.001065,0.004261,0.001065,51.540456,0.745643,8.696796
342359.0,2025-12-15T02:00:01.947189,122.575147,0.897290,0.434824,0.038945,0.065447,-0.801712,5.893788,-2.239088,-0.002131,0.003196,0.001065,51.765933,0.743403,8.704076
342384.0,2025-12-15T02:00:01.948187,122.576145,0.896478,0.436469,0.039084,0.065538,-0.794403,5.862525,-2.211031,-0.002131,0.003196,0.001065,51.976422,0.737150,8.721814
342409.0,2025-12-15T02:00:02.007755,122.635713,0.895621,0.438215,0.039229,0.065515,-0.801318,5.833972,-2.180728,-0.003196,0.003196,0.000000,52.199969,0.736236,8.728174
342432.0,2025-12-15T02:00:02.008753,122.636710,0.894755,0.439970,0.039372,0.065492,-0.790141,5.812015,-2.168891,-0.002131,0.003196,0.000000,52.424751,0.734973,8.734536
342457.0,2025-12-15T02:00:02.068507,122.696465,0.893888,0.441721,0.039514,0.065470,-0.784206,5.778285,-2.139719,-0.002131,0.003196,0.000000,52.649297,0.733624,8.740903
342482.0,2025-12-15T02:00:02.068507,122.696465,0.893056,0.443350,0.039695,0.065692,-0.799479,5.762811,-2.116161,-0.002131,0.004261,0.001065,52.859049,0.724836,8.774333
342505.0,2025-12-15T02:00:02.070510,122.698467,0.889301,0.451590,0.037650,0.061582,-0.976195,7.020714,-2.545860,0.592287,-0.340885,-0.186421,53.890098,0.649995,8.252959
342528.0,2025-12-15T02:00:02.126715,122.754673,0.887964,0.456425,0.025067,0.050682,-1.438421,6.516369,-4.191573,0.211988,-1.386974,-0.303600,54.401844,-0.100112,6.481915
342553.0,2025-12-15T02:00:02.127697,122.755655,0.890764,0.452087,0.011517,0.044984,-0.713904,4.176545,-0.436377,-0.639159,-1.221858,0.078830,53.765616,-1.154877,5.196478
342579.0,2025-12-15T02:00:02.187330,122.815288,0.999862,-0.003557,-0.016027,0.002473,-0.780450,11.644046,-6.923989,-0.338754,-1.348625,0.207727,-0.412279,-1.835627,0.289982
342611.0,2025-12-15T02:00:02.188335,122.816293,0.998566,0.034986,-0.039903,0.007054,-0.415647,11.389515,-6.710848,3.203250,-2.017611,0.314253,3.987180,-4.599239,0.649296
342630.0,2025-12-15T02:00:02.188335,122.816293,0.998093,0.051679,-0.033049,-0.006822,-1.037427,9.624208,-6.080782,4.150270,-2.800580,-0.574178,5.959984,-3.742222,-0.978153
342658.0,2025-12-15T02:00:02.247158,122.875116,0.992089,0.099717,-0.069185,-0.032082,-1.018743,9.292076,-5.410548,3.816842,-3.162770,-2.086853,11.773978,-7.520331,-4.480834
342683.0,2025-12-15T02:00:02.248149,122.876107,0.982865,0.150360,-0.094159,-0.050034,-1.535631,8.452238,-4.406801,4.108725,-2.261556,-1.659682,18.028845,-9.790395,-7.385272
342707.0,2025-12-15T02:00:02.306730,122.934688,0.968140,0.210698,-0.118342,-0.065619,-2.407718,6.492163,-3.241822,4.984372,-2.131594,-1.470065,25.617990,-11.624233,-10.406500
342731.0,2025-12-15T02:00:02.306730,122.934688,0.949681,0.268405,-0.133665,-0.090551,-1.338364,3.930506,-2.101305,4.699947,-1.617071,-2.371279,33.067255,-11.845283,-14.421009
342757.0,2025-12-15T02:00:02.366595,122.994553,0.929508,0.318243,-0.148449,-0.112686,-1.481342,3.044352,-1.461914,4.150270,-1.601092,-2.065548,39.682789,-11.785420,-18.090367
342781.0,2025-12-15T02:00:02.367591,122.995549,0.914039,0.354532,-0.157987,-0.117810,-2.421679,1.504640,-1.890669,3.192597,-0.907605,-0.739293,44.447086,-11.845726,-19.542919
342804.0,2025-12-15T02:00:02.368588,122.996546,0.899669,0.385728,-0.166724,-0.118376,-2.079337,-0.060526,-1.202295,2.916694,-0.710531,-0.205596,48.593759,-12.044431,-20.445035
342826.0,2025-12-15T02:00:02.427663,123.055620,0.999445,0.030227,-0.011941,-0.007250,1.103341,5.618232,-3.964515,2.501241,-0.996022,-0.609331,3.474894,-1.342600,-0.871954
342851.0,2025-12-15T02:00:02.428664,123.056622,0.999722,0.012821,-0.017699,-0.008887,0.251738,5.766723,-2.190842,0.877778,-1.473261,-0.746750,1.487927,-2.014931,-1.044846
342877.0,2025-12-15T02:00:02.486638,123.114595,0.998750,0.029911,-0.036265,-0.016986,0.010175,4.072857,-1.941547,1.238903,-1.549960,-0.679639,3.504968,-4.095783,-2.074020
342901.0,2025-12-15T02:00:02.487668,123.115626,0.994709,0.081392,-0.058736,-0.021877,-0.152221,2.486495,-0.546740,4.256796,-1.995240,-0.596548,9.529718,-6.504929,-3.062606
342925.0,2025-12-15T02:00:02.488652,123.116610,0.979071,0.183096,-0.084663,-0.026992,-0.049098,0.220646,-0.901159,8.486961,-2.068743,-0.769121,21.567275,-8.968917,-4.870013
342946.0,2025-12-15T02:00:02.546440,123.174398,0.993619,0.109463,-0.025050,-0.010534,-0.359468,-1.295627,4.470704,9.253952,-2.117746,-0.890561,12.609399,-2.721133,-1.515542
342972.0,2025-12-15T02:00:02.547454,123.175412,0.999208,0.035054,-0.007526,-0.017284,0.230199,-0.338584,-0.198759,2.811233,-0.485761,-1.453021,4.032380,-0.792353,-2.009886
342999.0,2025-12-15T02:00:02.606658,123.234616,0.997731,0.060785,-0.009260,-0.027412,1.439304,-2.051214,0.427461,2.286057,-0.280165,-0.927845,6.996897,-0.867791,-3.200567
343023.0,2025-12-15T02:00:02.608097,123.236054,0.997973,0.058494,-0.010401,-0.022805,1.247699,-1.792935,-0.184340,-0.028762,0.042611,0.377104,6.733070,-1.036676,-2.679042
343048.0,2025-12-15T02:00:02.609193,123.237150,0.998337,0.055819,-0.007826,-0.012102,1.522215,-0.202195,-0.401508,-0.192813,0.460194,0.863929,6.410641,-0.817891,-1.434800
343075.0,2025-12-15T02:00:02.667301,123.295259,0.998724,0.050386,-0.002102,0.002860,1.883908,-1.213206,-0.620060,-0.334493,0.704140,1.212271,5.775606,-0.257025,0.315235
343099.0,2025-12-15T02:00:02.667301,123.295259,0.998738,0.043825,0.013676,0.020374,0.978844,-1.087129,-0.364649,-0.434628,1.262338,1.308145,5.055821,1.463028,2.401869
343121.0,2025-12-15T02:00:02.729866,123.357824,0.999891,-0.001517,0.006292,0.013276,1.376348,0.317061,1.941834,-0.135289,0.567786,1.115332,-0.164281,0.723224,1.520393
343147.0,2025-12-15T02:00:02.729866,123.357824,0.999983,-0.000839,-0.000169,0.005808,0.721930,-0.252148,-0.222051,0.001065,0.172573,0.487891,-0.096259,-0.018801,0.665582
343171.0,2025-12-15T02:00:02.786741,123.414698,0.999991,-0.002074,0.000816,-0.003691,0.193485,-1.336147,0.412470,0.094809,0.110787,-0.797883,-0.238011,0.092682,-0.423142
343197.0,2025-12-15T02:00:02.787714,123.415672,0.999920,-0.000882,0.002864,-0.012252,-0.725722,0.563987,-0.026545,0.101200,-0.006392,-0.805340,-0.105046,0.326976,-1.404368
343221.0,2025-12-15T02:00:02.787714,123.415672,0.999914,-0.001049,0.005309,-0.011927,-0.364272,0.204215,0.007642,-0.100135,0.023436,0.026632,-0.127425,0.606928,-1.367500
343246.0,2025-12-15T02:00:02.846207,123.474165,0.999915,-0.005281,0.004011,-0.011261,0.195275,-0.041112,0.009283,-0.259925,0.062851,0.055394,-0.610352,0.452761,-1.292837
343266.0,2025-12-15T02:00:02.847667,123.475625,0.999920,-0.005213,0.004062,-0.010807,0.186515,0.520266,-0.049173,-0.184291,0.067112,0.037284,-0.602384,0.459039,-1.240902
343297.0,2025-12-15T02:00:02.907876,123.535834,0.999940,-0.004505,0.006665,-0.007441,0.180699,0.157563,0.023792,0.086286,0.049002,0.181095,-0.521894,0.759838,-0.856201
343320.0,2025-12-15T02:00:02.908896,123.536854,0.999966,-0.002857,0.005126,-0.005799,0.171086,0.082449,0.040366,0.037284,0.043676,0.138484,-0.330858,0.585462,-0.666274
343345.0,2025-12-15T02:00:02.908896,123.536854,0.999980,-0.002025,0.003118,-0.005193,0.149084,0.057715,0.013477,-0.004261,0.017044,0.051133,-0.233876,0.356105,-0.595801
343366.0,2025-12-15T02:00:02.967175,123.595133,0.999988,-0.000214,0.001592,-0.004619,0.111605,0.137441,0.022392,-0.003196,-0.002131,0.047937,-0.025320,0.182358,-0.529388
343393.0,2025-12-15T02:00:02.968725,123.596683,0.999988,-0.000766,0.003609,-0.003194,0.118121,0.101922,0.000458,-0.013848,0.002131,0.014914,-0.089098,0.413270,-0.366315
343417.0,2025-12-15T02:00:03.027298,123.655256,0.999996,-0.000044,0.001652,-0.002202,0.139274,0.064987,-0.002807,-0.021305,0.018109,0.083091,-0.005459,0.189330,-0.252355
343441.0,2025-12-15T02:00:03.027298,123.655256,1.000000,-0.000332,-0.000235,-0.000703,0.074444,0.033966,0.032347,-0.073503,0.035154,0.125701,-0.037999,-0.027006,-0.080594
343461.0,2025-12-15T02:00:03.028313,123.656271,0.999999,0.000653,-0.001086,0.000665,0.065891,0.117794,0.023083,-0.088417,0.031958,0.115049,0.074715,-0.124527,0.076119
343491.0,2025-12-15T02:00:03.087194,123.715152,0.999997,-0.000112,0.001322,0.002174,0.083571,0.243208,-0.000244,-0.034088,0.024501,0.040480,-0.012517,0.151564,0.249156
343515.0,2025-12-15T02:00:03.087194,123.715152,0.999996,0.002002,-0.000177,0.002151,0.102560,0.108455,0.001746,0.027697,0.006392,-0.002131,0.229389,-0.020744,0.246424
343537.0,2025-12-15T02:00:03.147653,123.775611,0.999989,0.003798,-0.001727,0.002268,0.061371,0.070609,0.016658,0.000000,0.001065,0.009587,0.434810,-0.198894,0.259115
343563.0,2025-12-15T02:00:03.148685,123.776643,0.999977,0.005354,-0.003387,0.002398,0.014523,0.015921,0.020217,-0.009587,0.003196,0.010653,0.612601,-0.389536,0.272721
343588.0,2025-12-15T02:00:03.149673,123.777631,0.999983,0.004399,-0.001313,0.003592,0.069160,0.077061,0.010852,-0.043676,0.000000,0.009587,0.503506,-0.152215,0.410982
343615.0,2025-12-15T02:00:03.207659,123.835617,0.999971,0.005990,-0.002984,0.003560,0.029467,0.026579,0.001372,-0.002131,0.006392,-0.003196,0.685235,-0.344323,0.405904
343635.0,2025-12-15T02:00:03.208656,123.836614,0.999953,0.008116,-0.004080,0.003397,0.020960,0.030307,0.005876,0.006392,0.009587,-0.013848,0.928446,-0.470623,0.385494
343668.0,2025-12-15T02:00:03.267171,123.895129,0.999965,0.007738,-0.001596,0.002638,0.031681,0.001433,0.018113,0.034088,0.019175,-0.062851,0.886265,-0.185273,0.300813
343693.0,2025-12-15T02:00:03.268174,123.896132,0.999969,0.007567,0.000822,0.002211,0.110446,0.001301,0.024923,0.021305,0.015979,-0.099070,0.867340,0.092321,0.254071
343718.0,2025-12-15T02:00:03.326792,123.954750,0.999972,0.007397,-0.001385,0.000504,0.052948,-0.018436,0.021343,0.029827,0.008522,-0.144876,0.847550,-0.159119,0.056576
343742.0,2025-12-15T02:00:03.327784,123.955741,0.999958,0.008261,-0.003619,-0.001634,0.062082,0.002618,0.015263,0.035154,0.007457,-0.181095,0.947330,-0.413176,-0.190654
343762.0,2025-12-15T02:00:03.328668,123.956625,0.999959,0.007058,-0.004235,-0.003900,0.007695,-0.059124,0.035295,0.092678,-0.006392,-0.191748,0.810666,-0.482172,-0.450364
343792.0,2025-12-15T02:00:03.386655,124.014612,0.999955,0.007791,-0.002359,-0.004886,0.094266,-0.022553,0.018166,0.100135,-0.021305,-0.165116,0.894080,-0.265993,-0.561956
343816.0,2025-12-15T02:00:03.387669,124.015627,0.999955,0.006063,-0.001858,-0.007128,-0.025429,-0.111188,0.058029,0.049002,-0.005326,-0.188552,0.696262,-0.207940,-0.818136
343838.0,2025-12-15T02:00:03.446949,124.074906,0.999942,0.006810,-0.000520,-0.008365,-0.094125,0.071544,-0.004208,-0.052198,-0.052198,-0.102265,0.780794,-0.053106,-0.958948
343864.0,2025-12-15T02:00:03.448464,124.076422,0.999930,0.006605,0.002011,-0.009592,-0.441741,0.389655,-0.008948,-0.139550,0.052198,-0.102265,0.754592,0.237699,-1.097690
343888.0,2025-12-15T02:00:03.449773,124.077731,0.999933,0.005660,0.004326,-0.009175,0.268033,0.127775,0.013336,-0.045806,0.022371,-0.062851,0.644066,0.501690,-1.048604
343915.0,2025-12-15T02:00:03.507148,124.135105,0.999939,0.006519,0.002229,-0.008635,0.665390,-0.139464,0.030946,0.104396,0.022371,0.044741,0.744809,0.261903,-0.987806
343935.0,2025-12-15T02:00:03.507148,124.135105,0.999919,0.006352,0.004473,-0.010114,-0.371059,0.207728,0.051427,-0.100135,0.006392,-0.123571,0.722725,0.519867,-1.155772
343967.0,2025-12-15T02:00:03.566868,124.194826,0.999894,0.005631,0.002709,-0.013126,0.529356,-0.342465,-0.045427,0.044741,0.021305,-0.253533,0.641188,0.318914,-1.502391
343993.0,2025-12-15T02:00:03.567871,124.195829,0.999862,0.006769,0.006330,-0.013772,0.469925,-0.403225,0.023829,0.158724,0.138484,-0.143811,0.765622,0.735991,-1.573353
344018.0,2025-12-15T02:00:03.627361,124.255319,0.999859,0.006991,0.005146,-0.014368,0.252858,-0.092016,0.034755,0.075634,0.092678,-0.051133,0.792619,0.601173,-1.642419
344042.0,2025-12-15T02:00:03.628387,124.256345,0.999875,0.005722,0.003353,-0.014381,0.341801,-0.176850,0.046886,-0.014914,0.026632,-0.002131,0.650111,0.393591,-1.645846
344061.0,2025-12-15T02:00:03.630997,124.258955,0.999891,0.004474,0.001074,-0.014064,0.144763,-0.032839,-0.004964,-0.049002,0.000000,0.025566,0.510903,0.130222,-1.611149
344092.0,2025-12-15T02:00:03.688077,124.316035,0.999914,0.002676,0.002755,-0.012585,0.277520,0.050265,-0.015321,-0.104396,-0.033023,0.035154,0.302649,0.319534,-1.441350
344116.0,2025-12-15T02:00:03.688077,124.316035,0.999925,0.002684,0.000399,-0.011967,0.077772,0.039699,0.091312,-0.061785,-0.008522,0.051133,0.307015,0.049428,-1.371174
344138.0,2025-12-15T02:00:03.748502,124.376460,0.999936,0.004383,-0.001539,-0.010325,0.135221,0.078595,-0.000857,0.033023,0.005326,0.137419,0.504012,-0.171106,-1.183922
344165.0,2025-12-15T02:00:03.749520,124.377477,0.999945,0.004695,-0.003853,-0.008602,0.083116,-0.003318,0.015710,0.021305,0.006392,0.143811,0.541750,-0.436837,-0.987785
344190.0,2025-12-15T02:00:03.749520,124.377477,0.999976,0.003929,-0.001900,-0.005412,0.153923,-0.067179,0.024389,-0.021305,-0.005326,0.171508,0.451437,-0.215336,-0.620993
344216.0,2025-12-15T02:00:03.807202,124.435160,0.999971,0.005046,-0.003603,-0.004354,0.045109,0.038112,-0.009314,-0.027697,0.015979,0.088417,0.580039,-0.410332,-0.501055
344244.0,2025-12-15T02:00:03.808196,124.436153,0.999961,0.006997,-0.004718,-0.002758,0.049552,0.084881,0.004251,-0.008522,0.007457,0.134223,0.803347,-0.538454,-0.319798
344266.0,2025-12-15T02:00:03.867070,124.495028,0.999962,0.005144,-0.006795,-0.002082,0.057037,-0.002228,0.018945,-0.082025,0.011718,0.055394,0.591084,-0.777435,-0.242632
344294.0,2025-12-15T02:00:03.868070,124.496028,0.999980,0.004355,-0.004524,-0.000803,0.055188,0.097646,-0.002669,-0.030893,0.013848,0.021305,0.499471,-0.518065,-0.094300
344318.0,2025-12-15T02:00:03.927560,124.555517,0.999965,0.005510,-0.006276,-0.000232,0.055243,0.046238,0.008558,-0.024501,0.011718,0.047937,0.631589,-0.719033,-0.030502
344342.0,2025-12-15T02:00:03.927560,124.555517,0.999950,0.005675,-0.008248,0.000376,0.001963,0.003526,0.014016,-0.018109,0.031958,0.050067,0.650025,-0.945411,0.037690
344367.0,2025-12-15T02:00:03.928556,124.556514,0.999928,0.007151,-0.009618,0.000549,0.006092,0.004468,0.017374,-0.018109,0.025566,0.014914,0.818971,-1.102559,0.054999
344390.0,2025-12-15T02:00:03.986909,124.614867,0.999945,0.006999,-0.007619,0.001432,0.041670,0.070128,0.004916,0.023436,-0.013848,-0.001065,0.800879,-0.874180,0.157952
344414.0,2025-12-15T02:00:03.988036,124.615994,0.999903,0.009846,-0.009785,0.001297,0.040532,0.026831,-0.024846,0.098004,-0.040480,-0.011718,1.127046,-1.122712,0.137556
344435.0,2025-12-15T02:00:04.047532,124.675490,0.999828,0.012265,-0.013913,-0.000179,0.021273,-0.057519,0.100603,0.219444,-0.149137,-0.126766,1.406197,-1.593966,-0.040056
344462.0,2025-12-15T02:00:04.047532,124.675490,0.999701,0.017275,-0.016985,-0.003253,-0.028796,-0.029122,0.020334,0.234358,-0.181095,-0.257794,1.986872,-1.939735,-0.406535
344487.0,2025-12-15T02:00:04.047532,124.675490,0.999713,0.016603,-0.016340,-0.005553,-0.097241,-0.459076,-0.016103,-0.003196,-0.123571,-0.272708,1.913769,-1.861646,-0.667609
344509.0,2025-12-15T02:00:04.107670,124.735628,0.999706,0.012478,-0.018869,-0.008709,0.501295,-0.109501,0.058756,-0.287621,-0.028762,-0.264186,1.449418,-2.149597,-1.025402
344535.0,2025-12-15T02:00:04.108658,124.736615,0.999659,0.008780,-0.021824,-0.011372,1.084634,-0.260466,0.152320,-0.260990,-0.060720,-0.221575,1.035282,-2.489307,-1.326026
344557.0,2025-12-15T02:00:04.166334,124.794292,0.999580,0.005500,-0.024152,-0.015047,1.217009,-0.568201,0.094025,-0.196009,-0.020240,-0.307861,0.672377,-2.758046,-1.741006
344584.0,2025-12-15T02:00:04.167334,124.795292,0.999561,0.003404,-0.022839,-0.018563,1.197134,-0.744337,0.233529,-0.092678,-0.033023,-0.401605,0.438936,-2.609724,-2.137904
344607.0,2025-12-15T02:00:04.168349,124.796307,0.999447,-0.000006,-0.024259,-0.022725,2.070940,-0.808795,0.235292,-0.223706,0.061785,-0.347276,0.062509,-2.779443,-2.606653
344630.0,2025-12-15T02:00:04.227369,124.855326,0.999382,0.000731,-0.025198,-0.024506,1.032781,0.299413,-0.008469,-0.006392,0.110787,-0.148072,0.154619,-2.884911,-2.813199
344656.0,2025-12-15T02:00:04.286572,124.914530,0.999289,0.001199,-0.025096,-0.028120,0.789303,0.632134,0.242160,-0.103331,0.156594,-0.298274,0.218415,-2.871040,-3.229265
344679.0,2025-12-15T02:00:04.288575,124.916533,0.999062,0.003686,-0.025225,-0.034991,-0.634665,1.188706,-0.004368,0.161920,-0.190682,-0.650877,0.523819,-2.874285,-4.024982
344704.0,2025-12-15T02:00:04.288575,124.916533,0.998639,0.007582,-0.028505,-0.043013,1.448170,0.796555,-0.010394,0.205596,-0.103331,-0.677508,1.009833,-3.226285,-4.960993
344727.0,2025-12-15T02:00:04.289571,124.917529,0.998555,0.016731,-0.030258,-0.041143,1.634718,-0.894238,0.530407,0.840494,0.076699,0.128897,2.061113,-3.385393,-4.779741
344751.0,2025-12-15T02:00:04.347383,124.975341,0.998142,0.019942,-0.030237,-0.048992,-1.749411,-0.605539,-0.068646,0.327036,-0.183225,-0.665790,2.455685,-3.348402,-5.691761
344777.0,2025-12-15T02:00:04.348381,124.976339,0.997324,0.016193,-0.025665,-0.066520,0.581291,0.127144,-0.025134,-0.353668,0.139550,-1.491370,2.049151,-2.810832,-7.682090
344798.0,2025-12-15T02:00:04.405669,125.033627,0.996435,0.012559,-0.028684,-0.078341,0.533606,0.151357,0.287975,-0.369647,-0.100135,-0.987500,1.694369,-3.164044,-9.037607
344825.0,2025-12-15T02:00:04.406988,125.034945,0.996577,0.008539,-0.027301,-0.077561,-0.318932,0.294067,0.020031,-0.420779,-0.093743,0.084156,1.219607,-3.043285,-8.932773
344849.0,2025-12-15T02:00:04.408000,125.035958,0.996658,0.005644,-0.023999,-0.077874,-1.454663,0.155984,-0.097405,-0.247141,0.058590,-0.018109,0.859728,-2.691497,-8.955640
344878.0,2025-12-15T02:00:04.466955,125.094913,0.996994,0.002331,-0.021203,-0.074479,-0.041646,-0.404277,0.162372,-0.232228,0.023436,0.297209,0.447682,-2.403211,-8.553930
344902.0,2025-12-15T02:00:04.466955,125.094913,0.997445,-0.002728,-0.020191,-0.068478,-0.205741,-0.883465,-0.107866,-0.220510,0.036219,0.506001,-0.153508,-2.329803,-7.851670
344927.0,2025-12-15T02:00:04.526674,125.154632,0.997760,-0.002091,-0.017409,-0.064553,-1.446245,0.499245,-0.007513,0.004261,0.040480,0.331297,-0.110401,-2.006369,-7.401597
344950.0,2025-12-15T02:00:04.526674,125.154632,0.998155,-0.000540,-0.014423,-0.058984,-1.286187,0.813433,-0.302296,0.036219,0.077764,0.469782,0.035687,-1.653562,-6.764219
344977.0,2025-12-15T02:00:04.586198,125.214156,0.998549,0.004786,-0.011954,-0.052284,-2.207027,1.208263,-0.081243,0.418649,0.035154,0.556068,0.619483,-1.339254,-6.001767
345005.0,2025-12-15T02:00:04.587198,125.215156,0.998706,0.005528,-0.009708,-0.049615,-2.054291,0.561105,-0.074791,0.021305,-0.004261,0.225836,0.687980,-1.079687,-5.694602
345029.0,2025-12-15T02:00:04.646701,125.274659,0.998758,0.006242,-0.007380,-0.048883,-2.053743,0.522037,0.039911,0.020240,0.001065,0.062851,0.755793,-0.809697,-5.609460
345049.0,2025-12-15T02:00:04.647713,125.275671,0.998783,0.005802,-0.004790,-0.048742,-1.915202,0.440652,-0.033759,-0.071373,0.017044,0.013848,0.690841,-0.515821,-5.590890
345082.0,2025-12-15T02:00:04.648709,125.276667,0.998806,0.006514,-0.002662,-0.048341,-1.898001,0.641022,-0.040464,0.044741,-0.018109,0.038350,0.760285,-0.268544,-5.543560
345105.0,2025-12-15T02:00:04.706704,125.334662,0.998839,0.007191,0.000058,-0.047633,-2.084488,0.927454,-0.074269,-0.017044,0.041545,0.060720,0.822794,0.045936,-5.460214
345125.0,2025-12-15T02:00:04.707693,125.335650,0.998870,0.006095,0.004288,-0.046927,-0.461695,-0.016567,-0.052913,-0.077764,0.153398,0.059655,0.674674,0.523630,-5.376487
345156.0,2025-12-15T02:00:04.766763,125.394721,0.998986,0.008536,0.009607,-0.043155,-1.758003,0.120325,-0.013660,0.181095,0.257794,0.317449,0.929847,1.142009,-4.937897
345182.0,2025-12-15T02:00:04.767620,125.395578,0.998952,0.011129,0.013024,-0.042434,-1.680432,0.371217,0.140471,0.210922,0.096939,0.054328,1.211204,1.545213,-4.848419
345206.0,2025-12-15T02:00:04.768633,125.396591,0.998940,0.012196,0.014647,-0.041907,-1.902190,0.922789,0.018614,0.010653,-0.045806,0.045806,1.326444,1.735456,-4.784386
345229.0,2025-12-15T02:00:04.827679,125.455637,0.998867,0.012131,0.016408,-0.042990,-1.045931,-0.102174,0.123870,0.025566,-0.050067,-0.087352,1.308619,1.938245,-4.906664
345254.0,2025-12-15T02:00:04.828681,125.456638,0.998823,0.011393,0.019179,-0.043083,-0.489950,0.157664,0.076285,-0.106526,0.033023,-0.008522,1.210376,2.252002,-4.915929
345277.0,2025-12-15T02:00:04.887205,125.515162,0.998881,0.009438,0.022212,-0.040662,-0.291960,0.352994,0.175359,-0.171508,0.050067,0.188552,0.977873,2.587366,-4.640042
345302.0,2025-12-15T02:00:04.888204,125.516162,0.999091,0.008326,0.023840,-0.034350,-0.725353,0.242574,-0.008804,-0.154463,-0.057524,0.528371,0.860377,2.763266,-3.917488
345326.0,2025-12-15T02:00:04.889240,125.517198,0.999323,0.008489,0.025739,-0.024896,-0.517313,0.394548,-0.139010,-0.120375,-0.001065,0.790426,0.899899,2.973050,-2.830860
345349.0,2025-12-15T02:00:04.948236,125.576194,0.999462,0.011283,0.028042,-0.012701,-0.626329,0.371526,0.143192,0.099070,0.037284,1.025850,1.253538,3.229826,-1.420788
345374.0,2025-12-15T02:00:04.948236,125.576194,0.999435,0.011763,0.031484,0.000759,0.127620,0.011769,0.114056,0.037284,0.113983,1.069525,1.352766,3.607076,0.129675
345399.0,2025-12-15T02:00:05.007460,125.635418,0.999196,0.015586,0.033555,0.015468,-0.020067,0.237038,0.040249,0.085221,0.158724,1.231446,1.848534,3.817251,1.835436
345423.0,2025-12-15T02:00:05.066302,125.694260,0.998540,0.014667,0.043841,0.027926,-0.525070,1.628426,-0.152418,-0.284426,0.811731,1.020523,1.825743,4.975770,3.283272
345448.0,2025-12-15T02:00:05.067303,125.695261,0.997447,0.026782,0.052725,0.040020,0.011719,0.291123,-0.259024,0.800014,0.691357,1.035437,3.322458,5.914109,4.766851
345476.0,2025-12-15T02:00:05.068303,125.696261,0.996894,0.027099,0.055190,0.049211,1.532806,-0.308273,-0.151837,0.082025,0.111853,0.631702,3.428709,6.163786,5.836819
345521.0,2025-12-15T02:00:05.127724,125.755682,0.997002,0.034765,0.061580,0.031403,2.982101,-0.539849,-0.334811,0.330232,0.411192,-0.785100,4.228104,6.927154,3.864190
345549.0,2025-12-15T02:00:05.128729,125.756687,0.997259,0.035362,0.061755,0.020247,3.500939,-0.693209,-0.574264,0.154463,0.171508,-0.940628,4.219525,6.992536,2.584145
345574.0,2025-12-15T02:00:05.186814,125.814771,0.997588,0.029180,0.062098,0.010489,4.316999,-0.748430,-0.572162,-0.314253,0.014914,-0.978978,3.438621,7.081682,1.417607
345597.0,2025-12-15T02:00:05.187813,125.815770,0.997822,0.026224,0.060528,0.000295,4.824322,-1.109712,-0.503582,-0.149137,0.037284,-0.871386,3.024122,6.936981,0.217263
345622.0,2025-12-15T02:00:05.187813,125.815770,0.997889,0.025843,0.059200,-0.006670,4.393251,-0.958872,-1.332883,0.043676,0.067112,-0.588026,2.931787,6.805279,-0.591614
345647.0,2025-12-15T02:00:05.248438,125.876396,0.997930,0.028272,0.056456,-0.012195,5.275484,-1.149082,-0.141840,0.268447,-0.045806,-0.450607,3.176240,6.509468,-1.219614
345672.0,2025-12-15T02:00:05.248438,125.876396,0.997924,0.030483,0.055186,-0.013139,4.900514,-1.008970,-0.784392,0.332363,-0.034088,-0.185356,3.425956,6.369678,-1.317971
345697.0,2025-12-15T02:00:05.306543,125.934501,0.998200,0.029149,0.050740,-0.013165,3.395397,-0.393356,-0.523896,-0.088417,-0.177899,-0.006392,3.276538,5.858069,-1.343570
345721.0,2025-12-15T02:00:05.307834,125.935792,0.998613,0.028540,0.040773,-0.017166,1.221511,-0.215287,0.184153,0.002131,-0.650877,-0.321710,3.198245,4.727240,-1.837561
345741.0,2025-12-15T02:00:05.307834,125.935792,0.998817,0.028858,0.031494,-0.023247,1.132843,-0.825494,-0.009735,0.158724,-0.619984,-0.487891,3.227454,3.684111,-2.562728
345771.0,2025-12-15T02:00:05.366529,125.994487,0.998930,0.025003,0.030409,-0.024288,0.478031,-0.871297,-0.105460,-0.222640,-0.267381,-0.151268,2.783908,3.552728,-2.699245
345795.0,2025-12-15T02:00:05.367512,125.995470,0.999074,0.019096,0.030652,-0.023393,0.482497,-0.496013,0.010390,-0.347276,0.139550,0.062851,2.108552,3.562689,-2.617072
345816.0,2025-12-15T02:00:05.427701,126.055658,0.999037,0.015250,0.035199,-0.021276,1.013713,-0.222063,-0.002168,-0.284426,0.569916,0.156594,1.664418,4.070264,-2.380864
345843.0,2025-12-15T02:00:05.429112,126.057070,0.998978,0.014412,0.038476,-0.018859,1.337987,-0.264473,-0.076065,-0.047937,0.472977,0.192813,1.571609,4.440104,-2.102105
345872.0,2025-12-15T02:00:05.486672,126.114630,0.998834,0.017215,0.041836,-0.016854,1.517444,-0.214154,-0.037321,0.302535,0.138484,0.068177,1.896637,4.827426,-1.853411
345896.0,2025-12-15T02:00:05.487668,126.115626,0.998875,0.016081,0.041471,-0.016455,2.177067,-0.456970,-0.233266,-0.059655,0.164051,0.026632,1.768955,4.782772,-1.813685
345920.0,2025-12-15T02:00:05.488668,126.116626,0.999047,0.013657,0.038143,-0.016225,1.486234,-0.114060,-0.127188,-0.185356,-0.084156,0.010653,1.497121,4.396403,-1.803404
345940.0,2025-12-15T02:00:05.546739,126.174697,0.999186,0.013906,0.034109,-0.016473,1.375291,-0.062402,-0.057675,0.028762,-0.139550,-0.020240,1.531662,3.934726,-1.836389
345973.0,2025-12-15T02:00:05.547738,126.175696,0.999177,0.013605,0.034883,-0.015622,1.271672,-0.345124,0.000295,0.051133,-0.100135,-0.008522,1.499123,4.021655,-1.738808
345996.0,2025-12-15T02:00:05.607172,126.235130,0.999264,0.012922,0.032632,-0.015453,1.212294,-0.212243,-0.063852,-0.025566,0.007457,0.011718,1.425104,3.762242,-1.725176
346021.0,2025-12-15T02:00:05.667030,126.294988,0.999345,0.012035,0.030618,-0.015102,1.234846,-0.238172,-0.032361,-0.039415,0.026632,0.026632,1.327882,3.529329,-1.690681
346045.0,2025-12-15T02:00:05.668027,126.295985,0.999418,0.011092,0.028809,-0.014543,1.192015,-0.199955,-0.026668,-0.049002,0.044741,0.043676,1.224489,3.319687,-1.631868
346063.0,2025-12-15T02:00:05.669330,126.297287,0.999478,0.010470,0.027223,-0.013886,1.210448,-0.160485,-0.057194,-0.029827,0.064981,0.052198,1.157687,3.136138,-1.560299
346096.0,2025-12-15T02:00:05.670353,126.298311,0.999447,0.009637,0.029490,-0.011962,1.278452,-0.105586,-0.066803,-0.007457,0.028762,0.063916,1.065254,3.392649,-1.339872
346118.0,2025-12-15T02:00:05.728228,126.356186,0.999505,0.009844,0.027526,-0.011640,1.197055,-0.155900,-0.040087,0.038350,0.034088,0.026632,1.092545,3.167447,-1.304278
346144.0,2025-12-15T02:00:05.729524,126.357482,0.999566,0.009210,0.025574,-0.011313,1.205317,-0.203306,-0.042416,-0.022371,0.033023,0.025566,1.023209,2.942480,-1.270606
346169.0,2025-12-15T02:00:05.730544,126.358501,0.999554,0.008442,0.026950,-0.009674,1.228136,-0.072453,-0.058857,-0.002131,-0.024501,0.009587,0.938527,3.097742,-1.083647
346197.0,2025-12-15T02:00:05.786950,126.414908,0.999638,0.007861,0.024008,-0.009279,1.184859,-0.154777,-0.047938,-0.024501,-0.049002,0.031958,0.875960,2.759554,-1.042598
346221.0,2025-12-15T02:00:05.786950,126.414908,0.999719,0.006889,0.020973,-0.008659,1.072608,-0.106896,-0.034439,-0.061785,-0.056459,0.050067,0.769100,2.410219,-0.976313
346239.0,2025-12-15T02:00:05.846922,126.474880,0.999788,0.005965,0.018116,-0.007730,1.010511,-0.029154,-0.030951,-0.071373,-0.040480,0.075634,0.667809,2.081199,-0.873840
346271.0,2025-12-15T02:00:05.846922,126.474880,0.999771,0.004222,0.020194,-0.005768,0.994419,-0.011840,-0.011510,-0.091613,0.015979,0.054328,0.470717,2.316902,-0.651569
346296.0,2025-12-15T02:00:05.906209,126.534166,0.999764,0.007161,0.019536,-0.006308,0.846801,0.281459,-0.033610,0.172573,0.131028,-0.044741,0.806950,2.243860,-0.707229
346320.0,2025-12-15T02:00:05.907208,126.535166,0.999774,0.007238,0.019031,-0.006122,1.178814,-0.262609,0.024205,0.046872,0.153398,0.014914,0.816467,2.185868,-0.686090
346340.0,2025-12-15T02:00:05.908211,126.536169,0.999794,0.008714,0.017254,-0.006138,0.993501,0.003948,0.018749,0.116114,0.051133,-0.001065,0.986827,1.983236,-0.686395
346371.0,2025-12-15T02:00:05.966034,126.593992,0.999824,0.007988,0.016704,-0.003076,1.372512,-0.491606,-0.219547,0.026632,-0.180030,0.141680,0.909903,1.916924,-0.337352
346395.0,2025-12-15T02:00:05.967059,126.595017,0.999870,0.007767,0.013838,-0.002835,0.754854,0.073413,0.030751,-0.036219,-0.041545,0.018109,0.885813,1.588256,-0.312646
346417.0,2025-12-15T02:00:06.027094,126.655052,0.999885,0.008161,0.012412,-0.003021,0.769928,-0.048197,0.010814,0.042611,0.079895,-0.017044,0.931109,1.425140,-0.334623
346443.0,2025-12-15T02:00:06.027094,126.655052,0.999803,0.015137,0.012666,-0.001873,1.035552,-0.550181,0.003116,0.658333,0.209857,0.102265,1.732382,1.454583,-0.192718
346467.0,2025-12-15T02:00:06.028112,126.656070,0.999825,0.015098,0.011020,0.000339,0.995015,-0.070682,-0.043592,0.008522,0.063916,0.182160,1.730910,1.262146,0.057910
346496.0,2025-12-15T02:00:06.087316,126.715274,0.999768,0.015814,0.014422,0.002453,0.820909,-0.182075,0.241983,0.116114,0.147006,0.044741,1.816815,1.647997,0.307246
346516.0,2025-12-15T02:00:06.088314,126.716272,0.999868,0.009825,0.012105,0.004477,1.291440,-0.177588,-0.738164,-0.462325,0.004261,0.160855,1.132326,1.382055,0.526725
346546.0,2025-12-15T02:00:06.147936,126.775893,0.999903,0.005735,0.010483,0.007176,0.919024,-0.412036,0.181226,-0.252468,0.043676,0.222640,0.665872,1.196495,0.829311
346572.0,2025-12-15T02:00:06.148955,126.776912,0.999816,0.001072,0.014190,0.012842,0.951655,-0.141857,0.120442,-0.329167,0.167247,0.354733,0.143796,1.624364,1.473808
346596.0,2025-12-15T02:00:06.206930,126.834888,0.999732,-0.002721,0.013642,0.018513,1.304192,0.248699,-0.072671,-0.345146,0.157659,0.470847,-0.282944,1.568752,2.117904
346616.0,2025-12-15T02:00:06.206930,126.834888,0.999669,-0.004790,0.012051,0.022223,1.115109,0.829407,-0.218605,-0.286556,0.038350,0.306796,-0.518169,1.392878,2.540658
346648.0,2025-12-15T02:00:06.207936,126.835893,0.999690,-0.003333,0.009865,0.022635,0.984464,0.679908,-0.004017,0.011718,-0.017044,0.034088,-0.356329,1.138815,2.590545
346677.0,2025-12-15T02:00:06.265704,126.893662,0.999645,-0.003067,0.011627,0.023794,1.118163,0.415742,-0.086867,0.054328,0.004261,-0.038350,-0.319662,1.340315,2.723275
346702.0,2025-12-15T02:00:06.267094,126.895051,0.999719,0.000404,0.008087,0.022278,1.016098,0.441507,-0.098803,0.208792,-0.119310,-0.125701,0.066910,0.925454,2.553724
346720.0,2025-12-15T02:00:06.326978,126.954936,0.999777,0.003902,0.004542,0.020271,0.884711,0.240104,0.025493,0.234358,-0.111853,-0.167247,0.457560,0.511266,2.325147
346752.0,2025-12-15T02:00:06.329145,126.957103,0.999819,0.006283,0.001164,0.017910,0.784051,0.065697,0.033154,0.175769,-0.089482,-0.198139,0.722283,0.120437,2.053208
346779.0,2025-12-15T02:00:06.386678,127.014636,0.999813,0.008425,0.001944,0.017312,0.853026,0.018189,-0.007782,0.221575,-0.106526,-0.150202,0.969213,0.205982,1.985730
346804.0,2025-12-15T02:00:06.387689,127.015646,0.999839,0.009896,-0.001262,0.014914,0.735306,0.123302,0.038375,0.087352,-0.075634,-0.202400,1.131692,-0.161475,1.707549
346829.0,2025-12-15T02:00:06.447025,127.074983,0.999866,0.011130,-0.005789,0.010553,1.111947,0.171912,-0.005605,0.069242,-0.187487,-0.366451,1.268431,-0.676796,1.201966
346849.0,2025-12-15T02:00:06.448026,127.075984,0.999859,0.006117,-0.015525,0.001737,2.805309,-0.764086,0.081955,-0.378169,-0.629571,-0.733967,0.698069,-1.780239,0.188179
346882.0,2025-12-15T02:00:06.449029,127.076987,0.999713,0.002274,-0.021016,-0.011302,2.144846,-0.864887,-0.092609,-0.221575,-0.557133,-1.220793,0.287928,-2.405331,-1.301501
346907.0,2025-12-15T02:00:06.506677,127.134634,0.999380,-0.001422,-0.025051,-0.024718,1.452255,-0.380930,0.115404,-0.283360,-0.151268,-1.122789,-0.091985,-2.874033,-2.831346
346931.0,2025-12-15T02:00:06.507518,127.135476,0.998965,-0.003269,-0.029302,-0.034653,3.210877,0.301300,0.074915,-0.197074,-0.162985,-0.829841,-0.258291,-3.369216,-3.965874
346951.0,2025-12-15T02:00:06.508545,127.136503,0.998660,-0.007520,-0.035197,-0.037174,3.348573,1.290977,0.428889,-0.425040,-0.323840,-0.198139,-0.712465,-4.063288,-4.238314
346981.0,2025-12-15T02:00:06.570808,127.198766,0.998503,-0.017722,-0.039032,-0.033964,2.525915,0.739966,0.251772,-0.849016,-0.475108,0.138484,-1.882128,-4.539752,-3.821744
347006.0,2025-12-15T02:00:06.570808,127.198766,0.999981,-0.005128,-0.001794,0.003056,5.105555,0.497987,0.319338,-0.433563,-0.110787,0.256729,-0.588240,-0.203763,0.351270
347029.0,2025-12-15T02:00:06.627068,127.255026,0.999986,0.001196,-0.004916,0.001255,3.693008,0.093865,-0.549779,0.094809,-0.213053,0.105461,0.136313,-0.563538,0.143198
347057.0,2025-12-15T02:00:06.628070,127.256028,0.999878,0.006718,-0.013934,0.002342,2.244701,-0.012678,-0.609882,0.456998,-0.558199,0.089482,0.766348,-1.598572,0.257692
347082.0,2025-12-15T02:00:06.747305,127.375262,0.999897,0.001606,-0.013277,0.005121,1.695835,-1.295363,0.397581,-0.296144,-0.067112,0.152333,0.176267,-1.522444,0.584537
347106.0,2025-12-15T02:00:06.748305,127.376263,0.999800,-0.009357,-0.013210,0.011738,0.602852,-0.001070,-0.213607,-0.842624,0.198139,0.565655,-1.090178,-1.501019,1.359570
347131.0,2025-12-15T02:00:06.748305,127.376263,0.999591,-0.010019,-0.008329,0.025450,-3.292197,0.511424,0.017043,-0.074569,0.203465,1.153681,-1.172176,-0.924869,2.926385
347207.0,2025-12-15T02:00:06.806463,127.434421,0.999936,0.005465,0.001699,0.009777,-8.267643,1.060454,-0.109717,0.459129,0.142745,0.821319,0.628176,0.188583,1.121429
347227.0,2025-12-15T02:00:06.807479,127.435436,0.999871,0.009494,0.002598,0.012666,-9.923152,1.496141,-0.144609,0.338754,0.073503,0.242880,1.091669,0.283871,1.454230
347257.0,2025-12-15T02:00:06.866677,127.494634,0.999827,0.013870,0.004337,0.011631,-8.821503,-0.031377,-0.184493,0.369647,0.140615,-0.087352,1.595170,0.478434,1.339594
347283.0,2025-12-15T02:00:06.867677,127.495635,0.999730,0.021525,0.005187,0.007055,-7.281007,-0.321243,0.177896,0.645550,0.058590,-0.382430,2.471028,0.576817,0.821050
347308.0,2025-12-15T02:00:06.867677,127.495635,0.999988,-0.001030,-0.000452,0.004730,-5.815226,0.556076,0.213910,-0.090547,-0.077764,0.397344,-0.118241,-0.051239,0.542099
347332.0,2025-12-15T02:00:06.927318,127.555276,0.999946,-0.007337,0.001656,0.007173,-5.976831,0.596111,-0.131004,-0.532632,0.139550,0.205596,-0.839426,0.195796,0.820617
347357.0,2025-12-15T02:00:06.929316,127.557274,0.999934,-0.005531,0.003066,-0.009625,-4.351953,0.831965,-0.037503,-0.493217,0.059655,-0.808536,-0.637148,0.345269,-1.104878
347380.0,2025-12-15T02:00:06.986363,127.614321,0.999720,-0.004699,0.006115,-0.022350,0.533479,-0.255564,-0.187575,0.115049,0.077764,-1.129180,-0.554030,0.688542,-2.564754
347405.0,2025-12-15T02:00:06.987367,127.615325,0.999398,-0.001301,0.006622,-0.034043,1.898415,-0.999774,-0.035429,0.366451,0.238619,-0.977913,-0.174826,0.753296,-3.902996
347431.0,2025-12-15T02:00:07.048074,127.676032,0.999104,0.002145,0.008915,-0.041306,3.884028,0.256092,-0.012880,0.253533,0.400539,-0.608266,0.203465,1.030902,-4.733044
347456.0,2025-12-15T02:00:07.048074,127.676032,0.998868,0.003548,0.010785,-0.046189,4.109280,0.315056,-0.348048,0.079895,0.357929,-0.411192,0.349156,1.253319,-5.291234
347482.0,2025-12-15T02:00:07.049071,127.677028,0.998699,0.002326,0.010700,-0.049794,5.762458,-1.527631,-0.282746,0.040480,0.099070,-0.393083,0.205239,1.237948,-5.706502
347506.0,2025-12-15T02:00:07.107523,127.735481,0.999982,0.001623,0.001420,-0.005618,7.530960,-1.164141,-0.030950,0.136354,0.119310,-0.471912,0.185092,0.163800,-0.643504
347526.0,2025-12-15T02:00:07.108523,127.736481,0.999997,-0.000210,0.002497,0.000330,6.375222,-0.941484,-0.421706,-0.011718,0.249272,0.027697,-0.023990,0.286097,0.037724
347555.0,2025-12-15T02:00:07.167699,127.795657,0.999988,-0.003531,0.001467,0.003145,5.371949,0.462396,0.013710,-0.309992,0.322775,0.264186,-0.404058,0.169371,0.359800
347581.0,2025-12-15T02:00:07.167699,127.795657,0.999974,-0.001718,0.000586,0.007032,2.552007,1.229622,-0.472934,0.104396,-0.164051,0.153398,-0.196433,0.068500,0.805734
347606.0,2025-12-15T02:00:07.168688,127.796645,0.999871,0.003710,-0.015080,0.004208,0.118006,0.030139,0.317625,0.386691,-1.128115,-0.238619,0.418018,-1.729833,0.475951
347628.0,2025-12-15T02:00:07.227110,127.855068,0.999812,0.001230,-0.019285,0.001709,-0.298028,-0.179166,0.069678,-0.068177,-0.491087,-0.208792,0.137275,-2.210317,0.193199
347654.0,2025-12-15T02:00:07.229134,127.857092,0.999856,-0.003266,-0.016602,0.000908,-0.650737,-0.001843,-0.065114,-0.353668,0.027697,-0.060720,-0.376115,-1.902157,0.110321
347680.0,2025-12-15T02:00:07.287052,127.915010,0.999922,-0.003834,-0.011921,0.000522,-0.559083,0.454050,-0.048474,-0.037284,0.213053,-0.116114,-0.440102,-1.365885,0.065124
347705.0,2025-12-15T02:00:07.288064,127.916022,0.999964,-0.003325,-0.007774,0.000494,0.252191,0.236057,0.068432,-0.121440,0.462325,0.003196,-0.381518,-0.890643,0.059537
347730.0,2025-12-15T02:00:07.346780,127.974738,0.999974,-0.004427,-0.005087,0.002564,0.436326,0.212105,0.069338,-0.178964,0.404800,0.177899,-0.508830,-0.581632,0.296347
347750.0,2025-12-15T02:00:07.346780,127.974738,0.999973,-0.004468,-0.004263,0.004024,0.523532,0.464833,0.021452,-0.136354,0.217314,0.125701,-0.513920,-0.486483,0.463337
347783.0,2025-12-15T02:00:07.347785,127.975743,0.999969,-0.004969,-0.000357,0.006138,0.562569,0.673256,-0.008160,-0.043676,0.170442,0.055394,-0.569653,-0.037449,0.703555
347808.0,2025-12-15T02:00:07.407287,128.035245,0.999974,-0.002687,-0.000705,0.006592,0.641412,0.651681,-0.004815,0.046872,0.107592,0.039415,-0.308468,-0.078713,0.755640
347828.0,2025-12-15T02:00:07.407287,128.035245,0.999976,-0.000226,-0.001715,0.006686,0.660842,0.468572,-0.037393,0.087352,0.074569,0.008522,-0.027204,-0.196396,0.766206
347857.0,2025-12-15T02:00:07.467676,128.095634,0.999970,0.001672,-0.001903,0.007269,0.711823,0.174072,0.050107,0.105461,0.175769,0.049002,0.189973,-0.219444,0.832644
347884.0,2025-12-15T02:00:07.468251,128.096208,0.999939,0.002206,0.004449,0.009863,0.702452,0.222655,0.215517,0.078830,0.365386,0.112918,0.257784,0.507317,1.131425
347908.0,2025-12-15T02:00:07.468622,128.096580,0.999816,-0.005016,0.009757,0.015740,0.746489,-0.803705,-0.014559,-0.435693,0.560329,0.491087,-0.557239,1.126967,1.798409
347936.0,2025-12-15T02:00:07.528786,128.156744,0.999356,-0.018545,0.014630,0.027010,1.084562,0.193443,0.152795,-1.113201,0.621049,0.940628,-2.079896,1.733029,3.064920
347956.0,2025-12-15T02:00:07.529783,128.157741,0.998741,-0.027651,0.020199,0.036656,1.235643,2.236689,-0.515251,-0.932106,0.582700,0.807470,-3.083986,2.428613,4.138480
347989.0,2025-12-15T02:00:07.587664,128.215621,0.998222,-0.033597,0.026333,0.041599,1.552780,2.405193,-0.323082,-0.561394,0.404800,0.275903,-3.725931,3.173999,4.669369
348013.0,2025-12-15T02:00:07.588660,128.216617,0.997830,-0.040270,0.029429,0.042979,1.482471,1.722807,-0.216534,-0.689226,0.425040,0.112918,-4.472882,3.565632,4.793413
348038.0,2025-12-15T02:00:07.648419,128.276377,0.997568,-0.041862,0.033182,0.044765,0.946261,1.646435,-0.372775,-0.290817,0.425040,0.157659,-4.631494,4.011142,4.976526
348064.0,2025-12-15T02:00:07.649421,128.277379,0.995991,-0.059983,0.041456,0.051812,2.794651,2.351778,-0.071649,-1.537176,0.626375,0.414388,-6.640949,5.094254,5.660012
348084.0,2025-12-15T02:00:07.649421,128.277379,0.994453,-0.074284,0.045869,0.058667,1.783402,2.820324,-1.297085,-1.359277,0.530502,0.553937,-8.226044,5.736041,6.339613
348117.0,2025-12-15T02:00:07.707690,128.335648,0.993688,-0.083563,0.045868,0.059138,2.346455,6.819416,-2.258823,-0.957673,0.133158,0.002131,-9.292346,5.799095,6.340073
348142.0,2025-12-15T02:00:07.708691,128.336648,0.995601,-0.067048,0.042115,0.050101,2.149969,4.237408,-1.745256,1.241033,-0.235423,-0.726510,-7.459169,5.196895,5.422712
348168.0,2025-12-15T02:00:07.766360,128.394318,0.997482,-0.043661,0.038155,0.040828,2.229808,2.862950,-0.730239,1.868474,-0.444215,-0.875647,-4.833139,4.570324,4.494744
348188.0,2025-12-15T02:00:07.767359,128.395317,0.998131,-0.033660,0.034975,0.037135,2.259347,1.339462,0.045153,0.743555,-0.116114,-0.284426,-3.713464,4.147228,4.126804
348218.0,2025-12-15T02:00:07.827233,128.455191,0.998552,-0.025299,0.032849,0.034283,2.602939,1.962105,-0.628620,0.590156,-0.034088,-0.219444,-2.773155,3.861104,3.839216
348243.0,2025-12-15T02:00:07.828229,128.456187,0.998943,-0.012418,0.030243,0.032305,2.594979,0.611346,0.029588,1.029045,-0.059655,-0.131028,-1.312127,3.510063,3.664356
348269.0,2025-12-15T02:00:07.887412,128.515369,0.998741,-0.009406,0.032509,0.037038,2.635473,0.376798,0.173695,0.300405,0.119310,0.224771,-0.940601,3.763235,4.216771
348289.0,2025-12-15T02:00:07.888395,128.516353,0.998716,-0.000901,0.031886,0.039344,1.862854,1.834238,-0.740244,0.570982,0.067112,0.209857,0.040745,3.655691,4.513300
348322.0,2025-12-15T02:00:07.888395,128.516353,0.998733,0.012322,0.027047,0.040610,1.436867,0.488949,-0.041267,1.016262,-0.264186,0.136354,1.538408,3.039572,4.697755
348347.0,2025-12-15T02:00:07.948340,128.576298,0.998734,0.017855,0.021702,0.041717,0.614299,0.112439,0.506289,0.398409,-0.271642,0.103331,2.149560,2.399057,4.828721
348373.0,2025-12-15T02:00:07.949342,128.577300,0.998908,0.011612,0.019181,0.040989,0.620043,0.298064,0.930545,-0.493217,-0.323840,-0.213053,1.420395,2.141487,4.726094
348393.0,2025-12-15T02:00:08.006921,128.634879,0.999841,-0.002599,0.011095,-0.013694,1.532509,1.726080,3.424080,-0.218379,0.932106,-1.150486,-0.315304,1.267186,-1.572864
348426.0,2025-12-15T02:00:08.008915,128.636873,0.998092,0.000194,0.046230,-0.040934,6.261818,-1.138266,4.653751,0.219444,2.964631,-2.281796,-0.195450,5.295909,-4.706069
348451.0,2025-12-15T02:00:08.067256,128.695214,0.993794,0.013259,0.082226,-0.073727,6.530598,-3.243338,3.820168,1.100418,3.082875,-2.717489,0.826710,9.519639,-8.416903
348477.0,2025-12-15T02:00:08.067256,128.695214,0.987538,0.025984,0.121125,-0.097072,7.962406,-3.928133,3.641821,0.990696,3.347061,-1.945173,1.643137,14.139001,-11.024161
348501.0,2025-12-15T02:00:08.068259,128.696217,0.981250,0.030461,0.164020,-0.096529,10.637346,-4.768837,3.656854,0.029827,3.663444,-0.054328,1.705320,19.133483,-10.949159
348523.0,2025-12-15T02:00:08.126069,128.754027,0.973734,0.035319,0.207459,-0.086925,11.104854,-4.230963,2.642871,-0.064981,3.751861,0.687096,2.055743,24.214905,-9.761532
348555.0,2025-12-15T02:00:08.127065,128.755023,0.965960,0.031008,0.248261,-0.065776,13.210976,-2.107749,3.584335,-0.997087,3.507915,1.478587,1.783949,28.927315,-7.330763
348578.0,2025-12-15T02:00:08.187202,128.815160,0.953857,0.016685,0.296516,-0.044241,14.032381,-1.975311,-0.132148,-1.849299,4.151335,1.258077,0.389157,34.551330,-5.190048
348604.0,2025-12-15T02:00:08.188200,128.816158,0.998419,-0.023237,0.048028,0.017676,5.603148,-2.932027,-4.207440,-1.841842,4.205664,1.487109,-2.574255,5.550700,1.903667
348629.0,2025-12-15T02:00:08.246740,128.874698,0.999038,-0.019638,0.030191,0.025035,3.628934,-2.918639,-13.031893,-1.651160,2.538525,2.104962,-2.166131,3.514897,2.804487
348649.0,2025-12-15T02:00:08.247730,128.875688,0.997290,-0.039345,0.047836,0.039692,3.591487,0.285652,-14.246579,-1.657551,1.503088,1.213336,-4.303823,5.654861,4.345626
348682.0,2025-12-15T02:00:08.248742,128.876699,0.999642,-0.025103,0.002967,0.008782,3.340800,2.776220,-15.885295,-2.131594,0.278034,0.721184,-2.873815,0.365124,0.997545
348707.0,2025-12-15T02:00:08.307512,128.935470,0.999701,-0.018430,-0.008660,0.013515,3.718004,1.457866,-17.390856,-1.630920,-0.545415,1.135572,-2.125545,-0.963625,1.566912
348727.0,2025-12-15T02:00:08.308491,128.936448,0.998949,-0.014065,-0.030919,0.030760,3.029471,1.985271,-19.158939,0.246076,-1.733185,1.419997,-1.722483,-3.491946,3.579940
348759.0,2025-12-15T02:00:08.367191,128.995149,0.996886,0.009398,-0.063587,0.045670,0.619711,3.465815,-19.522789,1.802427,-2.810167,0.999218,0.746880,-7.332988,5.198231
348783.0,2025-12-15T02:00:08.368187,128.996145,0.992247,0.043429,-0.104471,0.051435,0.157256,3.350246,-17.663353,2.533199,-3.591006,0.377104,4.426995,-12.227287,5.460324
348808.0,2025-12-15T02:00:08.369177,128.997134,0.997741,0.043982,-0.050663,-0.003568,-1.464172,0.879351,-13.114715,3.702859,-4.265318,-0.300405,5.081800,-5.784256,-0.666707
348830.0,2025-12-15T02:00:08.428003,129.055961,0.990443,0.091408,-0.103227,-0.003312,-2.738388,0.521655,-7.941994,4.028830,-4.432565,0.011718,10.699196,-11.763734,-1.488547
348857.0,2025-12-15T02:00:08.428003,129.055961,0.997536,0.049548,-0.049449,0.004576,-3.284586,-0.130536,-1.705068,4.169445,-4.331365,0.275903,5.675061,-5.687813,0.243521
348882.0,2025-12-15T02:00:08.487050,129.115008,0.997800,0.047047,-0.043732,-0.016437,-1.730052,-2.971402,5.986518,3.960653,-3.681554,-1.383778,5.490261,-4.917662,-2.123497
348914.0,2025-12-15T02:00:08.488522,129.116480,0.994226,0.066631,-0.077578,-0.032494,-0.845054,-4.676921,8.935505,1.644768,-2.888997,-1.290035,7.996108,-8.622892,-4.347593
348934.0,2025-12-15T02:00:08.547168,129.175125,0.990981,0.075493,-0.101456,-0.044312,-1.773868,-7.195461,6.565455,0.746750,-2.058091,-0.920388,9.305601,-11.209180,-6.035807
348968.0,2025-12-15T02:00:08.548505,129.176462,0.987619,0.076770,-0.125418,-0.054633,-2.932894,-7.975916,5.647765,0.128897,-2.084722,-0.730771,9.804799,-13.847725,-7.525991
348993.0,2025-12-15T02:00:08.606107,129.234065,0.984300,0.069521,-0.150339,-0.060978,-3.749486,-5.330331,6.605938,-0.532632,-2.177400,-0.304666,9.324959,-16.707103,-8.462170
349018.0,2025-12-15T02:00:08.607108,129.235065,0.981794,0.063229,-0.167457,-0.063560,-3.713531,-4.930316,2.304141,-0.450607,-1.494566,-0.046872,8.833142,-18.710103,-8.866113
349038.0,2025-12-15T02:00:08.608096,129.236054,0.979028,0.051936,-0.185154,-0.067273,-4.311050,-4.901204,2.937134,-0.874582,-1.578722,-0.068177,7.785020,-20.827369,-9.294531
349069.0,2025-12-15T02:00:08.666686,129.294644,0.978377,0.032138,-0.192793,-0.067648,-6.262984,-0.017494,3.244818,-1.588309,-0.752077,0.306796,5.502385,-21.894649,-8.975676
349094.0,2025-12-15T02:00:08.667691,129.295648,0.999971,-0.007215,0.001745,0.001458,-3.188501,-1.889651,-1.672012,-0.500674,-0.023436,0.122505,-0.826450,0.201125,0.165669
349116.0,2025-12-15T02:00:08.726969,129.354927,0.999956,-0.008897,0.002639,0.001464,-0.910783,0.038434,0.246530,-0.142745,-0.124636,-0.002131,-1.019046,0.303900,0.165050
349143.0,2025-12-15T02:00:08.727972,129.355930,0.999938,-0.009609,0.004939,0.002821,-0.258496,0.058951,-0.233467,-0.090547,-0.005326,0.111853,-1.099578,0.569064,0.317782
349169.0,2025-12-15T02:00:08.727972,129.355930,0.999910,-0.009361,0.008223,0.005028,-0.082892,-0.118168,0.023394,0.050067,0.098004,0.098004,-1.068119,0.947693,0.567413
349192.0,2025-12-15T02:00:08.788650,129.416608,0.999855,-0.010455,0.011687,0.006604,-0.103284,-0.000895,-0.092195,-0.068177,0.091613,0.131028,-1.189490,1.347066,0.742873
349217.0,2025-12-15T02:00:08.788650,129.416608,0.999802,-0.009795,0.015225,0.008294,-0.015647,0.057805,-0.117663,-0.074569,0.143811,0.139550,-1.108284,1.753947,0.933666
349238.0,2025-12-15T02:00:08.847001,129.474959,0.999720,-0.011910,0.018008,0.009646,0.059481,-0.119637,-0.003268,0.022371,0.236489,0.119310,-1.345464,2.076614,1.081215
349272.0,2025-12-15T02:00:08.847001,129.474959,0.999641,-0.008647,0.022788,0.011152,0.117100,-0.120207,0.069639,0.305731,0.216249,0.057524,-0.962498,2.622320,1.256250
349292.0,2025-12-15T02:00:08.848000,129.475957,0.999594,-0.004809,0.025071,0.012667,0.300439,-0.286019,-0.097629,0.452737,0.337689,0.144876,-0.515150,2.879961,1.439147
349321.0,2025-12-15T02:00:08.906107,129.534065,0.999477,0.000846,0.028669,0.014960,0.487890,-0.472703,-0.073423,0.609331,0.442085,0.214118,0.146283,3.283832,1.719262
349346.0,2025-12-15T02:00:08.907111,129.535069,0.999284,0.003605,0.033510,0.017171,0.564167,-1.003593,0.021517,0.414388,0.485761,0.202400,0.479858,3.832950,1.984944
349372.0,2025-12-15T02:00:08.966059,129.594017,0.998881,0.002846,0.042243,0.021073,0.895548,-0.948267,0.208005,0.039415,0.598679,0.220510,0.429260,4.834083,2.435206
349397.0,2025-12-15T02:00:08.967228,129.595186,0.998736,0.000472,0.043973,0.024352,0.109608,-0.920509,0.372144,-0.008522,0.156594,0.283360,0.177387,5.037748,2.801287
349419.0,2025-12-15T02:00:09.026645,129.654603,0.998919,-0.004477,0.038603,0.025498,1.664834,-0.864128,-0.013555,-0.327036,-0.270577,0.086286,-0.400856,4.436330,2.908855
349446.0,2025-12-15T02:00:09.027659,129.655617,0.998958,-0.009067,0.036342,0.026070,2.129186,-0.032041,-0.395974,-0.370712,0.018109,0.035154,-0.931829,4.191025,2.955688
349472.0,2025-12-15T02:00:09.086770,129.714728,0.998903,-0.006106,0.037970,0.026732,0.735666,0.153811,-0.371125,0.276969,-0.035154,-0.042611,-0.584368,4.369191,3.043616
349497.0,2025-12-15T02:00:09.088131,129.716089,0.999002,-0.003602,0.036312,0.025776,1.075845,-0.914093,0.129345,0.339819,0.006392,-0.061785,-0.305946,4.171266,2.944890
349522.0,2025-12-15T02:00:09.089149,129.717107,0.999072,-0.004312,0.034066,0.025991,1.026763,-0.695712,-0.003382,0.053263,-0.026632,0.024501,-0.393151,3.915966,2.966987
349540.0,2025-12-15T02:00:09.145873,129.773830,0.999123,-0.005489,0.032354,0.026024,0.932157,-0.706681,-0.013194,0.025566,0.011718,0.008522,-0.533072,3.723247,2.966774
349574.0,2025-12-15T02:00:09.147182,129.775140,0.999010,-0.006699,0.034360,0.027441,0.975249,-0.613036,-0.034470,-0.011718,0.044741,-0.009587,-0.660411,3.957641,3.123966
349599.0,2025-12-15T02:00:09.206690,129.834648,0.999068,-0.008343,0.032517,0.027139,0.881787,-0.551773,-0.036670,-0.025566,0.011718,-0.021305,-0.855858,3.751351,3.084055
349624.0,2025-12-15T02:00:09.207695,129.835653,0.999129,-0.010062,0.030394,0.026780,0.934566,-0.564597,-0.020327,-0.035154,-0.009587,-0.026632,-1.060748,3.512976,3.038156
349644.0,2025-12-15T02:00:09.208680,129.836637,0.999178,-0.012261,0.028259,0.026343,0.838509,-0.511139,0.000661,-0.073503,-0.010653,-0.034088,-1.320847,3.274432,2.982760
349671.0,2025-12-15T02:00:09.266692,129.894650,0.999085,-0.014497,0.029624,0.027235,0.893073,-0.406479,-0.004027,-0.113983,-0.018109,-0.054328,-1.570238,3.438837,3.075809
349696.0,2025-12-15T02:00:09.267676,129.895634,0.999128,-0.016858,0.027422,0.026609,0.947702,-0.355862,-0.014683,-0.117179,0.002131,-0.051133,-1.849673,3.192643,2.999547
349721.0,2025-12-15T02:00:09.327526,129.955484,0.999160,-0.018959,0.025189,0.026176,0.882442,-0.304323,-0.013337,-0.101200,0.001065,-0.034088,-2.098385,2.942133,2.947471
349746.0,2025-12-15T02:00:09.328835,129.956793,0.999197,-0.020261,0.022859,0.025918,0.783386,-0.193908,-0.062582,-0.053263,-0.002131,-0.018109,-2.255078,2.678475,2.918966
349772.0,2025-12-15T02:00:09.387206,130.015163,0.999083,-0.022025,0.023972,0.027804,0.788229,-0.222350,-0.002328,-0.091613,-0.031958,0.013848,-2.448904,2.815741,3.128032
349797.0,2025-12-15T02:00:09.388207,130.016165,0.999125,-0.022229,0.021574,0.028087,0.900750,-0.096856,0.011908,0.008522,-0.004261,0.028762,-2.478842,2.542464,3.165467
349822.0,2025-12-15T02:00:09.389211,130.017169,0.999220,-0.020438,0.019312,0.027719,0.589728,-0.186180,-0.017964,0.202400,-0.002131,-0.021305,-2.281260,2.276796,3.132640
349842.0,2025-12-15T02:00:09.447423,130.075381,0.999241,-0.020963,0.017819,0.027577,0.613352,-0.383495,0.080937,0.066046,0.040480,-0.004261,-2.346311,2.107032,3.118573
349875.0,2025-12-15T02:00:09.449568,130.077526,0.999156,-0.021404,0.019958,0.028827,0.724445,-0.287733,0.000247,0.020240,0.033023,-0.017044,-2.387484,2.356472,3.256121
349897.0,2025-12-15T02:00:09.506684,130.134642,0.999189,-0.022446,0.017497,0.028478,0.704348,-0.291032,0.010314,-0.006392,-0.023436,-0.024501,-2.515413,2.077085,3.219494
349923.0,2025-12-15T02:00:09.507697,130.135655,0.999220,-0.023403,0.014624,0.028253,0.627314,-0.225284,0.002175,-0.009587,-0.054328,-0.014914,-2.634462,1.750478,3.198930
349948.0,2025-12-15T02:00:09.508686,130.136644,0.999243,-0.024471,0.011736,0.027889,0.490582,-0.203194,0.011306,-0.010653,-0.058590,-0.026632,-2.766440,1.422218,3.163116
349978.0,2025-12-15T02:00:09.567146,130.195104,0.999201,-0.025757,0.013509,0.027400,0.423788,-0.245231,0.060575,-0.061785,-0.019175,-0.131028,-2.909207,1.627908,3.100222
349998.0,2025-12-15T02:00:09.568149,130.196107,0.999090,-0.032245,0.013269,0.024573,0.395072,-0.056239,0.210976,-0.449542,0.177899,-0.233293,-3.658163,1.610120,2.766454
350027.0,2025-12-15T02:00:09.627976,130.255934,0.998554,-0.045094,0.017210,0.023677,-2.754273,0.109578,-0.358535,-1.070591,0.160855,-0.090547,-5.123448,2.092090,2.622944
350047.0,2025-12-15T02:00:09.628970,130.256927,0.997544,-0.064363,0.011983,0.024886,-1.364324,1.602933,-0.055405,-1.778991,-0.537959,0.038350,-7.345944,1.553484,2.758420
350077.0,2025-12-15T02:00:09.686710,130.314668,0.999454,-0.031830,-0.006504,0.006091,1.468002,0.539525,1.453344,-2.663161,-0.576308,0.487891,-3.652723,-0.722755,0.721412
350102.0,2025-12-15T02:00:09.687720,130.315677,0.998322,-0.057378,0.000840,0.007761,1.353188,1.387644,0.783899,-4.849084,0.269512,0.653007,-6.577740,0.147071,0.882353
350127.0,2025-12-15T02:00:09.688714,130.316672,0.992879,-0.118279,0.005977,0.012851,0.507136,5.484011,-2.925249,-5.335909,0.470847,0.453803,-13.576681,0.854190,1.381371
350157.0,2025-12-15T02:00:09.746591,130.374548,0.989956,-0.140183,0.008293,0.016341,0.637885,5.565868,-2.575003,-2.008023,0.072438,0.251402,-16.101554,1.203394,1.721133
350177.0,2025-12-15T02:00:09.747576,130.375534,0.989146,-0.145151,0.012996,0.018773,0.231990,4.898515,-0.893671,-0.609331,0.382430,0.254598,-16.666571,1.785614,1.912952
350206.0,2025-12-15T02:00:09.806716,130.434674,0.985551,-0.166057,0.021178,0.025796,-0.263199,5.542324,-1.420228,-1.966478,0.626375,0.658333,-19.064758,2.883795,2.514286
350226.0,2025-12-15T02:00:09.807705,130.435663,0.979938,-0.193589,0.030278,0.036426,0.528815,7.773221,-4.528307,-2.542786,0.698813,0.968325,-22.223904,4.211838,3.430052
350260.0,2025-12-15T02:00:09.866740,130.494698,0.984665,-0.167642,0.033077,0.035161,1.120945,8.488618,-5.063302,2.051699,0.108657,-0.066046,-19.195399,4.412022,3.343780
350285.0,2025-12-15T02:00:09.867738,130.495696,0.988749,-0.141916,0.035395,0.031339,0.524282,6.362800,-2.178263,2.015480,0.184291,-0.230097,-16.217826,4.524703,2.985849
350310.0,2025-12-15T02:00:09.928707,130.556664,0.992402,-0.114319,0.036170,0.027575,0.609697,5.346685,-1.875047,2.159291,0.056459,-0.237554,-13.037838,4.479030,2.671104
350330.0,2025-12-15T02:00:09.929709,130.557667,0.994336,-0.096763,0.035953,0.025288,0.763342,4.925484,-1.075336,1.297492,-0.004261,-0.150202,-11.021122,4.381213,2.490776
350363.0,2025-12-15T02:00:09.930719,130.558677,0.995067,-0.088673,0.037008,0.024693,1.073581,4.207390,-0.992235,0.553937,-0.042611,-0.112918,-10.088982,4.475312,2.447845
350387.0,2025-12-15T02:00:09.986572,130.614530,0.995702,-0.082312,0.035594,0.023152,0.867274,4.583059,-1.046030,0.347276,-0.075634,-0.127832,-9.364987,4.283596,2.312932
350412.0,2025-12-15T02:00:09.987572,130.615530,0.996517,-0.073233,0.035434,0.018335,0.476192,5.190979,-0.771711,0.583765,0.025566,-0.388821,-8.339989,4.203979,1.801513
350432.0,2025-12-15T02:00:09.988587,130.616545,0.999558,0.022707,0.003599,-0.018837,-0.345700,5.673969,0.139321,1.868474,0.298274,-1.582983,2.594117,0.461233,-2.148783
350467.0,2025-12-15T02:00:10.046110,130.674068,0.997463,0.048877,0.007254,-0.051246,-0.084367,5.496949,0.511041,2.180596,0.258859,-2.734534,5.553871,1.116244,-5.828008
350487.0,2025-12-15T02:00:10.047095,130.675053,0.992566,0.065213,0.010697,-0.102205,0.395412,4.891454,0.624165,1.367800,0.147006,-4.301538,7.316293,1.980876,-11.631397
350517.0,2025-12-15T02:00:10.107685,130.735642,0.998264,0.013364,0.008134,-0.056791,0.157957,3.772505,-0.131753,0.925715,0.662594,-4.778776,1.476181,1.017539,-6.499008
350542.0,2025-12-15T02:00:10.108689,130.736647,0.994157,0.025592,0.013867,-0.103949,1.227917,1.794667,-1.576630,0.845820,0.550742,-3.981958,2.752799,1.884979,-11.892979
350568.0,2025-12-15T02:00:10.227033,130.854990,0.989394,0.034337,0.020418,-0.139654,1.879472,-1.022536,-1.313188,0.856473,0.406931,-3.062635,3.573070,2.865623,-15.979197
350588.0,2025-12-15T02:00:10.228033,130.855991,0.985730,0.042013,0.023377,-0.161322,0.556079,-2.971500,-1.397339,0.825580,0.376038,-1.836516,4.325308,3.419266,-18.459754
350616.0,2025-12-15T02:00:10.229029,130.856987,0.983413,0.052342,0.023292,-0.172095,-1.707797,-7.273382,-1.649691,1.083374,0.122505,-0.892692,5.458517,3.659471,-19.677727
350642.0,2025-12-15T02:00:10.229029,130.856987,0.999938,0.008484,-0.007127,0.001065,0.190178,-9.060007,-0.629090,0.712662,-0.598679,0.089482,0.971358,-0.817671,0.115139
350668.0,2025-12-15T02:00:10.230033,130.857991,0.999591,0.006660,-0.020828,0.018420,2.014589,-10.174740,1.021045,-0.143811,-1.138768,1.469000,0.719530,-2.400458,2.096379
350692.0,2025-12-15T02:00:10.287328,130.915285,0.997310,0.010814,-0.030864,0.065601,2.949159,-9.932572,0.437005,0.417584,-0.827710,3.968110,1.005880,-3.610928,7.495084
350717.0,2025-12-15T02:00:10.288324,130.916282,0.991347,0.026779,-0.032272,0.124389,2.806157,-8.042529,0.780694,1.490305,-0.168312,4.926848,2.589415,-4.051196,14.211975
350739.0,2025-12-15T02:00:10.347513,130.975471,0.982900,0.048180,-0.023864,0.176118,3.434649,-6.323601,2.526640,2.032524,0.570982,4.326038,4.961268,-3.662657,20.158379
350767.0,2025-12-15T02:00:10.348513,130.976470,0.999029,0.014501,0.009239,0.040571,0.956629,-3.726080,-0.039133,1.385909,0.741424,3.306581,1.703479,0.990293,4.665801
350792.0,2025-12-15T02:00:10.407589,131.035547,0.999265,0.008334,0.006473,0.036864,0.018324,-2.987932,-2.602468,0.740359,0.540089,3.098854,0.981762,0.706032,4.231544
350817.0,2025-12-15T02:00:10.408593,131.036551,0.999507,0.005197,0.001673,0.030903,-1.025780,0.087729,-2.849785,0.436758,0.140615,2.597115,0.601171,0.173233,3.542725
350841.0,2025-12-15T02:00:10.408593,131.036551,0.999826,0.002715,-0.002947,0.018220,0.274536,1.685690,-0.888121,0.033023,-0.203465,1.530785,0.304921,-0.343264,2.087130
350867.0,2025-12-15T02:00:10.467367,131.095325,0.999467,0.005097,-0.005483,0.031764,-0.112513,2.047832,-0.865973,0.075634,-0.157659,0.991761,0.563837,-0.646517,3.637449
350893.0,2025-12-15T02:00:10.468394,131.096351,0.999932,-0.006796,-0.008936,0.003094,0.259490,3.280272,1.477944,-0.610397,-0.744620,0.259925,-0.781975,-1.021615,0.361556
350915.0,2025-12-15T02:00:10.526743,131.154701,0.999723,-0.015974,-0.016477,0.005196,0.492931,3.604655,1.652666,-0.810666,-0.624245,0.180030,-1.841116,-1.878397,0.625794
350941.0,2025-12-15T02:00:10.528186,131.156143,0.999977,-0.004884,-0.004704,0.000824,0.794716,2.276921,-0.106057,-0.595483,-0.319579,0.069242,-0.560182,-0.538560,0.097092
350967.0,2025-12-15T02:00:10.528186,131.156143,0.999931,-0.006460,-0.008458,0.005045,-0.220006,2.731469,-1.109792,-0.256729,-0.321710,0.198139,-0.745259,-0.965506,0.584385
350991.0,2025-12-15T02:00:10.586937,131.214895,0.999977,-0.003899,-0.005284,0.001623,-0.264232,3.901129,0.960514,-0.367516,-0.445280,0.136354,-0.447820,-0.604736,0.188375
351011.0,2025-12-15T02:00:10.588250,131.216208,0.999834,-0.015501,-0.009487,-0.001001,-0.383911,4.338059,1.326499,-1.016262,-0.353668,-0.216249,-1.775488,-1.088830,-0.097843
351040.0,2025-12-15T02:00:10.646343,131.274300,0.999952,-0.007100,-0.001814,-0.006543,-0.367779,2.903782,-0.233175,-0.794687,-0.178964,-0.549676,-0.812272,-0.213225,-0.748338
351066.0,2025-12-15T02:00:10.647355,131.275313,0.999806,-0.015525,-0.006497,-0.010199,0.012199,1.589289,-1.385834,-0.792557,-0.378169,-0.487891,-1.771549,-0.762480,-1.157085
351091.0,2025-12-15T02:00:10.706889,131.334846,0.999921,-0.009252,-0.008510,-0.000659,0.851060,-1.122668,-2.122619,-0.745685,-0.690291,-0.055394,-1.059720,-0.975789,-0.066543
351111.0,2025-12-15T02:00:10.707888,131.335846,0.999902,-0.008478,-0.011106,0.001243,1.700188,-1.790068,-1.197899,-0.568851,-0.793622,0.104396,-0.973318,-1.271483,0.153216
351142.0,2025-12-15T02:00:10.708889,131.336846,0.999416,-0.001521,-0.031191,-0.013866,2.468568,-2.086563,3.726995,-0.127832,-2.621616,-1.165399,-0.124866,-3.576934,-1.585820
351167.0,2025-12-15T02:00:10.767871,131.395829,0.999931,-0.009694,-0.005746,-0.003289,-0.589792,0.524552,0.998909,-0.885235,-0.412257,-0.449542,-1.108772,-0.662117,-0.370524
351193.0,2025-12-15T02:00:10.767871,131.395829,0.999778,-0.019047,-0.000461,-0.008999,-0.531826,0.546941,-1.056623,-0.891626,0.273773,-0.472977,-2.182166,-0.072490,-1.030013
351213.0,2025-12-15T02:00:10.827030,131.454988,0.999459,-0.030250,-0.007721,-0.010377,-0.409274,1.345152,-0.382983,-1.129180,-0.666856,-0.128897,-3.457856,-0.920251,-1.161995
351244.0,2025-12-15T02:00:10.828030,131.455987,0.999770,-0.018077,-0.004050,-0.010798,-1.427753,2.835292,0.871961,0.841559,0.229032,-0.036219,-2.066482,-0.486393,-1.228799
351269.0,2025-12-15T02:00:10.829030,131.456987,0.999861,-0.013801,-0.000383,-0.009350,0.638413,1.645028,0.298856,0.252468,0.386691,-0.026632,-1.581091,-0.058681,-1.070700
351292.0,2025-12-15T02:00:10.886352,131.514309,0.999917,-0.008726,-0.001244,-0.009373,0.166108,1.053732,0.033797,0.229032,-0.040480,-0.002131,-0.998525,-0.151871,-1.072833
351317.0,2025-12-15T02:00:10.887375,131.515333,0.999942,-0.004982,-0.000926,-0.009526,-0.047114,0.664773,-0.026576,0.115049,0.011718,-0.012783,-0.569834,-0.111556,-1.091117
351339.0,2025-12-15T02:00:10.946917,131.574875,0.999949,-0.001963,-0.000689,-0.009914,0.197069,0.913570,-0.014027,0.056459,0.057524,-0.031958,-0.224126,-0.081180,-1.135924
351368.0,2025-12-15T02:00:10.946917,131.574875,0.999968,-0.000118,-0.001523,-0.007795,0.109662,0.738139,0.030125,0.079895,-0.010653,0.002131,-0.012185,-0.174636,-0.893235
351393.0,2025-12-15T02:00:11.006713,131.634671,0.999957,0.004864,-0.002605,-0.007477,0.014971,0.526757,-0.000208,0.219444,-0.078830,0.026632,0.559601,-0.294381,-0.858310
351418.0,2025-12-15T02:00:11.006713,131.634671,0.999936,0.008496,-0.002739,-0.006898,-0.014420,0.425823,0.011098,0.105461,-0.015979,0.049002,0.975756,-0.307131,-0.793126
351444.0,2025-12-15T02:00:11.007715,131.635673,0.999931,0.010365,-0.003638,-0.004176,-0.013884,0.360952,0.039685,0.079895,0.000000,0.059655,1.189567,-0.411923,-0.482889
351469.0,2025-12-15T02:00:11.066089,131.694047,0.999879,0.014468,-0.003765,-0.004219,-0.011784,0.274751,0.019428,0.144876,-0.015979,-0.003196,1.659847,-0.424413,-0.489711
351494.0,2025-12-15T02:00:11.067092,131.695050,0.999838,0.017333,-0.002621,-0.004036,-0.028350,0.043004,0.040923,0.062851,0.005326,0.017044,1.987557,-0.292296,-0.467675
351516.0,2025-12-15T02:00:11.126688,131.754645,0.999775,0.020660,-0.003008,-0.003898,0.034815,0.301308,-0.006343,0.080960,-0.009587,0.011718,2.368967,-0.335385,-0.453680
351544.0,2025-12-15T02:00:11.127686,131.755643,0.999722,0.023077,-0.004355,-0.001970,-0.001698,0.081902,0.014598,0.117179,-0.019175,0.007457,2.645666,-0.493760,-0.237232
351569.0,2025-12-15T02:00:11.128686,131.756644,0.999656,0.025938,-0.003359,-0.001902,-0.030107,0.040351,0.011731,0.062851,-0.007457,0.008522,2.973428,-0.379154,-0.227847
351596.0,2025-12-15T02:00:11.188164,131.816121,0.999658,0.026003,-0.001908,-0.002131,0.023500,-0.006282,0.004728,0.144876,-0.021305,-0.015979,2.980517,-0.212194,-0.249854
351616.0,2025-12-15T02:00:11.188955,131.816913,0.999640,0.026686,-0.002427,-0.001290,0.026852,-0.239279,-0.036917,0.254598,-0.008522,0.069242,3.058744,-0.274055,-0.155162
351648.0,2025-12-15T02:00:11.246738,131.874696,0.999446,0.032922,-0.002365,0.004245,-0.038703,-0.498375,-0.053634,0.451672,0.109722,0.301470,3.772083,-0.286824,0.477296
351673.0,2025-12-15T02:00:11.247720,131.875678,0.999374,0.033950,-0.002076,0.009684,0.072825,-0.303995,0.173958,0.282295,0.083091,0.451672,3.888661,-0.275412,1.101018
351698.0,2025-12-15T02:00:11.308854,131.936812,0.999376,0.033042,-0.002468,0.012241,0.030294,-0.220424,0.031111,0.121440,0.003196,0.213053,3.783270,-0.328967,1.392683
351723.0,2025-12-15T02:00:11.309850,131.937808,0.999470,0.030316,-0.002125,0.011690,-0.017608,-0.402325,-0.021951,-0.029827,0.014914,-0.046872,3.471408,-0.283949,1.331648
351749.0,2025-12-15T02:00:11.367428,131.995385,0.999426,0.031040,-0.002981,0.013257,0.001701,-0.534847,-0.038164,-0.006392,0.031958,-0.025566,3.552762,-0.388520,1.507924
351769.0,2025-12-15T02:00:11.368444,131.996402,0.999399,0.031122,-0.001867,0.015163,-0.024372,-1.104844,-0.025887,0.207727,0.084156,0.156594,3.563253,-0.267868,1.730139
351801.0,2025-12-15T02:00:11.368444,131.996402,0.999202,0.034099,-0.001758,0.020720,0.076677,0.159485,0.039993,0.066046,0.093743,0.462325,3.903190,-0.282299,2.366250
351826.0,2025-12-15T02:00:11.428499,132.056457,0.999195,0.033746,-0.003161,0.021469,0.040737,-0.024036,0.037966,0.056459,0.063916,0.054328,3.859173,-0.445005,2.446790
351851.0,2025-12-15T02:00:11.428499,132.056457,0.998954,0.035578,-0.002932,0.028587,0.049419,-0.692872,0.010580,0.115049,0.116114,0.418649,4.066581,-0.452208,3.262281
351871.0,2025-12-15T02:00:11.428499,132.056457,0.998869,0.035286,-0.003365,0.031685,0.639729,-1.064702,0.073373,0.152333,0.066046,0.253533,4.030228,-0.513280,3.615649
351900.0,2025-12-15T02:00:11.486703,132.114661,0.998843,0.036068,-0.002011,0.031733,0.436453,-0.989852,-0.021195,0.257794,0.176834,-0.006392,4.124627,-0.361328,3.626337
351925.0,2025-12-15T02:00:11.488229,132.116186,0.998797,0.037419,0.003145,0.031532,0.070809,-0.482557,0.124355,0.324906,0.401605,-0.031958,4.298205,0.224701,3.624847
351948.0,2025-12-15T02:00:11.546906,132.174863,0.998857,0.036941,0.008281,0.029187,0.110940,-0.145829,0.452544,-0.050067,0.446346,-0.410127,4.260357,0.824351,3.378077
351972.0,2025-12-15T02:00:11.546906,132.174863,0.998949,0.036421,0.010702,0.025692,0.229588,0.038937,0.877307,-0.054328,0.392017,-0.316384,4.205204,1.117910,2.987559
351998.0,2025-12-15T02:00:11.607803,132.235760,0.999140,0.032138,0.010875,0.023848,0.478775,-0.140803,0.659033,-0.262055,0.192813,-0.170442,3.712670,1.157312,2.772169
352023.0,2025-12-15T02:00:11.607803,132.235760,0.999198,0.030765,0.009902,0.023651,0.465827,0.151235,0.807076,-0.156594,0.116114,-0.028762,3.552294,1.050406,2.744502
352048.0,2025-12-15T02:00:11.607803,132.235760,0.999142,0.031898,0.009573,0.024639,0.489552,0.341253,0.928621,0.038350,0.057524,-0.087352,3.682289,1.005996,2.857633
352075.0,2025-12-15T02:00:11.666233,132.294191,0.999134,0.033816,0.009579,0.022269,0.817694,1.223864,1.201397,0.000000,0.105461,-0.207727,3.899789,1.010512,2.587977
352094.0,2025-12-15T02:00:11.667233,132.295191,0.999102,0.035062,0.012163,0.020457,1.081330,1.871784,1.038774,-0.060720,0.311057,-0.168312,4.047176,1.310444,2.392262
352127.0,2025-12-15T02:00:11.728711,132.356669,0.998991,0.036490,0.017663,0.019331,0.806362,2.985277,0.226186,-0.061785,0.508131,-0.117179,4.222556,1.941507,2.288678
352153.0,2025-12-15T02:00:11.728711,132.356669,0.998846,0.038270,0.023687,0.016749,0.530289,3.100448,-0.617360,0.019175,0.503870,-0.369647,4.434956,2.638672,2.023513
352176.0,2025-12-15T02:00:11.787417,132.415375,0.998850,0.039314,0.025889,0.009102,0.583205,3.575504,-1.764739,-0.090547,0.191748,-0.658333,4.537509,2.923506,1.160087
352200.0,2025-12-15T02:00:11.788789,132.416747,0.999927,0.000210,-0.004793,-0.011058,0.115251,3.885398,-2.742045,-0.022371,-0.401605,-0.928910,0.030103,-0.548886,-1.267299
352226.0,2025-12-15T02:00:11.788789,132.416747,0.999654,-0.001658,-0.013049,-0.022787,-0.147674,2.047010,-1.893986,-0.193878,-0.697748,-0.984304,-0.155905,-1.499231,-2.609657
352252.0,2025-12-15T02:00:11.847272,132.475230,0.999941,-0.003310,-0.006615,-0.007893,0.403007,0.449724,-1.203861,-0.264186,-0.712662,-0.786165,-0.373316,-0.760961,-0.902006
352277.0,2025-12-15T02:00:11.847272,132.475230,0.999897,-0.003396,-0.008712,-0.010912,0.135540,-2.789125,-1.105908,0.191748,-0.158724,-0.256729,-0.378282,-1.002506,-1.247225
352296.0,2025-12-15T02:00:11.907092,132.535049,0.999872,0.001239,-0.006830,-0.014438,-0.231780,-4.011855,-0.256894,0.584830,0.155529,-0.302535,0.153295,-0.780526,-1.655572
352329.0,2025-12-15T02:00:11.908095,132.536053,0.999921,0.008965,0.002600,-0.008407,-0.023075,-6.285580,0.876954,0.753142,0.218379,-0.706270,1.024828,0.306501,-0.960720
352355.0,2025-12-15T02:00:11.966697,132.594655,0.999889,0.009696,-0.000095,-0.011299,1.793454,-7.896700,1.892790,0.063916,-0.227967,-0.240750,1.111122,0.001689,-1.294885
352380.0,2025-12-15T02:00:11.967706,132.595664,0.999886,0.010507,-0.002381,-0.010598,2.719551,-9.039214,1.843395,0.070307,-0.190682,0.060720,1.206860,-0.260059,-1.217330
352400.0,2025-12-15T02:00:11.968693,132.596650,0.999860,0.016673,0.001146,-0.001276,4.493139,-10.219454,2.238898,0.516653,0.309992,0.778708,1.910478,0.133767,-0.143976
352429.0,2025-12-15T02:00:12.026634,132.654592,0.999479,0.028271,0.012961,0.008686,3.331836,-7.757883,-0.306259,0.972586,1.007740,0.821319,3.253599,1.456493,1.037164
352455.0,2025-12-15T02:00:12.026634,132.654592,0.999899,0.004336,0.006725,0.011747,-0.423750,-4.473810,-2.965367,0.397344,0.545415,0.975782,0.505915,0.764778,1.349534
352475.0,2025-12-15T02:00:12.086989,132.714947,0.999666,-0.010979,-0.017584,0.015428,-2.423182,-2.993706,-4.087340,-0.922519,-1.477522,1.296427,-1.289625,-1.995261,1.790884
352506.0,2025-12-15T02:00:12.087989,132.715947,0.999634,-0.011469,-0.019848,0.014363,-1.246357,-0.680746,-1.894444,-0.937433,-1.698031,1.206945,-1.347566,-2.255340,1.672910
352531.0,2025-12-15T02:00:12.146711,132.774669,0.999901,-0.003214,-0.010258,0.009117,-0.955939,0.926419,-0.219624,-0.422910,-0.990696,0.765925,-0.379104,-1.172064,1.048713
352557.0,2025-12-15T02:00:12.147709,132.775666,0.999682,-0.004536,-0.016286,0.018696,-1.186588,1.734778,-0.224070,-0.236489,-0.486826,0.653007,-0.554836,-1.856260,2.151845
352575.0,2025-12-15T02:00:12.148707,132.776665,0.999611,0.001606,-0.013693,0.024258,-1.424254,4.803144,0.098459,0.333428,0.157659,0.465521,0.145936,-1.573208,2.778241
352608.0,2025-12-15T02:00:12.207238,132.835196,0.999986,0.000448,0.004893,0.002054,-0.473310,5.419118,0.764324,-0.002131,0.406931,0.172573,0.052532,0.560559,0.235678
352633.0,2025-12-15T02:00:12.208730,132.836687,0.999980,-0.004322,0.004193,0.001978,-1.838065,3.327572,-0.823503,-0.535828,0.251402,0.166181,-0.494364,0.481422,0.224625
352656.0,2025-12-15T02:00:12.267709,132.895667,0.999946,-0.006961,0.006926,0.003410,-1.975343,3.174846,-0.721860,-0.314253,0.116114,-0.015979,-0.795051,0.796349,0.385244
352681.0,2025-12-15T02:00:12.267709,132.895667,0.999989,0.002134,0.003013,-0.003069,-0.364784,3.658123,1.232447,0.139550,0.248207,-0.257794,0.243474,0.345983,-0.350943
352706.0,2025-12-15T02:00:12.269106,132.897064,0.999926,0.004144,0.007990,-0.008147,0.157090,3.268123,1.523735,0.128897,0.417584,-0.427171,0.467486,0.919398,-0.929828
352723.0,2025-12-15T02:00:12.328375,132.956333,0.999974,0.001154,0.003878,-0.005897,0.434101,1.629176,0.430715,-0.099070,0.365386,-0.495348,0.129647,0.445113,-0.675235
352754.0,2025-12-15T02:00:12.329362,132.957320,0.999946,-0.001995,0.004482,-0.009139,1.067277,-0.057400,-0.293931,-0.233293,0.058590,-0.470847,-0.233250,0.511491,-1.048324
352778.0,2025-12-15T02:00:12.386704,133.014662,0.999932,-0.002558,0.002470,-0.011079,1.774287,-1.111133,-0.038921,0.056459,0.003196,-0.161920,-0.296194,0.279725,-1.270345
352802.0,2025-12-15T02:00:12.388220,133.016178,0.999935,-0.001154,0.002091,-0.011123,1.691716,-0.744951,0.612598,0.191748,0.155529,-0.002131,-0.134888,0.238134,-1.274897
352827.0,2025-12-15T02:00:12.388220,133.016178,0.999928,0.002017,0.002915,-0.011442,1.245359,-0.250190,0.472231,0.290817,0.270577,-0.025566,0.227292,0.336620,-1.310475
352853.0,2025-12-15T02:00:12.446717,133.074675,0.999932,0.003810,0.005328,-0.009630,1.020439,-0.516555,0.037551,0.211988,0.185356,-0.036219,0.430753,0.614666,-1.101256
352878.0,2025-12-15T02:00:12.447777,133.075734,0.999934,0.004493,0.003965,-0.009818,0.555478,-0.172183,-0.314191,0.107592,0.079895,-0.015979,0.510334,0.459366,-1.123062
352899.0,2025-12-15T02:00:12.507337,133.135295,0.999929,0.005895,0.001511,-0.010213,0.259933,0.112139,-0.243014,0.034088,-0.024501,-0.034088,0.673774,0.180040,-1.169321
352925.0,2025-12-15T02:00:12.508331,133.136289,0.999924,0.005139,-0.002630,-0.010931,0.261554,0.170569,0.136735,-0.145941,-0.168312,-0.060720,0.592114,-0.294946,-1.254140
352955.0,2025-12-15T02:00:12.567332,133.195290,0.999939,0.002638,-0.004634,-0.009695,0.532467,-0.353179,0.289908,-0.194943,-0.144876,-0.092678,0.307473,-0.528071,-1.112363
352980.0,2025-12-15T02:00:12.568335,133.196293,0.999927,0.001180,-0.005688,-0.010604,0.312867,-0.547775,0.224556,0.049002,0.013848,-0.077764,0.142143,-0.650296,-1.216025
353005.0,2025-12-15T02:00:12.569327,133.197285,0.999924,0.001097,-0.005289,-0.011049,0.428782,-0.553811,0.269831,0.149137,0.157659,-0.039415,0.132384,-0.604610,-1.266840
353023.0,2025-12-15T02:00:12.687186,133.315144,0.999930,0.000275,-0.004502,-0.010966,0.204409,-0.244354,-0.109243,0.089482,0.186421,0.005326,0.037201,-0.515464,-1.256768
353056.0,2025-12-15T02:00:12.688170,133.316128,0.999948,0.003139,-0.003553,-0.009085,0.235441,-0.154530,-0.282656,0.224771,0.117179,-0.039415,0.363343,-0.403878,-1.042360
353081.0,2025-12-15T02:00:12.689169,133.317127,0.999918,0.004266,-0.005064,-0.011003,0.368848,-0.590526,-0.357233,0.256729,-0.008522,-0.162985,0.495250,-0.574918,-1.263424
353159.0,2025-12-15T02:00:12.747199,133.375157,0.999867,0.002954,-0.013171,-0.009184,0.495243,-0.557648,0.124900,-0.069242,-0.136354,0.143811,0.352496,-1.506161,-1.057183
353184.0,2025-12-15T02:00:12.748200,133.376158,0.999843,0.001992,-0.015883,-0.007604,0.542818,-0.287113,0.354301,0.011718,-0.049002,0.131028,0.242224,-1.818375,-0.875304
353207.0,2025-12-15T02:00:12.806301,133.434259,0.999839,0.000331,-0.016729,-0.006548,0.316922,-0.493036,0.003906,0.029827,0.037284,0.085221,0.050506,-1.916851,-0.751356
353237.0,2025-12-15T02:00:12.808301,133.436259,0.999853,0.000627,-0.016872,-0.003160,0.087858,-0.270014,-0.110370,0.051133,-0.030893,0.086286,0.077947,-1.933232,-0.363476
353259.0,2025-12-15T02:00:12.866172,133.494130,0.999830,-0.000088,-0.018327,-0.002234,0.045542,-0.196864,0.001125,0.129962,-0.055394,0.072438,-0.005440,-2.100295,-0.255903
353285.0,2025-12-15T02:00:12.867172,133.495130,0.999814,-0.002521,-0.019108,-0.000808,-0.007629,-0.344686,0.027924,-0.002131,-0.061785,0.116114,-0.287253,-2.189951,-0.087159
353310.0,2025-12-15T02:00:12.868173,133.496131,0.999803,-0.004857,-0.019223,0.000507,-0.039025,-0.144685,0.182594,0.002131,-0.047937,0.106526,-0.558042,-2.202636,0.068871
353338.0,2025-12-15T02:00:12.926107,133.554065,0.999808,-0.006508,-0.018501,0.000311,0.000113,-0.301201,0.164876,0.060720,0.052198,-0.021305,-0.746842,-2.119909,0.049441
353364.0,2025-12-15T02:00:12.927105,133.555063,0.999825,-0.006505,-0.017379,0.002181,0.020554,-0.411991,0.067931,0.041545,0.051133,-0.034088,-0.750099,-1.989909,0.262941
353383.0,2025-12-15T02:00:12.987301,133.615258,0.999804,-0.008972,-0.017576,0.001825,0.205685,-0.514044,0.116362,-0.020240,0.053263,-0.031958,-1.032245,-2.012176,0.227320
353414.0,2025-12-15T02:00:12.988300,133.616258,0.999749,-0.012268,-0.018622,0.002007,0.225418,-0.253131,0.071125,-0.118244,0.034088,0.015979,-1.410804,-2.131101,0.256284
353438.0,2025-12-15T02:00:13.046897,133.674855,0.999729,-0.013415,-0.018569,0.004262,0.126735,-0.114591,-0.068221,-0.109722,0.035154,-0.005326,-1.547193,-2.121214,0.517166
353463.0,2025-12-15T02:00:13.047905,133.675863,0.999701,-0.013169,-0.020277,0.003710,0.075279,0.051214,-0.073118,-0.071373,0.035154,-0.040480,-1.518692,-2.317919,0.456003
353488.0,2025-12-15T02:00:13.048896,133.676854,0.999635,-0.013821,-0.022978,0.003317,0.309285,0.005722,-0.016146,-0.051133,-0.026632,-0.029827,-1.593756,-2.627827,0.416745
353511.0,2025-12-15T02:00:13.106918,133.734876,0.999554,-0.014852,-0.025672,0.003378,0.516475,-0.039320,0.278982,-0.064981,-0.027697,0.008522,-1.713540,-2.936026,0.431152
353538.0,2025-12-15T02:00:13.109782,133.737740,0.999548,-0.015261,-0.025236,0.005864,0.519460,-0.126688,0.317182,-0.022371,0.044741,0.010653,-1.767500,-2.881433,0.716775
353562.0,2025-12-15T02:00:13.166749,133.794707,0.999487,-0.016557,-0.026685,0.006355,0.419864,-0.166036,0.192552,-0.027697,0.060720,0.043676,-1.918865,-3.045650,0.779620
353586.0,2025-12-15T02:00:13.167736,133.795693,0.999419,-0.017554,-0.028335,0.007165,0.110087,-0.019814,-0.051599,-0.026632,0.052198,0.071373,-2.037349,-3.232369,0.878957
353612.0,2025-12-15T02:00:13.227453,133.855411,0.999505,-0.014752,-0.026673,0.007812,-0.045994,0.117879,-0.161603,0.055394,0.056459,0.057524,-1.716142,-3.043158,0.941212
353638.0,2025-12-15T02:00:13.228454,133.856412,0.999486,-0.015206,-0.026061,0.010851,-0.178701,-0.021873,-0.223579,-0.007457,-0.010653,0.067112,-1.776699,-2.967283,1.290029
353663.0,2025-12-15T02:00:13.228454,133.856412,0.999463,-0.017965,-0.024793,0.011677,-0.042930,-0.046977,-0.141628,-0.064981,-0.006392,0.064981,-2.093726,-2.816668,1.390191
353688.0,2025-12-15T02:00:13.286735,133.914693,0.999501,-0.018677,-0.022266,0.012413,-0.035760,0.001434,-0.109817,-0.029827,0.013848,0.058590,-2.173514,-2.524513,1.471005
353708.0,2025-12-15T02:00:13.288723,133.916681,0.999567,-0.017013,-0.020473,0.012555,-0.052767,0.076650,0.076321,-0.015979,0.026632,0.013848,-1.980133,-2.321146,1.479355
353740.0,2025-12-15T02:00:13.346205,133.974163,0.999548,-0.017694,-0.019497,0.014526,-0.005056,-0.077519,0.001732,-0.021305,0.027697,-0.022371,-2.061053,-2.204294,1.704872
353765.0,2025-12-15T02:00:13.347205,133.975163,0.999471,-0.020193,-0.020867,0.014613,0.107743,-0.126300,0.012972,-0.050067,0.005326,0.007457,-2.350335,-2.356759,1.723653
353785.0,2025-12-15T02:00:13.466642,134.094600,0.999393,-0.021888,-0.022541,0.015049,0.168758,-0.112059,0.094366,-0.022371,0.019175,0.038350,-2.548890,-2.544535,1.782037
353815.0,2025-12-15T02:00:13.466642,134.094600,0.999430,-0.019626,-0.022555,0.015655,0.120012,0.183714,0.180326,0.017044,0.092678,0.058590,-2.291063,-2.548796,1.845769
353841.0,2025-12-15T02:00:13.466642,134.094600,0.999433,-0.019179,-0.020904,0.018161,-0.004529,0.205263,-0.121643,0.047937,0.102265,0.014914,-2.242502,-2.354810,2.128183
353865.0,2025-12-15T02:00:13.469659,134.097617,0.999499,-0.017098,-0.019621,0.018006,-0.087056,0.133330,-0.240458,0.005326,0.002131,-0.011718,-2.000638,-2.212536,2.102769
353917.0,2025-12-15T02:00:13.526830,134.154788,0.999485,-0.014657,-0.023093,0.016781,0.327762,0.016422,0.292193,0.012783,0.050067,-0.059655,-1.725173,-2.617621,1.963223
353942.0,2025-12-15T02:00:13.527834,134.155792,0.999450,-0.015599,-0.022253,0.019010,0.280275,-0.089717,-0.034872,-0.064981,0.064981,-0.009587,-1.837144,-2.515399,2.219704
353965.0,2025-12-15T02:00:13.528394,134.156352,0.999398,-0.015922,-0.024242,0.019066,0.291361,0.079331,0.065579,-0.066046,0.029827,0.010653,-1.878920,-2.742469,2.230873
353983.0,2025-12-15T02:00:13.586822,134.214779,0.999355,-0.015927,-0.026002,0.018972,0.429734,0.098066,0.277829,-0.037284,0.049002,-0.002131,-1.883307,-2.944396,2.223567
354015.0,2025-12-15T02:00:13.588819,134.216777,0.999356,-0.015848,-0.026030,0.018963,0.406944,0.001593,0.152439,0.012783,0.197074,0.005326,-1.874236,-2.947791,2.222425
354039.0,2025-12-15T02:00:13.647862,134.275820,0.999388,-0.016910,-0.022086,0.021204,0.379770,0.060426,-0.012900,-0.078830,0.332363,-0.004261,-1.992499,-2.488960,2.474160
354064.0,2025-12-15T02:00:13.648836,134.276794,0.999409,-0.017303,-0.020825,0.021195,0.445871,0.226930,0.005271,-0.115049,0.287621,0.011718,-2.034315,-2.343551,2.471439
354089.0,2025-12-15T02:00:13.707386,134.335344,0.999454,-0.017729,-0.019286,0.020149,0.505475,0.183190,-0.020968,-0.095874,0.321710,-0.075634,-2.076936,-2.168333,2.349184
354116.0,2025-12-15T02:00:13.708385,134.336342,0.999466,-0.018750,-0.019000,0.018865,0.571500,0.001863,-0.094642,-0.073503,0.226901,-0.099070,-2.190623,-2.136007,2.203500
354142.0,2025-12-15T02:00:13.708385,134.336342,0.999392,-0.020692,-0.018146,0.021401,0.685639,0.262615,0.132866,-0.160855,0.084156,0.018109,-2.416430,-2.027848,2.496231
354162.0,2025-12-15T02:00:13.766732,134.394690,0.999330,-0.022296,-0.019346,0.021617,0.691738,0.285500,0.252808,-0.194943,0.092678,0.028762,-2.603917,-2.160709,2.527521
354192.0,2025-12-15T02:00:13.767731,134.395689,0.999259,-0.026489,-0.019066,0.020402,0.703916,0.256014,0.287216,-0.393083,0.229032,-0.084156,-3.081382,-2.121711,2.396364
354215.0,2025-12-15T02:00:13.828352,134.456310,0.999256,-0.030519,-0.016235,0.017100,0.771672,0.672046,0.394014,-0.460194,0.410127,-0.251402,-3.530373,-1.799550,2.016198
354242.0,2025-12-15T02:00:13.829352,134.457310,0.999173,-0.034854,-0.013006,0.016419,0.752899,0.962442,0.105793,-0.398409,0.311057,-0.236489,-4.019631,-1.423717,1.932787
354267.0,2025-12-15T02:00:13.829352,134.457310,0.999228,-0.035181,-0.011792,0.012879,0.838858,0.961933,0.103828,-0.177899,0.246076,-0.280165,-4.050170,-1.298356,1.522787
354291.0,2025-12-15T02:00:13.886712,134.514670,0.999322,-0.034219,-0.009330,0.009924,1.088356,0.866768,0.431957,-0.045806,0.368581,-0.227967,-3.932927,-1.029503,1.173331
354315.0,2025-12-15T02:00:13.887706,134.515664,0.999447,-0.032065,-0.004828,0.007398,1.109741,0.974422,0.651033,0.043676,0.526241,-0.188552,-3.679087,-0.525714,0.865128
354342.0,2025-12-15T02:00:13.946565,134.574522,0.999920,0.002168,0.011822,-0.004011,1.970630,0.093850,1.298280,0.182160,1.005610,-0.374973,0.243103,1.355714,-0.456812
354367.0,2025-12-15T02:00:13.947552,134.575510,0.999888,0.002551,0.014345,-0.003360,2.639371,-0.131435,0.904165,0.219444,1.405084,-0.282295,0.286889,1.644888,-0.380983
354390.0,2025-12-15T02:00:14.007842,134.635800,0.999518,0.004713,0.030160,-0.005661,2.962640,-0.174354,0.329715,0.187487,1.528654,-0.194943,0.521177,3.459519,-0.633297
354418.0,2025-12-15T02:00:14.008939,134.636897,0.998953,0.005219,0.045206,-0.004797,4.609545,-0.531904,0.187157,0.055394,1.463673,0.067112,0.574890,5.184744,-0.524282
354444.0,2025-12-15T02:00:14.010431,134.638389,0.999792,-0.000920,0.020236,0.002394,4.929861,-0.396634,0.451598,-0.073503,1.727859,0.172573,-0.099877,2.319234,0.272413
354466.0,2025-12-15T02:00:14.069178,134.697136,0.998925,-0.001887,0.045993,0.005480,6.110775,-0.429835,-0.153375,-0.077764,2.205097,0.259925,-0.187903,5.273380,0.619936
354490.0,2025-12-15T02:00:14.069178,134.697136,0.999569,0.001580,0.029305,0.000735,6.216120,-0.455006,-0.420080,0.148072,2.662096,0.061785,0.183771,3.358447,0.089674
354516.0,2025-12-15T02:00:14.127184,134.755142,0.999306,0.004316,0.036847,-0.003460,6.985384,0.297459,-0.306985,0.360059,3.137203,-0.290817,0.480920,4.224959,-0.378987
354542.0,2025-12-15T02:00:14.127679,134.755636,0.997096,0.006548,0.074084,-0.016362,7.703373,1.043166,-0.767572,0.213053,3.163835,-1.113201,0.616045,8.508280,-1.834390
354562.0,2025-12-15T02:00:14.128795,134.756753,0.993392,0.002145,0.106632,-0.042390,8.311851,1.060294,-2.050150,-0.257794,2.769687,-2.233859,-0.280164,12.241721,-4.916923
354592.0,2025-12-15T02:00:14.185946,134.813904,0.999304,-0.007109,0.026331,-0.025435,7.408634,-0.782155,-2.190184,-0.582700,2.412824,-2.137985,-0.892121,2.995906,-2.939309
354615.0,2025-12-15T02:00:14.186960,134.814917,0.998313,-0.010854,0.045349,-0.034587,8.341575,-3.956036,-4.050936,-0.259925,1.781122,-0.760599,-1.427364,5.151768,-4.032720
354640.0,2025-12-15T02:00:14.246998,134.874956,0.997277,-0.003678,0.064262,-0.035990,8.646172,-3.533866,-4.744895,0.612527,1.791775,-0.135289,-0.691005,7.348814,-4.178006
354663.0,2025-12-15T02:00:14.246998,134.874956,0.996349,0.007201,0.077742,-0.034531,8.020498,-1.566330,-5.493084,0.884169,1.363539,0.187487,0.520840,8.940815,-3.929152
354689.0,2025-12-15T02:00:14.308273,134.936231,0.995731,0.015230,0.085840,-0.030318,8.291441,-1.113581,-5.776885,0.633832,0.904409,0.398409,1.461504,9.896649,-3.361473
354712.0,2025-12-15T02:00:14.308273,134.936231,0.995647,0.020123,0.087516,-0.024977,8.748113,-1.745685,-5.761220,0.394148,0.354733,0.479369,2.078050,10.094668,-2.690466
354738.0,2025-12-15T02:00:14.309274,134.937232,0.995534,0.027019,0.088715,-0.017626,9.545850,-2.707735,-5.639396,0.566721,0.306796,0.597613,2.951293,10.229461,-1.764411
354763.0,2025-12-15T02:00:14.366822,134.994779,0.995397,0.034467,0.088990,-0.008842,9.478716,-1.915547,-5.457700,0.591222,0.248207,0.785100,3.906486,10.239886,-0.667765
354788.0,2025-12-15T02:00:14.367811,134.995769,0.995445,0.038060,0.087393,0.001990,9.682910,-1.142624,-5.269211,0.243946,0.094809,0.927845,4.433261,10.011023,0.617557
354813.0,2025-12-15T02:00:14.427895,135.055853,0.995305,0.041100,0.086999,0.010448,9.890208,-0.826295,-5.453739,0.213053,0.189617,0.719053,4.870352,9.922883,1.625871
354839.0,2025-12-15T02:00:14.428882,135.056840,0.994971,0.045282,0.087457,0.018238,9.044730,-0.660306,-6.176775,0.319579,0.241815,0.599744,5.435067,9.926342,2.572633
354864.0,2025-12-15T02:00:14.428882,135.056840,0.994713,0.050177,0.086124,0.024727,8.846558,-0.555726,-6.384636,0.382430,0.102265,0.568851,6.061651,9.721334,3.363893
354887.0,2025-12-15T02:00:14.487005,135.114963,0.994456,0.054954,0.083102,0.033636,8.670284,-0.477234,-6.344820,0.353668,-0.028762,0.775512,6.685506,9.298986,4.418748
354913.0,2025-12-15T02:00:14.487005,135.114963,0.994415,0.057565,0.075997,0.045277,8.354930,-0.270234,-6.154828,0.141680,-0.352602,1.004544,7.046976,8.391240,5.731516
354939.0,2025-12-15T02:00:14.547078,135.175036,0.994115,0.061573,0.068004,0.057625,9.267134,0.685461,-5.640324,0.234358,-0.446346,1.002414,7.547090,7.360438,7.121089
354959.0,2025-12-15T02:00:14.547078,135.175036,0.999933,0.007651,-0.004924,0.007114,10.139027,1.230687,-3.078583,0.638093,-0.373908,0.597613,0.872723,-0.570453,0.810897
354987.0,2025-12-15T02:00:14.548102,135.176060,0.999953,0.008509,-0.001763,0.004362,10.835188,0.698520,-2.414070,0.714792,-0.148072,0.366451,0.974189,-0.206232,0.498151
355011.0,2025-12-15T02:00:14.606670,135.234627,0.999970,0.005491,-0.000134,0.005453,10.100250,0.035437,-3.222011,0.461259,0.028762,0.458064,0.629122,-0.018761,0.624775
355041.0,2025-12-15T02:00:14.607672,135.235630,0.999874,0.011235,0.000503,0.011230,10.487643,-0.524156,-3.733322,0.482565,0.090547,0.469782,1.288055,0.043213,1.287492
355059.0,2025-12-15T02:00:14.666502,135.294460,0.999934,0.009101,0.002559,0.006569,9.315187,-0.685374,-4.423999,0.779773,0.414388,0.551807,1.044828,0.286369,0.755367
355091.0,2025-12-15T02:00:14.667507,135.295465,0.999942,0.004942,0.000171,0.009600,6.424927,-0.145036,-5.318567,0.416518,0.054328,0.806405,0.566437,0.014142,1.100122
355116.0,2025-12-15T02:00:14.727033,135.354991,0.999791,0.008199,-0.002181,0.018620,5.902041,-0.289080,-4.973741,0.274838,-0.156594,0.758468,0.934692,-0.267405,2.131717
355142.0,2025-12-15T02:00:14.727033,135.354991,0.999977,0.000127,-0.002904,0.006201,4.659372,0.288896,-4.143693,0.010653,-0.243946,0.520914,0.012468,-0.332863,0.710578
355165.0,2025-12-15T02:00:14.728033,135.355991,0.999940,-0.002100,-0.005252,0.009428,4.338151,0.091826,-4.115626,-0.187487,-0.196009,0.271642,-0.246317,-0.599497,1.081703
355189.0,2025-12-15T02:00:14.786869,135.414827,0.999835,-0.006325,-0.009123,0.014372,3.797743,-0.360207,-4.562228,-0.355798,-0.322775,0.416518,-0.739848,-1.034910,1.653724
355215.0,2025-12-15T02:00:14.787785,135.415743,0.999687,-0.007620,-0.013304,0.019787,3.585763,0.051513,-4.102475,-0.109722,-0.352602,0.453803,-0.903415,-1.506996,2.279770
355238.0,2025-12-15T02:00:14.848240,135.476197,0.999595,-0.007007,-0.016393,0.022202,3.475417,0.983290,-3.627982,0.049002,-0.262055,0.200270,-0.844757,-1.860277,2.558515
355263.0,2025-12-15T02:00:14.848240,135.476197,0.999611,-0.009100,-0.018801,0.018481,3.689045,1.540048,-3.774887,-0.185356,-0.196009,-0.311057,-1.082976,-2.134768,2.138483
355287.0,2025-12-15T02:00:14.849253,135.477211,0.999537,-0.013117,-0.022990,0.014978,3.903146,0.456060,-4.162588,-0.349407,-0.343015,-0.290817,-1.543636,-2.611667,1.752260
355311.0,2025-12-15T02:00:14.908178,135.536136,0.999967,-0.003115,-0.007513,-0.000393,4.728515,-0.305242,-3.384617,-0.258859,-0.591222,-0.033023,-0.356663,-0.861083,-0.042370
355334.0,2025-12-15T02:00:14.909181,135.537139,0.999965,-0.000771,-0.008222,0.001441,5.201086,0.195052,-2.608173,-0.089482,-0.515588,0.027697,-0.089709,-0.942104,0.165921
355359.0,2025-12-15T02:00:14.967807,135.595764,0.999879,0.000976,-0.015498,0.000907,5.124603,0.702349,-2.096971,0.118244,-0.413323,-0.045806,0.110225,-1.776155,0.102236
355383.0,2025-12-15T02:00:14.967807,135.595764,0.999725,-0.002267,-0.023357,-0.000339,5.189355,1.007246,-1.457104,-0.309992,-0.463390,-0.099070,-0.259073,-2.676785,-0.032812
355409.0,2025-12-15T02:00:14.968807,135.596765,0.999548,-0.004972,-0.029528,-0.002732,5.777413,0.627599,-1.259582,-0.252468,-0.319579,-0.194943,-0.561211,-3.385635,-0.296566
355438.0,2025-12-15T02:00:15.026662,135.654620,0.999405,-0.006390,-0.033597,-0.004554,5.722268,0.377627,-1.467210,-0.158724,-0.168312,-0.243946,-0.715894,-3.853833,-0.498027
355461.0,2025-12-15T02:00:15.027641,135.655599,0.999237,-0.009083,-0.037249,-0.007402,6.103761,0.397355,-1.470530,-0.247141,-0.107592,-0.230097,-1.011304,-4.276809,-0.811023
355485.0,2025-12-15T02:00:15.086399,135.714356,0.999075,-0.011901,-0.040187,-0.009672,6.331878,0.192022,-1.713417,-0.250337,-0.047937,-0.180030,-1.322370,-4.619011,-1.056040
355505.0,2025-12-15T02:00:15.087511,135.715469,0.998944,-0.014397,-0.042108,-0.011393,6.369921,0.006654,-1.968079,-0.217314,0.037284,-0.133158,-1.599029,-4.844706,-1.239237
355538.0,2025-12-15T02:00:15.146712,135.774670,0.998867,-0.016307,-0.043165,-0.011627,6.267463,-0.077334,-2.208777,-0.174703,0.083091,-0.111853,-1.816098,-4.968641,-1.254992
355562.0,2025-12-15T02:00:15.147711,135.775669,0.998815,-0.016658,-0.044044,-0.012304,6.113174,0.018287,-2.659656,-0.036219,0.125701,-0.050067,-1.852080,-5.071202,-1.329531
355587.0,2025-12-15T02:00:15.148714,135.776671,0.998762,-0.016609,-0.045346,-0.011957,6.150038,0.434546,-2.833440,-0.011718,0.088417,0.035154,-1.846722,-5.219795,-1.287572
355609.0,2025-12-15T02:00:15.209287,135.837245,0.998674,-0.016688,-0.047395,-0.011215,6.342909,1.055363,-2.291055,-0.038350,0.022371,0.069242,-1.857604,-5.453501,-1.198298
355636.0,2025-12-15T02:00:15.210288,135.838246,0.998618,-0.016897,-0.048678,-0.010356,6.562036,1.008558,-1.912928,-0.056459,0.062851,-0.020240,-1.885194,-5.599355,-1.096123
355657.0,2025-12-15T02:00:15.267720,135.895678,0.998559,-0.016821,-0.049636,-0.011565,6.733522,0.475674,-1.942963,-0.015979,0.119310,-0.094809,-1.868539,-5.711428,-1.233840
355684.0,2025-12-15T02:00:15.268713,135.896670,0.998503,-0.016994,-0.050430,-0.012640,6.806586,0.235412,-2.014297,-0.029827,0.133158,-0.083091,-1.881413,-5.804711,-1.355192
355706.0,2025-12-15T02:00:15.268713,135.896670,0.998444,-0.017834,-0.051193,-0.013059,6.544244,0.058416,-2.150844,-0.077764,0.134223,-0.025566,-1.974694,-5.894266,-1.397063
355733.0,2025-12-15T02:00:15.327223,135.955181,0.998429,-0.018506,-0.051544,-0.011823,6.243401,-0.023580,-2.324866,-0.074569,0.144876,0.017044,-2.058891,-5.932870,-1.250148
355756.0,2025-12-15T02:00:15.328239,135.956197,0.998351,-0.020121,-0.052806,-0.010148,5.046956,-0.134523,-2.854412,-0.124636,0.088417,0.152333,-2.253740,-6.075897,-1.045132
355780.0,2025-12-15T02:00:15.387706,136.015664,0.999995,-0.001040,0.000330,0.002879,4.413914,-0.543282,-3.984657,-0.087352,0.027697,0.241815,-0.119054,0.038126,0.329840
355804.0,2025-12-15T02:00:15.388709,136.016666,0.999982,0.000254,0.000464,0.006011,2.609728,-0.616762,-4.695776,0.108657,0.010653,0.263120,0.029459,0.052939,0.688772
355835.0,2025-12-15T02:00:15.446723,136.074681,0.999949,0.003807,-0.001672,0.009179,0.735991,-0.290440,-5.265105,0.297209,-0.181095,0.266316,0.434455,-0.195575,1.051069
355855.0,2025-12-15T02:00:15.447736,136.075693,0.999841,0.008363,-0.007114,0.014047,0.254610,-0.048946,-4.457899,0.379234,-0.459129,0.410127,0.946864,-0.828598,1.602972
355884.0,2025-12-15T02:00:15.448724,136.076681,0.999672,0.014491,-0.011825,0.017524,0.253495,-0.040927,-3.577520,0.511327,-0.400539,0.291882,1.636951,-1.383831,1.988791
355903.0,2025-12-15T02:00:15.507254,136.135211,0.999487,0.018979,-0.014426,0.021367,0.647277,-0.625142,-2.733032,0.377104,-0.220510,0.321710,2.139851,-1.698942,2.417659
355935.0,2025-12-15T02:00:15.508255,136.136213,0.999982,0.002877,0.000647,0.005266,1.562563,0.010624,-2.354984,0.235423,0.079895,0.412257,0.330104,0.072372,0.603679
355959.0,2025-12-15T02:00:15.566863,136.194821,0.999986,0.002016,0.003804,0.003107,1.852104,1.660420,-3.000982,0.169377,0.319579,0.260990,0.232417,0.435239,0.356920
355984.0,2025-12-15T02:00:15.567864,136.195822,0.999983,0.001263,0.004970,0.002732,2.459442,2.679893,-3.550090,-0.062851,0.098004,-0.031958,0.146299,0.569079,0.313764
356004.0,2025-12-15T02:00:15.568863,136.196821,0.999977,-0.005779,-0.000304,-0.003581,2.772515,2.546860,-4.194829,-0.590156,-0.442085,-0.532632,-0.662130,-0.037251,-0.410093
356035.0,2025-12-15T02:00:15.626239,136.254197,0.999860,-0.007511,-0.014362,-0.004271,5.310755,0.350262,-3.919166,-0.634898,-1.171791,-0.378169,-0.853890,-1.649418,-0.477163
356060.0,2025-12-15T02:00:15.627619,136.255577,0.999659,-0.007664,-0.024723,-0.003410,6.066427,-0.788721,-3.415906,-0.617853,-1.879126,-0.286556,-0.869395,-2.836190,-0.369391
356084.0,2025-12-15T02:00:15.686775,136.314733,0.999719,-0.004079,-0.022057,-0.007658,8.492034,-1.936167,-1.191198,-0.334493,-1.814145,-0.643420,-0.448374,-2.531210,-0.867821
356104.0,2025-12-15T02:00:15.687800,136.315758,0.999819,0.002612,-0.010118,-0.015900,10.590967,-1.293716,-0.080050,0.219444,-0.850081,-1.335842,0.317756,-1.154568,-1.825384
356137.0,2025-12-15T02:00:15.747036,136.374994,0.999224,-0.000580,-0.009623,-0.038202,11.847498,-0.983021,1.286240,-0.287621,0.031958,-1.871669,-0.024273,-1.104432,-4.378625
356161.0,2025-12-15T02:00:15.748213,136.376170,0.998253,-0.008397,-0.006712,-0.058099,12.457244,-1.392547,1.500288,-0.681769,0.219444,-1.667139,-0.916001,-0.823750,-6.655232
356185.0,2025-12-15T02:00:15.748213,136.376170,0.998051,-0.016645,-0.008923,-0.059471,11.921373,-1.757692,0.843371,-0.681769,-0.224771,-0.112918,-1.843535,-1.133988,-6.801861
356203.0,2025-12-15T02:00:15.806602,136.434560,0.998293,-0.020683,-0.010277,-0.053641,10.984241,-1.134261,0.360541,-0.327036,-0.141680,0.491087,-2.304059,-1.302896,-6.125234
356237.0,2025-12-15T02:00:15.806602,136.434560,0.998522,-0.020863,-0.012124,-0.048701,10.765333,-0.676001,-0.505804,-0.002131,-0.164051,0.412257,-2.320953,-1.503816,-5.554101
356258.0,2025-12-15T02:00:15.866595,136.494553,0.998546,-0.019209,-0.017420,-0.047263,10.666296,0.185161,-0.236797,0.161920,-0.439954,0.109722,-2.105496,-2.097761,-5.381270
356284.0,2025-12-15T02:00:15.867584,136.495542,0.998469,-0.018661,-0.021738,-0.047319,9.589059,1.171362,0.198448,0.062851,-0.360059,-0.012783,-2.019766,-2.589254,-5.381018
356309.0,2025-12-15T02:00:15.868584,136.496542,0.998338,-0.018710,-0.018252,-0.051368,8.901743,0.878625,-0.434061,-0.025566,0.298274,-0.334493,-2.034976,-2.198753,-5.851844
356339.0,2025-12-15T02:00:15.926872,136.554830,0.999940,0.000337,0.008012,-0.007468,8.988323,0.003003,-2.562004,0.024501,0.709466,-0.643420,0.031709,0.918346,-0.855572
356363.0,2025-12-15T02:00:15.927873,136.555831,0.999896,-0.005101,-0.011822,0.006505,7.084116,0.663753,-2.182109,-0.442085,-0.793622,0.546481,-0.593479,-1.350899,0.752487
356386.0,2025-12-15T02:00:15.988561,136.616518,0.999840,-0.006617,-0.015554,0.005796,6.459799,1.711095,-1.752688,-0.177899,-0.118244,-0.056459,-0.768855,-1.777954,0.676233
356410.0,2025-12-15T02:00:15.988561,136.616518,0.999969,0.005186,-0.004215,-0.004274,7.516896,0.639522,-1.107271,0.431432,-0.314253,-0.358994,0.596293,-0.480406,-0.492231
356435.0,2025-12-15T02:00:16.047307,136.675265,0.999845,0.012884,-0.011548,-0.003192,7.308218,0.174133,-0.656550,0.644485,-0.577373,0.073503,1.480995,-1.318456,-0.382846
356458.0,2025-12-15T02:00:16.048309,136.676267,0.999990,0.003312,-0.002672,0.001027,6.183122,-0.136589,-1.530353,0.281230,-0.024501,0.086286,0.379191,-0.306615,0.116696
356483.0,2025-12-15T02:00:16.049329,136.677287,0.999997,-0.000625,-0.000343,0.002169,6.313018,-0.044351,-2.056506,-0.325971,0.396278,0.094809,-0.071651,-0.039143,0.248584
356507.0,2025-12-15T02:00:16.166917,136.794875,0.999979,-0.003702,0.001875,0.005030,6.627043,0.246763,-1.978111,-0.262055,0.386691,0.240750,-0.423174,0.217005,0.575560
356533.0,2025-12-15T02:00:16.167910,136.795867,0.999931,-0.007002,0.003920,0.008545,5.862401,0.642071,-2.323809,-0.305731,0.346211,0.201335,-0.798475,0.456065,0.976036
356557.0,2025-12-15T02:00:16.168907,136.796865,0.999891,-0.009500,0.004955,0.010165,5.973747,0.806396,-2.125405,-0.231162,0.286556,0.138484,-1.082794,0.578795,1.159430
356629.0,2025-12-15T02:00:16.227843,136.855801,0.999796,-0.013488,0.005643,0.013959,6.360057,0.792896,-2.102993,-0.077764,0.248207,0.113983,-1.536566,0.668080,1.590890
356653.0,2025-12-15T02:00:16.227843,136.855801,0.999773,-0.013125,0.006523,0.015445,6.178181,0.844687,-2.334149,0.009587,0.270577,0.131028,-1.492414,0.770529,1.760069
356677.0,2025-12-15T02:00:16.346666,136.974623,0.999759,-0.012731,0.006708,0.016600,6.093298,1.005841,-2.385561,0.006392,0.211988,0.102265,-1.446092,0.792763,1.892507
356701.0,2025-12-15T02:00:16.347668,136.975626,0.999744,-0.014123,0.004729,0.017011,6.057755,1.133773,-2.511875,-0.149137,0.033023,0.036219,-1.608987,0.569256,1.941640
356728.0,2025-12-15T02:00:16.348668,136.976626,0.999719,-0.014832,0.001970,0.018415,6.164934,1.259624,-2.530357,-0.096939,-0.060720,0.017044,-1.695270,0.256979,2.106788
356753.0,2025-12-15T02:00:16.348668,136.976626,0.999730,-0.014406,-0.001943,0.018113,6.331332,1.159423,-2.221195,0.001065,-0.131028,-0.024501,-1.654589,-0.192664,2.078682
356799.0,2025-12-15T02:00:16.407306,137.035264,0.999820,-0.009258,-0.005741,0.015506,6.079524,1.182158,-1.758857,0.269512,0.139550,-0.156594,-1.071040,-0.641360,1.783013
356826.0,2025-12-15T02:00:16.408310,137.036268,0.999883,-0.003962,-0.005573,0.013660,6.123511,0.920805,-1.926579,0.407996,0.183225,-0.248207,-0.462684,-0.632308,1.568007
356851.0,2025-12-15T02:00:16.468283,137.096241,0.999938,0.002461,-0.005543,0.009351,6.129641,0.459374,-2.022695,0.523045,0.196009,-0.363255,0.276034,-0.637827,1.070049
356876.0,2025-12-15T02:00:16.468283,137.096241,0.999942,0.006899,-0.005451,0.006243,6.121355,-0.197950,-2.179491,0.378169,0.203465,-0.264186,0.786676,-0.629595,0.711120
356896.0,2025-12-15T02:00:16.469283,137.097241,0.999944,0.005392,-0.007490,0.005151,6.221271,-0.157953,-2.558926,-0.120375,0.028762,-0.092678,0.613490,-0.861426,0.585700
356928.0,2025-12-15T02:00:16.526957,137.154914,0.999924,0.001250,-0.010659,0.006121,6.068787,0.156956,-2.170170,-0.371777,-0.086286,-0.003196,0.135753,-1.222309,0.700014
356951.0,2025-12-15T02:00:16.526957,137.154914,0.999882,-0.001136,-0.014116,0.005955,6.054487,0.406282,-1.855255,-0.211988,-0.089482,-0.011718,-0.139825,-1.616812,0.684402
356976.0,2025-12-15T02:00:16.586059,137.214017,0.999839,-0.001730,-0.016966,0.005661,6.043806,0.386044,-1.772110,-0.061785,-0.039415,-0.023436,-0.209362,-1.943040,0.652359
357001.0,2025-12-15T02:00:16.587044,137.215002,0.999806,-0.001065,-0.018869,0.005485,5.981414,0.355971,-1.787006,0.044741,0.039415,-0.014914,-0.133987,-2.161659,0.631201
357030.0,2025-12-15T02:00:16.588047,137.216005,0.999772,-0.000858,-0.020322,0.006470,5.906989,0.362548,-1.885438,-0.007457,0.052198,-0.011718,-0.113403,-2.328253,0.743824
357056.0,2025-12-15T02:00:16.646183,137.274141,0.999743,-0.000394,-0.021832,0.006115,5.924638,0.422055,-1.845182,0.025566,0.072438,-0.029827,-0.060492,-2.501608,0.702163
357081.0,2025-12-15T02:00:16.647170,137.275128,0.999715,-0.000086,-0.023192,0.005671,5.957479,0.282954,-1.879081,0.017044,0.085221,-0.037284,-0.024916,-2.657771,0.650645
357105.0,2025-12-15T02:00:16.706306,137.334264,0.999684,-0.000123,-0.024542,0.005425,5.992444,0.259410,-1.929810,-0.010653,0.086286,-0.020240,-0.029345,-2.812464,0.622553
357130.0,2025-12-15T02:00:16.707292,137.335249,0.999644,0.000177,-0.025894,0.006412,5.964317,0.330249,-1.992923,0.003196,0.058590,-0.015979,0.001196,-2.967643,0.734970
357154.0,2025-12-15T02:00:16.766726,137.394684,0.999589,-0.000285,-0.027981,0.006230,5.898715,0.276936,-2.030159,-0.046872,0.024501,-0.013848,-0.052708,-3.206529,0.715699
357179.0,2025-12-15T02:00:16.767732,137.395689,0.999521,-0.000518,-0.030369,0.005911,5.850452,0.349535,-1.832533,-0.030893,-0.001065,-0.025566,-0.080025,-3.480107,0.680119
357204.0,2025-12-15T02:00:16.768734,137.396692,0.999458,-0.000333,-0.032474,0.005362,5.838776,0.350932,-1.680414,0.003196,0.022371,-0.045806,-0.058233,-3.721644,0.616608
357229.0,2025-12-15T02:00:16.829641,137.457599,0.999419,0.000097,-0.033615,0.005552,5.831367,0.395540,-1.717649,0.001065,0.082025,-0.068177,-0.010294,-3.852760,0.636896
357253.0,2025-12-15T02:00:16.830197,137.458155,0.999382,0.000264,-0.034821,0.004790,5.854117,0.260589,-1.819497,0.004261,0.098004,-0.063916,0.011119,-3.991109,0.548816
357277.0,2025-12-15T02:00:16.885931,137.513889,0.999327,-0.000162,-0.036423,0.004467,5.832002,0.181672,-1.919587,-0.041545,0.064981,-0.025566,-0.037333,-4.174576,0.513552
357301.0,2025-12-15T02:00:16.886932,137.514890,0.999260,-0.000695,-0.038202,0.004351,5.793489,0.247041,-1.832643,-0.052198,0.050067,-0.007457,-0.098964,-4.378245,0.502777
357327.0,2025-12-15T02:00:16.888931,137.516888,0.999203,-0.000559,-0.039550,0.005287,5.782392,0.357114,-1.710494,-0.018109,0.060720,-0.013848,-0.088301,-4.532834,0.609839
357351.0,2025-12-15T02:00:16.949052,137.577009,0.999143,-0.000325,-0.041095,0.004944,5.758531,0.264024,-1.766876,0.010653,0.069242,-0.028762,-0.060669,-4.710226,0.569509
357376.0,2025-12-15T02:00:16.952054,137.580012,0.999066,-0.000329,-0.042933,0.004821,5.752170,0.227889,-1.815852,-0.007457,0.044741,-0.009587,-0.061623,-4.920992,0.555657
357401.0,2025-12-15T02:00:17.008004,137.635962,0.998981,-0.000717,-0.044872,0.004769,5.718287,0.293050,-1.755573,-0.041545,0.036219,-0.002131,-0.107037,-5.143189,0.551832
357433.0,2025-12-15T02:00:17.009018,137.636976,0.998901,-0.000751,-0.046519,0.005695,5.716042,0.303741,-1.758537,-0.030893,0.034088,-0.017044,-0.116868,-5.331988,0.658727
357452.0,2025-12-15T02:00:17.009018,137.636976,0.998808,-0.000976,-0.048443,0.005889,5.721452,0.260716,-1.760742,-0.025566,0.037284,0.018109,-0.145137,-5.552580,0.682657
357479.0,2025-12-15T02:00:17.067608,137.695566,0.998704,-0.001214,-0.050492,0.006334,5.677825,0.292306,-1.733719,-0.026632,0.026632,0.039415,-0.176519,-5.787464,0.735656
357504.0,2025-12-15T02:00:17.068603,137.696561,0.998590,-0.001244,-0.052640,0.006747,5.603566,0.358180,-1.699212,-0.011718,0.018109,0.036219,-0.184059,-6.033722,0.783891
357528.0,2025-12-15T02:00:17.126640,137.754598,0.998487,-0.000588,-0.054385,0.008095,5.611781,0.418659,-1.589698,0.022371,0.023436,0.014914,-0.118411,-6.234347,0.935499
357551.0,2025-12-15T02:00:17.187531,137.815489,0.998395,0.000313,-0.056053,0.008087,5.603778,0.406804,-1.582588,0.062851,0.057524,-0.003196,-0.016256,-6.426669,0.929050
357574.0,2025-12-15T02:00:17.188533,137.816491,0.998314,0.001146,-0.057483,0.007919,5.581139,0.286226,-1.714493,0.060720,0.077764,-0.017044,0.079461,-6.591541,0.904339
357598.0,2025-12-15T02:00:17.188533,137.816491,0.998209,0.001686,-0.059294,0.007799,5.519007,0.312833,-1.726737,0.035154,0.045806,-0.011718,0.140836,-6.799845,0.886897
357624.0,2025-12-15T02:00:17.189526,137.817483,0.998076,0.002541,-0.061340,0.008639,5.579275,0.244851,-1.644276,0.031958,0.006392,-0.008522,0.231684,-7.035655,0.977622
357649.0,2025-12-15T02:00:17.247732,137.875690,0.997935,0.003275,-0.063576,0.008537,5.514481,0.283631,-1.555879,0.052198,0.009587,-0.011718,0.314816,-7.293130,0.960166
357672.0,2025-12-15T02:00:17.248732,137.876690,0.997785,0.003465,-0.065906,0.008297,5.377797,0.121240,-1.544417,0.011718,0.002131,-0.021305,0.336439,-7.560718,0.930595
357697.0,2025-12-15T02:00:17.308788,137.936746,0.997637,0.002449,-0.068168,0.008268,5.416002,0.175867,-1.434691,-0.089482,0.008522,0.003196,0.217362,-7.819605,0.934861
357722.0,2025-12-15T02:00:17.308788,137.936746,0.997504,0.001494,-0.069937,0.009640,5.422734,0.272756,-1.516713,-0.112918,0.026632,0.035154,0.094458,-8.021963,1.100731
357745.0,2025-12-15T02:00:17.310103,137.938061,0.997356,0.000684,-0.071990,0.009932,5.364844,0.423585,-1.535351,-0.078830,0.025566,0.030893,-0.003786,-8.256949,1.141413
357770.0,2025-12-15T02:00:17.367074,137.995032,0.997195,0.000699,-0.074174,0.009965,5.322886,0.358589,-1.538370,-0.009587,0.013848,0.004261,-0.004909,-8.507863,1.145448
357802.0,2025-12-15T02:00:17.367973,137.995931,0.997007,-0.000184,-0.076644,0.010162,5.300510,0.320930,-1.486762,-0.082025,-0.009587,0.023436,-0.111555,-8.790658,1.176546
357826.0,2025-12-15T02:00:17.427344,138.055302,0.996817,-0.000400,-0.078881,0.011582,5.242062,0.443464,-1.405685,-0.058590,-0.015979,0.035154,-0.152321,-9.047316,1.343378
357851.0,2025-12-15T02:00:17.427344,138.055302,0.996613,-0.000793,-0.081390,0.011750,5.177271,0.441162,-1.376060,-0.045806,-0.013848,0.019175,-0.202838,-9.335238,1.367497
357870.0,2025-12-15T02:00:17.428700,138.056658,0.996401,-0.001417,-0.083913,0.011882,5.144584,0.460805,-1.362052,-0.066046,-0.014914,0.018109,-0.279981,-9.624342,1.390032
357899.0,2025-12-15T02:00:17.488173,138.116131,0.996206,-0.001678,-0.086187,0.011962,5.098964,0.491827,-1.316984,-0.037284,0.005326,0.011718,-0.314402,-9.885534,1.403083
357923.0,2025-12-15T02:00:17.488173,138.116131,0.996017,-0.001744,-0.088202,0.012955,5.069405,0.488176,-1.374563,-0.053263,0.003196,0.004261,-0.335240,-10.116890,1.520066
357945.0,2025-12-15T02:00:17.547459,138.175417,0.995790,-0.002606,-0.090709,0.012940,5.061166,0.503167,-1.371553,-0.088417,-0.013848,0.008522,-0.439085,-10.403904,1.528933
357970.0,2025-12-15T02:00:17.548458,138.176416,0.995538,-0.002965,-0.093418,0.013009,4.979779,0.570694,-1.334265,-0.049002,-0.031958,0.012783,-0.485988,-10.715021,1.542934
357994.0,2025-12-15T02:00:17.606997,138.234955,0.995266,-0.003118,-0.096273,0.012968,4.880978,0.562804,-1.273000,-0.033023,-0.044741,0.002131,-0.508090,-11.043421,1.542097
358020.0,2025-12-15T02:00:17.607999,138.235957,0.995015,-0.002811,-0.098717,0.013882,4.870987,0.572029,-1.133607,-0.024501,-0.035154,-0.006392,-0.486981,-11.324900,1.646862
358043.0,2025-12-15T02:00:17.609003,138.236960,0.994769,-0.002761,-0.101162,0.013897,4.806468,0.524499,-1.145838,-0.013848,-0.010653,0.005326,-0.485724,-11.606446,1.650146
358063.0,2025-12-15T02:00:17.666727,138.294685,0.994523,-0.003111,-0.103532,0.013998,4.761590,0.536704,-1.131399,-0.046872,-0.004261,0.015979,-0.532030,-11.878880,1.668102
358091.0,2025-12-15T02:00:17.667729,138.295686,0.994282,-0.002874,-0.105827,0.013997,4.725413,0.587186,-1.157577,-0.001065,0.001065,0.003196,-0.508624,-12.143689,1.667183
358117.0,2025-12-15T02:00:17.726304,138.354262,0.994057,-0.002440,-0.107764,0.015195,4.728652,0.571926,-1.092471,-0.012783,0.006392,0.017044,-0.476682,-12.367040,1.803125
358140.0,2025-12-15T02:00:17.727321,138.355279,0.993820,-0.002383,-0.109916,0.015297,4.647244,0.640982,-1.079395,-0.017044,0.012783,0.013848,-0.475523,-12.615078,1.816199
358165.0,2025-12-15T02:00:17.728339,138.356297,0.993585,-0.002200,-0.112028,0.015277,4.617647,0.577265,-1.105599,-0.005326,0.015979,0.002131,-0.458131,-12.858979,1.813437
358188.0,2025-12-15T02:00:17.786933,138.414891,0.993316,-0.002296,-0.114371,0.015397,4.590621,0.531990,-1.101529,-0.025566,-0.003196,0.015979,-0.475569,-13.128874,1.830873
358212.0,2025-12-15T02:00:17.787924,138.415881,0.993046,-0.002003,-0.116674,0.015599,4.545374,0.633431,-1.028264,0.003196,-0.001065,0.020240,-0.448758,-13.395024,1.852600
358239.0,2025-12-15T02:00:17.847733,138.475691,0.992802,-0.001134,-0.118594,0.016700,4.532112,0.628119,-0.993497,0.017044,0.006392,0.009587,-0.366319,-13.617776,1.971133
358262.0,2025-12-15T02:00:17.848729,138.476687,0.992556,-0.000884,-0.120667,0.016498,4.429817,0.654066,-0.932491,-0.005326,0.018109,-0.012783,-0.338527,-13.857468,1.945731
358286.0,2025-12-15T02:00:17.848729,138.476687,0.992350,-0.000758,-0.122425,0.015912,4.429178,0.649848,-0.879416,-0.019175,0.044741,-0.043676,-0.318975,-14.060850,1.876587
358311.0,2025-12-15T02:00:17.907378,138.535336,0.992130,-0.000612,-0.124225,0.015666,4.481323,0.495979,-1.083104,-0.007457,0.041545,-0.017044,-0.301874,-14.269016,1.847084
358336.0,2025-12-15T02:00:17.907378,138.535336,0.991900,-0.000007,-0.125910,0.016746,4.395165,0.607297,-1.054139,-0.002131,0.019175,-0.006392,-0.250306,-14.464545,1.966146
358359.0,2025-12-15T02:00:17.967134,138.595091,0.991582,-0.000137,-0.128427,0.016464,4.356616,0.493349,-1.001258,-0.031958,-0.019175,-0.017044,-0.266601,-14.755080,1.936982
358384.0,2025-12-15T02:00:17.967134,138.595091,0.991247,-0.000155,-0.130989,0.016489,4.315832,0.484066,-0.921789,-0.019175,-0.023436,0.007457,-0.274485,-15.051002,1.942326
358408.0,2025-12-15T02:00:17.968133,138.596091,0.990904,0.000129,-0.133522,0.016778,4.242425,0.607997,-0.878018,0.003196,-0.022371,0.027697,-0.251007,-15.344353,1.973910
358431.0,2025-12-15T02:00:18.026741,138.654699,0.990604,0.000973,-0.135580,0.017900,4.212846,0.628628,-0.840912,0.012783,-0.010653,0.004261,-0.174096,-15.583763,2.094210
358456.0,2025-12-15T02:00:18.027744,138.655701,0.990296,0.001707,-0.137826,0.017735,4.153456,0.536551,-0.832064,0.038350,0.001065,-0.015979,-0.089850,-15.845158,2.064450
358476.0,2025-12-15T02:00:18.088125,138.716083,0.990001,0.002129,-0.139951,0.017547,4.135436,0.503579,-0.820720,0.013848,0.011718,-0.014914,-0.041465,-16.091895,2.036710
358505.0,2025-12-15T02:00:18.089136,138.717094,0.989709,0.002474,-0.142009,0.017405,4.086432,0.558745,-0.796094,0.005326,0.017044,-0.009587,-0.002709,-16.330754,2.015328
358531.0,2025-12-15T02:00:18.089136,138.717094,0.989453,0.003568,-0.143672,0.018117,4.092210,0.484234,-0.817543,0.028762,0.024501,-0.025566,0.110831,-16.525588,2.081832
358557.0,2025-12-15T02:00:18.146760,138.774718,0.989117,0.003519,-0.145976,0.018078,4.071487,0.447672,-0.914006,-0.021305,-0.003196,0.002131,0.100703,-16.792194,2.079250
358584.0,2025-12-15T02:00:18.148745,138.776703,0.988733,0.003733,-0.148543,0.018138,3.971367,0.514767,-0.766826,-0.002131,-0.026632,0.008522,0.119535,-17.090061,2.083985
358609.0,2025-12-15T02:00:18.206740,138.834698,0.988351,0.003419,-0.151080,0.018022,3.901841,0.482294,-0.716839,-0.046872,-0.023436,0.000000,0.078769,-17.383386,2.077222
358635.0,2025-12-15T02:00:18.208204,138.836162,0.988027,0.003536,-0.153071,0.018954,3.878914,0.505459,-0.662345,-0.052198,-0.007457,-0.004261,0.071197,-17.614519,2.186976
358658.0,2025-12-15T02:00:18.267304,138.895262,0.987685,0.003492,-0.155293,0.018711,3.844130,0.543908,-0.711650,-0.028762,0.002131,-0.012783,0.065431,-17.872007,2.160261
358682.0,2025-12-15T02:00:18.268307,138.896265,0.987335,0.003846,-0.157518,0.018533,3.831539,0.507692,-0.726796,0.006392,0.001065,-0.012783,0.105871,-18.130815,2.133854
358705.0,2025-12-15T02:00:18.269306,138.897264,0.986964,0.003925,-0.159832,0.018430,3.738262,0.485656,-0.637615,-0.014914,-0.006392,-0.003196,0.112071,-18.399572,2.121428
358731.0,2025-12-15T02:00:18.328566,138.956524,0.986656,0.004597,-0.161600,0.019325,3.733547,0.473044,-0.566174,-0.007457,0.012783,-0.006392,0.170852,-18.606403,2.216161
358755.0,2025-12-15T02:00:18.328566,138.956524,0.986323,0.004861,-0.163617,0.019330,3.667611,0.482672,-0.670178,0.002131,0.018109,0.003196,0.197617,-18.841212,2.212694
358779.0,2025-12-15T02:00:18.387513,139.015471,0.985958,0.004868,-0.165798,0.019339,3.633187,0.501224,-0.651595,-0.020240,0.004261,0.007457,0.193238,-19.094530,2.214847
358803.0,2025-12-15T02:00:18.387513,139.015471,0.985581,0.004564,-0.168032,0.019375,3.652333,0.489099,-0.625818,-0.044741,0.000000,0.013848,0.150859,-19.353520,2.226688
358828.0,2025-12-15T02:00:18.388811,139.016768,0.985245,0.005296,-0.169825,0.020600,3.605331,0.550368,-0.598810,0.000000,0.006392,0.013848,0.209072,-19.563766,2.359543
358850.0,2025-12-15T02:00:18.448219,139.076177,0.984861,0.005737,-0.172033,0.020502,3.486845,0.529371,-0.592517,0.011718,0.000000,-0.006392,0.258555,-19.821632,2.340007
358874.0,2025-12-15T02:00:18.449217,139.077174,0.984503,0.006019,-0.174071,0.020407,3.510479,0.469841,-0.492718,0.002131,0.014914,-0.005326,0.289581,-20.059286,2.323667
358898.0,2025-12-15T02:00:18.507339,139.135297,0.984171,0.006396,-0.175928,0.020378,3.479456,0.475998,-0.539988,0.010653,0.029827,-0.001065,0.331066,-20.276264,2.313173
358924.0,2025-12-15T02:00:18.509333,139.137291,0.983878,0.007188,-0.177418,0.021348,3.455489,0.460260,-0.582275,0.000000,0.035154,0.004261,0.401679,-20.451955,2.413509
358948.0,2025-12-15T02:00:18.510358,139.138316,0.983516,0.007445,-0.179385,0.021480,3.411860,0.470585,-0.589667,0.003196,0.020240,0.013848,0.424963,-20.681701,2.424720
358970.0,2025-12-15T02:00:18.567857,139.195815,0.983134,0.007517,-0.181452,0.021585,3.380559,0.492352,-0.537268,-0.013848,0.011718,0.014914,0.426152,-20.922642,2.436761
358994.0,2025-12-15T02:00:18.568856,139.196814,0.982778,0.007191,-0.183387,0.021579,3.340486,0.489414,-0.491132,-0.047937,0.023436,0.011718,0.382123,-21.147296,2.444371
359020.0,2025-12-15T02:00:18.626736,139.254694,0.982505,0.007621,-0.184708,0.022564,3.312682,0.550942,-0.451492,-0.034088,0.044741,0.004261,0.408362,-21.302854,2.554456
359043.0,2025-12-15T02:00:18.626736,139.254694,0.982184,0.007624,-0.186419,0.022467,3.305905,0.472890,-0.512856,-0.021305,0.041545,-0.001065,0.406405,-21.502315,2.543643
359067.0,2025-12-15T02:00:18.627894,139.255852,0.981873,0.007516,-0.188055,0.022449,3.265000,0.484802,-0.423138,-0.029827,0.047937,0.007457,0.389504,-21.692772,2.544850
359091.0,2025-12-15T02:00:18.686729,139.314687,0.981615,0.007527,-0.189408,0.022340,3.243102,0.525299,-0.454106,-0.023436,0.071373,-0.001065,0.389746,-21.850613,2.532217
359116.0,2025-12-15T02:00:18.689003,139.316961,0.981392,0.008225,-0.190401,0.023427,3.272172,0.472525,-0.508675,-0.003196,0.071373,-0.001065,0.446250,-21.968790,2.648323
359138.0,2025-12-15T02:00:18.747647,139.375605,0.981097,0.008424,-0.191900,0.023509,3.273835,0.476980,-0.535233,-0.002131,0.058590,0.010653,0.464353,-22.144281,2.654481
359163.0,2025-12-15T02:00:18.748656,139.376614,0.980737,0.008476,-0.193708,0.023663,3.245394,0.522744,-0.542757,-0.015979,0.031958,0.020240,0.462033,-22.355626,2.673029
359186.0,2025-12-15T02:00:18.748656,139.376614,0.980347,0.008681,-0.195645,0.023839,3.184654,0.532908,-0.486203,-0.004261,0.020240,0.020240,0.477379,-22.582504,2.690675
359215.0,2025-12-15T02:00:18.806808,139.434766,0.979994,0.009334,-0.197245,0.024884,3.150660,0.530287,-0.373764,-0.014914,0.021305,0.011718,0.526870,-22.771814,2.803021
359234.0,2025-12-15T02:00:18.807808,139.435766,0.979682,0.009775,-0.198768,0.024882,3.115229,0.564716,-0.366159,0.010653,0.054328,0.002131,0.576233,-22.951084,2.792768
359261.0,2025-12-15T02:00:18.866754,139.494712,0.979367,0.010313,-0.200249,0.025174,3.155267,0.377467,-0.453956,0.034088,0.058590,0.020240,0.630455,-23.125989,2.815809
359288.0,2025-12-15T02:00:18.867767,139.495725,0.979066,0.010369,-0.201561,0.026381,3.155493,0.345638,-0.277839,0.012783,0.074569,0.102265,0.603104,-23.280327,2.962639
359316.0,2025-12-15T02:00:18.926671,139.554629,0.979013,0.011296,-0.201401,0.029051,3.155332,0.365583,-0.247255,0.042611,0.165116,0.118244,0.649609,-23.266232,3.265570
359335.0,2025-12-15T02:00:18.927667,139.555624,0.979032,0.012351,-0.201037,0.030470,3.091313,0.461443,-0.443184,0.095874,0.215183,0.103331,0.744002,-23.228295,3.412367
359365.0,2025-12-15T02:00:18.928667,139.556624,0.979056,0.013609,-0.200633,0.031798,3.038487,0.579388,-0.483060,0.104396,0.217314,0.094809,0.865691,-23.186573,3.542812
359390.0,2025-12-15T02:00:18.986309,139.614267,0.979101,0.014520,-0.200227,0.032541,3.305845,0.595166,-0.462783,0.068177,0.218379,0.051133,0.959750,-23.143190,3.610591
359415.0,2025-12-15T02:00:18.987653,139.615611,0.979183,0.015956,-0.199389,0.034505,3.576951,0.540224,-0.494777,0.071373,0.225836,0.066046,1.088949,-23.052643,3.814304
359439.0,2025-12-15T02:00:19.046109,139.674067,0.979127,0.016716,-0.199473,0.035224,3.504611,0.669769,-1.106053,0.053263,0.176834,0.052198,1.163459,-23.066351,3.883218
359462.0,2025-12-15T02:00:19.047154,139.675112,0.978582,0.016810,-0.202124,0.035237,3.374689,0.634629,-1.005486,-0.019175,-0.041545,0.009587,1.164492,-23.376660,3.883534
359486.0,2025-12-15T02:00:19.048278,139.676236,0.977880,0.016425,-0.205522,0.035233,3.290742,0.585790,-0.495189,-0.058590,-0.104396,0.017044,1.104502,-23.772669,3.894506
359512.0,2025-12-15T02:00:19.106855,139.734813,0.977410,0.017103,-0.207590,0.035829,3.109566,0.711407,-0.252952,-0.026632,-0.022371,-0.020240,1.164180,-24.018186,3.951033
359534.0,2025-12-15T02:00:19.107841,139.735799,0.977042,0.017548,-0.209384,0.035209,3.126741,0.619559,-0.310244,-0.001065,0.028762,-0.049002,1.228190,-24.229291,3.864015
359558.0,2025-12-15T02:00:19.167753,139.795711,0.976734,0.018117,-0.210868,0.034610,3.179207,0.490764,-0.468722,0.017044,0.055394,-0.053263,1.308424,-24.404654,3.775798
359582.0,2025-12-15T02:00:19.168752,139.796710,0.976359,0.018749,-0.212624,0.034086,3.166607,0.433873,-0.557980,0.025566,0.031958,-0.049002,1.393961,-24.612061,3.694811
359608.0,2025-12-15T02:00:19.169266,139.797223,0.975938,0.019563,-0.214372,0.034734,3.129494,0.396929,-0.520367,-0.007457,0.001065,-0.035154,1.470525,-24.821071,3.753050
359633.0,2025-12-15T02:00:19.227273,139.855231,0.975486,0.019706,-0.216451,0.034463,3.056830,0.423645,-0.355292,-0.010653,0.005326,-0.019175,1.488307,-25.065089,3.715912
359657.0,2025-12-15T02:00:19.228267,139.856225,0.975078,0.020095,-0.218293,0.034162,2.992582,0.408327,-0.362732,0.009587,0.024501,-0.026632,1.538345,-25.282346,3.668080
359679.0,2025-12-15T02:00:19.286821,139.914779,0.974670,0.020590,-0.220094,0.033947,2.991797,0.379048,-0.377677,0.021305,0.027697,-0.022371,1.599401,-25.495234,3.627661
359708.0,2025-12-15T02:00:19.287836,139.915794,0.974311,0.021850,-0.221415,0.034877,3.031347,0.356102,-0.401900,0.033023,0.034088,-0.022371,1.724927,-25.656765,3.707414
359731.0,2025-12-15T02:00:19.347249,139.975206,0.973894,0.022120,-0.223210,0.034902,3.030006,0.390542,-0.406639,0.007457,0.028762,0.001065,1.751683,-25.868619,3.702557
359755.0,2025-12-15T02:00:19.348250,139.976208,0.973441,0.022403,-0.225167,0.034782,2.963619,0.460792,-0.424592,0.001065,0.013848,-0.008522,1.783721,-26.099573,3.679226
359780.0,2025-12-15T02:00:19.348250,139.976208,0.972881,0.022545,-0.227610,0.034467,2.950128,0.351924,-0.433545,-0.009587,-0.027697,-0.023436,1.802425,-26.386824,3.635482
359804.0,2025-12-15T02:00:19.406173,140.034131,0.972273,0.022840,-0.230201,0.034206,2.869644,0.386810,-0.340409,0.001065,-0.041545,-0.020240,1.838606,-26.692356,3.593666
359828.0,2025-12-15T02:00:19.407695,140.035653,0.971565,0.023702,-0.233004,0.034766,2.943654,0.464956,-0.531608,-0.011718,-0.092678,-0.037284,1.920624,-27.026682,3.637163
359847.0,2025-12-15T02:00:19.408716,140.036674,0.970408,0.024139,-0.237786,0.034413,3.115599,0.637781,-0.855843,-0.005326,-0.233293,-0.019175,1.971022,-27.591157,3.577985
359876.0,2025-12-15T02:00:19.466780,140.094738,0.968895,0.025075,-0.244239,0.030996,3.493155,1.805198,0.367325,-0.073503,-0.396278,-0.251402,2.178120,-28.348800,3.114491
359900.0,2025-12-15T02:00:19.467866,140.095824,0.999976,-0.001180,-0.003232,-0.005948,9.239568,1.659922,-2.133245,-0.106526,-0.232228,-0.499609,-0.132980,-0.371209,-0.681120
359923.0,2025-12-15T02:00:19.527292,140.155250,0.999979,-0.000634,0.002739,-0.005935,10.645355,1.072616,-2.327691,-0.053263,0.230097,-0.498544,-0.074522,0.313452,-0.680302
359949.0,2025-12-15T02:00:19.528289,140.156247,0.999644,-0.000489,0.021217,-0.016164,12.396197,-0.592644,-2.836759,0.005326,1.553155,-0.858603,-0.095381,2.430264,-1.854831
359972.0,2025-12-15T02:00:19.588476,140.216434,0.998812,-0.000272,0.045178,-0.018260,11.410830,-0.034538,-4.613245,-0.010653,2.014415,-0.175769,-0.126209,5.177303,-2.100395
359996.0,2025-12-15T02:00:19.647011,140.274969,0.998611,0.000346,0.049385,-0.018362,13.248279,0.058499,-2.441628,0.045806,0.354733,-0.006392,-0.064624,5.661208,-2.109964
360021.0,2025-12-15T02:00:19.649014,140.276972,0.997960,-0.001125,0.059236,-0.023785,14.463278,0.237805,-2.454145,-0.116114,0.826645,-0.462325,-0.292191,6.786899,-2.747891
360043.0,2025-12-15T02:00:19.649014,140.276972,0.996665,0.010170,0.073132,-0.034731,14.708780,-2.621212,-3.776264,0.973652,1.195227,-0.862864,0.879955,8.423204,-3.926750
360092.0,2025-12-15T02:00:19.706910,140.334868,0.995447,0.033426,0.078399,-0.042685,11.449128,-3.141784,-5.857258,0.869256,0.104396,-0.019175,3.475756,9.145198,-4.632677
360118.0,2025-12-15T02:00:19.706910,140.334868,0.999853,0.011716,-0.003892,0.011862,10.263500,-1.426275,-4.295821,0.987500,-0.289752,0.982174,1.337226,-0.461801,1.354039
360141.0,2025-12-15T02:00:19.707909,140.335867,0.999774,0.009944,-0.009615,0.016153,9.131154,-0.938088,-4.148003,0.859668,-0.609331,1.357147,1.121672,-1.120047,1.840274
360165.0,2025-12-15T02:00:19.766748,140.394706,0.999105,0.020174,-0.020507,0.031007,8.631844,-0.449186,-3.409789,0.876713,-0.717988,1.245294,2.239367,-2.420215,3.507920
360189.0,2025-12-15T02:00:19.827398,140.455356,0.999815,0.007230,-0.010264,0.014581,9.130482,-0.261875,-2.958501,0.609331,-0.822384,1.225054,0.811441,-1.188123,1.662669
360214.0,2025-12-15T02:00:19.827398,140.455356,0.999839,0.003449,-0.010562,0.014100,10.008735,0.365861,-2.211225,0.289752,-0.887365,1.184574,0.378170,-1.215804,1.611859
360238.0,2025-12-15T02:00:19.828394,140.456352,0.999872,0.006807,-0.008122,0.011957,8.892138,0.551149,-2.464327,0.569916,-0.642354,1.004544,0.768904,-0.939926,1.364012
360263.0,2025-12-15T02:00:19.828394,140.456352,0.999879,0.007190,-0.009258,0.010195,6.953578,-0.509940,-3.577101,0.619984,-0.578439,0.856473,0.813190,-1.069273,1.160758
360286.0,2025-12-15T02:00:19.886559,140.514516,0.999891,0.003715,-0.009498,0.010690,4.894550,-1.815335,-4.806080,0.312122,-0.797883,0.898018,0.414145,-1.092840,1.221066
360311.0,2025-12-15T02:00:19.887710,140.515667,0.999434,0.005050,-0.021694,0.025210,3.022841,-2.052695,-4.804666,0.112918,-1.021589,1.222924,0.516220,-2.499903,2.878564
360336.0,2025-12-15T02:00:19.946093,140.574051,0.998761,0.005908,-0.031605,0.037975,0.778600,-0.257149,-3.101203,0.074569,-0.829841,1.075917,0.539721,-3.645397,4.337766
360360.0,2025-12-15T02:00:19.947110,140.575068,0.998505,0.005611,-0.037231,0.039624,-0.121641,0.880758,-2.587815,-0.038350,-0.470847,0.142745,0.474294,-4.289411,4.527257
360380.0,2025-12-15T02:00:19.948187,140.576145,0.998468,-0.001876,-0.043175,0.034548,-0.479908,0.632564,-3.483886,-0.663660,-0.476173,-0.399474,-0.387023,-4.938557,3.980062
360410.0,2025-12-15T02:00:20.006006,140.633964,0.998240,-0.013254,-0.049957,0.029082,-0.118925,-0.234468,-3.357316,-0.993892,-0.535828,-0.417584,-1.691119,-5.679674,3.421408
360434.0,2025-12-15T02:00:20.007422,140.635380,0.998034,-0.022013,-0.051393,0.028327,0.781486,-2.505149,-3.547887,-0.741424,-0.099070,-0.027697,-2.699253,-5.816166,3.388666
360457.0,2025-12-15T02:00:20.067741,140.695698,0.998053,-0.024526,-0.049059,0.029697,0.040154,-1.708028,-4.153656,-0.199204,0.199204,0.129962,-2.987265,-5.535956,3.553066
360481.0,2025-12-15T02:00:20.068749,140.696707,0.997856,-0.025066,-0.048791,0.035706,-1.027994,0.055488,-4.814201,-0.020240,0.010653,0.507066,-3.081440,-5.484827,4.246253
360501.0,2025-12-15T02:00:20.069746,140.697704,0.997576,-0.024744,-0.049047,0.042708,-1.012473,0.404111,-5.297815,0.054328,-0.038350,0.585895,-3.084298,-5.494082,5.050856
360530.0,2025-12-15T02:00:20.127389,140.755347,0.997366,-0.020528,-0.048748,0.049623,-1.421631,1.926780,-5.027881,0.382430,-0.005326,0.563525,-2.636270,-5.462979,5.822519
360553.0,2025-12-15T02:00:20.127389,140.755347,0.997339,-0.013353,-0.048141,0.053088,-1.658451,3.052277,-4.398757,0.617853,0.014914,0.262055,-1.827398,-5.428728,6.180553
360577.0,2025-12-15T02:00:20.186316,140.814274,0.997385,-0.008646,-0.048480,0.052890,-0.932278,3.093283,-3.936835,0.392017,-0.049002,-0.036219,-1.288069,-5.496894,6.132763
360602.0,2025-12-15T02:00:20.186316,140.814274,0.999973,0.002441,-0.002804,-0.006366,2.290198,1.658863,-2.857670,0.181095,-0.203465,-0.534763,0.281718,-0.319501,-0.730291
360627.0,2025-12-15T02:00:20.187828,140.815786,0.999973,0.000969,-0.004797,-0.005518,3.739839,0.503304,-1.816497,0.060720,-0.262055,-0.604005,0.114131,-0.549035,-0.632920
360649.0,2025-12-15T02:00:20.246733,140.874691,0.999865,0.003606,-0.008220,-0.013780,4.753490,-1.225122,-1.358411,0.262055,-0.091613,-0.695618,0.426232,-0.936181,-1.582653
360674.0,2025-12-15T02:00:20.247748,140.875706,0.999647,0.007533,-0.007643,-0.024325,4.300468,-2.309675,-1.662827,0.405866,0.231162,-0.891626,0.884352,-0.854581,-2.794490
360697.0,2025-12-15T02:00:20.307084,140.935042,0.999430,0.007173,-0.006455,-0.032356,3.460462,-3.614487,-2.580956,0.098004,0.240750,-0.679639,0.845569,-0.712664,-3.713816
360723.0,2025-12-15T02:00:20.308078,140.936036,0.999988,-0.004667,0.001192,-0.000304,2.417254,-3.640899,-4.556811,-0.392017,0.100135,-0.025566,-0.534823,0.136437,-0.035514
360747.0,2025-12-15T02:00:20.308078,140.936036,0.999956,-0.009159,-0.000565,-0.002041,2.345102,-1.848034,-4.248537,-0.377104,-0.147006,-0.147006,-1.049378,-0.066858,-0.233264
360770.0,2025-12-15T02:00:20.366762,140.994720,0.999975,-0.000239,-0.001147,-0.006937,3.079751,0.737900,-2.505669,-0.029827,-0.057524,-0.582700,-0.026451,-0.131572,-0.794867
360796.0,2025-12-15T02:00:20.367756,140.995714,0.999886,-0.007778,-0.002291,-0.012718,3.628500,0.140719,-1.801862,-0.659399,0.007457,-1.068460,-0.887931,-0.273821,-1.455377
360820.0,2025-12-15T02:00:20.427893,141.055851,0.999789,-0.011900,-0.001986,-0.016611,6.649465,-2.048780,-0.864776,-0.990696,-0.134223,-1.416802,-1.359721,-0.250208,-1.900682
360844.0,2025-12-15T02:00:20.428935,141.056893,0.999813,-0.006289,0.001978,-0.018157,9.722924,-2.240848,0.104363,-0.528371,0.166181,-1.525459,-0.724667,0.213533,-2.082129
360869.0,2025-12-15T02:00:20.428935,141.056893,0.999231,-0.007043,0.015235,-0.035449,11.886840,-2.320478,1.283996,-0.080960,1.121723,-1.446629,-0.868701,1.716097,-4.076595
360896.0,2025-12-15T02:00:20.487161,141.115119,0.998069,-0.005193,0.036529,-0.049961,13.201567,-3.224125,-0.030233,0.109722,1.803493,-1.206945,-0.805237,4.151712,-5.760557
360921.0,2025-12-15T02:00:20.488162,141.116120,0.996580,0.000656,0.058864,-0.057990,13.038548,-1.424323,-3.100915,0.420779,1.905758,-0.651942,-0.318453,6.742201,-6.679262
360945.0,2025-12-15T02:00:20.547748,141.175706,0.995212,0.003686,0.078036,-0.058739,12.268475,-0.318027,-4.609490,0.164051,1.626659,-0.055394,-0.106212,8.960689,-6.763831
360964.0,2025-12-15T02:00:20.548738,141.176696,0.995130,0.000031,0.086332,-0.047574,12.236394,-0.021552,-5.897920,-0.419714,0.679639,0.906540,-0.474220,9.894062,-5.515090
360996.0,2025-12-15T02:00:20.606132,141.234090,0.994907,-0.003352,0.094349,-0.035317,12.741474,0.098100,-6.244982,-0.403735,0.658333,0.999218,-0.777833,10.806964,-4.139604
361022.0,2025-12-15T02:00:20.607418,141.235376,0.994184,-0.004816,0.102976,-0.031154,13.069017,-0.047135,-6.744765,-0.181095,0.721184,0.336624,-0.936052,11.797525,-3.686383
361046.0,2025-12-15T02:00:20.608439,141.236397,0.993218,-0.006868,0.112845,-0.027158,13.343255,0.084346,-7.014659,-0.232228,0.825580,0.317449,-1.162457,12.931470,-3.264253
361068.0,2025-12-15T02:00:20.667628,141.295585,0.999903,-0.001357,0.009631,0.009967,10.969410,0.802775,-5.339000,-0.116114,0.849016,0.837298,-0.144535,1.105127,1.140798
361094.0,2025-12-15T02:00:20.667628,141.295585,0.999922,0.000552,0.006438,0.010677,9.573374,0.836782,-5.914585,0.033023,0.740359,0.896953,0.071105,0.736986,1.224020
361119.0,2025-12-15T02:00:20.726889,141.354847,0.999783,0.005528,0.011698,0.016345,9.138727,1.576586,-5.657836,0.381365,0.623180,0.414388,0.655463,1.329918,1.880800
361143.0,2025-12-15T02:00:20.726889,141.354847,0.999667,0.009649,0.014697,0.018872,8.649395,1.867634,-5.689983,0.312122,0.444215,0.211988,1.137686,1.662912,2.179548
361163.0,2025-12-15T02:00:20.727891,141.355849,0.999662,0.010377,0.013164,0.019894,8.274441,1.721025,-5.631521,0.024501,0.068177,0.083091,1.219220,1.484535,2.295952
361192.0,2025-12-15T02:00:20.787284,141.415241,0.999691,0.011062,0.009643,0.020071,8.077290,1.206860,-5.420601,0.029827,-0.098004,0.013848,1.289737,1.079271,2.312513
361218.0,2025-12-15T02:00:20.787284,141.415241,0.999680,0.013329,0.004741,0.020989,7.946101,1.093298,-5.003023,0.145941,-0.230097,0.014914,1.538537,0.511053,2.412458
361240.0,2025-12-15T02:00:20.848372,141.476330,0.999617,0.015631,-0.001387,0.022813,8.039269,1.072784,-4.357595,0.164051,-0.317449,0.155529,1.787189,-0.199726,2.611598
361265.0,2025-12-15T02:00:20.848372,141.476330,0.999538,0.017121,-0.007391,0.024011,8.302562,0.688712,-3.890623,0.106526,-0.305731,0.102265,1.941281,-0.893753,2.737065
361285.0,2025-12-15T02:00:20.849371,141.477329,0.999516,0.017239,-0.010473,0.023696,9.118067,0.591026,-3.543781,0.000000,-0.059655,-0.028762,1.946889,-1.246501,2.694996
361317.0,2025-12-15T02:00:20.906638,141.534595,0.999996,0.000557,0.002727,-0.000579,9.704760,0.590378,-3.789596,0.040480,0.266316,-0.061785,0.063611,0.312510,-0.066213
361341.0,2025-12-15T02:00:20.907638,141.535596,1.000000,0.000412,0.000398,-0.000317,9.383592,0.315119,-4.168548,0.027697,0.233293,-0.026632,0.047239,0.045597,-0.036312
361365.0,2025-12-15T02:00:20.968063,141.596021,0.999997,-0.000101,-0.002199,0.001142,9.014844,0.148647,-4.413868,-0.045806,-0.018109,0.122505,-0.011855,-0.251971,0.130944
361385.0,2025-12-15T02:00:20.969068,141.597025,0.999978,-0.000322,-0.005581,0.003437,8.446318,0.315611,-4.384252,-0.024501,-0.084156,0.192813,-0.039130,-0.639364,0.394060
361417.0,2025-12-15T02:00:21.026190,141.654148,0.999934,-0.000622,-0.009106,0.007027,7.846436,0.492676,-4.240744,-0.055394,-0.110787,0.233293,-0.078565,-1.042979,0.805938
361441.0,2025-12-15T02:00:21.027702,141.655660,0.999863,-0.001083,-0.013435,0.009567,7.481041,0.673266,-3.990510,-0.053263,-0.164051,0.214118,-0.138913,-1.538333,1.098317
361465.0,2025-12-15T02:00:21.028727,141.656685,0.999761,-0.000715,-0.018756,0.011215,7.366951,0.749013,-3.646642,0.012783,-0.248207,0.138484,-0.106147,-2.148383,1.287389
361482.0,2025-12-15T02:00:21.086189,141.714147,0.999625,0.000046,-0.024379,0.012439,7.304935,0.643797,-3.454825,0.047937,-0.273773,0.102265,-0.029478,-2.793732,1.426624
361514.0,2025-12-15T02:00:21.087293,141.715251,0.999451,0.001251,-0.030183,0.013591,7.370023,0.186562,-3.446045,0.067112,-0.302535,0.029827,0.096465,-3.460876,1.555267
361539.0,2025-12-15T02:00:21.147114,141.775071,0.999254,0.002334,-0.035864,0.014165,7.587509,0.104015,-3.044297,0.088417,-0.279099,0.045806,0.209529,-4.114019,1.616804
361566.0,2025-12-15T02:00:21.148113,141.776071,0.999097,0.002843,-0.039739,0.014793,7.678721,0.081045,-2.807370,0.043676,-0.126766,0.051133,0.258954,-4.559276,1.686273
361590.0,2025-12-15T02:00:21.148113,141.776071,0.998961,0.002130,-0.042643,0.015946,7.418466,0.208493,-2.994854,-0.058590,-0.043676,0.099070,0.166504,-4.891302,1.821963
361620.0,2025-12-15T02:00:21.207277,141.835234,0.998846,0.002721,-0.044487,0.017883,7.037450,0.705749,-3.142312,0.010653,0.028762,0.099070,0.221160,-5.104249,2.041542
361644.0,2025-12-15T02:00:21.208275,141.836233,0.998744,0.002960,-0.046580,0.018247,6.971588,0.788799,-3.400482,0.003196,0.022371,0.030893,0.242470,-5.344865,2.082074
361668.0,2025-12-15T02:00:21.267012,141.894970,0.998628,0.003695,-0.048899,0.018389,6.960886,0.894023,-3.470107,0.040480,0.002131,0.010653,0.321347,-5.612533,2.094164
361692.0,2025-12-15T02:00:21.269015,141.896973,0.998501,0.005853,-0.051274,0.018230,6.904178,1.013917,-3.433303,0.154463,-0.005326,-0.020240,0.565558,-5.889387,2.062784
361718.0,2025-12-15T02:00:21.326598,141.954556,0.998339,0.007450,-0.054009,0.018640,6.923145,0.900652,-3.263166,0.087352,-0.052198,-0.042611,0.741345,-6.206714,2.099080
361742.0,2025-12-15T02:00:21.326598,141.954556,0.998195,0.007302,-0.056805,0.018057,7.121564,0.909674,-2.998808,-0.037284,-0.037284,-0.046872,0.722453,-6.526866,2.031478
361767.0,2025-12-15T02:00:21.328615,141.956573,0.998074,0.007592,-0.059132,0.017155,7.046713,0.947534,-3.050332,-0.003196,0.001065,-0.075634,0.757430,-6.793806,1.924470
361790.0,2025-12-15T02:00:21.387264,142.015222,0.997942,0.008227,-0.061527,0.016097,6.915912,0.884295,-3.139647,0.025566,-0.005326,-0.090547,0.833631,-7.069039,1.796691
361816.0,2025-12-15T02:00:21.387264,142.015222,0.997795,0.008674,-0.063832,0.015969,7.092751,0.771068,-3.078868,-0.011718,-0.014914,-0.082025,0.882266,-7.334332,1.777271
361840.0,2025-12-15T02:00:21.447288,142.075245,0.997685,0.009803,-0.065625,0.014920,7.197014,0.719232,-3.045400,0.072438,0.044741,-0.093743,1.017423,-7.541146,1.646534
361865.0,2025-12-15T02:00:21.448288,142.076246,0.997617,0.009956,-0.066838,0.013909,7.066406,0.664350,-3.148063,-0.007457,0.094809,-0.086286,1.041013,-7.679681,1.527712
361890.0,2025-12-15T02:00:21.449286,142.077244,0.997514,0.008824,-0.068714,0.012869,6.994051,0.661201,-3.067939,-0.116114,0.040480,-0.080960,0.916012,-7.892439,1.415077
361919.0,2025-12-15T02:00:21.506892,142.134850,0.997359,0.008509,-0.070942,0.013024,7.084025,0.519086,-2.956172,-0.070307,-0.005326,-0.050067,0.875446,-8.148011,1.433952
361941.0,2025-12-15T02:00:21.507894,142.135851,0.997224,0.011088,-0.072497,0.012886,7.200883,0.407062,-2.802354,0.206661,0.063916,-0.027697,1.172512,-8.330195,1.395258
361966.0,2025-12-15T02:00:21.567773,142.195731,0.997058,0.013465,-0.074251,0.013471,7.129322,0.334471,-2.836029,0.196009,0.047937,0.033023,1.439965,-8.535859,1.440635
361991.0,2025-12-15T02:00:21.567773,142.195731,0.996767,0.014558,-0.077624,0.014749,7.047812,0.342258,-2.831081,0.091613,-0.086286,0.100135,1.550584,-8.926938,1.574463
362017.0,2025-12-15T02:00:21.626642,142.254600,0.996529,0.015106,-0.080286,0.015974,7.030079,0.300977,-2.850877,0.008522,-0.041545,0.038350,1.598961,-9.235778,1.707594
362041.0,2025-12-15T02:00:21.626642,142.254600,0.996258,0.015325,-0.083429,0.016601,6.855882,0.497049,-2.807240,0.010653,-0.067112,0.051133,1.613654,-9.598463,1.773799
362065.0,2025-12-15T02:00:21.628155,142.256112,0.995888,0.017760,-0.087075,0.017586,6.781133,0.625982,-2.517357,0.193878,-0.112918,0.067112,1.880396,-10.023824,1.858355
362083.0,2025-12-15T02:00:21.686509,142.314467,0.995582,0.025130,-0.088559,0.018516,6.520906,0.545289,-2.189913,0.609331,0.060720,0.022371,2.723200,-10.210600,1.887628
362115.0,2025-12-15T02:00:21.687511,142.315469,0.995482,0.044079,-0.081821,0.019439,7.212902,-0.159732,-2.556207,1.563808,0.715858,-0.147006,4.919110,-9.474971,1.829481
362138.0,2025-12-15T02:00:21.747769,142.375727,0.996344,0.050473,-0.068352,0.008875,7.026746,-0.914784,-3.842619,0.507066,1.278317,-1.000283,5.757107,-7.880100,0.623800
362162.0,2025-12-15T02:00:21.748770,142.376727,0.995905,0.055502,-0.071149,0.005505,7.781384,-0.297138,-2.902514,0.407996,-0.057524,-0.319579,6.366948,-8.182534,0.177544
362187.0,2025-12-15T02:00:21.749770,142.377728,0.996200,0.052665,-0.069244,0.004145,6.333296,-0.446049,-3.904264,-0.231162,0.352602,-0.129962,6.048469,-7.955159,0.055808
362216.0,2025-12-15T02:00:21.808289,142.436247,0.995934,0.049254,-0.075419,0.000730,7.813917,-0.612846,-2.853940,-0.335558,-0.351537,-0.314253,5.688692,-8.644141,-0.346336
362240.0,2025-12-15T02:00:21.809277,142.437235,0.995491,0.046975,-0.082399,-0.001527,7.977723,-1.635206,-3.593844,-0.166181,-0.402670,-0.170442,5.455033,-9.433975,-0.626181
362260.0,2025-12-15T02:00:21.867963,142.495921,0.995260,0.045795,-0.085766,-0.002310,7.869971,-1.470274,-3.295838,-0.069242,-0.092678,-0.068177,5.331227,-9.817316,-0.724113
362292.0,2025-12-15T02:00:21.869956,142.497914,0.994966,0.046005,-0.088981,-0.002782,7.329698,-1.045733,-3.008355,0.040480,-0.077764,-0.051133,5.365840,-10.184034,-0.798833
362318.0,2025-12-15T02:00:21.928066,142.556023,0.994604,0.045725,-0.093093,-0.002546,6.902410,-0.866154,-2.984309,-0.049002,-0.162985,-0.030893,5.338268,-10.658144,-0.791592
362342.0,2025-12-15T02:00:21.928066,142.556023,0.994191,0.044826,-0.097807,-0.003007,6.919409,-0.965291,-2.616589,-0.052198,-0.204531,-0.036219,5.247691,-11.198449,-0.861414
362362.0,2025-12-15T02:00:21.929507,142.557465,0.993851,0.044770,-0.101205,-0.003537,6.880368,-1.100250,-2.604697,0.020240,-0.094809,-0.054328,5.253975,-11.586649,-0.941264
362390.0,2025-12-15T02:00:21.988380,142.616338,0.993458,0.045702,-0.104559,-0.004369,6.630962,-1.115223,-2.769875,0.101200,-0.092678,-0.088417,5.379796,-11.967143,-1.068179
362415.0,2025-12-15T02:00:21.989366,142.617324,0.993027,0.046592,-0.108191,-0.004522,6.487299,-1.148490,-2.833067,0.046872,-0.127832,-0.082025,5.493944,-12.383353,-1.118285
362436.0,2025-12-15T02:00:22.107715,142.735673,0.992638,0.045243,-0.112245,-0.004858,6.540093,-1.224787,-2.534374,-0.080960,-0.151268,-0.025566,5.350339,-12.849949,-1.163776
362462.0,2025-12-15T02:00:22.107715,142.735673,0.992262,0.043894,-0.116024,-0.005380,6.407359,-1.164668,-2.448676,-0.084156,-0.128897,-0.041545,5.208797,-13.284149,-1.228264
362486.0,2025-12-15T02:00:22.108715,142.736673,0.991877,0.042233,-0.119801,-0.006620,6.406952,-0.991989,-2.554350,-0.122505,-0.131028,-0.096939,5.041188,-13.715230,-1.371417
362560.0,2025-12-15T02:00:22.169195,142.797153,0.991048,0.039511,-0.127226,-0.008671,6.346358,-1.287926,-2.341635,-0.132093,-0.011718,-0.010653,4.772250,-14.565676,-1.612846
362584.0,2025-12-15T02:00:22.170210,142.798167,0.990703,0.039099,-0.129986,-0.009094,6.405528,-0.938544,-2.081973,-0.013848,-0.042611,-0.043676,4.738358,-14.882814,-1.671095
362610.0,2025-12-15T02:00:22.226530,142.854488,0.990401,0.032470,-0.133898,-0.011057,5.412290,-1.238481,-1.887652,-0.601874,-0.159790,-0.143811,4.000385,-15.337738,-1.818132
362634.0,2025-12-15T02:00:22.227830,142.855788,0.990044,0.033724,-0.136156,-0.011749,6.129828,-1.352016,-1.765542,0.133158,-0.002131,-0.088417,4.166148,-15.593313,-1.930482
362654.0,2025-12-15T02:00:22.228914,142.856872,0.989761,0.032777,-0.138465,-0.011217,5.978462,-0.992201,-1.918745,-0.044741,-0.003196,0.040480,4.053141,-15.864259,-1.863531
362685.0,2025-12-15T02:00:22.286622,142.914580,0.989408,0.035341,-0.140335,-0.011340,5.952196,-0.980609,-1.696388,0.237554,0.034088,-0.055394,4.363887,-16.075009,-1.929796
362711.0,2025-12-15T02:00:22.287614,142.915572,0.989322,0.032837,-0.141588,-0.010758,5.820973,-1.480165,-1.679441,-0.232228,0.071373,0.007457,4.062258,-16.227182,-1.825391
362736.0,2025-12-15T02:00:22.347775,142.975733,0.989258,0.034438,-0.141870,-0.007492,6.355827,-1.602361,-1.664364,0.213053,0.174703,0.227967,4.197485,-16.270727,-1.468173
362756.0,2025-12-15T02:00:22.348760,142.976718,0.989284,0.036662,-0.141308,-0.002216,5.832992,-0.945849,-1.727362,0.273773,0.254598,0.388821,4.370134,-16.225906,-0.879999
362786.0,2025-12-15T02:00:22.349753,142.977710,0.989423,0.038338,-0.139899,-0.000092,5.832453,-0.690189,-2.140945,0.183225,0.317449,0.132093,4.529750,-16.071193,-0.650509
362815.0,2025-12-15T02:00:22.408010,143.035968,0.989331,0.043303,-0.139079,0.002641,6.441514,-0.904743,-2.231805,0.405866,0.254598,0.101200,5.069583,-15.986924,-0.406472
362835.0,2025-12-15T02:00:22.408010,143.035968,0.989432,0.045479,-0.137618,0.004126,6.203340,-0.936993,-2.609264,0.224771,0.318514,0.068177,5.299481,-15.825125,-0.259176
362866.0,2025-12-15T02:00:22.467756,143.095714,0.989213,0.048885,-0.138009,0.004671,6.403348,-0.746129,-2.611501,0.309992,0.157659,-0.015979,5.693559,-15.872510,-0.253311
362890.0,2025-12-15T02:00:22.526758,143.154716,0.988712,0.054623,-0.139435,0.004791,6.585355,-0.989365,-2.613476,0.504935,0.064981,-0.076699,6.372721,-16.036268,-0.343345
362916.0,2025-12-15T02:00:22.527756,143.155714,0.988184,0.056530,-0.142343,0.005920,6.455566,-1.168746,-2.698126,0.139550,-0.066046,0.013848,6.585933,-16.379138,-0.262323
362941.0,2025-12-15T02:00:22.527756,143.155714,0.987657,0.056332,-0.146016,0.006248,6.317351,-1.138386,-2.474755,0.020240,-0.120375,0.015979,6.565070,-16.805969,-0.245879
362961.0,2025-12-15T02:00:22.529272,143.157230,0.987125,0.055114,-0.149987,0.007086,6.347126,-1.347679,-2.062237,-0.052198,-0.143811,0.070307,6.414470,-17.271130,-0.152625
362990.0,2025-12-15T02:00:22.586926,143.214884,0.986670,0.053322,-0.153488,0.008994,6.169011,-1.319341,-1.826899,-0.085221,-0.099070,0.164051,6.173853,-17.688593,0.082990
363016.0,2025-12-15T02:00:22.587929,143.215887,0.986346,0.054256,-0.155012,0.012179,5.994222,-1.114302,-1.457118,0.082025,0.060720,0.194943,6.228733,-17.885275,0.433805
363037.0,2025-12-15T02:00:22.647282,143.275240,0.986174,0.056181,-0.155230,0.014401,5.853689,-1.034577,-1.721724,0.222640,0.175769,0.128897,6.416986,-17.925791,0.660144
363063.0,2025-12-15T02:00:22.648283,143.276240,0.986093,0.058865,-0.154593,0.016044,6.148587,-1.092086,-2.233854,0.279099,0.243946,0.066046,6.705283,-17.865033,0.809177
363087.0,2025-12-15T02:00:22.649282,143.277240,0.985906,0.060975,-0.154780,0.017716,6.252775,-1.006948,-2.483366,0.229032,0.175769,0.079895,6.925770,-17.900008,0.966861
363116.0,2025-12-15T02:00:22.707306,143.335264,0.985561,0.063294,-0.155814,0.019606,6.357838,-0.871254,-2.270007,0.178964,0.092678,0.067112,7.168111,-18.035723,1.140250
363140.0,2025-12-15T02:00:22.707306,143.335264,0.985210,0.064613,-0.157411,0.020214,6.175964,-0.926923,-2.460807,0.147006,0.052198,0.008522,7.315843,-18.226765,1.175736
363160.0,2025-12-15T02:00:22.767515,143.395473,0.984758,0.065087,-0.159990,0.020481,6.213444,-1.112877,-2.376744,0.076699,-0.031958,-0.005326,7.370554,-18.528034,1.179083
363193.0,2025-12-15T02:00:22.768510,143.396467,0.984159,0.066534,-0.162938,0.021323,6.070317,-1.207933,-2.166708,0.096939,-0.073503,0.000000,7.530902,-18.877825,1.228674
363216.0,2025-12-15T02:00:22.827037,143.454994,0.983661,0.066938,-0.165735,0.021491,5.966079,-1.144538,-1.970213,0.071373,-0.052198,-0.012783,7.579711,-19.203930,1.219060
363241.0,2025-12-15T02:00:22.828030,143.455988,0.983185,0.068059,-0.168071,0.021630,5.979476,-1.237731,-1.855559,0.133158,-0.015979,-0.028762,7.714665,-19.477308,1.194659
363265.0,2025-12-15T02:00:22.828030,143.455988,0.982862,0.068859,-0.169612,0.021754,6.012113,-1.226511,-1.935985,0.106526,0.052198,-0.030893,7.810551,-19.658012,1.180629
363282.0,2025-12-15T02:00:22.887133,143.515090,0.982549,0.069503,-0.171149,0.021793,6.032591,-1.241699,-2.117116,0.092678,0.052198,-0.036219,7.889683,-19.837498,1.159435
363314.0,2025-12-15T02:00:22.947513,143.575470,0.982182,0.069697,-0.173107,0.022265,6.002964,-1.221143,-2.172563,-0.012783,0.009587,-0.021305,7.906378,-20.068834,1.196058
363336.0,2025-12-15T02:00:22.947513,143.575470,0.981821,0.068686,-0.175548,0.022204,5.961432,-1.255395,-2.096759,-0.045806,-0.021305,-0.015979,7.789765,-20.350646,1.190893
363362.0,2025-12-15T02:00:22.948513,143.576471,0.981359,0.067925,-0.178390,0.022309,5.846251,-1.217789,-1.951864,-0.023436,-0.055394,-0.003196,7.700394,-20.680681,1.197459
363411.0,2025-12-15T02:00:23.006768,143.634725,0.980403,0.068034,-0.183416,0.023244,5.727824,-1.288333,-1.782520,0.017044,-0.021305,0.006392,7.701111,-21.272627,1.267951
363435.0,2025-12-15T02:00:23.007765,143.635722,0.979994,0.067235,-0.185834,0.023596,5.577491,-1.196166,-1.685884,-0.021305,-0.019175,0.014914,7.600261,-21.555647,1.309744
363456.0,2025-12-15T02:00:23.067272,143.695230,0.979624,0.066500,-0.187983,0.024031,5.567587,-1.106566,-1.573929,-0.017044,0.004261,0.020240,7.504423,-21.808210,1.362768
363483.0,2025-12-15T02:00:23.068279,143.696236,0.979159,0.065405,-0.190727,0.024350,5.616944,-1.192705,-1.846717,-0.046872,-0.046872,0.019175,7.368010,-22.128809,1.406375
363508.0,2025-12-15T02:00:23.126268,143.754226,0.978777,0.064958,-0.192726,0.025138,5.730486,-1.222617,-1.773245,-0.063916,0.006392,0.014914,7.297732,-22.367038,1.497744
363529.0,2025-12-15T02:00:23.127279,143.755237,0.978491,0.064452,-0.194312,0.025390,5.581759,-1.083835,-1.747815,-0.001065,0.050067,-0.001065,7.232244,-22.553030,1.528896
363555.0,2025-12-15T02:00:23.128269,143.756227,0.978129,0.064043,-0.196250,0.025450,5.612707,-1.158999,-1.876684,0.005326,0.018109,-0.017044,7.183577,-22.778857,1.532019
363578.0,2025-12-15T02:00:23.188020,143.815978,0.977668,0.062427,-0.199073,0.025261,5.560068,-1.155283,-1.837215,-0.099070,-0.055394,-0.012783,6.994578,-23.104471,1.528754
363605.0,2025-12-15T02:00:23.189022,143.816980,0.977090,0.061876,-0.201997,0.025748,5.468241,-1.168513,-1.651397,-0.078830,-0.073503,0.003196,6.918765,-23.448565,1.581452
363628.0,2025-12-15T02:00:23.189022,143.816980,0.976579,0.061005,-0.204681,0.026044,5.372378,-1.172810,-1.509479,-0.027697,-0.044741,0.013848,6.807844,-23.762850,1.621299
363656.0,2025-12-15T02:00:23.247583,143.875540,0.976144,0.060612,-0.206822,0.026341,5.301918,-1.140350,-1.398669,0.011718,0.000000,0.003196,6.754613,-24.014578,1.653251
363681.0,2025-12-15T02:00:23.248575,143.876533,0.975736,0.060521,-0.208717,0.026702,5.293378,-1.120585,-1.563183,0.037284,0.020240,0.002131,6.736227,-24.238627,1.687048
363707.0,2025-12-15T02:00:23.307308,143.935266,0.975251,0.060835,-0.210786,0.027440,5.269419,-1.092752,-1.593779,-0.003196,-0.004261,0.001065,6.757917,-24.486442,1.755308
363731.0,2025-12-15T02:00:23.307841,143.935799,0.974825,0.060570,-0.212793,0.027698,5.275445,-1.055179,-1.419837,0.019175,0.010653,-0.002131,6.720600,-24.722668,1.780609
363756.0,2025-12-15T02:00:23.367424,143.995382,0.974452,0.060065,-0.214632,0.027735,5.183823,-1.037358,-1.436682,-0.004261,0.024501,-0.017044,6.659405,-24.937450,1.786469
363776.0,2025-12-15T02:00:23.368423,143.996380,0.974081,0.059134,-0.216589,0.027529,5.172136,-0.974175,-1.486474,-0.045806,0.014914,-0.027697,6.552067,-25.163756,1.773728
363808.0,2025-12-15T02:00:23.369425,143.997383,0.973632,0.058964,-0.218653,0.027484,5.274552,-1.062567,-1.514770,-0.057524,-0.005326,-0.049002,6.534728,-25.405111,1.759348
363836.0,2025-12-15T02:00:23.427119,144.055077,0.973157,0.058220,-0.221011,0.027010,5.080282,-1.163729,-1.564998,-0.029827,-0.023436,-0.053263,6.458524,-25.677348,1.706321
363856.0,2025-12-15T02:00:23.427119,144.055077,0.972624,0.057254,-0.223587,0.027071,5.066040,-1.160791,-1.321638,-0.038350,-0.039415,-0.004261,6.339841,-25.978382,1.724729
363886.0,2025-12-15T02:00:23.485903,144.113861,0.972165,0.056572,-0.225734,0.027199,4.938633,-1.082100,-1.158743,-0.014914,-0.003196,-0.005326,6.253789,-26.230171,1.746768
363912.0,2025-12-15T02:00:23.487150,144.115108,0.971822,0.057284,-0.226984,0.027544,4.952177,-1.097838,-1.252464,0.019175,0.061785,-0.034088,6.334019,-26.380583,1.760984
363937.0,2025-12-15T02:00:23.547015,144.174973,0.971474,0.056809,-0.228598,0.027446,5.019053,-1.123454,-1.473298,-0.001065,0.040480,-0.030893,6.279543,-26.568858,1.752583
363961.0,2025-12-15T02:00:23.549009,144.176967,0.970937,0.055822,-0.231087,0.027636,4.966648,-1.081239,-1.413682,-0.039415,-0.031958,0.007457,6.153426,-26.860954,1.790025
363981.0,2025-12-15T02:00:23.550009,144.177967,0.970375,0.054929,-0.233628,0.027816,4.873629,-1.063003,-1.250018,-0.031958,-0.037284,0.005326,6.039001,-27.159471,1.823890
364011.0,2025-12-15T02:00:23.606768,144.234725,0.969831,0.054875,-0.235819,0.028395,4.821939,-1.061055,-1.209289,-0.043676,-0.019175,-0.001065,6.017002,-27.421045,1.884850
364035.0,2025-12-15T02:00:23.607766,144.235724,0.969344,0.053594,-0.238103,0.028396,4.769241,-0.998338,-1.191815,-0.068177,-0.014914,-0.002131,5.858190,-27.687688,1.911065
364057.0,2025-12-15T02:00:23.667500,144.295458,0.968875,0.052919,-0.240162,0.028324,4.739519,-0.957993,-1.192053,-0.021305,0.002131,-0.020240,5.777310,-27.928704,1.911265
364083.0,2025-12-15T02:00:23.667500,144.295458,0.968378,0.052218,-0.242331,0.028148,4.727495,-1.029394,-1.218702,-0.023436,-0.008522,-0.028762,5.696418,-28.182147,1.898857
364109.0,2025-12-15T02:00:23.668770,144.296728,0.967832,0.052149,-0.244465,0.028612,4.661770,-1.034871,-1.107274,-0.050067,-0.019175,-0.020240,5.674983,-28.436647,1.947621
364135.0,2025-12-15T02:00:23.727508,144.355466,0.967356,0.050835,-0.246628,0.028519,4.601442,-1.010459,-1.080175,-0.071373,-0.006392,-0.009587,5.513393,-28.688922,1.966365
364155.0,2025-12-15T02:00:23.728517,144.356475,0.966865,0.049073,-0.248914,0.028393,4.586580,-1.004847,-1.127082,-0.108657,-0.015979,-0.002131,5.295754,-28.954818,1.995823
364186.0,2025-12-15T02:00:23.787582,144.415540,0.966285,0.045788,-0.251760,0.028526,4.497079,-0.936605,-1.131708,-0.229032,-0.058590,0.054328,4.875264,-29.285142,2.107395
364212.0,2025-12-15T02:00:23.788578,144.416536,0.965460,0.044029,-0.255133,0.029249,4.676371,-0.678306,-1.053257,-0.189617,-0.119310,0.056459,4.627661,-29.684030,2.243602
364236.0,2025-12-15T02:00:23.847788,144.475746,0.964597,0.044588,-0.258247,0.029536,3.986198,-0.867840,-0.791973,0.086286,-0.095874,-0.011718,4.689498,-30.055761,2.248055
364260.0,2025-12-15T02:00:23.849782,144.477739,0.964134,0.042957,-0.260291,0.029147,4.287273,-0.794077,-0.910874,-0.108657,0.003196,-0.022371,4.494273,-30.292499,2.246021
364280.0,2025-12-15T02:00:23.850777,144.478734,0.963515,0.043242,-0.262557,0.028859,4.197542,-0.755927,-0.950509,0.046872,-0.022371,-0.053263,4.540927,-30.560766,2.190065
364311.0,2025-12-15T02:00:23.906698,144.534655,0.962856,0.043990,-0.264881,0.028467,4.188253,-0.802047,-1.016363,-0.010653,-0.042611,-0.091613,4.651524,-30.836506,2.103456
364335.0,2025-12-15T02:00:23.907700,144.535658,0.962081,0.042604,-0.267999,0.027597,4.215127,-0.930868,-0.922488,-0.096939,-0.094809,-0.063916,4.504918,-31.199814,2.027736
364357.0,2025-12-15T02:00:23.967268,144.595226,0.961316,0.040891,-0.271036,0.027167,4.076522,-0.911752,-0.757827,-0.112918,-0.086286,-0.021305,4.299992,-31.555505,2.022057
364383.0,2025-12-15T02:00:23.968262,144.596220,0.960648,0.038894,-0.273750,0.026541,3.808790,-0.865734,-0.586194,-0.139550,-0.058590,-0.031958,4.064681,-31.871699,2.004116
364409.0,2025-12-15T02:00:23.969257,144.597214,0.960382,0.039003,-0.274647,0.026712,3.828181,-0.801355,-0.453501,-0.051133,0.084156,-0.033023,4.072670,-31.979524,2.018890
364432.0,2025-12-15T02:00:24.027747,144.655705,0.960530,0.039050,-0.274174,0.026181,3.829020,-0.885964,-0.574194,0.031958,0.213053,-0.083091,4.098397,-31.920999,1.950025
364457.0,2025-12-15T02:00:24.028745,144.656703,0.960834,0.039096,-0.273141,0.025764,3.968132,-0.945658,-0.688552,0.036219,0.262055,-0.076699,4.119418,-31.796349,1.898198
364479.0,2025-12-15T02:00:24.087371,144.715329,0.961188,0.038896,-0.271946,0.025513,4.091481,-0.934884,-0.839697,0.019175,0.278034,-0.057524,4.102357,-31.652513,1.877615
364508.0,2025-12-15T02:00:24.088370,144.716327,0.961383,0.039653,-0.271105,0.025911,4.241087,-0.868690,-1.015500,0.012783,0.235423,-0.042611,4.185507,-31.555715,1.904599
364532.0,2025-12-15T02:00:24.088370,144.716327,0.961471,0.039390,-0.270825,0.026001,4.330345,-0.904307,-1.056240,0.018109,0.200270,-0.023436,4.148150,-31.522241,1.926887
364559.0,2025-12-15T02:00:24.147479,144.775437,0.961336,0.039263,-0.271305,0.026184,4.341690,-0.865463,-1.108913,0.028762,0.134223,-0.014914,4.125054,-31.579825,1.953465
364585.0,2025-12-15T02:00:24.148370,144.776328,0.960964,0.038438,-0.272795,0.025549,4.307548,-0.730642,-1.146756,-0.052198,0.046872,-0.058590,4.041917,-31.752887,1.895924
364608.0,2025-12-15T02:00:24.206745,144.834702,0.960309,0.038675,-0.275126,0.024848,4.354319,-0.712550,-1.167266,-0.058590,-0.041545,-0.101200,4.099545,-32.027961,1.787349
364632.0,2025-12-15T02:00:24.208255,144.836213,0.959324,0.036087,-0.279045,0.023005,4.160433,-0.841552,-1.030507,-0.221575,-0.165116,-0.108657,3.833682,-32.483003,1.630241
364656.0,2025-12-15T02:00:24.267916,144.895874,0.958285,0.033921,-0.282974,0.021567,4.073771,-0.843812,-0.845899,-0.177899,-0.167247,-0.085221,3.607637,-32.942890,1.511595
364680.0,2025-12-15T02:00:24.268914,144.896872,0.957284,0.032362,-0.286615,0.020282,3.926046,-0.903942,-0.679070,-0.122505,-0.144876,-0.089482,3.455248,-33.370902,1.391593
364705.0,2025-12-15T02:00:24.268914,144.896872,0.956452,0.031648,-0.289509,0.019544,3.856999,-1.003480,-0.684782,-0.137419,-0.090547,-0.078830,3.392450,-33.713504,1.313011
364723.0,2025-12-15T02:00:24.327271,144.955229,0.955652,0.029185,-0.292452,0.018692,3.759190,-0.979838,-0.651536,-0.180030,-0.083091,-0.037284,3.103263,-34.059620,1.290309
364755.0,2025-12-15T02:00:24.328285,144.956243,0.954987,0.027569,-0.294800,0.018218,3.639958,-0.873527,-0.523451,-0.105461,-0.031958,-0.026632,2.909551,-34.337451,1.286723
364778.0,2025-12-15T02:00:24.387178,145.015136,0.954413,0.026288,-0.296779,0.018097,3.605191,-0.873213,-0.588822,-0.069242,0.000000,-0.007457,2.745234,-34.572662,1.318082
364805.0,2025-12-15T02:00:24.387178,145.015136,0.953849,0.026082,-0.298563,0.018774,3.593042,-0.820094,-0.626424,-0.068177,0.005326,0.021305,2.690189,-34.788365,1.412239
364830.0,2025-12-15T02:00:24.446775,145.074733,0.953295,0.025116,-0.300401,0.018917,3.550809,-0.721025,-0.609374,-0.042611,0.012783,0.009587,2.555605,-35.008053,1.467498
364855.0,2025-12-15T02:00:24.448772,145.076730,0.952668,0.024418,-0.302438,0.018957,3.568104,-0.798107,-0.695766,-0.021305,-0.006392,-0.006392,2.460533,-35.251874,1.498104
364875.0,2025-12-15T02:00:24.449777,145.077734,0.951941,0.023465,-0.304793,0.018965,3.526469,-0.768086,-0.635887,-0.043676,-0.034088,-0.001065,2.332143,-35.533529,1.535300
364908.0,2025-12-15T02:00:24.508417,145.136375,0.951154,0.023438,-0.307211,0.019424,3.458526,-0.733245,-0.586984,-0.062851,-0.053263,0.002131,2.307986,-35.825601,1.593648
364934.0,2025-12-15T02:00:24.509434,145.137392,0.950257,0.022092,-0.310083,0.019275,3.386179,-0.706267,-0.555876,-0.080960,-0.079895,-0.001065,2.132075,-36.169024,1.627737
364959.0,2025-12-15T02:00:24.567004,145.194962,0.949310,0.020673,-0.313072,0.019230,3.325127,-0.697884,-0.560279,-0.084156,-0.090547,0.009587,1.940420,-36.526839,1.680483
364979.0,2025-12-15T02:00:24.567990,145.195948,0.948390,0.018289,-0.316120,0.017017,2.814010,-0.286990,-0.634460,-0.233293,-0.094809,-0.126766,1.714673,-36.886612,1.483971
365013.0,2025-12-15T02:00:24.627813,145.255770,0.947832,0.019674,-0.317935,0.012010,3.380703,0.106836,-0.584985,-0.112918,-0.014914,-0.460194,2.130960,-37.097305,0.736846
365038.0,2025-12-15T02:00:24.628802,145.256760,0.946261,0.019031,-0.322810,0.004690,3.591769,-0.348334,-0.839248,-0.237554,-0.268447,-0.572047,2.388626,-37.669311,-0.246962
365063.0,2025-12-15T02:00:24.629801,145.257759,0.942516,0.015409,-0.333798,-0.002346,2.992361,-0.761931,-0.984589,-0.447411,-0.815992,-0.472977,2.257117,-38.987234,-1.084325
365080.0,2025-12-15T02:00:24.686434,145.314392,0.937434,0.013083,-0.347810,-0.008661,2.597065,-0.293884,-0.214989,-0.343015,-1.090831,-0.432497,2.309130,-40.682771,-1.914871
365113.0,2025-12-15T02:00:24.687455,145.315413,0.928883,0.004807,-0.369979,-0.016390,0.294692,0.738394,0.376477,-0.991761,-1.888714,-0.355798,1.661065,-43.406996,-2.682898
365136.0,2025-12-15T02:00:24.747823,145.375781,0.918676,-0.005877,-0.393831,-0.029961,-0.663870,0.758232,0.581699,-1.356082,-2.249839,-0.599744,1.063330,-46.382265,-4.191477
365161.0,2025-12-15T02:00:24.748868,145.376825,0.909108,-0.014214,-0.414136,-0.042575,-0.684929,0.273627,0.416483,-1.081243,-2.036785,-0.657268,0.821856,-48.955342,-5.736722
365186.0,2025-12-15T02:00:24.749876,145.377834,0.899159,-0.025725,-0.433842,-0.051317,-0.990257,0.882781,-0.460512,-1.203749,-2.004827,-0.232228,-0.159826,-51.519985,-6.455771
365210.0,2025-12-15T02:00:24.807214,145.435172,0.998908,-0.037624,-0.024690,0.012592,3.619524,3.471152,-5.384187,-3.163835,-2.076200,1.058873,-4.351530,-2.772931,1.549793
365230.0,2025-12-15T02:00:24.808214,145.436172,0.997889,-0.049650,-0.037561,0.018476,3.478383,2.602839,-3.599812,-4.196076,-3.125486,1.555286,-5.782199,-4.193763,2.333344
365260.0,2025-12-15T02:00:24.867672,145.495630,0.993234,-0.075486,-0.078729,0.039880,4.721239,2.472704,0.731815,-2.194445,-3.481284,1.718271,-9.092327,-8.648508,5.287550
365285.0,2025-12-15T02:00:24.926286,145.554244,0.999186,-0.006475,-0.036506,0.015877,5.938986,2.384271,0.793608,-0.544350,-3.069026,1.334776,-0.809979,-4.171815,1.850231
365311.0,2025-12-15T02:00:24.927271,145.555229,0.999824,0.007998,-0.014284,0.009186,3.095433,2.247070,-1.194147,0.582700,-1.037567,0.696683,0.901685,-1.645166,1.039841
365337.0,2025-12-15T02:00:24.928275,145.556232,0.999892,0.010730,-0.008551,0.005326,1.598571,2.218734,-1.951857,0.869256,-0.694552,0.447411,1.224444,-0.986389,0.599805
365357.0,2025-12-15T02:00:24.929279,145.557237,0.999832,0.011703,-0.013580,0.003842,2.072117,1.856628,-0.100006,0.851146,-0.990696,0.322775,1.335460,-1.561218,0.422126
365390.0,2025-12-15T02:00:24.986626,145.614584,0.999246,0.032745,-0.019566,-0.007236,3.547113,0.501684,3.089421,2.752643,-1.644768,-0.608266,3.771213,-2.213786,-0.902664
365415.0,2025-12-15T02:00:24.987625,145.615583,0.999992,-0.003116,-0.001528,-0.001737,0.537558,-0.110556,-1.301557,-0.206661,0.063916,-0.145941,-0.356793,-0.175701,-0.198544
365435.0,2025-12-15T02:00:25.047641,145.675599,0.999757,0.005327,-0.017028,-0.012924,1.564763,-0.264509,-0.495330,0.716923,-1.098288,-0.943824,0.635822,-1.943280,-1.492029
365467.0,2025-12-15T02:00:25.047641,145.675599,0.999138,0.027698,-0.027268,-0.014571,3.879076,-0.451243,1.999070,2.328668,-2.292449,-1.225054,3.223136,-3.077166,-1.757678
365493.0,2025-12-15T02:00:25.107299,145.735257,0.999634,0.022103,-0.013480,-0.007828,2.262208,-1.983159,2.024963,1.882322,-1.139833,-0.688161,2.545704,-1.524443,-0.931166
365519.0,2025-12-15T02:00:25.108337,145.736295,0.999610,-0.024644,-0.002204,0.012943,1.504964,0.055706,0.509661,-2.010154,0.005326,1.087635,-2.827281,-0.215949,1.488982
365539.0,2025-12-15T02:00:25.108337,145.736295,0.998344,-0.048562,-0.012547,0.028184,0.934691,1.454679,0.392339,-2.140116,-0.714792,1.272991,-5.606472,-1.278666,3.296773
365568.0,2025-12-15T02:00:25.168396,145.796353,0.999907,0.001188,-0.000375,0.013568,0.985307,2.138409,-2.076635,0.063916,-0.013848,1.139833,0.135533,-0.044847,1.554795
365594.0,2025-12-15T02:00:25.169967,145.797925,0.997967,0.059842,-0.004523,0.021452,2.569405,0.427521,-2.028130,4.921522,-0.413323,0.625310,6.849067,-0.664342,2.423084
365614.0,2025-12-15T02:00:25.227539,145.855496,0.999362,0.035359,0.005082,-0.000545,1.979355,-2.660360,2.689481,2.972087,0.427171,-0.045806,4.052573,0.584215,-0.041819
365647.0,2025-12-15T02:00:25.228550,145.856508,0.999004,0.036472,0.024030,0.009147,3.040366,-2.647392,0.390122,3.189401,2.178466,0.769121,4.208913,2.713663,1.148929
365672.0,2025-12-15T02:00:25.286706,145.914664,0.997385,0.072095,0.002526,-0.004288,3.800844,-1.385504,-3.400612,6.076268,0.252468,-0.361125,8.267476,0.324083,-0.469215
365698.0,2025-12-15T02:00:25.287787,145.915745,0.999983,-0.000453,-0.005184,0.002474,1.506600,-5.462673,-0.617350,0.137419,-0.403735,0.117179,-0.053325,-0.593879,0.283807
365718.0,2025-12-15T02:00:25.288789,145.916747,0.999740,-0.020576,-0.006934,0.006916,1.727226,-2.086424,0.377147,-1.524393,-0.029827,0.380299,-2.363638,-0.778054,0.808714
365751.0,2025-12-15T02:00:25.347437,145.975395,0.999195,-0.037332,-0.008592,0.011894,1.838541,-2.752721,-0.656016,-1.233576,-0.038350,0.427171,-4.290760,-0.932985,1.398926
365776.0,2025-12-15T02:00:25.349458,145.977416,0.996635,-0.077396,-0.012871,0.023714,1.876671,-1.342754,-0.366021,-3.218163,-0.229032,1.018393,-8.912124,-1.259679,2.824211
365800.0,2025-12-15T02:00:25.406747,146.034705,0.992947,-0.111156,-0.013741,0.038886,1.712266,1.731753,0.269283,-2.850647,-0.154463,1.115332,-12.817783,-1.068221,4.605414
365825.0,2025-12-15T02:00:25.407731,146.035689,0.991906,-0.117921,-0.011790,0.045592,1.677711,2.570218,-0.322626,-0.712662,0.241815,0.618919,-13.593198,-0.724106,5.349654
365845.0,2025-12-15T02:00:25.408733,146.036691,0.991525,-0.119699,-0.012872,0.048825,1.798412,2.591498,-1.098354,-0.301470,0.009587,0.294013,-13.806855,-0.792857,5.734187
365877.0,2025-12-15T02:00:25.466791,146.094749,0.992938,-0.107896,-0.017143,0.046254,1.369814,2.432504,-0.126498,0.813862,-0.270577,-0.247141,-12.469309,-1.378842,5.484809
365903.0,2025-12-15T02:00:25.467789,146.095747,0.993482,-0.098604,-0.034615,0.045521,0.855304,-0.300340,-0.622148,0.764860,-1.558482,-0.412257,-11.503666,-3.428481,5.592357
365929.0,2025-12-15T02:00:25.586979,146.214937,0.992325,-0.098579,-0.047734,0.057407,0.760974,0.923633,0.834651,-0.138484,-1.038633,0.926780,-11.643922,-4.784957,7.110017
365949.0,2025-12-15T02:00:25.586979,146.214937,0.999947,-0.002560,0.005706,0.008167,2.154169,-0.846832,1.271705,-0.198139,0.515588,0.686030,-0.287988,0.656233,0.934202
365981.0,2025-12-15T02:00:25.587977,146.215935,0.999878,-0.011539,0.008027,0.006771,1.495052,-0.695561,-0.986111,-0.856473,0.839428,0.568851,-1.316192,0.928732,0.765339
366056.0,2025-12-15T02:00:25.646656,146.274613,0.999819,-0.013297,0.010590,0.008540,-0.109648,-0.008950,-0.055296,0.106526,-0.431432,-0.340885,-1.513624,1.226397,0.962614
366081.0,2025-12-15T02:00:25.706751,146.334708,0.999968,-0.002548,0.007427,0.001317,-0.017707,0.053687,0.773687,0.710531,-0.229032,-0.604005,-0.290924,0.851433,0.148746
366107.0,2025-12-15T02:00:25.706751,146.334708,0.999860,0.010147,0.012881,0.003366,5.623609,-1.819389,-0.916078,1.152616,0.591222,0.061785,1.168041,1.472065,0.400811
366127.0,2025-12-15T02:00:25.708773,146.336730,0.999889,0.008622,0.009250,0.007873,1.629057,-1.017487,-0.193168,-0.026632,-0.132093,0.379234,0.996480,1.052101,0.911397
366157.0,2025-12-15T02:00:25.766849,146.394807,0.999885,0.005403,0.006586,0.012543,2.101825,-1.393961,-0.146775,-0.159790,-0.055394,0.390952,0.628557,0.746818,1.441499
366182.0,2025-12-15T02:00:25.767849,146.395807,0.999890,0.004299,0.004663,0.013408,2.136561,-0.409266,-0.282733,-0.051133,0.035154,0.071373,0.499806,0.527697,1.538857
366208.0,2025-12-15T02:00:25.767849,146.395807,0.999862,0.004565,0.003895,0.015515,2.134025,-0.922361,-0.223329,0.103331,-0.027697,-0.001065,0.530036,0.438133,1.779996
366236.0,2025-12-15T02:00:25.827723,146.455681,0.999860,0.004237,0.001908,0.016103,2.040879,-0.886242,-0.195927,0.054328,0.014914,0.049002,0.488953,0.210746,1.846230
366256.0,2025-12-15T02:00:25.828741,146.456699,0.999859,0.004305,-0.000324,0.016209,2.023542,-0.858151,-0.202402,0.085221,-0.005326,0.008522,0.492683,-0.045160,1.857371
366289.0,2025-12-15T02:00:25.885756,146.513714,0.999820,0.002895,-0.000327,0.018762,2.034510,-1.049312,-0.198810,-0.018109,0.002131,0.041545,0.330943,-0.043682,2.150018
366314.0,2025-12-15T02:00:25.887264,146.515222,0.999802,0.001284,-0.002461,0.019695,1.993757,-0.778141,-0.179028,-0.057524,0.006392,0.077764,0.141560,-0.284813,2.256635
366334.0,2025-12-15T02:00:25.946227,146.574185,0.999788,0.001068,-0.004703,0.020031,1.931132,-0.692762,-0.187859,0.052198,-0.002131,0.027697,0.111545,-0.541273,2.294981
366366.0,2025-12-15T02:00:25.947221,146.575179,0.999769,0.000458,-0.006779,0.020395,1.906154,-0.954281,-0.175630,0.041545,0.002131,0.029827,0.036666,-0.777694,2.337071
366393.0,2025-12-15T02:00:26.006098,146.634056,0.999712,-0.000863,-0.006612,0.023069,1.924019,-0.777484,-0.167719,-0.020240,0.003196,0.046872,-0.116373,-0.755151,2.644542
366418.0,2025-12-15T02:00:26.007110,146.635068,0.999683,-0.001860,-0.008774,0.023529,1.849714,-0.769797,-0.165672,-0.002131,0.001065,0.038350,-0.236735,-1.000150,2.698654
366438.0,2025-12-15T02:00:26.008098,146.636056,0.999651,-0.002774,-0.010943,0.023901,1.819254,-0.739162,-0.148976,0.003196,0.001065,0.030893,-0.347822,-1.246025,2.743037
366470.0,2025-12-15T02:00:26.066242,146.694199,0.999616,-0.003479,-0.013091,0.024161,1.793485,-0.764176,-0.118008,0.023436,0.001065,0.021305,-0.434930,-1.490115,2.774858
366496.0,2025-12-15T02:00:26.067242,146.695200,0.999543,-0.004530,-0.013141,0.026825,1.765939,-0.736755,-0.146869,-0.011718,0.003196,0.039415,-0.559467,-1.491409,3.081898
366516.0,2025-12-15T02:00:26.126918,146.754875,0.999496,-0.005459,-0.015313,0.027282,1.741042,-0.663139,-0.121197,-0.001065,0.002131,0.038350,-0.673395,-1.737061,3.137334
366549.0,2025-12-15T02:00:26.127910,146.755868,0.999444,-0.006089,-0.017501,0.027720,1.739318,-0.721526,-0.125019,0.028762,-0.002131,0.036219,-0.753390,-1.985380,3.190535
366574.0,2025-12-15T02:00:26.186773,146.814730,0.999380,-0.007089,-0.019642,0.028332,1.670229,-0.716938,-0.113531,0.001065,0.001065,0.051133,-0.876250,-2.226909,3.264781
366600.0,2025-12-15T02:00:26.188153,146.816111,0.999286,-0.008071,-0.019690,0.031205,1.643101,-0.638500,-0.098224,-0.012783,0.001065,0.054328,-0.995405,-2.226416,3.596589
366620.0,2025-12-15T02:00:26.189226,146.817184,0.999216,-0.009148,-0.021867,0.031721,1.655819,-0.635583,-0.111013,-0.011718,0.001065,0.043676,-1.128059,-2.471376,3.660902
366649.0,2025-12-15T02:00:26.246308,146.874266,0.999142,-0.010140,-0.024058,0.032156,1.598859,-0.532687,-0.089273,-0.012783,0.003196,0.037284,-1.251115,-2.718161,3.716435
366674.0,2025-12-15T02:00:26.248450,146.876408,0.999069,-0.010909,-0.026222,0.032483,1.532657,-0.529235,-0.089888,0.007457,0.004261,0.027697,-1.348411,-2.962684,3.759340
366698.0,2025-12-15T02:00:26.309273,146.937231,0.998988,-0.011454,-0.025974,0.034889,1.553693,-0.546298,-0.094536,0.023436,0.003196,0.014914,-1.417024,-2.928858,4.036600
366723.0,2025-12-15T02:00:26.310271,146.938229,0.998915,-0.012113,-0.028134,0.035081,1.522046,-0.570502,-0.078609,0.021305,0.002131,0.015979,-1.502082,-3.173305,4.064301
366743.0,2025-12-15T02:00:26.310271,146.938229,0.998825,-0.013242,-0.030290,0.035426,1.472449,-0.549233,-0.068877,-0.017044,0.003196,0.029827,-1.641725,-3.415166,4.111532
366772.0,2025-12-15T02:00:26.366610,146.994568,0.998733,-0.014208,-0.032507,0.035693,1.416006,-0.459588,-0.053301,-0.011718,0.001065,0.023436,-1.762916,-3.664715,4.149917
366799.0,2025-12-15T02:00:26.367612,146.995569,0.998634,-0.014578,-0.032569,0.038155,1.425279,-0.474296,-0.045433,0.021305,0.000000,0.013848,-1.814666,-3.665828,4.434165
366821.0,2025-12-15T02:00:26.427881,147.055838,0.998545,-0.015198,-0.034717,0.038360,1.383794,-0.503201,-0.055686,0.023436,0.003196,0.017044,-1.896344,-3.908763,4.464655
366847.0,2025-12-15T02:00:26.486828,147.114786,0.998440,-0.016154,-0.036892,0.038680,1.331999,-0.470996,-0.039080,-0.005326,0.002131,0.027697,-2.017409,-4.152961,4.510243
366872.0,2025-12-15T02:00:26.487819,147.115777,0.998325,-0.017215,-0.039043,0.039084,1.303131,-0.457150,-0.044374,-0.013848,0.004261,0.035154,-2.151024,-4.393700,4.566419
366898.0,2025-12-15T02:00:26.487819,147.115777,0.998199,-0.017569,-0.039393,0.041691,1.291372,-0.393046,-0.042907,0.007457,0.001065,0.025566,-2.204919,-4.426450,4.868486
366924.0,2025-12-15T02:00:26.488821,147.116778,0.998090,-0.018073,-0.041602,0.041932,1.252140,-0.403021,-0.037164,0.026632,0.000000,0.020240,-2.275184,-4.676443,4.904368
366941.0,2025-12-15T02:00:26.556440,147.184398,0.997966,-0.018925,-0.043807,0.042281,1.212975,-0.423856,-0.029410,0.003196,-0.001065,0.029827,-2.386024,-4.924029,4.954571
366970.0,2025-12-15T02:00:26.557442,147.185400,0.997832,-0.019821,-0.046009,0.042668,1.154780,-0.349693,-0.035266,-0.007457,0.002131,0.034088,-2.502294,-5.170973,5.010087
366998.0,2025-12-15T02:00:26.606980,147.234937,0.997720,-0.020341,-0.045764,0.045244,1.166540,-0.355387,-0.023275,0.004261,0.001065,0.023436,-2.574008,-5.133658,5.308270
367023.0,2025-12-15T02:00:26.607981,147.235939,0.997591,-0.021058,-0.047958,0.045486,1.131940,-0.346437,-0.016739,0.007457,0.002131,0.021305,-2.669997,-5.380531,5.346757
367048.0,2025-12-15T02:00:26.608999,147.236957,0.997453,-0.021939,-0.050154,0.045734,1.088243,-0.335433,-0.017084,-0.005326,0.002131,0.022371,-2.784962,-5.626634,5.387309
367071.0,2025-12-15T02:00:26.666063,147.294021,0.997315,-0.022697,-0.052346,0.045903,1.042757,-0.287246,-0.012329,-0.001065,0.004261,0.015979,-2.885660,-5.873140,5.418636
367098.0,2025-12-15T02:00:26.667063,147.295020,0.997188,-0.022882,-0.052480,0.048364,1.042583,-0.284207,-0.006776,0.011718,0.002131,0.009587,-2.922185,-5.880370,5.703511
367120.0,2025-12-15T02:00:26.727234,147.355192,0.997050,-0.023536,-0.054664,0.048466,1.000196,-0.294660,-0.002134,0.010653,0.003196,0.009587,-3.011272,-6.126553,5.727085
367150.0,2025-12-15T02:00:26.728245,147.356202,0.996904,-0.024292,-0.056859,0.048565,0.950451,-0.284961,-0.005189,0.003196,0.002131,0.009587,-3.112264,-6.373349,5.751376
367176.0,2025-12-15T02:00:26.786760,147.414718,0.996771,-0.024721,-0.056800,0.051093,0.939941,-0.274009,-0.007629,-0.006392,0.004261,0.015979,-3.177346,-6.356019,6.045157
367199.0,2025-12-15T02:00:26.787778,147.415736,0.996613,-0.025559,-0.058989,0.051281,0.912784,-0.245353,0.019963,-0.007457,0.004261,0.018109,-3.289125,-6.601105,6.080830
367227.0,2025-12-15T02:00:26.788764,147.416722,0.996462,-0.026145,-0.061180,0.051355,0.877804,-0.239535,0.006087,0.012783,0.003196,0.007457,-3.371459,-6.848391,6.102313
367249.0,2025-12-15T02:00:26.846068,147.474025,0.996301,-0.026870,-0.063353,0.051458,0.833300,-0.222705,0.025509,0.001065,0.005326,0.010653,-3.469895,-7.092520,6.128407
367277.0,2025-12-15T02:00:26.848073,147.476031,0.996209,-0.027379,-0.062614,0.053830,0.831359,-0.195524,0.014475,-0.001065,0.004261,0.012783,-3.540314,-6.996281,6.402447
367300.0,2025-12-15T02:00:26.907037,147.534995,0.996037,-0.028199,-0.064808,0.053998,0.805496,-0.202165,0.019393,-0.008522,0.004261,0.017044,-3.651113,-7.241852,6.437434
367326.0,2025-12-15T02:00:26.908057,147.536015,0.995870,-0.028777,-0.067000,0.054084,0.756235,-0.171853,0.020018,0.006392,0.005326,0.009587,-3.733639,-7.488857,6.461596
367354.0,2025-12-15T02:00:26.967671,147.595629,0.995697,-0.029430,-0.069203,0.054151,0.710368,-0.188378,0.033110,0.006392,0.002131,0.007457,-3.824992,-7.736868,6.484708
367380.0,2025-12-15T02:00:26.968363,147.596321,0.995604,-0.029870,-0.068445,0.056527,0.729972,-0.154090,0.011102,0.000000,0.003196,0.012783,-3.888657,-7.637858,6.758789
367399.0,2025-12-15T02:00:26.969361,147.597319,0.995420,-0.030604,-0.070663,0.056657,0.680465,-0.163751,0.035508,-0.003196,0.002131,0.013848,-3.990590,-7.886521,6.790458
367431.0,2025-12-15T02:00:27.026939,147.654897,0.995227,-0.031331,-0.072890,0.056821,0.641869,-0.118788,0.029311,-0.011718,0.004261,0.018109,-4.092390,-8.136018,6.826454
367453.0,2025-12-15T02:00:27.027960,147.655917,0.995045,-0.031781,-0.075104,0.056876,0.597794,-0.114971,0.026256,0.010653,0.004261,0.007457,-4.161441,-8.386420,6.848062
367481.0,2025-12-15T02:00:27.086209,147.714167,0.994928,-0.031852,-0.074751,0.059304,0.614138,-0.130421,0.035591,0.012783,0.003196,0.006392,-4.187410,-8.335264,7.127522
367505.0,2025-12-15T02:00:27.087385,147.715343,0.994728,-0.032602,-0.076941,0.059435,0.561807,-0.140959,0.032299,-0.002131,0.003196,0.013848,-4.292233,-8.580295,7.160838
367527.0,2025-12-15T02:00:27.088404,147.716362,0.994510,-0.033428,-0.079206,0.059665,0.505041,-0.052649,0.039777,-0.031958,0.004261,0.026632,-4.407652,-8.832850,7.207188
367550.0,2025-12-15T02:00:27.148027,147.775985,0.994310,-0.033758,-0.081486,0.059732,0.453841,-0.042406,0.035801,0.003196,0.002131,0.010653,-4.464680,-9.091473,7.230833
367577.0,2025-12-15T02:00:27.148027,147.775985,0.994215,-0.033759,-0.080866,0.062106,0.487942,-0.085393,0.032970,0.020240,0.002131,0.005326,-4.481376,-9.009780,7.502163
367601.0,2025-12-15T02:00:27.207980,147.835938,0.994013,-0.034243,-0.083075,0.062162,0.454900,-0.092957,0.031796,0.010653,0.003196,0.007457,-4.556362,-9.258976,7.526017
367620.0,2025-12-15T02:00:27.208973,147.836931,0.993795,-0.034849,-0.085318,0.062275,0.393066,-0.066105,0.048098,-0.004261,0.002131,0.013848,-4.646363,-9.510940,7.558109
367649.0,2025-12-15T02:00:27.208973,147.836931,0.993552,-0.035759,-0.087579,0.062491,0.339488,-0.053807,0.048680,-0.027697,0.001065,0.024501,-4.773002,-9.762246,7.605796
367679.0,2025-12-15T02:00:27.267605,147.895563,0.993386,-0.035542,-0.087746,0.064980,0.345048,0.016364,0.032434,0.005326,0.003196,0.011718,-4.773988,-9.771113,7.893320
367698.0,2025-12-15T02:00:27.268600,147.896558,0.993170,-0.035914,-0.089973,0.065025,0.318498,-0.070102,0.046411,0.021305,0.000000,0.005326,-4.837262,-10.023127,7.916260
367721.0,2025-12-15T02:00:27.326798,147.954756,0.992947,-0.036408,-0.092147,0.065111,0.234870,-0.051903,0.063849,0.012783,0.004261,0.009587,-4.914777,-10.268048,7.945292
367758.0,2025-12-15T02:00:27.326798,147.954756,0.992698,-0.037211,-0.094356,0.065287,0.212190,-0.042475,0.042540,-0.011718,0.002131,0.019175,-5.029655,-10.513969,7.988553
367783.0,2025-12-15T02:00:27.386784,148.014742,0.992581,-0.037631,-0.093636,0.067813,0.236422,0.040751,0.046997,-0.024501,0.005326,0.023436,-5.098430,-10.415085,8.281725
367800.0,2025-12-15T02:00:27.387802,148.015760,0.992382,-0.037239,-0.095903,0.067776,0.192122,0.031403,0.034451,0.012783,0.003196,0.006392,-5.074011,-10.678391,8.288563
367827.0,2025-12-15T02:00:27.387802,148.015760,0.992151,-0.037626,-0.098090,0.067823,0.151267,-0.036035,0.062345,0.021305,0.002131,0.005326,-5.140055,-10.925707,8.313181
367854.0,2025-12-15T02:00:27.447559,148.075516,0.991900,-0.038079,-0.100345,0.067943,0.113732,-0.010090,0.041242,-0.003196,0.002131,0.015979,-5.215443,-11.179828,8.347860
367880.0,2025-12-15T02:00:27.448559,148.076516,0.991784,-0.038398,-0.099629,0.070456,0.116151,0.040292,0.045813,-0.019175,0.002131,0.022371,-5.273937,-11.081767,8.638879
367900.0,2025-12-15T02:00:27.507272,148.135230,0.991587,-0.037723,-0.101849,0.070418,0.069769,0.021836,0.053037,0.008522,0.002131,0.009587,-5.217211,-11.342348,8.642595
367926.0,2025-12-15T02:00:27.507272,148.135230,0.991335,-0.038150,-0.104055,0.070514,0.037083,-0.006726,0.046821,0.008522,0.003196,0.011718,-5.289769,-11.591113,8.674516
